Date/Time,Open,High,Low,Close,Volume
2025-12-04 00:05:00,6862.75,6862.75,6862.5,6862.5,0
2025-12-04 00:10:00,6862.75,6864.25,6862.75,6864.0,363
2025-12-04 00:15:00,6864.0,6864.5,6861.25,6861.5,462
2025-12-04 00:20:00,6861.25,6862.75,6860.75,6862.75,334
2025-12-04 00:25:00,6862.5,6862.5,6861.25,6861.25,173
2025-12-04 00:30:00,6861.25,6862.25,6861.25,6862.25,187
2025-12-04 00:35:00,6862.25,6863.0,6861.0,6862.25,347
2025-12-04 00:40:00,6862.25,6862.5,6861.75,6862.5,185
2025-12-04 00:45:00,6862.25,6863.5,6862.25,6862.75,276
2025-12-04 00:50:00,6862.5,6862.75,6862.0,6862.5,216
2025-12-04 00:55:00,6862.5,6863.0,6862.25,6862.75,156
2025-12-04 01:00:00,6863.0,6864.0,6862.75,6863.5,196
2025-12-04 01:05:00,6863.5,6865.0,6863.5,6863.75,554
2025-12-04 01:10:00,6863.75,6864.25,6863.0,6863.25,225
2025-12-04 01:15:00,6863.0,6863.5,6861.75,6863.25,279
2025-12-04 01:20:00,6863.25,6863.25,6862.5,6863.0,123
2025-12-04 01:25:00,6863.0,6864.5,6863.0,6864.25,312
2025-12-04 01:30:00,6864.5,6865.0,6863.75,6864.75,353
2025-12-04 01:35:00,6864.75,6865.25,6864.0,6864.0,261
2025-12-04 01:40:00,6864.0,6864.5,6863.75,6864.5,179
2025-12-04 01:45:00,6864.5,6866.25,6864.25,6866.0,465
2025-12-04 01:50:00,6866.0,6866.0,6865.5,6865.5,186
2025-12-04 01:55:00,6865.5,6865.75,6865.25,6865.25,156
2025-12-04 02:00:00,6865.25,6866.0,6864.75,6865.75,408
2025-12-04 02:05:00,6865.75,6868.5,6865.75,6866.5,648
2025-12-04 02:10:00,6866.75,6867.0,6864.5,6865.0,382
2025-12-04 02:15:00,6865.0,6866.5,6865.0,6866.0,325
2025-12-04 02:20:00,6866.25,6866.5,6865.75,6866.5,196
2025-12-04 02:25:00,6866.5,6867.75,6866.5,6866.5,245
2025-12-04 02:30:00,6866.5,6866.5,6865.0,6865.75,316
2025-12-04 02:35:00,6865.75,6866.25,6864.75,6865.0,248
2025-12-04 02:40:00,6865.0,6865.75,6864.5,6865.0,187
2025-12-04 02:45:00,6865.25,6865.5,6864.5,6865.5,227
2025-12-04 02:50:00,6865.75,6867.0,6865.75,6866.0,404
2025-12-04 02:55:00,6866.25,6866.75,6864.75,6865.5,489
2025-12-04 03:00:00,6865.5,6865.5,6860.75,6863.0,1846
2025-12-04 03:05:00,6863.0,6863.5,6862.0,6862.25,705
2025-12-04 03:10:00,6862.25,6862.25,6859.0,6861.0,1209
2025-12-04 03:15:00,6861.0,6862.75,6860.75,6861.75,684
2025-12-04 03:20:00,6861.75,6861.75,6857.25,6857.25,857
2025-12-04 03:25:00,6857.25,6857.75,6854.25,6857.0,1599
2025-12-04 03:30:00,6856.75,6859.25,6855.75,6858.75,779
2025-12-04 03:35:00,6858.75,6861.25,6858.5,6860.25,651
2025-12-04 03:40:00,6860.5,6861.75,6860.0,6860.0,805
2025-12-04 03:45:00,6860.25,6860.5,6858.0,6860.0,865
2025-12-04 03:50:00,6860.0,6861.75,6859.5,6860.75,581
2025-12-04 03:55:00,6860.75,6861.0,6858.75,6858.75,666
2025-12-04 04:00:00,6859.0,6862.75,6858.0,6862.5,1031
2025-12-04 04:05:00,6862.5,6862.75,6860.0,6861.0,748
2025-12-04 04:10:00,6861.25,6861.5,6859.75,6859.75,402
2025-12-04 04:15:00,6859.5,6859.75,6855.75,6857.75,1046
2025-12-04 04:20:00,6857.75,6862.0,6857.5,6861.5,790
2025-12-04 04:25:00,6861.5,6862.5,6861.5,6862.5,305
2025-12-04 04:30:00,6862.75,6866.0,6862.5,6864.75,1289
2025-12-04 04:35:00,6864.75,6867.5,6864.5,6867.25,615
2025-12-04 04:40:00,6867.5,6870.0,6867.5,6868.25,1308
2025-12-04 04:45:00,6868.5,6869.25,6866.25,6867.5,1076
2025-12-04 04:50:00,6867.75,6869.0,6867.0,6868.75,889
2025-12-04 04:55:00,6868.5,6869.0,6868.25,6868.25,323
2025-12-04 05:00:00,6868.5,6869.25,6867.25,6868.5,733
2025-12-04 05:05:00,6868.5,6869.0,6866.75,6868.5,621
2025-12-04 05:10:00,6868.5,6868.5,6867.0,6867.0,422
2025-12-04 05:15:00,6867.0,6867.75,6866.5,6867.75,427
2025-12-04 05:20:00,6868.0,6868.25,6867.0,6867.75,406
2025-12-04 05:25:00,6867.5,6868.0,6866.5,6867.75,258
2025-12-04 05:30:00,6867.5,6867.5,6864.75,6865.0,793
2025-12-04 05:35:00,6864.75,6865.0,6863.0,6864.5,725
2025-12-04 05:40:00,6864.5,6864.5,6863.0,6863.75,537
2025-12-04 05:45:00,6863.75,6864.25,6862.5,6863.5,424
2025-12-04 05:50:00,6863.5,6864.5,6861.5,6862.75,806
2025-12-04 05:55:00,6862.75,6864.0,6862.5,6862.5,376
2025-12-04 06:00:00,6862.5,6864.25,6861.5,6864.25,586
2025-12-04 06:05:00,6864.0,6864.25,6860.5,6863.0,1568
2025-12-04 06:10:00,6863.0,6864.0,6861.75,6862.25,397
2025-12-04 06:15:00,6862.25,6862.5,6860.0,6861.5,610
2025-12-04 06:20:00,6861.25,6862.75,6860.75,6861.25,502
2025-12-04 06:25:00,6861.5,6862.25,6861.0,6861.5,438
2025-12-04 06:30:00,6861.5,6863.75,6861.0,6862.5,546
2025-12-04 06:35:00,6862.75,6864.5,6862.0,6862.25,438
2025-12-04 06:40:00,6862.0,6862.5,6860.75,6862.25,342
2025-12-04 06:45:00,6862.25,6863.5,6861.5,6863.25,265
2025-12-04 06:50:00,6863.5,6865.5,6863.5,6864.75,606
2025-12-04 06:55:00,6865.0,6865.75,6863.25,6865.25,1433
2025-12-04 07:00:00,6865.5,6868.0,6864.5,6867.25,1705
2025-12-04 07:05:00,6867.0,6867.75,6865.75,6867.25,788
2025-12-04 07:10:00,6867.25,6868.5,6866.75,6868.25,602
2025-12-04 07:15:00,6868.25,6868.75,6867.25,6868.0,764
2025-12-04 07:20:00,6868.0,6869.5,6867.75,6868.5,808
2025-12-04 07:25:00,6868.25,6868.5,6867.75,6868.25,627
2025-12-04 07:30:00,6868.25,6869.5,6867.0,6868.0,920
2025-12-04 07:35:00,6868.0,6869.0,6868.0,6868.75,816
2025-12-04 07:40:00,6868.75,6870.25,6867.75,6869.75,1151
2025-12-04 07:45:00,6869.5,6870.25,6868.0,6868.25,962
2025-12-04 07:50:00,6868.25,6871.25,6867.75,6869.0,2187
2025-12-04 07:55:00,6869.0,6869.25,6867.5,6868.25,873
2025-12-04 08:00:00,6868.25,6868.25,6866.0,6867.0,1246
2025-12-04 08:05:00,6866.75,6867.75,6865.75,6867.25,1510
2025-12-04 08:10:00,6867.25,6868.0,6864.5,6864.75,1150
2025-12-04 08:15:00,6864.75,6866.5,6864.5,6866.5,821
2025-12-04 08:20:00,6866.5,6868.5,6866.0,6868.5,957
2025-12-04 08:25:00,6868.25,6869.0,6867.5,6868.0,750
2025-12-04 08:30:00,6868.0,6871.0,6863.5,6866.25,4162
2025-12-04 08:35:00,6866.5,6867.25,6865.25,6866.0,1312
2025-12-04 08:40:00,6866.0,6867.0,6863.0,6864.75,1575
2025-12-04 08:45:00,6864.75,6865.5,6862.75,6864.25,1465
2025-12-04 08:50:00,6864.5,6865.0,6862.0,6864.5,1727
2025-12-04 08:55:00,6864.75,6865.75,6863.75,6864.25,1974
2025-12-04 09:00:00,6864.25,6871.5,6864.25,6870.5,4340
2025-12-04 09:05:00,6870.5,6878.75,6870.25,6877.75,4851
2025-12-04 09:10:00,6878.0,6880.0,6876.5,6879.75,5378
2025-12-04 09:15:00,6880.0,6880.75,6875.5,6876.75,4852
2025-12-04 09:20:00,6876.5,6877.0,6874.75,6875.25,2289
2025-12-04 09:25:00,6875.25,6877.5,6874.25,6876.25,5031
2025-12-04 09:30:00,6876.25,6876.75,6861.25,6862.5,41043
2025-12-04 09:35:00,6862.5,6870.75,6859.5,6867.25,34946
2025-12-04 09:40:00,6867.5,6872.5,6860.0,6861.5,29511
2025-12-04 09:45:00,6861.5,6864.25,6856.25,6857.75,23069
2025-12-04 09:50:00,6857.75,6859.75,6851.5,6857.0,21390
2025-12-04 09:55:00,6856.75,6861.5,6850.25,6853.5,18529
2025-12-04 10:00:00,6853.5,6857.5,6851.5,6855.0,16748
2025-12-04 10:05:00,6854.75,6858.25,6852.5,6856.25,15594
2025-12-04 10:10:00,6856.25,6857.0,6849.25,6854.5,13913
2025-12-04 10:15:00,6854.5,6859.75,6851.75,6856.75,12957
2025-12-04 10:20:00,6856.5,6861.25,6852.5,6853.0,15107
2025-12-04 10:25:00,6852.75,6859.5,6844.5,6858.75,25976
2025-12-04 10:30:00,6859.0,6862.25,6856.75,6861.0,14254
2025-12-04 10:35:00,6861.25,6868.5,6860.75,6867.75,16811
2025-12-04 10:40:00,6867.75,6868.75,6863.25,6865.25,15964
2025-12-04 10:45:00,6865.5,6866.5,6856.75,6860.5,22617
2025-12-04 10:50:00,6860.75,6861.0,6854.25,6857.0,19644
2025-12-04 10:55:00,6857.25,6858.5,6855.25,6855.75,13962
2025-12-04 11:00:00,6856.0,6859.0,6848.5,6849.75,17108
2025-12-04 11:05:00,6849.5,6854.75,6845.0,6854.5,19849
2025-12-04 11:10:00,6854.75,6855.75,6848.5,6853.25,13610
2025-12-04 11:15:00,6853.5,6858.25,6851.0,6857.75,11299
2025-12-04 11:20:00,6858.0,6860.25,6856.0,6859.75,11228
2025-12-04 11:25:00,6859.75,6860.5,6853.0,6856.5,13550
2025-12-04 11:30:00,6856.25,6859.5,6852.5,6854.25,14866
2025-12-04 11:35:00,6854.5,6859.0,6852.75,6855.0,11278
2025-12-04 11:40:00,6855.25,6855.25,6851.5,6852.75,10692
2025-12-04 11:45:00,6852.75,6863.5,6852.75,6862.75,12907
2025-12-04 11:50:00,6862.75,6867.0,6862.0,6865.25,12099
2025-12-04 11:55:00,6865.25,6868.75,6864.5,6867.25,9786
2025-12-04 12:00:00,6867.0,6868.75,6864.25,6865.0,9790
2025-12-04 12:05:00,6865.0,6865.0,6857.75,6859.75,15422
2025-12-04 12:10:00,6859.75,6864.5,6856.5,6864.25,13267
2025-12-04 12:15:00,6864.25,6865.25,6861.25,6864.25,7846
2025-12-04 12:20:00,6864.25,6866.25,6862.0,6863.0,9846
2025-12-04 12:25:00,6863.25,6866.0,6862.75,6863.25,6969
2025-12-04 12:30:00,6863.5,6863.75,6859.0,6862.5,10811
2025-12-04 12:35:00,6862.5,6866.75,6862.25,6862.5,8118
2025-12-04 12:40:00,6862.25,6865.25,6860.25,6864.75,7058
2025-12-04 12:45:00,6865.0,6866.5,6863.5,6863.75,5479
2025-12-04 12:50:00,6864.0,6867.75,6863.5,6867.5,5181
2025-12-04 12:55:00,6867.5,6868.0,6865.25,6866.0,5099
2025-12-04 13:00:00,6866.0,6867.25,6864.0,6865.0,5323
2025-12-04 13:05:00,6864.75,6864.75,6857.75,6860.5,12133
2025-12-04 13:10:00,6860.75,6863.75,6858.0,6863.5,6351
2025-12-04 13:15:00,6863.5,6867.25,6862.75,6863.5,8051
2025-12-04 13:20:00,6863.25,6867.25,6863.25,6867.25,5602
2025-12-04 13:25:00,6867.0,6871.0,6866.25,6870.0,9850
2025-12-04 13:30:00,6869.75,6870.75,6867.25,6868.5,8133
2025-12-04 13:35:00,6868.5,6869.0,6866.0,6868.0,7042
2025-12-04 13:40:00,6867.75,6868.5,6862.25,6864.25,9062
2025-12-04 13:45:00,6864.25,6866.25,6863.25,6864.25,6602
2025-12-04 13:50:00,6864.0,6866.75,6863.75,6866.0,5302
2025-12-04 13:55:00,6865.75,6866.5,6864.0,6864.25,4191
2025-12-04 14:00:00,6864.25,6865.5,6862.25,6862.25,6469
2025-12-04 14:05:00,6862.25,6865.25,6860.5,6862.75,7346
2025-12-04 14:10:00,6862.5,6862.75,6857.0,6859.5,8394
2025-12-04 14:15:00,6859.5,6859.5,6848.0,6848.5,15451
2025-12-04 14:20:00,6848.5,6849.25,6836.25,6841.75,33969
2025-12-04 14:25:00,6841.75,6849.25,6841.0,6844.75,20747
2025-12-04 14:30:00,6845.0,6854.0,6842.75,6853.75,16548
2025-12-04 14:35:00,6853.5,6862.75,6853.5,6857.25,24229
2025-12-04 14:40:00,6857.25,6859.0,6854.0,6857.0,14761
2025-12-04 14:45:00,6857.25,6861.25,6856.25,6858.5,9866
2025-12-04 14:50:00,6858.25,6859.5,6855.5,6857.75,11551
2025-12-04 14:55:00,6857.5,6859.75,6853.5,6855.5,9768
2025-12-04 15:00:00,6855.25,6857.0,6851.25,6851.25,12811
2025-12-04 15:05:00,6851.25,6853.0,6846.0,6852.5,15152
2025-12-04 15:10:00,6852.25,6857.5,6852.0,6855.75,11867
2025-12-04 15:15:00,6855.75,6856.5,6851.75,6855.5,9355
2025-12-04 15:20:00,6855.75,6856.25,6852.75,6852.75,9269
2025-12-04 15:25:00,6853.0,6854.75,6850.5,6850.5,8364
2025-12-04 15:30:00,6850.5,6855.5,6850.0,6854.25,11042
2025-12-04 15:35:00,6854.5,6855.75,6852.25,6855.75,7044
2025-12-04 15:40:00,6855.75,6856.0,6851.75,6852.25,8523
2025-12-04 15:45:00,6852.5,6854.75,6850.5,6854.0,9723
2025-12-04 15:50:00,6854.0,6863.0,6854.0,6860.5,34296
2025-12-04 15:55:00,6860.5,6869.0,6859.75,6867.25,64517
2025-12-04 16:00:00,6867.5,6868.5,6864.25,6864.75,21705
2025-12-04 16:05:00,6864.5,6867.0,6864.5,6866.5,3724
2025-12-04 16:10:00,6866.5,6866.75,6865.25,6865.75,4244
2025-12-04 16:15:00,6865.75,6866.75,6865.5,6866.75,3209
2025-12-04 16:20:00,6866.75,6868.0,6866.5,6867.25,1716
2025-12-04 16:25:00,6867.5,6868.25,6867.0,6867.5,1642
2025-12-04 16:30:00,6867.25,6867.5,6867.0,6867.25,612
2025-12-04 16:35:00,6867.25,6867.75,6866.5,6867.0,857
2025-12-04 16:40:00,6867.0,6867.25,6866.25,6867.0,962
2025-12-04 16:45:00,6867.0,6867.0,6866.25,6866.5,1001
2025-12-04 16:50:00,6866.5,6867.0,6865.75,6865.75,1075
2025-12-04 16:55:00,6865.75,6866.25,6865.0,6865.75,1421
2025-12-04 18:00:00,6865.5,6869.5,6865.5,6868.75,0
2025-12-04 18:05:00,6869.0,6869.0,6866.25,6866.75,455
2025-12-04 18:10:00,6866.5,6867.5,6865.0,6865.75,585
2025-12-04 18:15:00,6865.75,6866.75,6865.5,6865.5,363
2025-12-04 18:20:00,6865.5,6866.0,6864.5,6864.75,441
2025-12-04 18:25:00,6864.75,6866.5,6864.75,6865.75,310
2025-12-04 18:30:00,6866.0,6866.25,6862.5,6862.75,720
2025-12-04 18:35:00,6863.0,6864.25,6862.5,6863.75,355
2025-12-04 18:40:00,6863.75,6864.5,6862.75,6863.0,414
2025-12-04 18:45:00,6863.0,6863.5,6861.25,6863.5,449
2025-12-04 18:50:00,6863.5,6865.25,6863.5,6864.75,441
2025-12-04 18:55:00,6864.5,6865.0,6863.25,6863.75,340
2025-12-04 19:00:00,6863.5,6865.0,6862.0,6864.5,736
2025-12-04 19:05:00,6864.5,6864.75,6862.0,6863.25,525
2025-12-04 19:10:00,6863.0,6864.0,6862.5,6863.25,247
2025-12-04 19:15:00,6863.25,6865.25,6863.25,6864.75,545
2025-12-04 19:20:00,6865.0,6869.0,6864.5,6868.75,1142
2025-12-04 19:25:00,6869.0,6869.25,6867.0,6868.25,702
2025-12-04 19:30:00,6868.0,6869.25,6866.75,6868.5,397
2025-12-04 19:35:00,6868.75,6871.5,6868.25,6870.0,674
2025-12-04 19:40:00,6869.75,6870.0,6867.75,6870.0,355
2025-12-04 19:45:00,6870.0,6870.75,6868.5,6870.25,259
2025-12-04 19:50:00,6870.25,6870.5,6869.75,6870.0,229
2025-12-04 19:55:00,6870.0,6871.0,6869.5,6870.75,340
2025-12-04 20:00:00,6871.0,6874.0,6870.5,6872.75,944
2025-12-04 20:05:00,6873.0,6873.25,6870.0,6871.5,595
2025-12-04 20:10:00,6871.5,6872.25,6871.25,6872.25,246
2025-12-04 20:15:00,6872.5,6873.25,6871.75,6872.5,611
2025-12-04 20:20:00,6872.75,6873.75,6872.0,6872.5,437
2025-12-04 20:25:00,6872.5,6873.5,6871.5,6872.75,488
2025-12-04 20:30:00,6872.5,6874.0,6872.5,6873.0,277
2025-12-04 20:35:00,6873.0,6874.25,6872.25,6873.75,456
2025-12-04 20:40:00,6873.75,6875.25,6873.75,6874.5,784
2025-12-04 20:45:00,6874.25,6875.75,6874.0,6875.75,528
2025-12-04 20:50:00,6875.75,6875.75,6874.75,6875.0,364
2025-12-04 20:55:00,6875.0,6875.5,6874.5,6875.5,233
2025-12-04 21:00:00,6875.5,6876.0,6874.5,6874.75,416
2025-12-04 21:05:00,6874.75,6876.75,6874.75,6876.5,496
2025-12-04 21:10:00,6876.5,6876.5,6875.25,6876.5,265
2025-12-04 21:15:00,6876.75,6877.5,6875.75,6877.25,547
2025-12-04 21:20:00,6877.0,6877.5,6876.5,6877.25,183
2025-12-04 21:25:00,6877.25,6881.25,6877.25,6880.5,1374
2025-12-04 21:30:00,6880.5,6880.75,6877.25,6877.75,745
2025-12-04 21:35:00,6877.5,6878.25,6876.75,6877.75,412
2025-12-04 21:40:00,6877.75,6878.0,6876.75,6877.0,271
2025-12-04 21:45:00,6877.25,6877.5,6876.75,6877.25,198
2025-12-04 21:50:00,6877.25,6877.75,6876.5,6877.0,231
2025-12-04 21:55:00,6876.75,6876.75,6874.5,6876.25,593
2025-12-04 22:00:00,6876.25,6877.25,6875.5,6875.75,311
2025-12-04 22:05:00,6875.75,6876.25,6875.5,6875.75,136
2025-12-04 22:10:00,6875.75,6875.75,6875.0,6875.75,213
2025-12-04 22:15:00,6875.75,6878.0,6875.75,6877.75,263
2025-12-04 22:20:00,6877.5,6877.75,6876.25,6876.75,228
2025-12-04 22:25:00,6876.75,6877.0,6876.0,6876.5,217
2025-12-04 22:30:00,6876.75,6876.75,6874.75,6876.0,322
2025-12-04 22:35:00,6876.25,6876.75,6875.25,6876.0,178
2025-12-04 22:40:00,6876.25,6877.5,6876.25,6876.5,165
2025-12-04 22:45:00,6876.5,6877.0,6876.25,6876.75,150
2025-12-04 22:50:00,6876.75,6877.75,6876.75,6877.5,211
2025-12-04 22:55:00,6877.75,6879.25,6877.0,6878.0,520
2025-12-04 23:00:00,6878.0,6880.25,6877.5,6880.0,455
2025-12-04 23:05:00,6879.75,6880.75,6879.75,6880.75,342
2025-12-04 23:10:00,6880.5,6881.0,6880.0,6880.25,348
2025-12-04 23:15:00,6880.25,6880.25,6878.25,6879.0,424
2025-12-04 23:20:00,6879.0,6880.25,6878.5,6878.5,308
2025-12-04 23:25:00,6878.25,6879.5,6877.75,6879.5,501
2025-12-04 23:30:00,6879.5,6880.0,6878.5,6879.75,208
2025-12-04 23:35:00,6879.5,6880.25,6879.25,6879.75,168
2025-12-04 23:40:00,6879.5,6879.5,6878.25,6878.25,156
2025-12-04 23:45:00,6878.25,6879.0,6878.0,6878.5,273
2025-12-04 23:50:00,6878.75,6879.75,6878.5,6879.75,137
2025-12-04 23:55:00,6879.75,6880.5,6879.5,6880.0,185
2025-12-05 00:05:00,6881.0,6881.25,6880.75,6880.75,1008
2025-12-05 00:10:00,6881.0,6881.5,6880.5,6880.5,445
2025-12-05 00:15:00,6880.5,6881.25,6880.25,6880.75,284
2025-12-05 00:20:00,6880.75,6881.0,6879.5,6880.0,228
2025-12-05 00:25:00,6880.0,6880.75,6879.75,6880.0,229
2025-12-05 00:30:00,6880.0,6880.5,6879.25,6880.25,213
2025-12-05 00:35:00,6880.0,6880.75,6879.25,6880.75,261
2025-12-05 00:40:00,6880.75,6881.25,6880.25,6881.0,189
2025-12-05 00:45:00,6881.0,6881.25,6880.75,6881.0,125
2025-12-05 00:50:00,6880.75,6881.25,6880.25,6880.75,140
2025-12-05 00:55:00,6880.75,6882.0,6880.75,6882.0,336
2025-12-05 01:00:00,6882.0,6882.5,6881.5,6882.5,294
2025-12-05 01:05:00,6882.25,6883.5,6882.0,6882.75,404
2025-12-05 01:10:00,6882.5,6883.75,6882.25,6882.5,482
2025-12-05 01:15:00,6882.75,6884.0,6882.25,6882.5,384
2025-12-05 01:20:00,6882.5,6882.5,6881.75,6881.75,243
2025-12-05 01:25:00,6881.75,6882.0,6881.0,6881.25,280
2025-12-05 01:30:00,6881.5,6882.0,6879.25,6880.25,605
2025-12-05 01:35:00,6880.25,6880.75,6879.75,6880.25,231
2025-12-05 01:40:00,6880.25,6882.5,6880.25,6881.5,329
2025-12-05 01:45:00,6881.25,6882.0,6881.0,6881.0,169
2025-12-05 01:50:00,6881.0,6881.0,6879.75,6880.25,258
2025-12-05 01:55:00,6880.25,6881.25,6880.25,6880.5,141
2025-12-05 02:00:00,6880.75,6881.5,6879.5,6881.25,632
2025-12-05 02:05:00,6881.25,6883.75,6881.0,6881.75,891
2025-12-05 02:10:00,6881.75,6881.75,6880.25,6881.25,300
2025-12-05 02:15:00,6881.0,6881.0,6880.25,6880.5,289
2025-12-05 02:20:00,6880.5,6882.5,6880.5,6882.5,249
2025-12-05 02:25:00,6882.5,6883.25,6882.0,6883.0,361
2025-12-05 02:30:00,6883.0,6883.75,6882.0,6882.25,484
2025-12-05 02:35:00,6882.0,6884.0,6882.0,6883.0,966
2025-12-05 02:40:00,6882.75,6883.0,6881.25,6881.5,493
2025-12-05 02:45:00,6881.5,6882.25,6880.5,6881.75,291
2025-12-05 02:50:00,6882.0,6882.5,6881.75,6882.25,212
2025-12-05 02:55:00,6882.0,6882.75,6881.5,6881.75,445
2025-12-05 03:00:00,6882.0,6884.5,6880.75,6882.75,1435
2025-12-05 03:05:00,6882.5,6883.25,6881.25,6882.5,725
2025-12-05 03:10:00,6882.75,6884.25,6882.75,6883.5,879
2025-12-05 03:15:00,6883.25,6884.25,6882.25,6884.0,845
2025-12-05 03:20:00,6884.0,6886.25,6884.0,6885.0,1895
2025-12-05 03:25:00,6885.25,6885.5,6880.5,6881.75,2118
2025-12-05 03:30:00,6881.75,6883.5,6881.25,6882.5,753
2025-12-05 03:35:00,6882.25,6882.75,6880.75,6882.25,793
2025-12-05 03:40:00,6882.25,6882.75,6881.25,6882.5,452
2025-12-05 03:45:00,6882.5,6883.0,6881.75,6882.0,620
2025-12-05 03:50:00,6882.25,6882.5,6879.25,6879.5,786
2025-12-05 03:55:00,6879.75,6881.0,6878.5,6878.5,731
2025-12-05 04:00:00,6878.5,6880.75,6877.5,6880.75,1067
2025-12-05 04:05:00,6880.75,6881.0,6879.0,6879.0,599
2025-12-05 04:10:00,6879.25,6879.75,6877.5,6878.5,502
2025-12-05 04:15:00,6878.25,6879.25,6877.75,6878.0,620
2025-12-05 04:20:00,6878.25,6879.25,6878.25,6879.25,406
2025-12-05 04:25:00,6879.25,6881.25,6879.25,6881.0,483
2025-12-05 04:30:00,6881.0,6881.0,6879.25,6879.25,474
2025-12-05 04:35:00,6879.25,6879.75,6877.5,6877.75,438
2025-12-05 04:40:00,6877.75,6877.75,6876.5,6877.5,553
2025-12-05 04:45:00,6877.5,6878.25,6877.5,6878.0,366
2025-12-05 04:50:00,6878.0,6878.5,6877.75,6877.75,281
2025-12-05 04:55:00,6877.75,6879.0,6877.75,6878.5,386
2025-12-05 05:00:00,6878.75,6880.0,6877.5,6878.5,614
2025-12-05 05:05:00,6878.75,6879.25,6877.75,6879.25,312
2025-12-05 05:10:00,6879.5,6881.5,6879.5,6879.5,496
2025-12-05 05:15:00,6879.75,6880.5,6879.0,6880.0,240
2025-12-05 05:20:00,6880.0,6880.25,6879.25,6879.5,432
2025-12-05 05:25:00,6879.5,6879.75,6878.5,6879.5,231
2025-12-05 05:30:00,6879.5,6879.75,6878.75,6879.25,275
2025-12-05 05:35:00,6879.25,6880.0,6879.0,6879.75,287
2025-12-05 05:40:00,6880.0,6880.75,6879.5,6880.5,388
2025-12-05 05:45:00,6880.25,6880.25,6879.25,6879.75,307
2025-12-05 05:50:00,6879.75,6880.0,6878.75,6878.75,537
2025-12-05 05:55:00,6879.0,6879.25,6877.25,6877.75,641
2025-12-05 06:00:00,6877.75,6879.0,6876.0,6878.5,858
2025-12-05 06:05:00,6878.25,6880.5,6877.75,6879.0,352
2025-12-05 06:10:00,6878.75,6879.5,6878.25,6879.0,781
2025-12-05 06:15:00,6879.0,6879.25,6877.25,6879.0,936
2025-12-05 06:20:00,6879.0,6880.5,6879.0,6879.5,603
2025-12-05 06:25:00,6879.25,6881.25,6879.25,6880.5,525
2025-12-05 06:30:00,6880.75,6882.0,6879.5,6880.25,686
2025-12-05 06:35:00,6880.25,6880.5,6879.5,6880.0,599
2025-12-05 06:40:00,6880.0,6880.5,6879.5,6880.5,227
2025-12-05 06:45:00,6880.25,6880.5,6879.75,6880.5,252
2025-12-05 06:50:00,6880.25,6880.5,6879.75,6880.0,196
2025-12-05 06:55:00,6880.0,6880.5,6879.75,6880.25,247
2025-12-05 07:00:00,6880.25,6882.0,6879.75,6882.0,935
2025-12-05 07:05:00,6881.75,6882.25,6881.25,6881.25,515
2025-12-05 07:10:00,6881.25,6881.25,6880.25,6880.5,361
2025-12-05 07:15:00,6880.25,6881.0,6879.25,6879.5,1038
2025-12-05 07:20:00,6879.5,6879.75,6876.0,6877.75,1215
2025-12-05 07:25:00,6877.75,6879.5,6877.25,6879.25,904
2025-12-05 07:30:00,6879.25,6880.5,6879.0,6880.25,562
2025-12-05 07:35:00,6880.25,6880.75,6879.75,6880.0,604
2025-12-05 07:40:00,6880.25,6880.75,6878.75,6878.75,867
2025-12-05 07:45:00,6879.0,6879.75,6878.25,6878.25,474
2025-12-05 07:50:00,6878.5,6878.75,6877.25,6878.25,636
2025-12-05 07:55:00,6878.25,6879.5,6877.75,6879.25,708
2025-12-05 08:00:00,6879.25,6880.25,6879.0,6880.0,638
2025-12-05 08:05:00,6879.75,6880.75,6879.5,6880.0,889
2025-12-05 08:10:00,6880.0,6880.5,6879.0,6879.25,807
2025-12-05 08:15:00,6879.25,6879.75,6877.25,6877.25,791
2025-12-05 08:20:00,6877.5,6877.5,6875.5,6876.5,1791
2025-12-05 08:25:00,6876.25,6877.0,6875.0,6876.25,1204
2025-12-05 08:30:00,6876.25,6877.0,6871.75,6872.5,2496
2025-12-05 08:35:00,6872.25,6872.25,6865.0,6865.5,5565
2025-12-05 08:40:00,6865.25,6867.25,6861.5,6863.5,5571
2025-12-05 08:45:00,6863.25,6863.5,6857.5,6858.25,6075
2025-12-05 08:50:00,6858.0,6863.75,6856.75,6863.75,4589
2025-12-05 08:55:00,6863.75,6865.5,6862.5,6864.0,3434
2025-12-05 09:00:00,6864.0,6867.25,6863.75,6866.25,2970
2025-12-05 09:05:00,6866.25,6868.75,6865.25,6867.75,2285
2025-12-05 09:10:00,6868.0,6869.75,6867.75,6869.75,1979
2025-12-05 09:15:00,6869.75,6871.5,6869.25,6871.25,2898
2025-12-05 09:20:00,6871.25,6873.0,6870.75,6871.75,2758
2025-12-05 09:25:00,6871.75,6875.75,6871.75,6875.25,5101
2025-12-05 09:30:00,6875.25,6886.25,6874.75,6881.5,40901
2025-12-05 09:35:00,6881.25,6885.25,6879.5,6880.75,19369
2025-12-05 09:40:00,6881.0,6882.75,6874.0,6879.25,26462
2025-12-05 09:45:00,6879.25,6886.75,6878.75,6886.5,17819
2025-12-05 09:50:00,6886.5,6891.25,6882.75,6890.25,21260
2025-12-05 09:55:00,6890.25,6891.0,6886.25,6889.75,14072
2025-12-05 10:00:00,6889.75,6898.5,6888.0,6897.0,23277
2025-12-05 10:05:00,6897.25,6901.0,6896.25,6898.75,20706
2025-12-05 10:10:00,6898.75,6903.5,6898.5,6903.25,18869
2025-12-05 10:15:00,6903.25,6904.0,6899.25,6900.0,16780
2025-12-05 10:20:00,6900.0,6904.0,6898.5,6902.75,12414
2025-12-05 10:25:00,6902.75,6902.75,6896.75,6899.75,15516
2025-12-05 10:30:00,6899.75,6905.0,6899.5,6904.0,13108
2025-12-05 10:35:00,6904.25,6904.5,6899.5,6900.25,11623
2025-12-05 10:40:00,6900.25,6900.75,6896.75,6898.25,13802
2025-12-05 10:45:00,6898.25,6902.75,6893.5,6900.75,16722
2025-12-05 10:50:00,6900.75,6900.75,6890.25,6893.0,23813
2025-12-05 10:55:00,6893.0,6893.0,6883.25,6887.5,33660
2025-12-05 11:00:00,6887.5,6892.25,6886.0,6887.25,20000
2025-12-05 11:05:00,6887.0,6890.75,6884.25,6885.0,15729
2025-12-05 11:10:00,6885.0,6887.25,6881.5,6882.0,17333
2025-12-05 11:15:00,6881.75,6883.0,6877.75,6880.25,26257
2025-12-05 11:20:00,6880.25,6887.75,6878.25,6883.5,19878
2025-12-05 11:25:00,6883.5,6888.5,6879.25,6880.5,16847
2025-12-05 11:30:00,6880.25,6880.5,6871.75,6875.75,30983
2025-12-05 11:35:00,6876.0,6879.25,6872.5,6874.5,16566
2025-12-05 11:40:00,6874.5,6877.5,6870.5,6874.5,15657
2025-12-05 11:45:00,6874.5,6878.75,6873.5,6878.0,15139
2025-12-05 11:50:00,6878.0,6883.75,6875.5,6883.25,13851
2025-12-05 11:55:00,6883.0,6887.25,6880.75,6880.75,15814
2025-12-05 12:00:00,6880.75,6883.5,6876.75,6879.75,17964
2025-12-05 12:05:00,6879.5,6881.0,6875.25,6878.0,12819
2025-12-05 12:10:00,6878.0,6878.25,6873.25,6874.0,11205
2025-12-05 12:15:00,6874.0,6876.75,6873.25,6875.25,8792
2025-12-05 12:20:00,6875.25,6877.25,6873.75,6876.75,7951
2025-12-05 12:25:00,6876.75,6877.75,6874.25,6874.5,6430
2025-12-05 12:30:00,6874.75,6876.0,6870.5,6870.75,11623
2025-12-05 12:35:00,6870.75,6873.75,6866.5,6873.25,17611
2025-12-05 12:40:00,6873.0,6874.0,6869.5,6873.25,9274
2025-12-05 12:45:00,6873.25,6876.75,6871.25,6874.75,8967
2025-12-05 12:50:00,6874.75,6885.0,6874.25,6884.5,13252
2025-12-05 12:55:00,6884.5,6885.0,6880.75,6883.5,11737
2025-12-05 13:00:00,6883.25,6885.5,6883.0,6884.75,8817
2025-12-05 13:05:00,6885.0,6888.0,6884.0,6887.5,7687
2025-12-05 13:10:00,6887.75,6887.75,6883.0,6883.5,6982
2025-12-05 13:15:00,6883.75,6884.25,6881.0,6881.75,8464
2025-12-05 13:20:00,6881.75,6882.0,6875.75,6880.0,14263
2025-12-05 13:25:00,6880.0,6887.5,6879.25,6886.25,9267
2025-12-05 13:30:00,6886.25,6890.5,6886.0,6889.5,11369
2025-12-05 13:35:00,6889.5,6889.75,6885.5,6887.25,6498
2025-12-05 13:40:00,6887.25,6887.5,6881.5,6884.75,9697
2025-12-05 13:45:00,6884.75,6886.25,6883.0,6886.0,6365
2025-12-05 13:50:00,6886.0,6886.5,6881.75,6884.5,5473
2025-12-05 13:55:00,6884.25,6884.75,6882.25,6882.5,5156
2025-12-05 14:00:00,6882.75,6883.25,6879.0,6881.25,10442
2025-12-05 14:05:00,6881.0,6883.5,6880.25,6882.75,6153
2025-12-05 14:10:00,6882.75,6885.0,6882.0,6884.25,6816
2025-12-05 14:15:00,6884.5,6884.5,6878.25,6880.5,8225
2025-12-05 14:20:00,6880.25,6882.0,6877.25,6878.5,6815
2025-12-05 14:25:00,6878.25,6882.5,6877.25,6880.25,5848
2025-12-05 14:30:00,6880.25,6882.0,6877.25,6880.25,8281
2025-12-05 14:35:00,6880.0,6881.0,6877.75,6881.0,6352
2025-12-05 14:40:00,6881.0,6881.75,6876.25,6878.25,7373
2025-12-05 14:45:00,6878.25,6878.75,6876.5,6878.25,5540
2025-12-05 14:50:00,6878.0,6882.0,6877.5,6882.0,6331
2025-12-05 14:55:00,6881.75,6884.5,6881.25,6883.25,8553
2025-12-05 15:00:00,6883.25,6883.75,6879.5,6880.0,7979
2025-12-05 15:05:00,6880.0,6881.25,6878.5,6879.0,6733
2025-12-05 15:10:00,6879.0,6881.0,6876.5,6880.5,7742
2025-12-05 15:15:00,6880.5,6883.5,6880.25,6883.0,7939
2025-12-05 15:20:00,6883.0,6883.0,6879.75,6880.75,6373
2025-12-05 15:25:00,6880.75,6881.0,6878.25,6881.0,6916
2025-12-05 15:30:00,6880.75,6880.75,6877.5,6879.5,7148
2025-12-05 15:35:00,6879.5,6880.75,6878.25,6878.5,6150
2025-12-05 15:40:00,6878.5,6879.75,6875.75,6879.25,9450
2025-12-05 15:45:00,6879.5,6879.75,6869.5,6871.25,20730
2025-12-05 15:50:00,6871.25,6875.75,6866.75,6871.75,30509
2025-12-05 15:55:00,6872.0,6880.75,6871.5,6876.75,65154
2025-12-05 16:00:00,6876.75,6879.75,6876.25,6879.25,21123
2025-12-05 16:05:00,6879.25,6881.5,6878.75,6880.5,4956
2025-12-05 16:10:00,6880.25,6881.25,6879.0,6880.25,4942
2025-12-05 16:15:00,6880.5,6881.5,6879.75,6880.75,1817
2025-12-05 16:20:00,6880.5,6881.75,6880.5,6880.5,1353
2025-12-05 16:25:00,6880.5,6881.75,6880.25,6880.25,1618
2025-12-05 16:30:00,6880.25,6881.0,6880.0,6880.5,965
2025-12-05 16:35:00,6880.5,6881.25,6880.25,6881.0,935
2025-12-05 16:40:00,6880.75,6881.0,6880.25,6880.25,808
2025-12-05 16:45:00,6880.25,6881.5,6880.25,6880.5,778
2025-12-05 16:50:00,6880.75,6881.0,6880.25,6880.25,762
2025-12-05 16:55:00,6880.25,6881.0,6878.25,6878.25,2353
2025-12-07 18:10:00,6880.5,6881.0,6877.5,6878.5,376
2025-12-07 18:15:00,6878.5,6881.0,6877.75,6879.25,648
2025-12-07 18:20:00,6879.25,6882.75,6879.25,6881.5,753
2025-12-07 18:25:00,6881.75,6882.25,6878.5,6881.75,558
2025-12-07 18:30:00,6881.5,6882.75,6881.0,6882.0,478
2025-12-07 18:35:00,6882.0,6883.5,6881.5,6882.0,332
2025-12-07 18:40:00,6882.0,6882.25,6880.5,6881.75,258
2025-12-07 18:45:00,6881.5,6882.0,6880.5,6881.5,244
2025-12-07 18:50:00,6881.5,6882.5,6881.5,6882.0,182
2025-12-07 18:55:00,6882.0,6882.75,6880.5,6881.0,229
2025-12-07 19:00:00,6881.25,6881.25,6874.75,6876.25,1587
2025-12-07 19:05:00,6876.25,6876.75,6874.5,6875.25,763
2025-12-07 19:10:00,6875.25,6875.25,6872.75,6874.75,889
2025-12-07 19:15:00,6874.75,6876.25,6874.25,6875.5,532
2025-12-07 19:20:00,6875.25,6878.75,6875.25,6877.5,528
2025-12-07 19:25:00,6877.25,6878.25,6877.0,6878.0,348
2025-12-07 19:30:00,6878.0,6879.5,6877.0,6878.75,446
2025-12-07 19:35:00,6879.0,6879.75,6878.5,6878.75,249
2025-12-07 19:40:00,6878.75,6879.75,6878.5,6879.25,205
2025-12-07 19:45:00,6879.25,6880.5,6878.5,6880.5,460
2025-12-07 19:50:00,6880.75,6881.75,6879.5,6881.25,397
2025-12-07 19:55:00,6881.25,6882.0,6880.25,6881.0,390
2025-12-07 20:00:00,6881.0,6883.25,6880.5,6882.25,1192
2025-12-07 20:05:00,6882.0,6884.25,6882.0,6882.0,719
2025-12-07 20:10:00,6882.25,6882.75,6880.5,6880.75,570
2025-12-07 20:15:00,6880.75,6882.25,6880.0,6880.25,802
2025-12-07 20:20:00,6880.75,6881.5,6880.0,6880.75,397
2025-12-07 20:25:00,6880.75,6881.5,6880.5,6880.5,311
2025-12-07 20:30:00,6880.5,6882.5,6880.5,6882.0,481
2025-12-07 20:35:00,6882.25,6883.75,6882.25,6882.75,548
2025-12-07 20:40:00,6883.0,6884.0,6882.5,6883.0,394
2025-12-07 20:45:00,6883.0,6884.0,6882.75,6883.5,416
2025-12-07 20:50:00,6883.5,6884.25,6883.0,6883.75,352
2025-12-07 20:55:00,6884.0,6884.0,6883.0,6883.5,222
2025-12-07 21:00:00,6883.5,6884.25,6882.5,6883.75,495
2025-12-07 21:05:00,6884.0,6884.0,6882.5,6883.5,296
2025-12-07 21:10:00,6883.25,6884.5,6883.25,6884.0,353
2025-12-07 21:15:00,6884.25,6886.0,6884.0,6884.75,589
2025-12-07 21:20:00,6884.5,6885.75,6884.5,6885.25,395
2025-12-07 21:25:00,6885.25,6886.5,6885.25,6885.75,513
2025-12-07 21:30:00,6885.75,6886.5,6885.25,6885.75,260
2025-12-07 21:35:00,6885.75,6886.75,6885.5,6885.5,315
2025-12-07 21:40:00,6885.5,6886.0,6884.5,6885.5,523
2025-12-07 21:45:00,6885.75,6886.0,6885.0,6885.5,427
2025-12-07 21:50:00,6885.5,6885.75,6884.75,6885.5,266
2025-12-07 21:55:00,6885.5,6887.75,6885.25,6887.75,586
2025-12-07 22:00:00,6887.5,6888.0,6886.5,6887.0,512
2025-12-07 22:05:00,6887.0,6888.0,6886.75,6887.5,382
2025-12-07 22:10:00,6887.5,6888.0,6887.5,6888.0,240
2025-12-07 22:15:00,6887.75,6888.25,6887.5,6887.75,288
2025-12-07 22:20:00,6888.0,6888.75,6887.75,6888.25,282
2025-12-07 22:25:00,6888.25,6889.5,6888.25,6888.5,566
2025-12-07 22:30:00,6888.25,6889.25,6888.0,6889.0,311
2025-12-07 22:35:00,6889.25,6890.0,6888.75,6889.5,376
2025-12-07 22:40:00,6889.25,6889.25,6888.25,6888.25,280
2025-12-07 22:45:00,6888.5,6888.75,6887.5,6888.25,245
2025-12-07 22:50:00,6888.5,6889.0,6887.75,6888.75,309
2025-12-07 22:55:00,6888.5,6889.0,6888.25,6888.5,231
2025-12-07 23:00:00,6888.5,6889.5,6888.5,6889.25,363
2025-12-07 23:05:00,6889.0,6889.5,6888.75,6889.25,302
2025-12-07 23:10:00,6889.25,6890.25,6889.25,6890.0,352
2025-12-07 23:15:00,6890.0,6890.75,6889.5,6890.5,467
2025-12-07 23:20:00,6890.25,6890.75,6890.25,6890.5,193
2025-12-07 23:25:00,6890.75,6891.0,6890.25,6890.5,380
2025-12-07 23:30:00,6890.5,6891.0,6890.5,6890.5,265
2025-12-07 23:35:00,6890.5,6891.0,6889.5,6890.75,364
2025-12-07 23:40:00,6890.5,6891.0,6890.25,6890.5,158
2025-12-07 23:45:00,6890.5,6890.75,6890.25,6890.5,135
2025-12-07 23:50:00,6890.25,6891.25,6890.0,6891.25,350
2025-12-07 23:55:00,6891.25,6891.5,6890.75,6890.75,153
2025-12-08 00:00:00,6890.75,6891.0,6890.0,6890.25,539
2025-12-08 00:05:00,6890.25,6890.75,6889.75,6890.0,276
2025-12-08 00:10:00,6889.75,6891.5,6889.75,6891.0,397
2025-12-08 00:15:00,6891.0,6892.0,6890.5,6892.0,279
2025-12-08 00:20:00,6891.75,6892.0,6891.0,6891.5,282
2025-12-08 00:25:00,6891.5,6892.0,6891.0,6891.5,166
2025-12-08 00:30:00,6891.5,6892.0,6891.0,6892.0,279
2025-12-08 00:35:00,6892.0,6892.0,6891.0,6891.5,258
2025-12-08 00:40:00,6891.5,6891.5,6890.75,6891.5,267
2025-12-08 00:45:00,6891.5,6892.0,6891.0,6891.0,119
2025-12-08 00:50:00,6891.25,6891.25,6889.25,6889.75,260
2025-12-08 00:55:00,6890.0,6890.5,6890.0,6890.0,153
2025-12-08 01:00:00,6890.25,6890.5,6888.5,6889.75,499
2025-12-08 01:05:00,6889.75,6890.75,6889.0,6890.5,250
2025-12-08 01:10:00,6890.75,6892.0,6890.5,6892.0,253
2025-12-08 01:15:00,6891.75,6892.25,6891.5,6891.75,371
2025-12-08 01:20:00,6891.75,6892.0,6891.5,6891.75,266
2025-12-08 01:25:00,6891.75,6891.75,6890.5,6891.0,500
2025-12-08 01:30:00,6891.0,6891.75,6890.25,6891.0,269
2025-12-08 01:35:00,6891.25,6892.25,6891.0,6891.5,469
2025-12-08 01:40:00,6891.25,6891.25,6889.25,6889.5,324
2025-12-08 01:45:00,6889.75,6890.75,6889.75,6889.75,179
2025-12-08 01:50:00,6889.75,6890.0,6889.0,6889.25,206
2025-12-08 01:55:00,6889.5,6889.5,6887.75,6888.0,240
2025-12-08 02:00:00,6888.0,6888.0,6886.5,6888.0,781
2025-12-08 02:05:00,6888.0,6889.25,6887.5,6889.0,551
2025-12-08 02:10:00,6889.0,6889.25,6888.5,6889.0,381
2025-12-08 02:15:00,6889.0,6892.25,6888.75,6892.0,569
2025-12-08 02:20:00,6892.0,6893.25,6892.0,6892.0,679
2025-12-08 02:25:00,6892.0,6892.75,6891.25,6892.25,447
2025-12-08 02:30:00,6892.0,6893.0,6890.75,6892.75,289
2025-12-08 02:35:00,6892.75,6893.75,6892.75,6893.5,312
2025-12-08 02:40:00,6893.25,6893.75,6892.5,6892.75,426
2025-12-08 02:45:00,6892.75,6892.75,6890.5,6891.25,555
2025-12-08 02:50:00,6891.25,6892.25,6890.0,6892.0,540
2025-12-08 02:55:00,6892.25,6892.25,6890.5,6890.75,515
2025-12-08 03:00:00,6890.75,6891.0,6888.25,6890.25,1239
2025-12-08 03:05:00,6890.0,6890.5,6887.75,6888.0,864
2025-12-08 03:10:00,6888.25,6889.0,6887.25,6887.75,810
2025-12-08 03:15:00,6887.5,6890.5,6887.5,6888.75,760
2025-12-08 03:20:00,6888.75,6890.25,6888.0,6889.5,538
2025-12-08 03:25:00,6889.5,6889.5,6886.75,6887.75,691
2025-12-08 03:30:00,6888.0,6888.5,6885.75,6886.75,925
2025-12-08 03:35:00,6887.0,6888.75,6886.25,6888.5,632
2025-12-08 03:40:00,6888.25,6888.5,6885.5,6886.5,729
2025-12-08 03:45:00,6886.25,6886.25,6884.5,6884.5,752
2025-12-08 03:50:00,6884.5,6885.25,6883.25,6885.0,914
2025-12-08 03:55:00,6885.0,6885.5,6884.0,6884.5,900
2025-12-08 04:00:00,6884.5,6886.5,6884.25,6885.75,687
2025-12-08 04:05:00,6885.75,6887.25,6885.75,6887.0,936
2025-12-08 04:10:00,6887.0,6887.5,6886.0,6887.5,532
2025-12-08 04:15:00,6887.25,6887.5,6885.5,6886.75,426
2025-12-08 04:20:00,6887.0,6887.75,6886.75,6887.25,312
2025-12-08 04:25:00,6887.25,6889.0,6887.25,6888.75,1176
2025-12-08 04:30:00,6888.75,6889.75,6888.0,6889.0,500
2025-12-08 04:35:00,6889.0,6889.5,6887.5,6889.25,653
2025-12-08 04:40:00,6889.25,6889.5,6886.5,6887.0,456
2025-12-08 04:45:00,6887.0,6887.0,6885.0,6885.25,903
2025-12-08 04:50:00,6885.5,6886.5,6885.25,6885.5,609
2025-12-08 04:55:00,6885.25,6885.75,6884.0,6884.5,690
2025-12-08 05:00:00,6884.5,6885.5,6882.75,6883.5,1117
2025-12-08 05:05:00,6883.25,6884.25,6882.25,6883.5,797
2025-12-08 05:10:00,6883.75,6885.5,6883.5,6884.75,572
2025-12-08 05:15:00,6884.5,6884.75,6882.75,6883.75,789
2025-12-08 05:20:00,6883.5,6884.75,6882.5,6884.75,552
2025-12-08 05:25:00,6884.5,6887.0,6884.25,6886.75,446
2025-12-08 05:30:00,6886.75,6888.25,6885.5,6887.75,805
2025-12-08 05:35:00,6888.0,6888.25,6886.5,6887.25,678
2025-12-08 05:40:00,6887.0,6887.25,6886.5,6887.0,400
2025-12-08 05:45:00,6887.0,6887.75,6886.5,6887.5,568
2025-12-08 05:50:00,6887.75,6888.25,6887.0,6887.5,450
2025-12-08 05:55:00,6887.75,6888.0,6886.75,6887.25,514
2025-12-08 06:00:00,6887.0,6887.0,6884.75,6885.0,881
2025-12-08 06:05:00,6884.75,6886.0,6883.25,6885.5,714
2025-12-08 06:10:00,6885.75,6886.25,6884.5,6885.75,535
2025-12-08 06:15:00,6885.5,6886.0,6884.5,6885.0,421
2025-12-08 06:20:00,6884.75,6885.25,6882.75,6882.75,380
2025-12-08 06:25:00,6882.75,6883.5,6881.5,6882.0,777
2025-12-08 06:30:00,6882.0,6882.75,6881.25,6881.75,609
2025-12-08 06:35:00,6881.75,6883.0,6881.25,6883.0,466
2025-12-08 06:40:00,6883.0,6883.75,6882.25,6883.75,479
2025-12-08 06:45:00,6883.5,6883.5,6882.25,6882.5,388
2025-12-08 06:50:00,6882.5,6883.75,6882.0,6883.0,638
2025-12-08 06:55:00,6883.25,6883.5,6882.0,6882.75,659
2025-12-08 07:00:00,6882.75,6884.5,6880.75,6884.5,1440
2025-12-08 07:05:00,6884.25,6885.25,6883.5,6884.75,708
2025-12-08 07:10:00,6884.5,6884.75,6884.0,6884.5,657
2025-12-08 07:15:00,6884.25,6886.25,6884.25,6884.75,666
2025-12-08 07:20:00,6884.75,6886.5,6884.5,6886.0,395
2025-12-08 07:25:00,6886.25,6886.5,6885.0,6885.25,595
2025-12-08 07:30:00,6885.0,6886.5,6885.0,6886.0,466
2025-12-08 07:35:00,6886.0,6886.5,6885.25,6886.25,442
2025-12-08 07:40:00,6886.25,6887.75,6885.75,6887.5,833
2025-12-08 07:45:00,6887.25,6889.25,6887.0,6889.25,704
2025-12-08 07:50:00,6889.25,6889.5,6887.75,6888.5,1228
2025-12-08 07:55:00,6888.5,6888.75,6886.75,6887.5,681
2025-12-08 08:00:00,6887.5,6888.5,6886.75,6888.0,870
2025-12-08 08:05:00,6888.25,6888.75,6887.75,6888.5,577
2025-12-08 08:10:00,6888.5,6890.0,6887.75,6889.5,837
2025-12-08 08:15:00,6889.5,6890.75,6889.0,6890.5,1245
2025-12-08 08:20:00,6890.25,6893.25,6887.5,6888.5,4229
2025-12-08 08:25:00,6888.5,6889.75,6888.0,6889.25,1279
2025-12-08 08:30:00,6889.25,6890.25,6885.0,6886.5,2905
2025-12-08 08:35:00,6886.5,6887.0,6885.25,6885.75,1946
2025-12-08 08:40:00,6886.0,6887.25,6885.0,6887.0,1277
2025-12-08 08:45:00,6887.0,6888.75,6887.0,6888.25,1216
2025-12-08 08:50:00,6888.25,6888.5,6886.75,6888.0,1172
2025-12-08 08:55:00,6888.25,6889.25,6887.0,6888.75,1197
2025-12-08 09:00:00,6888.75,6890.75,6888.25,6890.5,1661
2025-12-08 09:05:00,6890.5,6891.25,6889.75,6891.0,1250
2025-12-08 09:10:00,6891.0,6891.75,6890.5,6891.0,1420
2025-12-08 09:15:00,6891.0,6891.25,6888.5,6891.0,1867
2025-12-08 09:20:00,6891.0,6891.5,6888.25,6889.0,2394
2025-12-08 09:25:00,6888.75,6888.75,6885.5,6885.5,5568
2025-12-08 09:30:00,6885.5,6886.25,6878.25,6881.0,33763
2025-12-08 09:35:00,6881.0,6882.0,6877.0,6877.75,16894
2025-12-08 09:40:00,6877.75,6879.75,6872.25,6878.75,24167
2025-12-08 09:45:00,6878.75,6880.75,6869.25,6875.0,20255
2025-12-08 09:50:00,6874.75,6878.75,6873.75,6878.25,16258
2025-12-08 09:55:00,6878.25,6879.25,6872.75,6874.0,16727
2025-12-08 10:00:00,6873.75,6877.25,6872.0,6875.75,15014
2025-12-08 10:05:00,6875.75,6875.75,6870.0,6872.0,13361
2025-12-08 10:10:00,6871.75,6872.0,6867.75,6868.5,13425
2025-12-08 10:15:00,6868.75,6871.75,6866.0,6869.75,16413
2025-12-08 10:20:00,6869.5,6871.25,6866.25,6866.75,12748
2025-12-08 10:25:00,6867.0,6867.0,6858.0,6865.0,22883
2025-12-08 10:30:00,6864.75,6869.25,6861.0,6868.25,16334
2025-12-08 10:35:00,6868.25,6869.75,6864.75,6866.25,11124
2025-12-08 10:40:00,6866.25,6867.25,6859.75,6860.0,13085
2025-12-08 10:45:00,6860.0,6864.75,6859.75,6863.5,11310
2025-12-08 10:50:00,6863.5,6863.75,6858.75,6860.0,11526
2025-12-08 10:55:00,6859.75,6860.5,6855.25,6856.5,14129
2025-12-08 11:00:00,6856.25,6856.5,6848.5,6852.25,25501
2025-12-08 11:05:00,6852.0,6856.75,6851.5,6856.0,14215
2025-12-08 11:10:00,6856.25,6858.5,6852.5,6853.75,14305
2025-12-08 11:15:00,6853.5,6855.0,6852.0,6854.0,9579
2025-12-08 11:20:00,6854.0,6860.75,6853.5,6858.25,15457
2025-12-08 11:25:00,6858.25,6860.75,6855.0,6860.25,11739
2025-12-08 11:30:00,6860.5,6860.75,6855.75,6856.0,9800
2025-12-08 11:35:00,6856.0,6857.5,6854.0,6854.75,10152
2025-12-08 11:40:00,6855.0,6858.0,6854.0,6857.75,9076
2025-12-08 11:45:00,6857.75,6858.25,6853.25,6853.25,9240
2025-12-08 11:50:00,6853.25,6856.0,6849.75,6853.25,12045
2025-12-08 11:55:00,6853.0,6854.25,6851.25,6853.25,8821
2025-12-08 12:00:00,6853.25,6853.25,6844.25,6847.25,17608
2025-12-08 12:05:00,6847.0,6853.25,6846.5,6851.5,9897
2025-12-08 12:10:00,6851.5,6852.25,6847.0,6848.25,7865
2025-12-08 12:15:00,6848.25,6851.0,6847.75,6849.5,7082
2025-12-08 12:20:00,6849.25,6849.5,6846.0,6846.25,8743
2025-12-08 12:25:00,6846.25,6846.75,6841.25,6846.25,13077
2025-12-08 12:30:00,6846.25,6849.5,6845.75,6846.75,9638
2025-12-08 12:35:00,6846.75,6847.75,6845.25,6846.25,6491
2025-12-08 12:40:00,6846.5,6850.75,6845.5,6848.0,8566
2025-12-08 12:45:00,6848.25,6851.75,6846.25,6851.5,8094
2025-12-08 12:50:00,6851.25,6854.5,6851.0,6854.0,9335
2025-12-08 12:55:00,6854.25,6862.75,6852.25,6860.75,28258
2025-12-08 13:00:00,6860.75,6863.5,6855.5,6857.25,16839
2025-12-08 13:05:00,6857.0,6860.25,6856.5,6859.75,9467
2025-12-08 13:10:00,6860.0,6860.5,6857.0,6857.75,9959
2025-12-08 13:15:00,6857.75,6860.0,6856.5,6858.25,7131
2025-12-08 13:20:00,6858.25,6859.5,6856.75,6858.25,6767
2025-12-08 13:25:00,6858.25,6858.5,6847.75,6848.0,13810
2025-12-08 13:30:00,6847.75,6849.25,6843.5,6844.75,17053
2025-12-08 13:35:00,6844.75,6851.0,6842.5,6850.25,12092
2025-12-08 13:40:00,6850.25,6850.5,6846.5,6849.5,6740
2025-12-08 13:45:00,6849.5,6850.75,6846.25,6846.25,6871
2025-12-08 13:50:00,6846.5,6847.5,6844.25,6845.25,6763
2025-12-08 13:55:00,6845.25,6845.5,6835.25,6841.0,20047
2025-12-08 14:00:00,6841.0,6842.25,6836.25,6840.25,14683
2025-12-08 14:05:00,6840.0,6842.75,6839.0,6841.5,7934
2025-12-08 14:10:00,6841.5,6842.5,6837.75,6838.75,8666
2025-12-08 14:15:00,6838.75,6844.25,6838.75,6844.0,10006
2025-12-08 14:20:00,6844.0,6845.75,6841.75,6842.25,7751
2025-12-08 14:25:00,6842.25,6843.5,6840.5,6842.0,6780
2025-12-08 14:30:00,6841.75,6845.0,6841.25,6844.5,7631
2025-12-08 14:35:00,6844.5,6847.25,6843.75,6845.0,7155
2025-12-08 14:40:00,6845.0,6847.0,6843.5,6846.0,6161
2025-12-08 14:45:00,6846.0,6846.0,6842.75,6845.0,7106
2025-12-08 14:50:00,6844.75,6848.0,6844.5,6846.5,7633
2025-12-08 14:55:00,6846.5,6846.5,6841.0,6843.0,9256
2025-12-08 15:00:00,6843.0,6845.0,6841.75,6842.25,8198
2025-12-08 15:05:00,6842.5,6844.75,6841.25,6844.5,9103
2025-12-08 15:10:00,6844.5,6845.75,6843.75,6845.25,5800
2025-12-08 15:15:00,6845.25,6847.25,6843.5,6846.0,8530
2025-12-08 15:20:00,6845.75,6847.25,6844.75,6845.0,5843
2025-12-08 15:25:00,6845.0,6846.25,6843.5,6846.25,6721
2025-12-08 15:30:00,6846.0,6846.25,6841.25,6842.0,12502
2025-12-08 15:35:00,6842.25,6844.5,6840.0,6843.25,9276
2025-12-08 15:40:00,6843.25,6846.75,6842.5,6846.5,9282
2025-12-08 15:45:00,6846.5,6847.0,6843.75,6845.0,10596
2025-12-08 15:50:00,6845.25,6848.5,6843.0,6844.5,18750
2025-12-08 15:55:00,6844.5,6857.75,6844.0,6856.5,67170
2025-12-08 16:00:00,6856.25,6857.5,6854.5,6855.25,31921
2025-12-08 16:05:00,6855.0,6855.5,6853.5,6855.0,4817
2025-12-08 16:10:00,6855.0,6855.25,6853.0,6854.75,4858
2025-12-08 16:15:00,6854.75,6855.5,6853.75,6855.25,1746
2025-12-08 16:20:00,6855.5,6856.25,6855.0,6855.75,1367
2025-12-08 16:25:00,6856.0,6859.75,6855.75,6859.5,4687
2025-12-08 16:30:00,6859.25,6863.0,6858.25,6859.25,9024
2025-12-08 16:35:00,6859.0,6860.25,6858.5,6859.5,1790
2025-12-08 16:40:00,6859.5,6862.5,6859.25,6862.5,2119
2025-12-08 16:45:00,6862.25,6863.0,6861.0,6862.25,2191
2025-12-08 16:50:00,6862.0,6862.0,6860.0,6861.0,2032
2025-12-08 16:55:00,6861.25,6864.75,6861.0,6864.5,3154
2025-12-08 18:00:00,6865.0,6866.75,6862.25,6865.25,0
2025-12-08 18:05:00,6865.25,6866.25,6863.0,6864.25,849
2025-12-08 18:10:00,6864.25,6864.5,6862.25,6862.5,716
2025-12-08 18:15:00,6862.5,6863.5,6861.5,6862.25,305
2025-12-08 18:20:00,6862.25,6864.0,6861.75,6862.25,467
2025-12-08 18:25:00,6862.5,6863.0,6861.25,6862.25,363
2025-12-08 18:30:00,6862.25,6862.25,6860.25,6860.75,383
2025-12-08 18:35:00,6860.75,6863.0,6860.25,6862.5,594
2025-12-08 18:40:00,6863.0,6863.75,6862.0,6862.5,527
2025-12-08 18:45:00,6862.75,6864.75,6862.25,6864.25,711
2025-12-08 18:50:00,6864.25,6868.5,6864.25,6868.0,960
2025-12-08 18:55:00,6868.25,6868.5,6867.5,6868.5,384
2025-12-08 19:00:00,6868.25,6868.5,6866.0,6866.75,662
2025-12-08 19:05:00,6867.0,6867.75,6866.5,6867.25,340
2025-12-08 19:10:00,6867.0,6867.75,6866.75,6866.75,207
2025-12-08 19:15:00,6866.5,6866.75,6865.25,6866.0,443
2025-12-08 19:20:00,6865.75,6866.5,6865.25,6866.0,278
2025-12-08 19:25:00,6866.0,6866.75,6865.25,6865.5,323
2025-12-08 19:30:00,6865.75,6866.0,6864.75,6865.25,244
2025-12-08 19:35:00,6865.5,6866.5,6865.5,6866.0,176
2025-12-08 19:40:00,6866.0,6866.25,6865.5,6865.75,255
2025-12-08 19:45:00,6865.75,6866.25,6864.75,6866.25,280
2025-12-08 19:50:00,6866.25,6867.75,6866.25,6867.25,443
2025-12-08 19:55:00,6867.0,6867.75,6866.75,6866.75,256
2025-12-08 20:00:00,6866.75,6867.0,6863.75,6864.5,1031
2025-12-08 20:05:00,6864.5,6865.75,6863.0,6865.75,669
2025-12-08 20:10:00,6865.75,6867.0,6865.0,6867.0,386
2025-12-08 20:15:00,6867.0,6867.0,6866.0,6866.25,376
2025-12-08 20:20:00,6866.5,6868.0,6866.25,6866.25,468
2025-12-08 20:25:00,6866.25,6866.5,6863.5,6863.5,363
2025-12-08 20:30:00,6863.75,6865.0,6861.0,6862.25,1330
2025-12-08 20:35:00,6862.5,6863.75,6859.75,6861.0,699
2025-12-08 20:40:00,6861.25,6862.25,6860.5,6861.75,514
2025-12-08 20:45:00,6861.75,6863.0,6861.25,6862.25,396
2025-12-08 20:50:00,6862.5,6862.75,6861.5,6861.5,327
2025-12-08 20:55:00,6861.75,6862.5,6861.25,6861.5,186
2025-12-08 21:00:00,6861.75,6862.5,6861.0,6862.0,337
2025-12-08 21:05:00,6862.0,6862.75,6860.75,6861.25,364
2025-12-08 21:10:00,6861.25,6862.0,6859.0,6862.0,560
2025-12-08 21:15:00,6862.0,6864.75,6862.0,6864.0,500
2025-12-08 21:20:00,6864.0,6865.0,6863.25,6863.25,317
2025-12-08 21:25:00,6863.25,6863.75,6862.25,6862.75,426
2025-12-08 21:30:00,6863.0,6863.25,6860.75,6861.75,320
2025-12-08 21:35:00,6861.75,6862.0,6860.25,6861.25,244
2025-12-08 21:40:00,6861.25,6862.75,6860.75,6862.5,335
2025-12-08 21:45:00,6862.5,6863.5,6861.75,6862.5,231
2025-12-08 21:50:00,6862.25,6863.25,6861.75,6862.0,149
2025-12-08 21:55:00,6862.25,6863.0,6861.75,6862.5,243
2025-12-08 22:00:00,6862.25,6862.75,6860.75,6862.0,189
2025-12-08 22:05:00,6862.0,6863.25,6861.25,6862.0,301
2025-12-08 22:10:00,6862.0,6862.0,6861.5,6862.0,135
2025-12-08 22:15:00,6862.0,6863.25,6861.75,6862.5,214
2025-12-08 22:20:00,6862.5,6862.75,6861.25,6861.5,206
2025-12-08 22:25:00,6861.25,6862.25,6861.25,6862.25,154
2025-12-08 22:30:00,6862.25,6863.5,6861.25,6862.5,375
2025-12-08 22:35:00,6862.5,6863.25,6862.5,6862.75,115
2025-12-08 22:40:00,6862.75,6863.0,6862.0,6862.0,178
2025-12-08 22:45:00,6861.75,6862.25,6861.25,6861.5,198
2025-12-08 22:50:00,6861.25,6863.25,6860.75,6862.75,280
2025-12-08 22:55:00,6863.0,6863.5,6862.5,6862.75,247
2025-12-08 23:00:00,6862.75,6863.0,6861.75,6862.0,257
2025-12-08 23:05:00,6862.25,6862.5,6862.0,6862.25,133
2025-12-08 23:10:00,6862.25,6862.75,6861.75,6862.0,147
2025-12-08 23:15:00,6861.75,6862.5,6861.5,6862.5,193
2025-12-08 23:20:00,6862.5,6862.75,6861.25,6861.5,216
2025-12-08 23:25:00,6861.5,6862.25,6861.5,6862.0,149
2025-12-08 23:30:00,6862.0,6862.25,6860.75,6861.0,301
2025-12-08 23:35:00,6861.25,6861.75,6860.25,6861.5,224
2025-12-08 23:40:00,6861.25,6862.25,6861.25,6861.75,167
2025-12-08 23:45:00,6862.0,6862.0,6861.25,6861.25,71
2025-12-08 23:50:00,6861.25,6861.5,6861.0,6861.25,107
2025-12-08 23:55:00,6861.5,6861.5,6861.0,6861.25,104
2025-12-09 00:05:00,6859.5,6859.5,6859.0,6859.25,901
2025-12-09 00:10:00,6859.5,6860.0,6858.25,6859.25,338
2025-12-09 00:15:00,6859.0,6859.5,6858.75,6859.25,222
2025-12-09 00:20:00,6859.25,6859.25,6858.0,6858.5,325
2025-12-09 00:25:00,6858.5,6859.0,6858.0,6858.25,205
2025-12-09 00:30:00,6858.25,6859.25,6858.0,6858.75,323
2025-12-09 00:35:00,6858.75,6859.75,6858.75,6859.5,192
2025-12-09 00:40:00,6859.25,6859.5,6858.25,6859.0,215
2025-12-09 00:45:00,6859.0,6860.5,6858.75,6859.0,257
2025-12-09 00:50:00,6859.0,6859.25,6857.75,6858.25,190
2025-12-09 00:55:00,6858.25,6858.75,6858.0,6858.0,231
2025-12-09 01:00:00,6857.75,6858.0,6856.0,6856.5,516
2025-12-09 01:05:00,6856.75,6858.0,6856.25,6856.5,285
2025-12-09 01:10:00,6856.5,6857.0,6855.0,6856.5,548
2025-12-09 01:15:00,6856.5,6857.25,6856.25,6856.75,222
2025-12-09 01:20:00,6856.5,6857.0,6855.75,6856.5,327
2025-12-09 01:25:00,6856.25,6857.75,6855.75,6857.25,519
2025-12-09 01:30:00,6857.5,6858.75,6857.0,6857.75,790
2025-12-09 01:35:00,6857.75,6858.25,6857.25,6858.0,165
2025-12-09 01:40:00,6858.25,6861.75,6858.0,6861.75,469
2025-12-09 01:45:00,6862.0,6863.25,6860.5,6860.5,431
2025-12-09 01:50:00,6860.5,6861.75,6860.25,6861.0,324
2025-12-09 01:55:00,6861.0,6862.25,6860.25,6862.0,306
2025-12-09 02:00:00,6862.0,6863.5,6861.75,6863.0,463
2025-12-09 02:05:00,6863.0,6863.75,6862.5,6863.25,330
2025-12-09 02:10:00,6863.25,6863.75,6862.0,6862.5,337
2025-12-09 02:15:00,6862.5,6862.5,6861.5,6861.75,290
2025-12-09 02:20:00,6861.75,6863.25,6861.75,6862.5,200
2025-12-09 02:25:00,6862.75,6863.0,6861.75,6862.75,222
2025-12-09 02:30:00,6862.75,6863.0,6862.0,6863.0,246
2025-12-09 02:35:00,6863.0,6863.5,6860.75,6862.25,555
2025-12-09 02:40:00,6862.0,6864.0,6861.5,6863.5,380
2025-12-09 02:45:00,6863.25,6864.0,6863.0,6864.0,238
2025-12-09 02:50:00,6864.0,6865.0,6863.5,6863.75,269
2025-12-09 02:55:00,6863.75,6864.5,6863.25,6864.25,415
2025-12-09 03:00:00,6864.0,6866.25,6863.0,6865.25,1536
2025-12-09 03:05:00,6865.5,6866.0,6863.25,6864.75,1299
2025-12-09 03:10:00,6865.0,6865.5,6864.0,6865.0,675
2025-12-09 03:15:00,6865.25,6867.25,6864.5,6866.75,723
2025-12-09 03:20:00,6866.75,6868.25,6865.75,6867.5,898
2025-12-09 03:25:00,6867.5,6867.75,6864.25,6864.5,1185
2025-12-09 03:30:00,6864.5,6865.5,6863.25,6864.25,622
2025-12-09 03:35:00,6864.25,6864.25,6862.75,6864.25,510
2025-12-09 03:40:00,6864.0,6864.25,6862.0,6864.25,764
2025-12-09 03:45:00,6864.0,6865.25,6863.75,6864.0,753
2025-12-09 03:50:00,6864.0,6865.25,6863.75,6865.25,249
2025-12-09 03:55:00,6865.25,6865.25,6863.25,6863.5,536
2025-12-09 04:00:00,6863.75,6863.75,6860.75,6862.75,1288
2025-12-09 04:05:00,6862.75,6862.75,6860.0,6860.75,960
2025-12-09 04:10:00,6860.5,6862.5,6860.25,6861.75,476
2025-12-09 04:15:00,6862.0,6862.25,6860.0,6860.25,530
2025-12-09 04:20:00,6860.5,6860.5,6859.0,6860.0,1004
2025-12-09 04:25:00,6860.0,6860.0,6858.0,6859.75,655
2025-12-09 04:30:00,6859.5,6861.75,6859.5,6860.75,555
2025-12-09 04:35:00,6860.75,6861.25,6856.75,6857.0,1098
2025-12-09 04:40:00,6856.75,6858.25,6856.25,6857.25,1006
2025-12-09 04:45:00,6857.5,6859.5,6857.25,6859.0,680
2025-12-09 04:50:00,6858.75,6859.5,6858.75,6858.75,253
2025-12-09 04:55:00,6858.5,6858.75,6856.5,6857.25,670
2025-12-09 05:00:00,6857.25,6857.75,6856.75,6857.25,381
2025-12-09 05:05:00,6857.0,6858.0,6856.5,6857.75,441
2025-12-09 05:10:00,6858.0,6860.75,6858.0,6859.75,681
2025-12-09 05:15:00,6859.75,6861.0,6859.75,6861.0,445
2025-12-09 05:20:00,6861.0,6861.75,6858.75,6861.0,1060
2025-12-09 05:25:00,6861.0,6863.0,6861.0,6862.5,784
2025-12-09 05:30:00,6862.5,6863.0,6862.0,6862.0,419
2025-12-09 05:35:00,6862.25,6862.75,6844.75,6851.25,8514
2025-12-09 05:40:00,6851.5,6858.75,6849.25,6858.25,5641
2025-12-09 05:45:00,6858.5,6858.75,6854.25,6856.25,2453
2025-12-09 05:50:00,6856.25,6860.0,6855.75,6860.0,1861
2025-12-09 05:55:00,6860.25,6862.0,6858.75,6861.0,1306
2025-12-09 06:00:00,6861.0,6861.5,6856.75,6859.0,2175
2025-12-09 06:05:00,6859.5,6860.0,6857.75,6858.25,580
2025-12-09 06:10:00,6858.25,6858.75,6854.5,6856.25,1417
2025-12-09 06:15:00,6856.5,6856.75,6852.75,6856.0,1999
2025-12-09 06:20:00,6856.0,6859.25,6856.0,6857.0,933
2025-12-09 06:25:00,6857.25,6860.75,6856.0,6860.25,869
2025-12-09 06:30:00,6860.5,6860.5,6858.75,6859.25,571
2025-12-09 06:35:00,6859.5,6860.0,6858.75,6859.0,514
2025-12-09 06:40:00,6859.0,6862.25,6858.75,6860.75,1177
2025-12-09 06:45:00,6860.75,6861.75,6860.25,6861.75,516
2025-12-09 06:50:00,6861.75,6862.5,6860.5,6861.75,752
2025-12-09 06:55:00,6862.0,6862.25,6860.75,6861.5,557
2025-12-09 07:00:00,6861.75,6862.25,6859.75,6861.25,1381
2025-12-09 07:05:00,6861.0,6862.0,6860.5,6861.25,458
2025-12-09 07:10:00,6861.25,6861.75,6859.75,6860.5,755
2025-12-09 07:15:00,6860.5,6861.0,6859.5,6860.0,460
2025-12-09 07:20:00,6859.75,6861.0,6859.0,6860.0,605
2025-12-09 07:25:00,6860.25,6861.0,6859.5,6860.0,416
2025-12-09 07:30:00,6860.25,6860.75,6859.0,6860.25,719
2025-12-09 07:35:00,6860.5,6860.5,6859.0,6859.25,956
2025-12-09 07:40:00,6859.0,6859.5,6856.5,6857.25,1409
2025-12-09 07:45:00,6857.25,6859.5,6855.0,6859.0,1089
2025-12-09 07:50:00,6859.0,6861.25,6858.0,6860.75,738
2025-12-09 07:55:00,6860.75,6861.25,6858.0,6859.0,1091
2025-12-09 08:00:00,6858.75,6858.75,6856.25,6858.25,1228
2025-12-09 08:05:00,6858.0,6860.5,6857.75,6859.75,871
2025-12-09 08:10:00,6859.75,6859.75,6858.0,6858.5,908
2025-12-09 08:15:00,6858.5,6859.5,6856.0,6859.0,2223
2025-12-09 08:20:00,6858.75,6859.0,6854.75,6855.75,1592
2025-12-09 08:25:00,6856.0,6858.0,6855.25,6857.25,1145
2025-12-09 08:30:00,6857.25,6857.25,6851.0,6851.5,2441
2025-12-09 08:35:00,6851.75,6853.5,6849.25,6853.25,2568
2025-12-09 08:40:00,6853.0,6853.75,6851.75,6852.25,1873
2025-12-09 08:45:00,6852.25,6855.25,6852.0,6852.25,1909
2025-12-09 08:50:00,6852.0,6852.25,6849.0,6849.5,2123
2025-12-09 08:55:00,6849.5,6851.5,6848.75,6850.5,2306
2025-12-09 09:00:00,6850.5,6852.0,6849.25,6849.75,2399
2025-12-09 09:05:00,6849.5,6850.25,6847.75,6848.0,1825
2025-12-09 09:10:00,6848.0,6850.25,6846.75,6847.75,2501
2025-12-09 09:15:00,6847.75,6849.25,6847.5,6847.75,1424
2025-12-09 09:20:00,6847.75,6850.25,6846.25,6847.25,2295
2025-12-09 09:25:00,6847.5,6850.75,6845.0,6850.5,5982
2025-12-09 09:30:00,6850.5,6855.75,6847.25,6853.0,33094
2025-12-09 09:35:00,6853.0,6859.5,6852.25,6857.75,20865
2025-12-09 09:40:00,6857.75,6860.5,6853.25,6856.0,21798
2025-12-09 09:45:00,6856.0,6860.25,6853.5,6859.75,16452
2025-12-09 09:50:00,6859.75,6863.25,6858.5,6863.25,15841
2025-12-09 09:55:00,6863.25,6864.5,6860.0,6863.0,10852
2025-12-09 10:00:00,6863.25,6868.5,6860.75,6864.75,18262
2025-12-09 10:05:00,6864.5,6865.5,6858.5,6861.75,15449
2025-12-09 10:10:00,6861.75,6863.75,6860.25,6861.0,11000
2025-12-09 10:15:00,6861.0,6863.5,6858.5,6860.25,10217
2025-12-09 10:20:00,6860.5,6861.5,6857.75,6860.25,9224
2025-12-09 10:25:00,6860.5,6862.0,6856.25,6861.0,14631
2025-12-09 10:30:00,6861.0,6864.25,6858.75,6861.0,11447
2025-12-09 10:35:00,6860.75,6861.0,6857.25,6859.25,9040
2025-12-09 10:40:00,6859.0,6863.75,6857.5,6863.5,8634
2025-12-09 10:45:00,6863.75,6864.0,6854.5,6857.75,16748
2025-12-09 10:50:00,6857.75,6863.0,6857.0,6861.75,9596
2025-12-09 10:55:00,6861.75,6864.75,6861.5,6864.0,8577
2025-12-09 11:00:00,6863.75,6867.25,6863.25,6865.25,12013
2025-12-09 11:05:00,6865.25,6867.25,6863.75,6866.0,7544
2025-12-09 11:10:00,6866.0,6868.0,6865.5,6867.5,6971
2025-12-09 11:15:00,6867.5,6872.25,6867.25,6872.0,13566
2025-12-09 11:20:00,6872.0,6872.25,6869.25,6871.0,7958
2025-12-09 11:25:00,6871.25,6871.25,6866.5,6867.0,7846
2025-12-09 11:30:00,6866.75,6871.5,6866.5,6871.5,10256
2025-12-09 11:35:00,6871.5,6872.75,6868.25,6869.25,9945
2025-12-09 11:40:00,6869.25,6869.25,6864.0,6865.25,10250
2025-12-09 11:45:00,6865.0,6869.75,6864.75,6868.25,7815
2025-12-09 11:50:00,6868.0,6871.75,6868.0,6871.5,7588
2025-12-09 11:55:00,6871.75,6872.0,6868.5,6868.75,6391
2025-12-09 12:00:00,6868.5,6871.0,6867.0,6870.5,7613
2025-12-09 12:05:00,6870.5,6872.5,6869.0,6870.0,5717
2025-12-09 12:10:00,6869.75,6870.25,6867.75,6868.5,5466
2025-12-09 12:15:00,6868.75,6868.75,6865.0,6865.5,6961
2025-12-09 12:20:00,6865.25,6865.75,6861.5,6865.25,11047
2025-12-09 12:25:00,6865.25,6867.25,6864.5,6865.5,6903
2025-12-09 12:30:00,6865.5,6867.5,6861.75,6862.0,9226
2025-12-09 12:35:00,6862.0,6863.5,6859.0,6860.5,12603
2025-12-09 12:40:00,6860.75,6861.75,6857.75,6859.75,8799
2025-12-09 12:45:00,6859.5,6859.75,6855.5,6856.25,9068
2025-12-09 12:50:00,6856.0,6858.75,6855.0,6858.5,8939
2025-12-09 12:55:00,6858.25,6862.0,6858.25,6861.75,8121
2025-12-09 13:00:00,6861.5,6863.75,6859.75,6862.5,6900
2025-12-09 13:05:00,6862.5,6862.75,6858.5,6859.0,6581
2025-12-09 13:10:00,6859.0,6861.5,6857.75,6861.5,6716
2025-12-09 13:15:00,6861.5,6864.0,6860.25,6862.5,6616
2025-12-09 13:20:00,6862.75,6863.0,6860.5,6862.5,5340
2025-12-09 13:25:00,6862.5,6862.75,6860.0,6861.25,5417
2025-12-09 13:30:00,6861.5,6862.5,6859.75,6859.75,5596
2025-12-09 13:35:00,6859.75,6860.0,6856.25,6857.5,7420
2025-12-09 13:40:00,6857.5,6858.25,6855.5,6855.5,7777
2025-12-09 13:45:00,6855.5,6858.75,6852.5,6858.25,14449
2025-12-09 13:50:00,6858.25,6862.25,6857.0,6861.0,9192
2025-12-09 13:55:00,6861.25,6862.25,6859.25,6859.5,7589
2025-12-09 14:00:00,6859.5,6860.25,6857.25,6858.0,8138
2025-12-09 14:05:00,6858.25,6859.25,6856.0,6857.0,7667
2025-12-09 14:10:00,6857.0,6858.0,6855.0,6856.75,6750
2025-12-09 14:15:00,6856.75,6859.0,6856.0,6857.25,5621
2025-12-09 14:20:00,6857.25,6858.25,6856.0,6856.25,3907
2025-12-09 14:25:00,6856.25,6857.75,6855.75,6856.0,3969
2025-12-09 14:30:00,6856.25,6856.75,6855.0,6855.25,6257
2025-12-09 14:35:00,6855.0,6856.5,6853.0,6855.25,6484
2025-12-09 14:40:00,6855.25,6855.75,6850.75,6852.75,6609
2025-12-09 14:45:00,6852.5,6854.25,6852.0,6853.5,5053
2025-12-09 14:50:00,6853.75,6856.75,6853.75,6856.25,6529
2025-12-09 14:55:00,6856.0,6857.0,6854.75,6855.25,6020
2025-12-09 15:00:00,6855.0,6855.75,6854.0,6855.5,4942
2025-12-09 15:05:00,6855.75,6857.5,6854.25,6856.0,6461
2025-12-09 15:10:00,6856.0,6856.5,6853.75,6853.75,5350
2025-12-09 15:15:00,6854.0,6854.75,6852.5,6854.25,5990
2025-12-09 15:20:00,6854.0,6855.5,6852.75,6852.75,5225
2025-12-09 15:25:00,6852.75,6853.75,6851.5,6851.75,6407
2025-12-09 15:30:00,6851.75,6853.0,6849.25,6849.75,11108
2025-12-09 15:35:00,6849.75,6852.75,6849.0,6852.0,7589
2025-12-09 15:40:00,6852.0,6853.5,6850.5,6852.25,7367
2025-12-09 15:45:00,6852.25,6853.0,6850.0,6852.5,7351
2025-12-09 15:50:00,6852.5,6854.75,6846.75,6847.5,21476
2025-12-09 15:55:00,6847.5,6850.0,6844.5,6849.5,52463
2025-12-09 16:00:00,6849.25,6850.0,6845.75,6847.5,14546
2025-12-09 16:05:00,6847.5,6848.5,6846.25,6847.0,3848
2025-12-09 16:10:00,6847.25,6847.75,6845.25,6846.75,3418
2025-12-09 16:15:00,6846.75,6846.75,6844.5,6845.5,1494
2025-12-09 16:20:00,6845.25,6846.75,6845.0,6845.75,1624
2025-12-09 16:25:00,6845.75,6845.75,6844.0,6845.5,1550
2025-12-09 16:30:00,6845.5,6846.0,6845.0,6845.5,784
2025-12-09 16:35:00,6845.5,6846.25,6845.0,6845.75,769
2025-12-09 16:40:00,6845.75,6847.25,6845.75,6845.75,1109
2025-12-09 16:45:00,6845.75,6846.5,6845.5,6846.25,779
2025-12-09 16:50:00,6846.25,6847.0,6845.5,6845.75,842
2025-12-09 16:55:00,6845.75,6847.75,6845.75,6846.25,996
2025-12-09 18:00:00,6847.25,6849.0,6847.0,6848.5,0
2025-12-09 18:05:00,6848.25,6849.0,6847.25,6847.75,854
2025-12-09 18:10:00,6848.0,6848.25,6847.0,6847.75,392
2025-12-09 18:15:00,6847.75,6848.0,6846.5,6847.5,715
2025-12-09 18:20:00,6847.5,6847.75,6846.75,6846.75,596
2025-12-09 18:25:00,6846.75,6848.0,6846.75,6847.75,537
2025-12-09 18:30:00,6847.75,6848.0,6847.25,6847.5,326
2025-12-09 18:35:00,6847.25,6847.5,6847.0,6847.5,227
2025-12-09 18:40:00,6847.5,6847.75,6847.25,6847.75,156
2025-12-09 18:45:00,6847.75,6847.75,6847.25,6847.75,255
2025-12-09 18:50:00,6848.0,6848.25,6846.25,6847.0,511
2025-12-09 18:55:00,6847.0,6847.0,6846.5,6846.5,148
2025-12-09 19:00:00,6846.5,6847.5,6846.0,6847.5,487
2025-12-09 19:05:00,6847.75,6850.0,6847.5,6849.75,685
2025-12-09 19:10:00,6849.5,6851.0,6849.0,6849.0,638
2025-12-09 19:15:00,6849.0,6849.5,6846.5,6846.5,563
2025-12-09 19:20:00,6846.5,6847.25,6845.25,6845.75,865
2025-12-09 19:25:00,6846.0,6847.5,6846.0,6847.25,332
2025-12-09 19:30:00,6847.5,6848.0,6847.25,6847.75,276
2025-12-09 19:35:00,6847.75,6848.0,6847.25,6847.5,179
2025-12-09 19:40:00,6847.25,6847.25,6846.75,6847.0,238
2025-12-09 19:45:00,6847.0,6847.0,6844.75,6845.25,595
2025-12-09 19:50:00,6845.25,6845.75,6844.5,6845.0,396
2025-12-09 19:55:00,6844.75,6845.5,6843.25,6843.25,716
2025-12-09 20:00:00,6843.25,6846.0,6843.25,6845.5,645
2025-12-09 20:05:00,6845.75,6845.75,6842.25,6842.75,701
2025-12-09 20:10:00,6843.0,6844.25,6842.25,6843.25,571
2025-12-09 20:15:00,6843.5,6844.0,6842.25,6843.5,596
2025-12-09 20:20:00,6843.25,6844.0,6842.75,6843.0,436
2025-12-09 20:25:00,6842.75,6844.25,6842.25,6844.0,375
2025-12-09 20:30:00,6844.25,6845.25,6842.5,6842.75,628
2025-12-09 20:35:00,6842.75,6844.75,6842.75,6844.25,370
2025-12-09 20:40:00,6844.25,6844.5,6843.5,6844.5,290
2025-12-09 20:45:00,6844.5,6845.25,6844.25,6844.5,458
2025-12-09 20:50:00,6844.25,6844.25,6843.5,6843.75,378
2025-12-09 20:55:00,6843.75,6844.25,6843.0,6843.75,298
2025-12-09 21:00:00,6843.75,6845.25,6843.75,6844.5,433
2025-12-09 21:05:00,6844.75,6845.75,6844.25,6845.25,295
2025-12-09 21:10:00,6845.5,6845.75,6845.0,6845.75,220
2025-12-09 21:15:00,6845.5,6847.25,6845.0,6847.0,381
2025-12-09 21:20:00,6847.0,6848.0,6847.0,6847.5,360
2025-12-09 21:25:00,6847.5,6848.0,6846.75,6847.0,255
2025-12-09 21:30:00,6847.0,6847.75,6846.75,6847.5,362
2025-12-09 21:35:00,6847.5,6848.5,6847.0,6847.25,378
2025-12-09 21:40:00,6847.25,6847.25,6846.5,6846.5,213
2025-12-09 21:45:00,6846.5,6847.25,6846.25,6847.0,219
2025-12-09 21:50:00,6847.0,6848.25,6846.75,6847.25,344
2025-12-09 21:55:00,6847.25,6847.5,6846.75,6847.5,173
2025-12-09 22:00:00,6847.25,6848.75,6847.25,6848.25,368
2025-12-09 22:05:00,6848.25,6849.0,6847.5,6848.75,281
2025-12-09 22:10:00,6849.0,6849.25,6847.75,6847.75,221
2025-12-09 22:15:00,6847.75,6847.75,6846.0,6846.0,318
2025-12-09 22:20:00,6846.0,6846.75,6846.0,6846.5,143
2025-12-09 22:25:00,6846.25,6846.5,6845.25,6845.75,264
2025-12-09 22:30:00,6845.5,6846.0,6845.0,6845.5,226
2025-12-09 22:35:00,6845.25,6846.75,6845.25,6846.5,214
2025-12-09 22:40:00,6846.25,6847.0,6846.0,6846.0,270
2025-12-09 22:45:00,6846.0,6846.25,6845.25,6845.5,163
2025-12-09 22:50:00,6845.5,6845.5,6845.25,6845.25,141
2025-12-09 22:55:00,6845.5,6847.25,6845.5,6847.25,267
2025-12-09 23:00:00,6847.25,6849.25,6847.25,6849.0,431
2025-12-09 23:05:00,6849.0,6849.75,6848.75,6849.5,516
2025-12-09 23:10:00,6849.5,6850.25,6849.25,6849.5,520
2025-12-09 23:15:00,6849.25,6849.5,6848.25,6849.25,449
2025-12-09 23:20:00,6849.0,6849.25,6848.25,6849.0,225
2025-12-09 23:25:00,6849.0,6849.5,6848.75,6849.5,197
2025-12-09 23:30:00,6849.75,6852.5,6849.75,6852.25,834
2025-12-09 23:35:00,6852.25,6854.25,6852.0,6853.0,574
2025-12-09 23:40:00,6852.75,6853.0,6850.75,6851.0,319
2025-12-09 23:45:00,6851.0,6852.25,6850.75,6851.5,188
2025-12-09 23:50:00,6851.5,6852.0,6851.0,6851.75,136
2025-12-09 23:55:00,6851.75,6851.75,6851.25,6851.25,100
2025-12-10 00:05:00,6847.75,6847.75,6846.75,6847.25,1198
2025-12-10 00:10:00,6847.25,6847.75,6845.75,6847.0,433
2025-12-10 00:15:00,6846.75,6847.75,6846.75,6847.0,272
2025-12-10 00:20:00,6847.0,6847.5,6846.5,6847.0,223
2025-12-10 00:25:00,6847.0,6848.25,6846.5,6847.5,208
2025-12-10 00:30:00,6847.5,6848.5,6847.0,6848.5,257
2025-12-10 00:35:00,6848.5,6849.0,6847.25,6847.75,215
2025-12-10 00:40:00,6847.75,6848.5,6847.25,6848.5,212
2025-12-10 00:45:00,6848.25,6848.75,6848.25,6848.25,182
2025-12-10 00:50:00,6848.25,6848.5,6847.75,6848.0,108
2025-12-10 00:55:00,6848.0,6848.5,6847.75,6848.0,87
2025-12-10 01:00:00,6848.0,6849.0,6848.0,6848.75,242
2025-12-10 01:05:00,6849.0,6851.75,6849.0,6851.0,351
2025-12-10 01:10:00,6851.25,6852.75,6851.0,6852.0,719
2025-12-10 01:15:00,6852.0,6852.25,6851.25,6851.25,238
2025-12-10 01:20:00,6851.5,6851.75,6850.5,6851.25,216
2025-12-10 01:25:00,6851.0,6851.75,6851.0,6851.25,171
2025-12-10 01:30:00,6851.5,6853.0,6851.5,6852.5,425
2025-12-10 01:35:00,6852.5,6853.0,6852.0,6852.5,342
2025-12-10 01:40:00,6852.5,6853.0,6850.75,6851.5,477
2025-12-10 01:45:00,6851.25,6851.75,6850.25,6851.0,180
2025-12-10 01:50:00,6851.0,6851.5,6851.0,6851.0,128
2025-12-10 01:55:00,6850.75,6851.75,6850.75,6851.75,153
2025-12-10 02:00:00,6851.5,6851.5,6850.0,6851.25,304
2025-12-10 02:05:00,6851.0,6852.25,6851.0,6851.5,297
2025-12-10 02:10:00,6851.25,6852.0,6850.5,6851.75,266
2025-12-10 02:15:00,6851.75,6852.25,6851.5,6852.0,204
2025-12-10 02:20:00,6852.0,6853.5,6851.75,6853.0,286
2025-12-10 02:25:00,6853.25,6853.75,6852.75,6853.0,237
2025-12-10 02:30:00,6853.0,6855.0,6852.5,6854.5,770
2025-12-10 02:35:00,6854.5,6854.75,6854.0,6854.75,550
2025-12-10 02:40:00,6854.75,6855.75,6854.25,6855.5,581
2025-12-10 02:45:00,6855.5,6856.0,6854.5,6855.75,338
2025-12-10 02:50:00,6855.75,6855.75,6854.25,6854.5,287
2025-12-10 02:55:00,6854.75,6856.0,6854.0,6855.25,443
2025-12-10 03:00:00,6855.25,6856.25,6854.0,6854.25,1772
2025-12-10 03:05:00,6854.25,6858.75,6854.0,6858.25,1653
2025-12-10 03:10:00,6858.25,6859.25,6855.75,6856.75,886
2025-12-10 03:15:00,6856.75,6858.75,6856.25,6857.75,692
2025-12-10 03:20:00,6857.75,6859.25,6857.0,6857.75,883
2025-12-10 03:25:00,6857.75,6857.75,6856.0,6856.25,854
2025-12-10 03:30:00,6856.75,6857.0,6853.25,6854.5,895
2025-12-10 03:35:00,6854.5,6857.0,6854.0,6856.5,889
2025-12-10 03:40:00,6856.25,6858.0,6854.25,6854.25,669
2025-12-10 03:45:00,6854.5,6856.25,6852.25,6854.75,1399
2025-12-10 03:50:00,6854.75,6855.0,6851.75,6852.0,672
2025-12-10 03:55:00,6852.0,6855.5,6852.0,6854.5,939
2025-12-10 04:00:00,6854.5,6856.0,6853.5,6855.25,991
2025-12-10 04:05:00,6855.25,6857.25,6855.25,6856.75,593
2025-12-10 04:10:00,6856.75,6857.5,6853.5,6853.75,1063
2025-12-10 04:15:00,6853.5,6853.75,6850.25,6852.0,1148
2025-12-10 04:20:00,6852.25,6853.25,6851.25,6851.25,750
2025-12-10 04:25:00,6851.5,6852.75,6851.0,6852.5,372
2025-12-10 04:30:00,6852.75,6853.25,6851.75,6851.75,467
2025-12-10 04:35:00,6851.75,6852.5,6851.25,6851.5,511
2025-12-10 04:40:00,6851.75,6853.0,6851.75,6852.25,512
2025-12-10 04:45:00,6852.25,6854.75,6852.0,6853.75,415
2025-12-10 04:50:00,6853.75,6854.75,6853.75,6853.75,384
2025-12-10 04:55:00,6853.5,6854.0,6852.25,6852.5,735
2025-12-10 05:00:00,6852.25,6857.75,6852.0,6854.5,4912
2025-12-10 05:05:00,6854.5,6854.5,6849.75,6851.25,1405
2025-12-10 05:10:00,6851.0,6852.0,6849.75,6851.75,688
2025-12-10 05:15:00,6851.5,6852.5,6851.25,6852.0,570
2025-12-10 05:20:00,6851.75,6852.0,6845.5,6845.75,1259
2025-12-10 05:25:00,6845.75,6845.75,6837.25,6837.5,4384
2025-12-10 05:30:00,6837.5,6840.5,6834.25,6840.25,3789
2025-12-10 05:35:00,6840.25,6842.0,6839.75,6841.5,966
2025-12-10 05:40:00,6841.5,6843.25,6840.75,6841.75,895
2025-12-10 05:45:00,6841.75,6842.0,6840.5,6842.0,797
2025-12-10 05:50:00,6842.25,6843.25,6841.5,6842.25,502
2025-12-10 05:55:00,6842.5,6844.75,6840.75,6840.75,1071
2025-12-10 06:00:00,6840.75,6850.0,6839.0,6841.75,6467
2025-12-10 06:05:00,6842.0,6845.0,6841.75,6843.75,1035
2025-12-10 06:10:00,6844.0,6845.75,6843.0,6845.25,842
2025-12-10 06:15:00,6845.0,6846.5,6844.25,6844.5,470
2025-12-10 06:20:00,6844.25,6845.0,6843.25,6844.25,471
2025-12-10 06:25:00,6844.25,6845.5,6844.0,6844.5,358
2025-12-10 06:30:00,6844.25,6845.25,6842.75,6845.0,948
2025-12-10 06:35:00,6845.25,6845.75,6843.75,6844.0,589
2025-12-10 06:40:00,6843.75,6845.0,6842.75,6843.0,456
2025-12-10 06:45:00,6842.75,6843.75,6842.5,6843.5,474
2025-12-10 06:50:00,6843.5,6846.25,6843.0,6845.5,695
2025-12-10 06:55:00,6845.25,6846.0,6844.75,6845.25,840
2025-12-10 07:00:00,6845.0,6845.75,6841.0,6841.0,1797
2025-12-10 07:05:00,6840.75,6842.75,6839.5,6842.0,874
2025-12-10 07:10:00,6841.75,6842.0,6840.5,6841.5,535
2025-12-10 07:15:00,6841.75,6842.0,6840.0,6840.0,638
2025-12-10 07:20:00,6839.75,6841.0,6839.25,6839.75,978
2025-12-10 07:25:00,6840.0,6842.25,6839.75,6841.75,991
2025-12-10 07:30:00,6841.75,6843.25,6841.25,6841.75,790
2025-12-10 07:35:00,6841.5,6842.0,6839.25,6839.5,739
2025-12-10 07:40:00,6839.5,6840.75,6838.25,6839.75,500
2025-12-10 07:45:00,6839.75,6840.75,6839.0,6840.5,412
2025-12-10 07:50:00,6840.25,6841.0,6839.75,6841.0,571
2025-12-10 07:55:00,6841.0,6843.5,6841.0,6843.0,641
2025-12-10 08:00:00,6843.25,6843.75,6842.5,6842.5,822
2025-12-10 08:05:00,6842.5,6843.5,6841.5,6843.5,914
2025-12-10 08:10:00,6843.5,6846.0,6843.0,6845.75,1069
2025-12-10 08:15:00,6845.75,6847.0,6845.0,6846.5,1058
2025-12-10 08:20:00,6846.75,6854.0,6846.75,6853.75,2932
2025-12-10 08:25:00,6853.75,6856.25,6851.5,6854.25,3581
2025-12-10 08:30:00,6854.25,6856.0,6848.25,6849.5,3295
2025-12-10 08:35:00,6849.5,6851.0,6848.25,6849.5,1905
2025-12-10 08:40:00,6849.5,6850.25,6848.5,6848.75,942
2025-12-10 08:45:00,6849.0,6849.75,6846.5,6848.0,1756
2025-12-10 08:50:00,6847.75,6849.0,6847.5,6848.75,1389
2025-12-10 08:55:00,6848.5,6849.0,6846.5,6846.75,2168
2025-12-10 09:00:00,6847.0,6848.25,6843.75,6845.0,4099
2025-12-10 09:05:00,6845.25,6845.75,6842.5,6844.0,1825
2025-12-10 09:10:00,6844.0,6845.25,6843.0,6843.5,1356
2025-12-10 09:15:00,6843.5,6844.5,6840.0,6841.25,2633
2025-12-10 09:20:00,6841.25,6844.0,6841.0,6843.25,2101
2025-12-10 09:25:00,6843.5,6844.75,6841.5,6843.25,6242
2025-12-10 09:30:00,6843.5,6845.5,6838.25,6839.0,25192
2025-12-10 09:35:00,6839.0,6843.5,6830.75,6840.5,30125
2025-12-10 09:40:00,6840.75,6848.5,6838.0,6844.25,19738
2025-12-10 09:45:00,6844.25,6851.0,6844.25,6846.5,17406
2025-12-10 09:50:00,6846.5,6851.0,6843.0,6846.75,18731
2025-12-10 09:55:00,6846.75,6850.25,6840.75,6849.0,20668
2025-12-10 10:00:00,6849.0,6849.5,6845.0,6846.75,13592
2025-12-10 10:05:00,6846.75,6851.5,6846.0,6848.5,13494
2025-12-10 10:10:00,6848.5,6852.0,6847.5,6848.0,11976
2025-12-10 10:15:00,6848.0,6852.5,6846.5,6850.75,11059
2025-12-10 10:20:00,6850.75,6852.0,6847.5,6849.75,9923
2025-12-10 10:25:00,6850.0,6850.0,6845.5,6847.5,9164
2025-12-10 10:30:00,6847.5,6848.25,6841.25,6842.5,15333
2025-12-10 10:35:00,6842.0,6842.75,6834.5,6838.0,20596
2025-12-10 10:40:00,6837.75,6844.0,6834.25,6841.25,18566
2025-12-10 10:45:00,6841.5,6849.5,6839.75,6849.0,14819
2025-12-10 10:50:00,6849.0,6850.0,6840.5,6840.75,14487
2025-12-10 10:55:00,6841.0,6842.75,6838.0,6840.25,15692
2025-12-10 11:00:00,6840.0,6840.5,6832.25,6836.75,17426
2025-12-10 11:05:00,6836.75,6844.0,6836.5,6842.5,11736
2025-12-10 11:10:00,6842.5,6849.0,6840.75,6848.75,13569
2025-12-10 11:15:00,6849.0,6854.25,6847.75,6854.25,15917
2025-12-10 11:20:00,6854.0,6855.5,6851.0,6854.0,12960
2025-12-10 11:25:00,6853.75,6856.5,6851.5,6855.25,13242
2025-12-10 11:30:00,6855.0,6856.0,6853.25,6856.0,11340
2025-12-10 11:35:00,6856.0,6856.25,6853.0,6855.0,7373
2025-12-10 11:40:00,6854.75,6854.75,6849.5,6850.5,9220
2025-12-10 11:45:00,6850.5,6853.0,6847.75,6852.75,9119
2025-12-10 11:50:00,6852.75,6854.75,6851.0,6854.0,6321
2025-12-10 11:55:00,6854.0,6855.0,6852.25,6853.75,6345
2025-12-10 12:00:00,6853.5,6854.75,6852.0,6852.0,7206
2025-12-10 12:05:00,6852.0,6853.0,6850.5,6850.75,5823
2025-12-10 12:10:00,6850.75,6852.0,6848.5,6850.5,6956
2025-12-10 12:15:00,6850.25,6852.0,6848.75,6849.25,5743
2025-12-10 12:20:00,6849.0,6851.25,6847.25,6851.0,7540
2025-12-10 12:25:00,6851.0,6852.25,6848.5,6849.25,6379
2025-12-10 12:30:00,6849.25,6850.5,6848.0,6850.25,5541
2025-12-10 12:35:00,6850.0,6853.25,6849.0,6849.0,5022
2025-12-10 12:40:00,6849.0,6850.5,6847.0,6848.5,5119
2025-12-10 12:45:00,6848.5,6852.5,6848.0,6852.0,5002
2025-12-10 12:50:00,6852.0,6857.5,6851.75,6857.0,7212
2025-12-10 12:55:00,6856.75,6860.0,6855.25,6856.25,10701
2025-12-10 13:00:00,6856.25,6857.25,6854.25,6855.5,8539
2025-12-10 13:05:00,6855.5,6858.5,6854.75,6857.75,6461
2025-12-10 13:10:00,6857.75,6857.75,6855.75,6856.25,4511
2025-12-10 13:15:00,6856.25,6857.25,6853.75,6854.25,5438
2025-12-10 13:20:00,6854.25,6854.5,6849.75,6850.0,6599
2025-12-10 13:25:00,6850.0,6850.0,6844.75,6846.75,11527
2025-12-10 13:30:00,6846.5,6849.5,6844.5,6847.75,9787
2025-12-10 13:35:00,6847.75,6851.5,6847.0,6849.5,5602
2025-12-10 13:40:00,6849.5,6849.75,6844.5,6844.5,11053
2025-12-10 13:45:00,6844.5,6848.75,6843.5,6848.5,7649
2025-12-10 13:50:00,6848.25,6848.25,6844.75,6845.5,4479
2025-12-10 13:55:00,6845.5,6847.0,6842.25,6846.25,5191
2025-12-10 14:00:00,6846.0,6870.25,6844.75,6857.0,34406
2025-12-10 14:05:00,6856.75,6874.75,6855.5,6870.75,31211
2025-12-10 14:10:00,6870.75,6875.25,6863.75,6865.5,23013
2025-12-10 14:15:00,6865.25,6873.75,6864.0,6868.25,18547
2025-12-10 14:20:00,6868.5,6868.75,6857.0,6857.75,17315
2025-12-10 14:25:00,6857.75,6861.75,6850.0,6860.0,18749
2025-12-10 14:30:00,6859.75,6880.75,6858.25,6877.75,26967
2025-12-10 14:35:00,6877.75,6886.75,6866.5,6878.25,42035
2025-12-10 14:40:00,6878.0,6880.5,6850.5,6861.25,39537
2025-12-10 14:45:00,6861.0,6876.5,6860.0,6870.25,21049
2025-12-10 14:50:00,6870.25,6893.0,6867.75,6888.5,25305
2025-12-10 14:55:00,6888.25,6898.5,6888.0,6896.75,25625
2025-12-10 15:00:00,6896.75,6902.5,6888.75,6900.25,27280
2025-12-10 15:05:00,6900.5,6903.0,6895.25,6901.25,18076
2025-12-10 15:10:00,6901.25,6904.25,6897.25,6903.0,14031
2025-12-10 15:15:00,6903.0,6904.25,6898.0,6900.75,14331
2025-12-10 15:20:00,6900.75,6906.75,6896.75,6898.0,17033
2025-12-10 15:25:00,6898.0,6903.75,6896.25,6899.5,13896
2025-12-10 15:30:00,6899.25,6908.0,6897.75,6905.25,14826
2025-12-10 15:35:00,6905.0,6907.25,6903.0,6904.75,13438
2025-12-10 15:40:00,6904.75,6906.25,6899.75,6901.75,14363
2025-12-10 15:45:00,6901.5,6905.0,6898.75,6901.0,14911
2025-12-10 15:50:00,6901.0,6902.75,6895.0,6898.75,26581
2025-12-10 15:55:00,6898.75,6900.25,6889.5,6892.0,78632
2025-12-10 16:00:00,6892.0,6894.25,6890.25,6891.5,19526
2025-12-10 16:05:00,6891.75,6895.25,6885.0,6888.25,11060
2025-12-10 16:10:00,6888.25,6891.75,6887.75,6891.25,5267
2025-12-10 16:15:00,6891.25,6893.75,6889.5,6889.5,2774
2025-12-10 16:20:00,6889.5,6891.25,6888.5,6890.75,1534
2025-12-10 16:25:00,6890.75,6892.75,6890.75,6892.25,1106
2025-12-10 16:30:00,6892.0,6892.0,6890.25,6892.0,1408
2025-12-10 16:35:00,6892.0,6892.5,6891.5,6891.75,899
2025-12-10 16:40:00,6891.5,6893.5,6891.25,6893.25,1129
2025-12-10 16:45:00,6893.25,6896.0,6891.5,6892.25,1520
2025-12-10 16:50:00,6892.25,6894.5,6892.25,6894.5,878
2025-12-10 16:55:00,6894.5,6894.5,6892.75,6893.25,2066
2025-12-10 18:00:00,6887.0,6891.25,6886.75,6886.75,0
2025-12-10 18:05:00,6886.75,6889.75,6886.75,6888.25,727
2025-12-10 18:10:00,6888.25,6888.5,6884.25,6885.0,1033
2025-12-10 18:15:00,6884.75,6884.75,6880.5,6881.75,1699
2025-12-10 18:20:00,6881.75,6883.0,6881.25,6881.5,1132
2025-12-10 18:25:00,6881.75,6882.75,6881.0,6881.75,694
2025-12-10 18:30:00,6881.5,6882.5,6881.25,6882.25,531
2025-12-10 18:35:00,6882.5,6882.5,6881.0,6882.0,634
2025-12-10 18:40:00,6881.75,6882.25,6881.0,6881.5,339
2025-12-10 18:45:00,6881.5,6883.5,6881.0,6882.5,643
2025-12-10 18:50:00,6882.5,6883.5,6882.0,6883.0,434
2025-12-10 18:55:00,6883.0,6884.25,6882.75,6882.75,483
2025-12-10 19:00:00,6882.75,6883.0,6878.0,6878.75,1570
2025-12-10 19:05:00,6878.75,6880.25,6878.25,6878.25,849
2025-12-10 19:10:00,6878.75,6881.25,6878.0,6881.0,622
2025-12-10 19:15:00,6881.0,6882.25,6879.75,6880.25,771
2025-12-10 19:20:00,6880.25,6881.5,6879.5,6880.5,477
2025-12-10 19:25:00,6880.5,6882.5,6880.5,6881.5,764
2025-12-10 19:30:00,6881.25,6881.25,6878.5,6879.5,819
2025-12-10 19:35:00,6879.25,6880.0,6877.0,6877.25,711
2025-12-10 19:40:00,6877.25,6878.25,6876.0,6876.75,560
2025-12-10 19:45:00,6876.75,6877.0,6873.25,6873.5,972
2025-12-10 19:50:00,6873.25,6874.25,6871.75,6874.25,950
2025-12-10 19:55:00,6874.25,6875.5,6873.75,6874.5,613
2025-12-10 20:00:00,6874.5,6874.5,6871.5,6872.75,1203
2025-12-10 20:05:00,6872.75,6874.75,6872.25,6874.5,848
2025-12-10 20:10:00,6874.5,6874.5,6873.0,6873.5,546
2025-12-10 20:15:00,6873.75,6875.25,6873.5,6874.25,737
2025-12-10 20:20:00,6874.25,6874.25,6872.25,6874.0,763
2025-12-10 20:25:00,6874.25,6874.5,6873.75,6874.0,516
2025-12-10 20:30:00,6874.0,6875.25,6873.25,6873.75,573
2025-12-10 20:35:00,6873.75,6874.0,6873.25,6873.5,409
2025-12-10 20:40:00,6873.5,6874.0,6872.75,6872.75,439
2025-12-10 20:45:00,6872.75,6873.0,6871.25,6871.25,484
2025-12-10 20:50:00,6871.25,6871.75,6869.5,6870.0,1214
2025-12-10 20:55:00,6870.0,6870.25,6868.75,6869.75,803
2025-12-10 21:00:00,6869.75,6869.75,6865.5,6865.75,1177
2025-12-10 21:05:00,6865.5,6866.5,6863.25,6864.0,1192
2025-12-10 21:10:00,6863.75,6864.75,6862.5,6864.5,1131
2025-12-10 21:15:00,6864.5,6865.75,6861.5,6863.75,1509
2025-12-10 21:20:00,6863.75,6865.5,6862.5,6864.0,707
2025-12-10 21:25:00,6863.75,6864.0,6858.75,6859.75,1629
2025-12-10 21:30:00,6859.75,6860.5,6855.0,6856.0,1945
2025-12-10 21:35:00,6856.25,6858.0,6852.25,6854.75,2224
2025-12-10 21:40:00,6854.75,6857.0,6853.25,6856.0,1404
2025-12-10 21:45:00,6856.25,6856.5,6851.0,6851.5,1613
2025-12-10 21:50:00,6851.5,6851.75,6847.0,6850.75,2683
2025-12-10 21:55:00,6850.5,6852.0,6849.25,6851.5,1353
2025-12-10 22:00:00,6851.25,6851.5,6835.0,6836.0,8589
2025-12-10 22:05:00,6835.75,6838.75,6817.5,6821.0,10652
2025-12-10 22:10:00,6821.0,6831.75,6819.5,6829.5,5981
2025-12-10 22:15:00,6829.5,6833.25,6827.75,6832.25,2775
2025-12-10 22:20:00,6832.5,6836.0,6830.0,6835.25,1881
2025-12-10 22:25:00,6835.25,6835.75,6833.0,6834.0,1288
2025-12-10 22:30:00,6834.0,6835.0,6827.25,6827.75,2473
2025-12-10 22:35:00,6827.5,6832.75,6826.25,6831.25,1878
2025-12-10 22:40:00,6831.25,6833.75,6830.5,6833.25,896
2025-12-10 22:45:00,6833.25,6837.0,6831.25,6836.0,1496
2025-12-10 22:50:00,6835.75,6837.0,6832.75,6833.0,1015
2025-12-10 22:55:00,6832.75,6835.25,6831.25,6834.75,1012
2025-12-10 23:00:00,6835.0,6835.5,6832.5,6834.0,622
2025-12-10 23:05:00,6834.25,6838.0,6834.25,6836.75,996
2025-12-10 23:10:00,6837.0,6841.5,6837.0,6838.25,1667
2025-12-10 23:15:00,6838.25,6840.0,6837.75,6838.5,857
2025-12-10 23:20:00,6838.5,6839.0,6834.0,6836.0,1183
2025-12-10 23:25:00,6836.0,6836.5,6834.75,6836.0,432
2025-12-10 23:30:00,6836.0,6836.25,6834.5,6835.75,321
2025-12-10 23:35:00,6835.75,6838.0,6833.5,6838.0,563
2025-12-10 23:40:00,6837.75,6839.75,6837.25,6837.5,375
2025-12-10 23:45:00,6837.75,6838.75,6836.0,6837.75,502
2025-12-10 23:50:00,6838.0,6839.75,6837.25,6837.75,667
2025-12-10 23:55:00,6837.75,6837.75,6836.75,6837.25,251
2025-12-11 00:05:00,6834.75,6835.0,6834.25,6834.5,1560
2025-12-11 00:10:00,6834.75,6835.5,6833.5,6833.75,630
2025-12-11 00:15:00,6833.75,6835.5,6833.25,6834.5,678
2025-12-11 00:20:00,6834.5,6834.5,6831.75,6833.0,812
2025-12-11 00:25:00,6832.75,6833.5,6830.5,6830.75,752
2025-12-11 00:30:00,6830.75,6831.75,6829.5,6830.0,610
2025-12-11 00:35:00,6830.25,6833.0,6829.75,6832.5,424
2025-12-11 00:40:00,6832.5,6833.0,6831.0,6831.25,374
2025-12-11 00:45:00,6831.25,6834.25,6831.0,6834.25,537
2025-12-11 00:50:00,6834.25,6837.5,6834.25,6836.5,874
2025-12-11 00:55:00,6836.5,6836.75,6835.75,6836.0,367
2025-12-11 01:00:00,6836.0,6838.0,6834.75,6835.25,630
2025-12-11 01:05:00,6834.75,6835.0,6832.75,6834.0,711
2025-12-11 01:10:00,6834.0,6834.75,6833.0,6834.25,366
2025-12-11 01:15:00,6834.25,6834.75,6831.0,6831.25,579
2025-12-11 01:20:00,6831.25,6831.25,6829.25,6830.25,547
2025-12-11 01:25:00,6830.5,6831.25,6828.25,6828.75,579
2025-12-11 01:30:00,6828.75,6831.25,6828.5,6831.25,918
2025-12-11 01:35:00,6831.25,6835.5,6831.25,6835.25,1126
2025-12-11 01:40:00,6835.0,6836.5,6834.25,6836.25,585
2025-12-11 01:45:00,6836.0,6837.25,6835.25,6836.0,520
2025-12-11 01:50:00,6836.0,6836.25,6834.0,6835.0,440
2025-12-11 01:55:00,6835.0,6838.0,6834.75,6837.5,599
2025-12-11 02:00:00,6837.25,6837.75,6832.5,6832.5,764
2025-12-11 02:05:00,6832.5,6833.5,6829.25,6832.75,1031
2025-12-11 02:10:00,6832.5,6836.25,6832.0,6836.0,895
2025-12-11 02:15:00,6835.75,6837.25,6833.75,6836.25,1000
2025-12-11 02:20:00,6836.25,6836.75,6835.0,6835.5,517
2025-12-11 02:25:00,6835.5,6838.0,6835.25,6837.75,593
2025-12-11 02:30:00,6837.75,6839.0,6837.25,6838.75,870
2025-12-11 02:35:00,6839.0,6841.25,6838.75,6840.25,839
2025-12-11 02:40:00,6840.25,6840.75,6838.25,6839.25,918
2025-12-11 02:45:00,6839.25,6841.25,6838.25,6840.75,896
2025-12-11 02:50:00,6841.0,6841.0,6839.5,6840.25,538
2025-12-11 02:55:00,6840.5,6842.5,6839.25,6841.5,1474
2025-12-11 03:00:00,6841.25,6842.0,6834.25,6835.25,2556
2025-12-11 03:05:00,6835.25,6837.5,6833.25,6833.75,1665
2025-12-11 03:10:00,6833.75,6835.25,6830.75,6833.25,2613
2025-12-11 03:15:00,6833.0,6836.0,6831.25,6832.25,1261
2025-12-11 03:20:00,6832.25,6835.75,6830.0,6834.75,1984
2025-12-11 03:25:00,6834.75,6835.5,6830.75,6831.0,1803
2025-12-11 03:30:00,6831.0,6831.25,6828.75,6829.5,1742
2025-12-11 03:35:00,6829.25,6834.5,6828.5,6833.5,1359
2025-12-11 03:40:00,6833.5,6834.5,6830.75,6831.25,1480
2025-12-11 03:45:00,6830.75,6833.75,6830.0,6833.0,910
2025-12-11 03:50:00,6833.0,6841.5,6832.75,6839.0,2551
2025-12-11 03:55:00,6839.0,6842.75,6837.25,6841.75,1223
2025-12-11 04:00:00,6841.75,6842.5,6840.0,6841.75,1650
2025-12-11 04:05:00,6841.75,6845.5,6840.75,6843.75,2071
2025-12-11 04:10:00,6843.75,6846.0,6842.75,6845.5,1443
2025-12-11 04:15:00,6845.5,6847.75,6844.75,6847.25,1387
2025-12-11 04:20:00,6847.25,6851.5,6847.0,6851.0,1412
2025-12-11 04:25:00,6850.75,6851.0,6846.0,6848.25,1458
2025-12-11 04:30:00,6848.0,6850.0,6847.5,6848.25,1113
2025-12-11 04:35:00,6848.0,6853.0,6847.75,6852.75,1094
2025-12-11 04:40:00,6852.75,6853.25,6849.0,6850.25,1225
2025-12-11 04:45:00,6850.0,6854.0,6850.0,6853.5,976
2025-12-11 04:50:00,6853.5,6858.0,6852.5,6855.5,2410
2025-12-11 04:55:00,6855.25,6856.25,6854.25,6855.25,900
2025-12-11 05:00:00,6855.25,6856.5,6853.0,6853.0,1793
2025-12-11 05:05:00,6853.25,6854.0,6851.5,6852.5,859
2025-12-11 05:10:00,6852.75,6856.75,6850.75,6856.0,1219
2025-12-11 05:15:00,6856.25,6857.0,6855.25,6856.0,912
2025-12-11 05:20:00,6856.25,6856.25,6853.25,6855.0,669
2025-12-11 05:25:00,6855.25,6856.75,6854.25,6855.5,705
2025-12-11 05:30:00,6855.25,6855.75,6852.5,6853.5,1285
2025-12-11 05:35:00,6853.25,6853.5,6851.5,6852.75,887
2025-12-11 05:40:00,6852.75,6853.0,6851.5,6852.0,554
2025-12-11 05:45:00,6852.0,6854.75,6852.0,6852.75,1481
2025-12-11 05:50:00,6853.0,6854.5,6852.0,6852.75,703
2025-12-11 05:55:00,6852.5,6853.75,6851.5,6852.75,1149
2025-12-11 06:00:00,6852.5,6854.5,6851.25,6854.5,914
2025-12-11 06:05:00,6854.5,6856.25,6854.0,6856.0,1286
2025-12-11 06:10:00,6856.0,6856.75,6854.5,6855.0,1184
2025-12-11 06:15:00,6855.25,6855.75,6853.25,6854.25,750
2025-12-11 06:20:00,6854.25,6855.0,6853.5,6854.5,591
2025-12-11 06:25:00,6854.25,6855.75,6853.5,6855.0,544
2025-12-11 06:30:00,6855.0,6856.0,6853.5,6853.75,795
2025-12-11 06:35:00,6853.75,6855.75,6853.75,6855.5,854
2025-12-11 06:40:00,6855.25,6857.25,6855.25,6857.0,735
2025-12-11 06:45:00,6857.0,6860.75,6856.75,6860.75,1764
2025-12-11 06:50:00,6860.75,6862.25,6860.0,6862.0,1753
2025-12-11 06:55:00,6861.75,6864.0,6861.5,6862.75,1643
2025-12-11 07:00:00,6862.5,6865.75,6861.75,6865.0,1763
2025-12-11 07:05:00,6864.75,6865.75,6862.75,6864.5,1254
2025-12-11 07:10:00,6864.5,6868.25,6864.5,6867.5,1962
2025-12-11 07:15:00,6867.5,6869.75,6867.0,6869.5,1156
2025-12-11 07:20:00,6869.75,6874.25,6869.0,6873.5,2561
2025-12-11 07:25:00,6873.5,6874.5,6873.0,6873.5,1264
2025-12-11 07:30:00,6873.75,6876.25,6872.5,6875.5,2773
2025-12-11 07:35:00,6875.5,6876.0,6872.75,6875.75,1810
2025-12-11 07:40:00,6876.0,6877.0,6873.25,6874.25,1838
2025-12-11 07:45:00,6874.5,6874.75,6871.5,6872.75,1491
2025-12-11 07:50:00,6872.5,6873.25,6871.75,6872.0,845
2025-12-11 07:55:00,6872.25,6875.5,6871.75,6874.25,2016
2025-12-11 08:00:00,6874.0,6875.25,6871.5,6872.25,1757
2025-12-11 08:05:00,6872.25,6872.25,6869.0,6869.5,1999
2025-12-11 08:10:00,6869.5,6870.5,6869.0,6870.25,2081
2025-12-11 08:15:00,6870.5,6872.5,6869.75,6871.5,1503
2025-12-11 08:20:00,6871.25,6872.0,6870.25,6871.0,1190
2025-12-11 08:25:00,6871.0,6871.25,6869.0,6870.25,973
2025-12-11 08:30:00,6869.75,6871.5,6865.0,6865.25,3145
2025-12-11 08:35:00,6865.0,6868.0,6864.5,6865.0,3216
2025-12-11 08:40:00,6864.75,6867.75,6863.25,6865.0,4353
2025-12-11 08:45:00,6865.0,6866.5,6863.5,6866.25,2554
2025-12-11 08:50:00,6866.0,6868.0,6865.25,6867.25,2880
2025-12-11 08:55:00,6867.25,6867.75,6862.5,6864.25,3651
2025-12-11 09:00:00,6864.5,6866.75,6864.0,6865.75,4507
2025-12-11 09:05:00,6866.0,6866.25,6863.0,6864.5,4547
2025-12-11 09:10:00,6864.75,6870.0,6864.75,6869.0,3486
2025-12-11 09:15:00,6869.0,6870.75,6868.0,6869.75,4241
2025-12-11 09:20:00,6869.5,6874.25,6869.0,6869.5,5387
2025-12-11 09:25:00,6869.75,6872.25,6867.5,6868.25,7035
2025-12-11 09:30:00,6868.0,6870.75,6861.5,6863.5,44398
2025-12-11 09:35:00,6863.75,6875.25,6862.5,6869.75,30404
2025-12-11 09:40:00,6870.0,6873.75,6865.75,6872.75,29799
2025-12-11 09:45:00,6872.75,6873.75,6853.0,6853.25,44153
2025-12-11 09:50:00,6853.0,6854.5,6842.75,6843.0,48714
2025-12-11 09:55:00,6843.0,6849.0,6839.25,6842.75,43597
2025-12-11 10:00:00,6843.0,6850.5,6838.0,6848.75,38351
2025-12-11 10:05:00,6848.75,6864.0,6847.75,6863.5,32189
2025-12-11 10:10:00,6863.5,6870.5,6858.0,6867.0,31410
2025-12-11 10:15:00,6866.75,6871.5,6862.5,6871.0,26710
2025-12-11 10:20:00,6870.75,6881.75,6870.0,6881.25,32085
2025-12-11 10:25:00,6881.5,6884.75,6877.25,6879.25,22885
2025-12-11 10:30:00,6879.5,6881.5,6876.25,6876.5,25905
2025-12-11 10:35:00,6876.75,6879.5,6871.5,6878.5,22438
2025-12-11 10:40:00,6878.5,6878.75,6870.5,6874.5,20313
2025-12-11 10:45:00,6874.5,6878.5,6864.0,6865.25,27282
2025-12-11 10:50:00,6865.0,6868.25,6857.25,6867.25,28738
2025-12-11 10:55:00,6867.25,6875.5,6866.5,6874.0,18188
2025-12-11 11:00:00,6874.0,6878.0,6868.25,6874.0,25302
2025-12-11 11:05:00,6874.25,6875.5,6866.0,6866.75,16376
2025-12-11 11:10:00,6866.5,6872.25,6865.25,6870.25,14697
2025-12-11 11:15:00,6870.5,6870.75,6864.5,6867.5,11664
2025-12-11 11:20:00,6867.5,6874.25,6864.75,6874.0,16160
2025-12-11 11:25:00,6874.0,6874.5,6860.5,6862.75,20273
2025-12-11 11:30:00,6862.75,6870.25,6862.0,6869.75,15011
2025-12-11 11:35:00,6870.0,6874.25,6868.25,6873.0,13774
2025-12-11 11:40:00,6873.0,6884.25,6871.75,6881.5,18539
2025-12-11 11:45:00,6881.75,6886.5,6878.5,6880.5,18797
2025-12-11 11:50:00,6880.75,6881.25,6868.5,6869.5,22157
2025-12-11 11:55:00,6869.5,6872.0,6865.0,6871.5,20349
2025-12-11 12:00:00,6871.75,6877.5,6870.5,6876.5,20671
2025-12-11 12:05:00,6876.5,6877.75,6874.25,6875.5,9779
2025-12-11 12:10:00,6875.5,6887.0,6875.5,6884.0,16834
2025-12-11 12:15:00,6884.0,6887.5,6882.5,6886.0,12091
2025-12-11 12:20:00,6886.0,6893.5,6885.75,6892.0,16300
2025-12-11 12:25:00,6892.25,6896.0,6888.75,6890.25,15887
2025-12-11 12:30:00,6890.25,6894.5,6890.25,6894.25,13960
2025-12-11 12:35:00,6894.25,6895.5,6890.75,6893.75,9297
2025-12-11 12:40:00,6893.75,6897.25,6893.0,6894.75,8890
2025-12-11 12:45:00,6894.75,6896.0,6890.25,6890.5,10550
2025-12-11 12:50:00,6890.5,6892.25,6888.25,6891.5,14477
2025-12-11 12:55:00,6891.75,6892.0,6886.5,6889.75,11616
2025-12-11 13:00:00,6889.5,6895.5,6887.75,6894.25,10726
2025-12-11 13:05:00,6894.25,6896.25,6893.0,6895.5,6550
2025-12-11 13:10:00,6895.75,6898.75,6894.5,6897.0,10348
2025-12-11 13:15:00,6897.0,6897.0,6893.75,6895.0,8431
2025-12-11 13:20:00,6894.75,6898.25,6893.25,6895.75,10617
2025-12-11 13:25:00,6895.75,6897.0,6890.75,6893.0,11628
2025-12-11 13:30:00,6893.0,6894.0,6889.75,6892.5,11104
2025-12-11 13:35:00,6892.5,6900.0,6892.25,6899.5,13107
2025-12-11 13:40:00,6899.5,6903.25,6898.5,6902.0,13523
2025-12-11 13:45:00,6902.0,6903.0,6898.5,6900.0,9805
2025-12-11 13:50:00,6900.25,6901.25,6896.5,6897.0,9561
2025-12-11 13:55:00,6897.0,6898.5,6894.75,6896.25,10215
2025-12-11 14:00:00,6896.5,6900.75,6896.25,6899.25,9242
2025-12-11 14:05:00,6899.0,6899.25,6895.25,6897.75,7622
2025-12-11 14:10:00,6897.75,6899.25,6896.25,6899.0,6660
2025-12-11 14:15:00,6899.25,6904.5,6899.0,6903.25,11131
2025-12-11 14:20:00,6903.5,6904.5,6901.25,6903.75,9988
2025-12-11 14:25:00,6903.75,6904.75,6902.0,6903.5,6004
2025-12-11 14:30:00,6903.5,6904.75,6902.5,6903.75,8473
2025-12-11 14:35:00,6903.75,6906.75,6903.5,6904.25,10376
2025-12-11 14:40:00,6904.25,6907.25,6904.0,6907.0,7776
2025-12-11 14:45:00,6907.0,6908.0,6905.25,6907.25,8054
2025-12-11 14:50:00,6907.5,6909.25,6905.0,6905.5,10826
2025-12-11 14:55:00,6905.25,6908.0,6905.0,6905.25,9594
2025-12-11 15:00:00,6905.25,6908.25,6905.0,6907.25,7287
2025-12-11 15:05:00,6907.0,6907.25,6903.5,6905.5,13827
2025-12-11 15:10:00,6905.5,6906.0,6903.5,6903.75,9619
2025-12-11 15:15:00,6903.75,6905.25,6902.75,6903.5,9744
2025-12-11 15:20:00,6903.5,6906.0,6903.0,6904.5,6490
2025-12-11 15:25:00,6904.5,6904.75,6900.5,6901.0,9544
2025-12-11 15:30:00,6900.75,6901.75,6898.5,6899.5,16551
2025-12-11 15:35:00,6899.5,6900.0,6896.5,6898.75,12548
2025-12-11 15:40:00,6898.5,6902.0,6898.25,6900.5,12716
2025-12-11 15:45:00,6900.25,6901.25,6897.25,6899.5,13122
2025-12-11 15:50:00,6899.5,6907.5,6899.5,6903.0,23153
2025-12-11 15:55:00,6903.0,6908.75,6899.0,6908.0,63213
2025-12-11 16:00:00,6908.0,6910.25,6907.0,6909.0,22693
2025-12-11 16:05:00,6909.0,6912.5,6908.75,6911.5,6100
2025-12-11 16:10:00,6911.25,6914.75,6911.25,6912.75,5798
2025-12-11 16:15:00,6912.75,6924.25,6912.75,6921.0,11836
2025-12-11 16:20:00,6921.0,6921.75,6918.25,6921.25,2561
2025-12-11 16:25:00,6921.25,6922.75,6921.0,6922.25,2466
2025-12-11 16:30:00,6922.5,6923.5,6920.0,6920.25,1536
2025-12-11 16:35:00,6920.25,6921.75,6920.0,6920.5,1196
2025-12-11 16:40:00,6920.5,6921.0,6917.0,6918.75,2848
2025-12-11 16:45:00,6918.75,6923.75,6918.75,6923.75,2328
2025-12-11 16:50:00,6923.5,6928.75,6922.0,6925.5,4879
2025-12-11 16:55:00,6925.5,6926.5,6924.5,6925.0,4782
2025-12-11 18:00:00,6914.0,6915.5,6909.5,6911.25,0
2025-12-11 18:05:00,6911.25,6912.0,6906.25,6908.25,1826
2025-12-11 18:10:00,6908.5,6910.25,6903.75,6905.0,1271
2025-12-11 18:15:00,6905.25,6906.25,6903.25,6905.75,990
2025-12-11 18:20:00,6905.5,6906.0,6904.25,6904.25,871
2025-12-11 18:25:00,6904.5,6906.0,6902.75,6903.5,919
2025-12-11 18:30:00,6903.5,6906.0,6903.5,6905.25,558
2025-12-11 18:35:00,6905.25,6906.0,6904.25,6905.75,899
2025-12-11 18:40:00,6905.5,6907.0,6905.0,6906.75,476
2025-12-11 18:45:00,6906.75,6907.0,6905.75,6906.25,903
2025-12-11 18:50:00,6906.25,6906.5,6903.75,6905.25,665
2025-12-11 18:55:00,6905.25,6906.0,6903.5,6904.0,702
2025-12-11 19:00:00,6904.0,6904.0,6900.75,6901.0,1338
2025-12-11 19:05:00,6901.25,6902.5,6900.0,6900.0,599
2025-12-11 19:10:00,6900.25,6900.75,6898.5,6900.25,967
2025-12-11 19:15:00,6900.5,6903.0,6899.75,6902.0,1014
2025-12-11 19:20:00,6902.25,6905.0,6902.25,6903.0,689
2025-12-11 19:25:00,6903.0,6904.0,6901.5,6904.0,540
2025-12-11 19:30:00,6904.0,6907.75,6904.0,6907.25,794
2025-12-11 19:35:00,6907.0,6907.25,6904.25,6906.5,698
2025-12-11 19:40:00,6906.5,6907.5,6903.25,6903.5,558
2025-12-11 19:45:00,6903.5,6904.75,6902.5,6903.0,509
2025-12-11 19:50:00,6903.25,6905.0,6901.0,6902.25,750
2025-12-11 19:55:00,6902.5,6903.25,6900.0,6901.0,664
2025-12-11 20:00:00,6901.0,6904.0,6900.75,6902.75,877
2025-12-11 20:05:00,6902.75,6903.25,6901.0,6902.75,442
2025-12-11 20:10:00,6902.5,6903.25,6901.75,6902.25,407
2025-12-11 20:15:00,6902.25,6907.0,6902.25,6906.75,1469
2025-12-11 20:20:00,6906.75,6907.0,6904.75,6905.75,473
2025-12-11 20:25:00,6905.75,6907.0,6905.5,6906.5,668
2025-12-11 20:30:00,6906.5,6906.5,6904.5,6905.25,584
2025-12-11 20:35:00,6905.5,6906.0,6904.75,6905.25,370
2025-12-11 20:40:00,6905.5,6906.25,6904.75,6904.75,347
2025-12-11 20:45:00,6905.0,6905.25,6903.75,6904.25,426
2025-12-11 20:50:00,6904.0,6905.0,6903.25,6904.5,353
2025-12-11 20:55:00,6904.5,6907.0,6904.25,6906.5,443
2025-12-11 21:00:00,6906.25,6907.0,6905.75,6906.25,377
2025-12-11 21:05:00,6906.5,6910.0,6906.25,6909.5,1431
2025-12-11 21:10:00,6909.25,6911.0,6908.75,6910.0,706
2025-12-11 21:15:00,6910.0,6910.75,6909.0,6910.0,540
2025-12-11 21:20:00,6910.0,6910.75,6908.25,6908.75,657
2025-12-11 21:25:00,6909.0,6909.25,6907.75,6908.5,530
2025-12-11 21:30:00,6908.5,6910.25,6908.25,6909.25,524
2025-12-11 21:35:00,6909.5,6911.0,6909.25,6910.5,373
2025-12-11 21:40:00,6910.75,6911.5,6910.5,6911.5,366
2025-12-11 21:45:00,6911.5,6911.75,6908.0,6909.0,691
2025-12-11 21:50:00,6909.0,6909.75,6907.75,6909.5,473
2025-12-11 21:55:00,6909.25,6910.25,6908.75,6909.5,312
2025-12-11 22:00:00,6909.75,6910.5,6908.5,6909.5,332
2025-12-11 22:05:00,6909.5,6909.75,6908.75,6908.75,314
2025-12-11 22:10:00,6909.0,6909.25,6907.0,6907.75,609
2025-12-11 22:15:00,6907.5,6907.5,6905.5,6906.0,604
2025-12-11 22:20:00,6905.75,6906.5,6904.75,6905.25,516
2025-12-11 22:25:00,6905.5,6906.5,6905.0,6905.75,523
2025-12-11 22:30:00,6905.75,6906.5,6905.25,6906.0,408
2025-12-11 22:35:00,6906.25,6908.75,6906.0,6908.25,577
2025-12-11 22:40:00,6908.0,6908.75,6907.25,6908.75,353
2025-12-11 22:45:00,6908.75,6909.25,6906.75,6907.75,387
2025-12-11 22:50:00,6907.75,6908.0,6906.5,6906.75,253
2025-12-11 22:55:00,6906.75,6907.25,6906.25,6906.5,247
2025-12-11 23:00:00,6906.5,6907.0,6905.75,6906.0,334
2025-12-11 23:05:00,6905.75,6906.25,6905.0,6905.25,340
2025-12-11 23:10:00,6905.5,6905.75,6904.0,6905.0,528
2025-12-11 23:15:00,6905.0,6905.5,6904.25,6904.75,303
2025-12-11 23:20:00,6904.75,6904.75,6903.25,6903.25,1242
2025-12-11 23:25:00,6903.5,6904.75,6903.25,6904.0,516
2025-12-11 23:30:00,6904.0,6905.0,6903.75,6904.75,346
2025-12-11 23:35:00,6904.75,6905.0,6904.0,6904.5,227
2025-12-11 23:40:00,6904.5,6904.75,6903.75,6904.25,323
2025-12-11 23:45:00,6904.25,6906.5,6904.25,6905.5,457
2025-12-11 23:50:00,6905.5,6906.25,6904.75,6905.0,569
2025-12-11 23:55:00,6905.0,6905.0,6903.75,6904.25,377
2025-12-12 00:05:00,6906.25,6906.25,6906.0,6906.25,1546
2025-12-12 00:10:00,6906.25,6906.5,6904.5,6905.25,531
2025-12-12 00:15:00,6905.25,6907.0,6905.25,6906.25,448
2025-12-12 00:20:00,6906.25,6906.75,6905.25,6905.25,449
2025-12-12 00:25:00,6905.25,6907.25,6905.0,6906.75,498
2025-12-12 00:30:00,6906.75,6909.5,6906.5,6908.75,593
2025-12-12 00:35:00,6909.0,6910.0,6909.0,6910.0,453
2025-12-12 00:40:00,6910.25,6912.0,6910.25,6911.5,575
2025-12-12 00:45:00,6911.75,6911.75,6910.5,6910.75,421
2025-12-12 00:50:00,6911.0,6911.75,6910.75,6911.5,466
2025-12-12 00:55:00,6911.5,6912.75,6911.0,6911.0,420
2025-12-12 01:00:00,6911.25,6912.25,6910.75,6911.0,583
2025-12-12 01:05:00,6911.0,6911.75,6911.0,6911.75,307
2025-12-12 01:10:00,6911.75,6912.25,6911.0,6911.25,620
2025-12-12 01:15:00,6911.25,6912.0,6911.0,6911.5,421
2025-12-12 01:20:00,6911.75,6912.25,6911.25,6911.5,638
2025-12-12 01:25:00,6911.25,6913.5,6911.25,6912.25,841
2025-12-12 01:30:00,6912.25,6912.5,6908.5,6909.25,990
2025-12-12 01:35:00,6909.0,6910.5,6908.75,6909.75,656
2025-12-12 01:40:00,6909.5,6909.75,6907.75,6908.0,541
2025-12-12 01:45:00,6907.75,6908.25,6906.75,6907.5,391
2025-12-12 01:50:00,6907.5,6908.0,6907.0,6907.25,338
2025-12-12 01:55:00,6907.25,6908.5,6907.0,6907.75,390
2025-12-12 02:00:00,6907.5,6907.75,6906.5,6907.25,998
2025-12-12 02:05:00,6907.25,6907.5,6905.5,6906.75,632
2025-12-12 02:10:00,6906.75,6906.75,6905.5,6905.75,448
2025-12-12 02:15:00,6905.75,6906.25,6905.0,6905.25,453
2025-12-12 02:20:00,6905.25,6906.0,6905.0,6905.25,404
2025-12-12 02:25:00,6905.25,6906.5,6905.0,6906.0,316
2025-12-12 02:30:00,6905.75,6906.25,6905.0,6905.25,350
2025-12-12 02:35:00,6905.25,6905.25,6904.5,6905.0,359
2025-12-12 02:40:00,6905.0,6907.5,6905.0,6907.5,473
2025-12-12 02:45:00,6907.25,6907.5,6905.75,6907.0,1129
2025-12-12 02:50:00,6906.75,6907.0,6906.0,6906.5,511
2025-12-12 02:55:00,6906.5,6907.25,6905.25,6905.25,767
2025-12-12 03:00:00,6905.5,6907.5,6903.75,6907.5,1841
2025-12-12 03:05:00,6907.75,6909.5,6906.75,6909.25,968
2025-12-12 03:10:00,6909.25,6909.75,6908.0,6909.0,840
2025-12-12 03:15:00,6909.0,6910.0,6907.5,6910.0,779
2025-12-12 03:20:00,6910.0,6910.25,6908.75,6909.25,772
2025-12-12 03:25:00,6909.25,6910.75,6908.75,6909.5,791
2025-12-12 03:30:00,6909.5,6911.0,6909.0,6911.0,749
2025-12-12 03:35:00,6911.0,6912.5,6910.5,6911.75,1255
2025-12-12 03:40:00,6911.75,6912.25,6909.5,6909.75,1041
2025-12-12 03:45:00,6909.75,6910.0,6906.75,6910.0,1346
2025-12-12 03:50:00,6910.0,6912.25,6909.5,6911.5,828
2025-12-12 03:55:00,6911.5,6911.75,6909.0,6909.75,983
2025-12-12 04:00:00,6909.5,6910.75,6907.75,6909.25,1159
2025-12-12 04:05:00,6909.25,6909.75,6902.0,6903.0,1824
2025-12-12 04:10:00,6903.0,6905.5,6900.25,6905.5,1914
2025-12-12 04:15:00,6905.5,6906.75,6903.25,6904.0,1657
2025-12-12 04:20:00,6903.5,6904.25,6902.0,6903.0,986
2025-12-12 04:25:00,6902.75,6903.5,6897.25,6897.25,2140
2025-12-12 04:30:00,6897.25,6898.5,6893.75,6896.5,2825
2025-12-12 04:35:00,6896.75,6898.25,6893.0,6893.5,1495
2025-12-12 04:40:00,6893.5,6895.5,6892.25,6893.75,1540
2025-12-12 04:45:00,6894.0,6896.75,6892.0,6896.5,1061
2025-12-12 04:50:00,6896.5,6898.0,6894.25,6894.75,1238
2025-12-12 04:55:00,6895.0,6897.75,6894.75,6897.0,1653
2025-12-12 05:00:00,6897.0,6897.5,6895.25,6897.0,1274
2025-12-12 05:05:00,6897.0,6898.5,6896.5,6898.25,1324
2025-12-12 05:10:00,6898.5,6902.25,6898.5,6901.75,2796
2025-12-12 05:15:00,6901.75,6901.75,6896.75,6897.25,1127
2025-12-12 05:20:00,6897.25,6899.5,6896.0,6897.5,1344
2025-12-12 05:25:00,6897.5,6897.75,6895.5,6896.25,1478
2025-12-12 05:30:00,6896.25,6896.5,6894.25,6895.0,1094
2025-12-12 05:35:00,6895.25,6895.5,6892.25,6893.0,1247
2025-12-12 05:40:00,6893.0,6896.75,6892.75,6896.75,1953
2025-12-12 05:45:00,6896.5,6897.75,6895.5,6897.0,1181
2025-12-12 05:50:00,6897.0,6898.75,6896.5,6897.5,1057
2025-12-12 05:55:00,6897.5,6899.0,6897.25,6898.0,935
2025-12-12 06:00:00,6898.25,6898.5,6897.0,6897.5,1111
2025-12-12 06:05:00,6897.5,6897.75,6895.25,6896.75,987
2025-12-12 06:10:00,6896.75,6898.75,6896.25,6898.5,913
2025-12-12 06:15:00,6898.5,6900.25,6898.5,6900.0,2146
2025-12-12 06:20:00,6900.0,6900.5,6898.0,6898.25,1018
2025-12-12 06:25:00,6898.0,6899.0,6897.0,6897.25,1519
2025-12-12 06:30:00,6897.25,6899.0,6897.0,6897.0,849
2025-12-12 06:35:00,6897.0,6897.25,6891.5,6892.0,3288
2025-12-12 06:40:00,6891.75,6895.75,6891.75,6894.0,1630
2025-12-12 06:45:00,6893.75,6895.0,6890.25,6890.5,1647
2025-12-12 06:50:00,6890.5,6893.25,6890.25,6892.25,3130
2025-12-12 06:55:00,6892.25,6893.5,6891.75,6893.0,1819
2025-12-12 07:00:00,6893.0,6893.0,6889.5,6891.25,2341
2025-12-12 07:05:00,6891.0,6895.0,6891.0,6895.0,1840
2025-12-12 07:10:00,6895.0,6897.25,6894.75,6896.5,2724
2025-12-12 07:15:00,6896.5,6897.25,6895.5,6896.75,2421
2025-12-12 07:20:00,6896.5,6897.0,6894.5,6896.75,1316
2025-12-12 07:25:00,6896.75,6898.25,6896.25,6897.25,917
2025-12-12 07:30:00,6897.0,6897.25,6895.75,6897.0,632
2025-12-12 07:35:00,6897.0,6897.25,6895.25,6896.0,1049
2025-12-12 07:40:00,6896.0,6896.75,6894.25,6894.25,1210
2025-12-12 07:45:00,6894.5,6895.25,6893.25,6894.25,1541
2025-12-12 07:50:00,6894.25,6899.25,6893.75,6898.75,2744
2025-12-12 07:55:00,6899.0,6901.5,6896.0,6897.0,3404
2025-12-12 08:00:00,6897.0,6899.25,6895.25,6897.5,3345
2025-12-12 08:05:00,6897.5,6901.5,6896.75,6901.5,2878
2025-12-12 08:10:00,6901.5,6903.5,6900.75,6901.5,2400
2025-12-12 08:15:00,6901.5,6902.5,6900.75,6901.75,2619
2025-12-12 08:20:00,6901.5,6902.75,6901.0,6902.5,1418
2025-12-12 08:25:00,6902.5,6904.25,6900.75,6902.0,2704
2025-12-12 08:30:00,6901.75,6902.75,6901.25,6901.5,2672
2025-12-12 08:35:00,6901.25,6901.25,6899.5,6901.0,4051
2025-12-12 08:40:00,6900.75,6902.0,6900.75,6901.25,1704
2025-12-12 08:45:00,6901.0,6903.75,6900.5,6903.0,3155
2025-12-12 08:50:00,6903.25,6905.75,6903.0,6904.5,2585
2025-12-12 08:55:00,6904.5,6908.0,6904.5,6907.75,4405
2025-12-12 09:00:00,6907.75,6909.0,6905.0,6906.0,3791
2025-12-12 09:05:00,6906.0,6906.75,6904.25,6904.75,3333
2025-12-12 09:10:00,6904.75,6905.5,6903.0,6903.75,6862
2025-12-12 09:15:00,6903.75,6904.5,6901.75,6903.75,6284
2025-12-12 09:20:00,6903.5,6904.5,6902.25,6902.25,3323
2025-12-12 09:25:00,6902.25,6903.25,6895.5,6896.25,13594
2025-12-12 09:30:00,6896.25,6901.0,6890.5,6898.5,49791
2025-12-12 09:35:00,6898.5,6903.0,6896.25,6902.0,28408
2025-12-12 09:40:00,6902.25,6903.0,6892.25,6893.5,34394
2025-12-12 09:45:00,6893.75,6896.0,6887.75,6888.0,33830
2025-12-12 09:50:00,6888.25,6894.5,6885.75,6893.0,30605
2025-12-12 09:55:00,6893.0,6894.25,6888.25,6889.0,21491
2025-12-12 10:00:00,6889.0,6889.5,6880.0,6881.0,44176
2025-12-12 10:05:00,6881.0,6883.25,6869.75,6873.25,35399
2025-12-12 10:10:00,6873.0,6879.0,6872.0,6873.25,33801
2025-12-12 10:15:00,6873.0,6875.5,6867.5,6872.75,34910
2025-12-12 10:20:00,6872.5,6874.5,6861.0,6861.75,36787
2025-12-12 10:25:00,6861.75,6863.0,6850.0,6851.0,43029
2025-12-12 10:30:00,6851.0,6860.75,6846.75,6856.75,51774
2025-12-12 10:35:00,6856.75,6865.25,6853.25,6863.0,35300
2025-12-12 10:40:00,6863.0,6865.75,6857.0,6865.5,26631
2025-12-12 10:45:00,6865.75,6869.75,6862.75,6865.75,26586
2025-12-12 10:50:00,6865.75,6868.0,6852.5,6852.5,29868
2025-12-12 10:55:00,6852.5,6852.75,6826.75,6831.0,78093
2025-12-12 11:00:00,6830.75,6838.25,6819.75,6820.0,68165
2025-12-12 11:05:00,6819.75,6831.5,6818.25,6822.75,55282
2025-12-12 11:10:00,6823.0,6827.25,6815.25,6823.75,52102
2025-12-12 11:15:00,6823.75,6830.5,6818.25,6821.75,45582
2025-12-12 11:20:00,6822.0,6825.75,6810.25,6817.0,45419
2025-12-12 11:25:00,6817.25,6826.75,6814.25,6826.0,41812
2025-12-12 11:30:00,6826.0,6826.25,6812.5,6816.75,35277
2025-12-12 11:35:00,6816.75,6818.5,6805.0,6809.75,31119
2025-12-12 11:40:00,6810.0,6820.5,6805.5,6820.25,38112
2025-12-12 11:45:00,6820.25,6821.0,6812.25,6816.75,31483
2025-12-12 11:50:00,6816.5,6816.5,6811.0,6814.0,26599
2025-12-12 11:55:00,6813.75,6820.0,6810.25,6819.25,30389
2025-12-12 12:00:00,6819.25,6828.0,6816.75,6825.5,32280
2025-12-12 12:05:00,6825.25,6834.75,6824.75,6829.0,25602
2025-12-12 12:10:00,6828.75,6833.75,6828.5,6832.25,18956
2025-12-12 12:15:00,6832.25,6842.5,6832.25,6842.25,22690
2025-12-12 12:20:00,6842.25,6843.75,6837.5,6840.5,18688
2025-12-12 12:25:00,6840.5,6840.75,6827.5,6828.0,22451
2025-12-12 12:30:00,6828.0,6833.5,6823.25,6831.25,26614
2025-12-12 12:35:00,6831.0,6840.25,6828.25,6839.5,21130
2025-12-12 12:40:00,6839.5,6842.25,6837.0,6838.25,18200
2025-12-12 12:45:00,6838.25,6846.0,6837.75,6844.0,16751
2025-12-12 12:50:00,6844.0,6845.0,6837.25,6840.0,20840
2025-12-12 12:55:00,6840.0,6844.0,6838.75,6840.25,17581
2025-12-12 13:00:00,6840.25,6843.25,6837.25,6841.75,17752
2025-12-12 13:05:00,6842.0,6845.5,6841.5,6841.5,13260
2025-12-12 13:10:00,6841.75,6855.75,6841.25,6850.0,40350
2025-12-12 13:15:00,6850.0,6856.75,6849.5,6852.5,22633
2025-12-12 13:20:00,6852.25,6852.75,6844.75,6847.5,20853
2025-12-12 13:25:00,6847.25,6852.5,6847.0,6852.25,13360
2025-12-12 13:30:00,6852.5,6852.75,6848.25,6850.0,13442
2025-12-12 13:35:00,6849.75,6851.25,6844.5,6850.0,15394
2025-12-12 13:40:00,6850.0,6851.75,6841.75,6843.5,15626
2025-12-12 13:45:00,6843.5,6845.75,6841.0,6845.5,15107
2025-12-12 13:50:00,6845.75,6849.25,6844.0,6846.75,13571
2025-12-12 13:55:00,6846.75,6848.25,6838.25,6839.25,15998
2025-12-12 14:00:00,6839.25,6840.5,6833.0,6838.25,23143
2025-12-12 14:05:00,6838.0,6839.75,6833.25,6833.5,15348
2025-12-12 14:10:00,6833.5,6837.25,6829.25,6831.25,17376
2025-12-12 14:15:00,6831.25,6834.5,6829.0,6830.5,13908
2025-12-12 14:20:00,6830.25,6832.5,6826.0,6829.25,19647
2025-12-12 14:25:00,6829.25,6830.5,6826.0,6828.75,13758
2025-12-12 14:30:00,6828.75,6834.25,6828.25,6831.25,18003
2025-12-12 14:35:00,6831.5,6833.5,6829.5,6829.75,14149
2025-12-12 14:40:00,6829.75,6836.5,6829.75,6831.5,14704
2025-12-12 14:45:00,6831.5,6833.0,6829.25,6832.25,10704
2025-12-12 14:50:00,6832.0,6835.5,6831.25,6834.5,13762
2025-12-12 14:55:00,6834.5,6836.0,6829.75,6833.5,13391
2025-12-12 15:00:00,6833.5,6835.0,6828.25,6831.75,14483
2025-12-12 15:05:00,6831.75,6837.5,6831.25,6837.0,11773
2025-12-12 15:10:00,6837.0,6838.75,6831.75,6831.75,14900
2025-12-12 15:15:00,6831.75,6834.25,6830.5,6831.75,13305
2025-12-12 15:20:00,6831.75,6833.5,6831.25,6833.0,11976
2025-12-12 15:25:00,6833.25,6833.5,6824.5,6827.25,16782
2025-12-12 15:30:00,6827.25,6828.5,6816.75,6823.75,25353
2025-12-12 15:35:00,6824.0,6825.0,6814.25,6817.0,16488
2025-12-12 15:40:00,6817.0,6825.0,6817.0,6822.25,17434
2025-12-12 15:45:00,6822.25,6832.5,6821.25,6827.5,29216
2025-12-12 15:50:00,6827.5,6830.5,6822.0,6827.5,40620
2025-12-12 15:55:00,6827.75,6832.5,6826.5,6831.25,128176
2025-12-12 16:00:00,6831.25,6836.0,6829.75,6834.0,34102
2025-12-12 16:05:00,6833.75,6834.25,6830.75,6831.75,7101
2025-12-12 16:10:00,6831.75,6835.0,6831.75,6834.75,4972
2025-12-12 16:15:00,6835.0,6836.25,6833.75,6835.75,3177
2025-12-12 16:20:00,6836.0,6837.25,6834.5,6834.75,2462
2025-12-12 16:25:00,6834.75,6834.75,6833.0,6833.5,1562
2025-12-12 16:30:00,6833.5,6834.5,6832.75,6834.25,1377
2025-12-12 16:35:00,6834.5,6836.0,6834.5,6835.0,1652
2025-12-12 16:40:00,6835.25,6835.25,6833.5,6833.75,1863
2025-12-12 16:45:00,6833.75,6835.0,6833.5,6834.0,1165
2025-12-12 16:50:00,6834.0,6835.0,6833.0,6834.0,2272
2025-12-12 16:55:00,6834.25,6835.5,6830.75,6830.75,3030
2025-12-14 18:10:00,6822.0,6826.5,6821.5,6824.5,687
2025-12-14 18:15:00,6824.25,6827.5,6824.25,6826.25,416
2025-12-14 18:20:00,6826.75,6829.25,6823.5,6827.5,1618
2025-12-14 18:25:00,6827.75,6828.5,6826.25,6828.25,360
2025-12-14 18:30:00,6828.25,6830.75,6827.5,6829.0,1206
2025-12-14 18:35:00,6829.5,6831.25,6828.5,6830.5,196
2025-12-14 18:40:00,6831.0,6832.0,6830.5,6831.0,414
2025-12-14 18:45:00,6831.0,6831.5,6829.0,6831.25,289
2025-12-14 18:50:00,6831.25,6834.5,6830.75,6833.25,1533
2025-12-14 18:55:00,6833.25,6833.5,6832.0,6833.0,276
2025-12-14 19:00:00,6833.0,6834.75,6832.0,6834.0,476
2025-12-14 19:05:00,6834.25,6836.0,6831.5,6835.5,531
2025-12-14 19:10:00,6835.25,6836.0,6833.25,6834.75,383
2025-12-14 19:15:00,6835.0,6835.5,6833.25,6835.25,342
2025-12-14 19:20:00,6835.0,6837.25,6834.25,6835.5,500
2025-12-14 19:25:00,6835.5,6838.25,6835.0,6838.0,438
2025-12-14 19:30:00,6838.0,6841.0,6838.0,6840.0,865
2025-12-14 19:35:00,6840.25,6840.75,6839.5,6840.25,448
2025-12-14 19:40:00,6839.75,6841.0,6839.75,6840.75,256
2025-12-14 19:45:00,6840.75,6842.0,6840.75,6841.0,444
2025-12-14 19:50:00,6841.0,6841.75,6840.0,6841.25,662
2025-12-14 19:55:00,6841.5,6843.75,6841.5,6842.75,552
2025-12-14 20:00:00,6842.5,6843.5,6838.75,6839.5,961
2025-12-14 20:05:00,6839.5,6841.25,6839.25,6841.0,543
2025-12-14 20:10:00,6841.0,6841.75,6839.5,6841.5,392
2025-12-14 20:15:00,6841.5,6842.5,6840.0,6841.25,374
2025-12-14 20:20:00,6841.75,6842.5,6840.25,6841.0,307
2025-12-14 20:25:00,6841.0,6842.5,6840.5,6842.25,216
2025-12-14 20:30:00,6842.0,6845.0,6842.0,6844.75,489
2025-12-14 20:35:00,6844.75,6847.0,6844.5,6846.0,561
2025-12-14 20:40:00,6846.0,6846.25,6843.75,6845.75,568
2025-12-14 20:45:00,6845.5,6846.0,6844.25,6845.75,347
2025-12-14 20:50:00,6845.75,6847.25,6845.25,6846.5,284
2025-12-14 20:55:00,6846.5,6848.0,6846.0,6847.25,316
2025-12-14 21:00:00,6847.25,6848.5,6846.75,6848.0,542
2025-12-14 21:05:00,6848.0,6848.5,6847.0,6848.0,371
2025-12-14 21:10:00,6848.25,6848.5,6847.5,6848.25,239
2025-12-14 21:15:00,6848.25,6849.75,6847.75,6848.5,509
2025-12-14 21:20:00,6848.5,6848.5,6845.25,6847.5,418
2025-12-14 21:25:00,6847.5,6849.5,6847.5,6848.75,203
2025-12-14 21:30:00,6848.75,6850.25,6848.75,6850.0,434
2025-12-14 21:35:00,6850.0,6850.75,6849.5,6850.0,241
2025-12-14 21:40:00,6850.25,6850.25,6847.5,6848.25,306
2025-12-14 21:45:00,6848.25,6848.25,6846.0,6847.25,338
2025-12-14 21:50:00,6847.25,6848.25,6845.25,6845.5,231
2025-12-14 21:55:00,6845.25,6846.25,6844.25,6846.25,242
2025-12-14 22:00:00,6846.25,6848.5,6846.25,6847.25,277
2025-12-14 22:05:00,6847.25,6847.25,6844.5,6845.5,284
2025-12-14 22:10:00,6845.5,6846.25,6844.25,6845.5,215
2025-12-14 22:15:00,6845.5,6845.5,6844.25,6845.25,134
2025-12-14 22:20:00,6845.5,6845.75,6844.25,6844.5,120
2025-12-14 22:25:00,6844.5,6845.0,6844.25,6844.75,185
2025-12-14 22:30:00,6844.75,6846.0,6844.25,6845.5,314
2025-12-14 22:35:00,6845.5,6845.75,6844.25,6844.75,117
2025-12-14 22:40:00,6844.75,6844.75,6843.75,6844.25,191
2025-12-14 22:45:00,6844.0,6846.25,6844.0,6845.5,362
2025-12-14 22:50:00,6845.25,6846.0,6845.0,6845.75,119
2025-12-14 22:55:00,6846.0,6846.0,6845.5,6846.0,161
2025-12-14 23:00:00,6846.25,6846.75,6845.0,6846.75,240
2025-12-14 23:05:00,6846.5,6846.5,6845.0,6845.0,190
2025-12-14 23:10:00,6844.75,6845.0,6842.5,6842.5,279
2025-12-14 23:15:00,6842.5,6844.25,6842.25,6842.5,323
2025-12-14 23:20:00,6842.25,6844.25,6842.0,6843.5,173
2025-12-14 23:25:00,6843.5,6846.75,6843.5,6846.0,245
2025-12-14 23:30:00,6846.0,6846.25,6845.0,6845.75,486
2025-12-14 23:35:00,6845.5,6846.75,6845.0,6846.75,303
2025-12-14 23:40:00,6846.75,6847.5,6846.0,6847.5,155
2025-12-14 23:45:00,6847.5,6848.0,6847.25,6847.5,124
2025-12-14 23:50:00,6847.75,6849.0,6847.5,6848.25,213
2025-12-14 23:55:00,6848.25,6850.75,6848.25,6849.0,410
2025-12-15 00:00:00,6849.75,6850.5,6848.75,6849.25,237
2025-12-15 00:05:00,6849.25,6849.75,6848.5,6849.25,230
2025-12-15 00:10:00,6849.25,6850.25,6849.0,6849.5,534
2025-12-15 00:15:00,6849.25,6849.5,6848.0,6848.5,330
2025-12-15 00:20:00,6848.25,6849.25,6846.75,6849.25,539
2025-12-15 00:25:00,6849.0,6850.0,6848.75,6849.0,215
2025-12-15 00:30:00,6849.0,6851.5,6848.5,6851.25,347
2025-12-15 00:35:00,6851.0,6851.5,6850.75,6851.0,388
2025-12-15 00:40:00,6850.75,6851.25,6849.75,6851.0,226
2025-12-15 00:45:00,6851.0,6851.0,6850.0,6850.0,151
2025-12-15 00:50:00,6850.0,6851.0,6849.5,6850.25,275
2025-12-15 00:55:00,6850.25,6851.5,6850.0,6850.25,240
2025-12-15 01:00:00,6850.25,6850.25,6847.0,6847.25,206
2025-12-15 01:05:00,6847.25,6847.25,6845.25,6845.75,337
2025-12-15 01:10:00,6845.5,6847.5,6845.5,6846.75,195
2025-12-15 01:15:00,6847.0,6850.0,6846.75,6849.5,1130
2025-12-15 01:20:00,6849.75,6850.0,6848.5,6848.5,304
2025-12-15 01:25:00,6848.5,6849.5,6847.5,6847.5,341
2025-12-15 01:30:00,6847.25,6848.25,6846.0,6846.25,432
2025-12-15 01:35:00,6846.5,6848.25,6845.25,6847.75,308
2025-12-15 01:40:00,6848.0,6849.5,6847.5,6849.25,358
2025-12-15 01:45:00,6849.5,6851.5,6849.25,6851.5,257
2025-12-15 01:50:00,6851.5,6851.5,6849.0,6849.25,227
2025-12-15 01:55:00,6849.0,6849.75,6848.25,6849.5,873
2025-12-15 02:00:00,6849.75,6851.5,6848.75,6849.0,644
2025-12-15 02:05:00,6849.25,6850.25,6846.75,6847.0,247
2025-12-15 02:10:00,6847.0,6847.5,6845.75,6847.25,1181
2025-12-15 02:15:00,6847.25,6848.5,6846.25,6846.75,644
2025-12-15 02:20:00,6846.75,6847.25,6846.25,6847.0,239
2025-12-15 02:25:00,6847.25,6847.25,6843.25,6844.5,363
2025-12-15 02:30:00,6844.5,6846.5,6843.25,6846.5,1146
2025-12-15 02:35:00,6846.25,6847.5,6844.75,6845.0,370
2025-12-15 02:40:00,6845.0,6846.0,6843.5,6845.25,449
2025-12-15 02:45:00,6845.25,6845.5,6843.75,6844.25,635
2025-12-15 02:50:00,6844.25,6846.5,6844.0,6846.5,559
2025-12-15 02:55:00,6846.5,6847.0,6844.75,6845.5,908
2025-12-15 03:00:00,6845.5,6847.25,6843.25,6845.0,1248
2025-12-15 03:05:00,6845.25,6849.0,6843.75,6844.0,1053
2025-12-15 03:10:00,6843.75,6845.25,6842.0,6843.0,1017
2025-12-15 03:15:00,6843.0,6848.0,6841.75,6847.75,1204
2025-12-15 03:20:00,6847.5,6848.0,6846.25,6846.25,773
2025-12-15 03:25:00,6846.5,6848.25,6846.5,6846.75,640
2025-12-15 03:30:00,6847.25,6851.5,6846.5,6850.0,1269
2025-12-15 03:35:00,6850.25,6853.75,6850.0,6852.75,1264
2025-12-15 03:40:00,6852.75,6855.5,6851.75,6854.5,1238
2025-12-15 03:45:00,6854.5,6856.25,6853.25,6856.0,1527
2025-12-15 03:50:00,6855.75,6856.5,6854.5,6855.0,925
2025-12-15 03:55:00,6854.75,6855.0,6853.75,6854.5,810
2025-12-15 04:00:00,6854.25,6855.0,6852.0,6855.0,1035
2025-12-15 04:05:00,6854.75,6856.25,6853.5,6854.0,1217
2025-12-15 04:10:00,6853.75,6859.0,6853.25,6858.5,997
2025-12-15 04:15:00,6858.75,6859.25,6856.5,6857.0,1320
2025-12-15 04:20:00,6857.0,6857.75,6855.5,6857.75,1467
2025-12-15 04:25:00,6858.0,6860.0,6858.0,6858.75,1808
2025-12-15 04:30:00,6858.75,6860.25,6858.25,6859.75,2485
2025-12-15 04:35:00,6859.5,6859.75,6858.5,6858.5,1562
2025-12-15 04:40:00,6858.25,6860.0,6858.0,6859.75,1409
2025-12-15 04:45:00,6859.75,6861.0,6859.5,6861.0,1430
2025-12-15 04:50:00,6861.0,6862.5,6860.5,6862.0,1113
2025-12-15 04:55:00,6862.25,6863.0,6861.25,6861.75,1012
2025-12-15 05:00:00,6861.5,6862.75,6860.25,6862.5,1781
2025-12-15 05:05:00,6862.25,6863.0,6861.25,6862.75,632
2025-12-15 05:10:00,6862.5,6864.75,6862.5,6864.75,2055
2025-12-15 05:15:00,6864.75,6865.25,6864.0,6864.25,703
2025-12-15 05:20:00,6864.25,6864.25,6862.75,6863.25,677
2025-12-15 05:25:00,6863.25,6864.0,6863.0,6863.25,772
2025-12-15 05:30:00,6863.25,6863.5,6860.75,6862.0,2868
2025-12-15 05:35:00,6862.0,6862.0,6860.75,6861.0,1257
2025-12-15 05:40:00,6861.25,6864.0,6861.25,6863.5,770
2025-12-15 05:45:00,6863.5,6863.5,6862.25,6862.5,717
2025-12-15 05:50:00,6862.5,6864.75,6862.25,6864.75,864
2025-12-15 05:55:00,6864.5,6865.0,6863.75,6864.25,1674
2025-12-15 06:00:00,6864.25,6864.5,6863.25,6864.0,712
2025-12-15 06:05:00,6863.75,6864.5,6862.5,6864.5,1162
2025-12-15 06:10:00,6864.5,6864.75,6862.75,6863.25,1424
2025-12-15 06:15:00,6863.0,6863.25,6862.25,6863.0,1122
2025-12-15 06:20:00,6863.0,6864.25,6863.0,6863.75,1444
2025-12-15 06:25:00,6863.75,6864.5,6862.75,6863.25,1226
2025-12-15 06:30:00,6863.25,6864.5,6863.0,6863.0,427
2025-12-15 06:35:00,6863.0,6864.25,6862.75,6864.0,501
2025-12-15 06:40:00,6864.25,6864.75,6863.25,6863.25,791
2025-12-15 06:45:00,6863.25,6864.5,6863.0,6864.0,669
2025-12-15 06:50:00,6864.25,6866.25,6864.25,6865.25,1906
2025-12-15 06:55:00,6865.25,6865.25,6864.25,6864.75,755
2025-12-15 07:00:00,6864.75,6864.75,6863.5,6863.5,1347
2025-12-15 07:05:00,6863.75,6864.25,6861.0,6861.0,1204
2025-12-15 07:10:00,6861.25,6861.75,6858.75,6860.25,2041
2025-12-15 07:15:00,6860.25,6862.25,6860.25,6861.75,1090
2025-12-15 07:20:00,6862.0,6863.25,6861.0,6861.75,1605
2025-12-15 07:25:00,6861.5,6862.0,6858.5,6859.75,1150
2025-12-15 07:30:00,6859.75,6861.75,6859.5,6861.0,1339
2025-12-15 07:35:00,6861.0,6862.0,6860.5,6861.5,1089
2025-12-15 07:40:00,6861.5,6866.5,6860.75,6865.75,1908
2025-12-15 07:45:00,6865.75,6866.25,6864.25,6864.25,1431
2025-12-15 07:50:00,6864.5,6865.0,6863.5,6864.25,1679
2025-12-15 07:55:00,6864.25,6864.75,6863.25,6864.5,1854
2025-12-15 08:00:00,6864.25,6864.5,6862.75,6863.5,1872
2025-12-15 08:05:00,6863.5,6864.25,6862.5,6863.25,2111
2025-12-15 08:10:00,6863.25,6864.75,6862.25,6864.25,5114
2025-12-15 08:15:00,6864.0,6865.0,6863.0,6863.5,3357
2025-12-15 08:20:00,6863.5,6863.5,6860.25,6862.25,3415
2025-12-15 08:25:00,6862.25,6864.5,6862.0,6864.0,8928
2025-12-15 08:30:00,6864.0,6865.25,6863.25,6864.0,5184
2025-12-15 08:35:00,6864.25,6864.25,6863.0,6864.0,3377
2025-12-15 08:40:00,6864.25,6865.5,6864.0,6864.5,3761
2025-12-15 08:45:00,6864.5,6868.75,6864.5,6867.5,3929
2025-12-15 08:50:00,6867.5,6867.75,6866.25,6866.75,4415
2025-12-15 08:55:00,6867.0,6868.0,6866.0,6867.75,4295
2025-12-15 09:00:00,6867.5,6869.75,6866.0,6869.5,5748
2025-12-15 09:05:00,6869.5,6869.5,6867.75,6869.5,10441
2025-12-15 09:10:00,6869.5,6870.5,6869.5,6870.0,5872
2025-12-15 09:15:00,6870.0,6870.25,6868.5,6869.25,6268
2025-12-15 09:20:00,6869.25,6869.75,6866.75,6867.75,7185
2025-12-15 09:25:00,6867.75,6872.5,6865.75,6871.0,11085
2025-12-15 09:30:00,6871.0,6871.75,6853.25,6853.5,47155
2025-12-15 09:35:00,6853.75,6861.75,6849.5,6849.75,30448
2025-12-15 09:40:00,6849.75,6858.5,6849.5,6850.0,32880
2025-12-15 09:45:00,6850.0,6852.5,6845.75,6849.75,25514
2025-12-15 09:50:00,6849.75,6851.0,6840.25,6843.0,32150
2025-12-15 09:55:00,6843.0,6844.0,6836.75,6838.0,27364
2025-12-15 10:00:00,6838.0,6838.0,6825.25,6828.75,49614
2025-12-15 10:05:00,6828.5,6839.25,6827.75,6831.75,31495
2025-12-15 10:10:00,6831.75,6832.5,6825.0,6827.0,23180
2025-12-15 10:15:00,6827.0,6827.0,6820.0,6820.25,35151
2025-12-15 10:20:00,6820.5,6828.25,6811.75,6812.0,36257
2025-12-15 10:25:00,6811.75,6814.75,6806.25,6811.75,38943
2025-12-15 10:30:00,6811.75,6827.0,6809.0,6822.5,29874
2025-12-15 10:35:00,6822.75,6826.25,6815.25,6818.5,16937
2025-12-15 10:40:00,6818.5,6831.5,6813.75,6831.25,26715
2025-12-15 10:45:00,6831.5,6834.5,6828.0,6834.0,28877
2025-12-15 10:50:00,6834.25,6835.0,6820.75,6824.75,32009
2025-12-15 10:55:00,6825.0,6827.25,6821.0,6824.75,22034
2025-12-15 11:00:00,6824.75,6827.5,6819.5,6823.75,16863
2025-12-15 11:05:00,6823.75,6831.25,6823.25,6831.25,20218
2025-12-15 11:10:00,6831.25,6832.25,6822.5,6823.75,16673
2025-12-15 11:15:00,6823.75,6840.0,6823.0,6839.5,21971
2025-12-15 11:20:00,6839.75,6841.75,6836.25,6839.0,13723
2025-12-15 11:25:00,6839.0,6844.0,6838.5,6841.25,12222
2025-12-15 11:30:00,6841.25,6842.75,6827.5,6827.5,21142
2025-12-15 11:35:00,6827.5,6829.5,6818.75,6822.25,30038
2025-12-15 11:40:00,6822.25,6826.75,6817.5,6818.75,13625
2025-12-15 11:45:00,6819.0,6820.75,6814.75,6818.75,18870
2025-12-15 11:50:00,6818.75,6828.5,6818.0,6828.0,18551
2025-12-15 11:55:00,6828.0,6830.75,6819.0,6822.0,14112
2025-12-15 12:00:00,6822.0,6825.75,6819.0,6821.5,11231
2025-12-15 12:05:00,6821.75,6825.75,6820.0,6824.25,12532
2025-12-15 12:10:00,6824.25,6826.75,6821.25,6821.5,17925
2025-12-15 12:15:00,6821.75,6822.25,6815.75,6817.75,17340
2025-12-15 12:20:00,6817.5,6822.75,6816.75,6819.25,11691
2025-12-15 12:25:00,6819.0,6824.25,6818.5,6820.0,12239
2025-12-15 12:30:00,6819.75,6823.0,6813.75,6815.75,10969
2025-12-15 12:35:00,6815.75,6822.25,6815.75,6821.75,13542
2025-12-15 12:40:00,6821.75,6828.0,6821.25,6825.25,12944
2025-12-15 12:45:00,6825.0,6827.25,6816.5,6817.0,11947
2025-12-15 12:50:00,6816.75,6816.75,6807.5,6813.0,18549
2025-12-15 12:55:00,6813.25,6819.0,6812.0,6818.5,13443
2025-12-15 13:00:00,6818.25,6821.25,6813.5,6819.0,10449
2025-12-15 13:05:00,6819.25,6824.75,6818.0,6819.25,13643
2025-12-15 13:10:00,6819.5,6824.0,6819.25,6823.25,7646
2025-12-15 13:15:00,6823.25,6825.25,6816.75,6817.5,10967
2025-12-15 13:20:00,6817.5,6819.75,6811.75,6811.75,11903
2025-12-15 13:25:00,6811.75,6814.25,6808.5,6813.25,13172
2025-12-15 13:30:00,6813.25,6816.75,6809.5,6812.0,13121
2025-12-15 13:35:00,6812.0,6816.25,6810.25,6812.5,10426
2025-12-15 13:40:00,6812.5,6817.25,6811.75,6816.25,10300
2025-12-15 13:45:00,6816.25,6819.5,6815.25,6817.75,12134
2025-12-15 13:50:00,6817.75,6822.75,6816.5,6821.5,11357
2025-12-15 13:55:00,6821.75,6827.5,6821.5,6823.5,13290
2025-12-15 14:00:00,6823.5,6828.5,6822.5,6827.5,13943
2025-12-15 14:05:00,6827.75,6828.75,6823.25,6823.75,10019
2025-12-15 14:10:00,6823.5,6825.5,6821.25,6821.25,8481
2025-12-15 14:15:00,6821.5,6823.5,6817.5,6823.5,10525
2025-12-15 14:20:00,6823.75,6825.0,6818.0,6821.25,10704
2025-12-15 14:25:00,6821.0,6823.5,6820.0,6821.75,10566
2025-12-15 14:30:00,6821.75,6824.25,6819.0,6821.25,7792
2025-12-15 14:35:00,6821.5,6822.75,6819.0,6820.5,8034
2025-12-15 14:40:00,6820.75,6823.5,6818.5,6819.5,7627
2025-12-15 14:45:00,6819.25,6820.5,6818.0,6820.25,8204
2025-12-15 14:50:00,6820.25,6824.25,6819.0,6824.25,10596
2025-12-15 14:55:00,6824.25,6831.5,6824.25,6830.5,10294
2025-12-15 15:00:00,6830.25,6830.25,6823.75,6826.5,10023
2025-12-15 15:05:00,6826.5,6830.0,6826.25,6829.75,8721
2025-12-15 15:10:00,6829.75,6830.75,6826.0,6826.25,7839
2025-12-15 15:15:00,6826.0,6829.25,6824.0,6825.25,10398
2025-12-15 15:20:00,6825.5,6825.5,6820.5,6823.0,9868
2025-12-15 15:25:00,6823.0,6825.5,6820.75,6824.25,8371
2025-12-15 15:30:00,6824.5,6826.0,6819.5,6821.25,9212
2025-12-15 15:35:00,6821.5,6825.75,6819.75,6825.5,11380
2025-12-15 15:40:00,6825.5,6826.75,6819.0,6820.5,12419
2025-12-15 15:45:00,6820.25,6826.0,6819.75,6825.5,18475
2025-12-15 15:50:00,6825.25,6829.5,6821.25,6822.75,21383
2025-12-15 15:55:00,6822.75,6826.25,6820.25,6820.75,66018
2025-12-15 16:00:00,6821.0,6825.75,6819.25,6821.5,18936
2025-12-15 16:05:00,6821.5,6822.75,6820.75,6821.0,2955
2025-12-15 16:10:00,6821.25,6823.75,6821.25,6823.5,2163
2025-12-15 16:15:00,6823.5,6824.25,6822.0,6822.25,1493
2025-12-15 16:20:00,6822.25,6824.25,6822.25,6824.0,1734
2025-12-15 16:25:00,6823.75,6824.0,6821.25,6821.25,1890
2025-12-15 16:30:00,6821.5,6824.0,6821.5,6823.75,599
2025-12-15 16:35:00,6823.5,6824.25,6823.0,6823.5,857
2025-12-15 16:40:00,6823.5,6824.25,6823.5,6824.25,398
2025-12-15 16:45:00,6824.25,6824.75,6823.75,6824.25,341
2025-12-15 16:50:00,6824.0,6824.5,6823.25,6823.75,1560
2025-12-15 16:55:00,6824.0,6824.25,6823.0,6824.25,807
2025-12-15 18:00:00,6825.25,6827.25,6824.0,6827.25,0
2025-12-15 18:05:00,6827.5,6827.75,6825.5,6827.0,117
2025-12-15 18:10:00,6827.0,6827.25,6825.5,6825.75,392
2025-12-15 18:15:00,6825.75,6825.75,6824.5,6825.75,80
2025-12-15 18:20:00,6825.75,6826.5,6824.75,6824.75,990
2025-12-15 18:25:00,6824.75,6825.0,6822.0,6823.0,366
2025-12-15 18:30:00,6823.0,6823.0,6818.5,6818.5,159
2025-12-15 18:35:00,6818.5,6819.25,6814.75,6818.75,427
2025-12-15 18:40:00,6818.5,6820.5,6817.5,6820.0,460
2025-12-15 18:45:00,6819.5,6819.75,6815.5,6815.5,241
2025-12-15 18:50:00,6815.5,6816.25,6812.5,6815.5,356
2025-12-15 18:55:00,6815.5,6817.5,6815.5,6817.5,463
2025-12-15 19:00:00,6817.5,6820.0,6815.75,6817.5,974
2025-12-15 19:05:00,6817.5,6817.75,6810.75,6811.25,456
2025-12-15 19:10:00,6811.0,6811.0,6807.5,6810.75,889
2025-12-15 19:15:00,6810.25,6811.25,6805.5,6810.0,1065
2025-12-15 19:20:00,6809.5,6814.75,6808.75,6813.5,448
2025-12-15 19:25:00,6813.0,6816.25,6813.0,6815.0,229
2025-12-15 19:30:00,6815.0,6816.75,6812.75,6813.5,279
2025-12-15 19:35:00,6813.75,6813.75,6809.0,6809.75,240
2025-12-15 19:40:00,6809.5,6813.25,6809.25,6811.5,272
2025-12-15 19:45:00,6811.0,6813.75,6811.0,6811.25,340
2025-12-15 19:50:00,6811.5,6812.0,6809.25,6809.5,555
2025-12-15 19:55:00,6809.5,6809.5,6807.75,6808.0,187
2025-12-15 20:00:00,6808.25,6809.5,6805.25,6807.75,602
2025-12-15 20:05:00,6808.5,6810.25,6807.0,6809.0,381
2025-12-15 20:10:00,6809.25,6812.25,6808.0,6809.0,504
2025-12-15 20:15:00,6808.25,6811.5,6808.25,6809.5,258
2025-12-15 20:20:00,6809.5,6811.0,6809.25,6809.75,211
2025-12-15 20:25:00,6809.25,6810.25,6808.0,6808.75,358
2025-12-15 20:30:00,6808.5,6810.0,6802.5,6802.75,860
2025-12-15 20:35:00,6802.5,6802.5,6783.25,6784.5,4306
2025-12-15 20:40:00,6784.5,6788.0,6780.5,6782.25,4087
2025-12-15 20:45:00,6782.0,6787.0,6781.0,6784.25,958
2025-12-15 20:50:00,6784.25,6791.5,6784.25,6790.0,716
2025-12-15 20:55:00,6790.0,6791.5,6787.25,6789.25,426
2025-12-15 21:00:00,6789.25,6789.5,6784.75,6785.75,697
2025-12-15 21:05:00,6785.75,6790.75,6785.5,6788.75,514
2025-12-15 21:10:00,6788.5,6793.0,6788.5,6792.0,675
2025-12-15 21:15:00,6791.5,6792.25,6788.75,6790.0,302
2025-12-15 21:20:00,6790.0,6790.75,6788.75,6789.25,191
2025-12-15 21:25:00,6789.5,6795.25,6789.0,6793.5,444
2025-12-15 21:30:00,6793.25,6793.75,6789.0,6790.75,280
2025-12-15 21:35:00,6790.0,6790.5,6787.0,6788.0,408
2025-12-15 21:40:00,6788.0,6790.25,6785.5,6790.0,319
2025-12-15 21:45:00,6790.5,6791.75,6790.0,6790.5,372
2025-12-15 21:50:00,6790.0,6790.75,6788.5,6789.5,199
2025-12-15 21:55:00,6789.75,6790.5,6787.0,6789.0,282
2025-12-15 22:00:00,6789.0,6791.75,6787.25,6791.0,332
2025-12-15 22:05:00,6790.75,6791.0,6788.0,6789.5,212
2025-12-15 22:10:00,6789.0,6789.0,6785.25,6787.0,531
2025-12-15 22:15:00,6786.5,6789.25,6786.5,6789.25,331
2025-12-15 22:20:00,6789.5,6789.75,6788.25,6788.25,125
2025-12-15 22:25:00,6788.5,6788.5,6784.0,6786.5,551
2025-12-15 22:30:00,6787.0,6787.0,6781.5,6784.75,268
2025-12-15 22:35:00,6785.0,6788.5,6784.75,6784.75,212
2025-12-15 22:40:00,6784.75,6787.0,6784.25,6786.0,283
2025-12-15 22:45:00,6786.5,6791.25,6786.5,6790.75,189
2025-12-15 22:50:00,6790.75,6794.0,6790.75,6794.0,234
2025-12-15 22:55:00,6794.0,6794.25,6792.25,6792.5,189
2025-12-15 23:00:00,6792.75,6793.0,6788.5,6789.75,250
2025-12-15 23:05:00,6789.75,6790.25,6786.0,6786.5,167
2025-12-15 23:10:00,6786.5,6789.0,6786.25,6788.0,156
2025-12-15 23:15:00,6787.75,6789.25,6786.75,6788.0,215
2025-12-15 23:20:00,6788.25,6790.0,6787.75,6789.75,192
2025-12-15 23:25:00,6790.25,6791.0,6789.25,6790.0,102
2025-12-15 23:30:00,6790.0,6791.0,6789.5,6791.0,183
2025-12-15 23:35:00,6791.0,6794.5,6790.75,6792.25,296
2025-12-15 23:40:00,6793.0,6793.75,6792.0,6793.5,272
2025-12-15 23:45:00,6793.75,6795.75,6793.75,6794.75,226
2025-12-15 23:50:00,6795.0,6795.25,6794.25,6794.25,69
2025-12-15 23:55:00,6794.25,6794.25,6793.0,6793.5,122
2025-12-16 00:05:00,6791.5,6791.75,6791.0,6791.0,225
2025-12-16 00:10:00,6791.25,6791.5,6788.75,6789.5,418
2025-12-16 00:15:00,6789.75,6792.0,6788.75,6791.75,299
2025-12-16 00:20:00,6791.75,6792.25,6789.0,6790.5,441
2025-12-16 00:25:00,6790.5,6791.25,6788.75,6788.75,134
2025-12-16 00:30:00,6788.25,6788.25,6786.0,6786.0,135
2025-12-16 00:35:00,6786.0,6789.25,6785.75,6788.25,530
2025-12-16 00:40:00,6788.0,6788.25,6784.75,6785.5,498
2025-12-16 00:45:00,6785.5,6787.5,6784.75,6785.0,330
2025-12-16 00:50:00,6785.25,6785.5,6782.5,6782.5,269
2025-12-16 00:55:00,6782.25,6782.25,6780.25,6781.25,574
2025-12-16 01:00:00,6781.5,6782.75,6780.0,6782.5,578
2025-12-16 01:05:00,6782.5,6785.25,6782.25,6783.5,600
2025-12-16 01:10:00,6783.5,6785.5,6782.25,6783.75,351
2025-12-16 01:15:00,6783.5,6784.5,6781.75,6782.5,170
2025-12-16 01:20:00,6782.0,6783.5,6781.5,6783.0,115
2025-12-16 01:25:00,6783.0,6784.5,6782.75,6783.5,221
2025-12-16 01:30:00,6783.25,6784.0,6781.5,6782.5,236
2025-12-16 01:35:00,6782.5,6782.75,6780.75,6781.0,207
2025-12-16 01:40:00,6781.0,6782.5,6780.75,6782.25,97
2025-12-16 01:45:00,6781.75,6783.75,6781.75,6782.0,362
2025-12-16 01:50:00,6782.25,6784.25,6782.25,6783.5,442
2025-12-16 01:55:00,6783.5,6785.25,6783.5,6785.0,258
2025-12-16 02:00:00,6785.25,6787.75,6784.25,6786.75,524
2025-12-16 02:05:00,6786.75,6787.0,6784.5,6785.0,184
2025-12-16 02:10:00,6784.75,6785.25,6783.5,6783.75,130
2025-12-16 02:15:00,6784.0,6786.5,6783.5,6785.75,214
2025-12-16 02:20:00,6785.75,6787.75,6784.5,6787.25,635
2025-12-16 02:25:00,6787.0,6788.25,6786.25,6786.25,483
2025-12-16 02:30:00,6786.25,6786.25,6784.5,6784.5,217
2025-12-16 02:35:00,6784.5,6785.25,6779.0,6781.0,989
2025-12-16 02:40:00,6781.0,6782.0,6775.25,6776.25,700
2025-12-16 02:45:00,6776.25,6783.25,6776.25,6783.0,450
2025-12-16 02:50:00,6782.75,6783.5,6781.0,6782.0,510
2025-12-16 02:55:00,6781.0,6787.0,6781.0,6784.75,717
2025-12-16 03:00:00,6784.75,6789.75,6784.0,6788.5,1072
2025-12-16 03:05:00,6788.5,6791.5,6786.75,6791.0,1301
2025-12-16 03:10:00,6791.0,6791.75,6787.75,6790.25,1201
2025-12-16 03:15:00,6790.5,6793.25,6789.0,6793.0,718
2025-12-16 03:20:00,6792.75,6793.75,6789.0,6793.5,1196
2025-12-16 03:25:00,6793.5,6796.5,6792.5,6795.25,819
2025-12-16 03:30:00,6795.0,6853.25,6793.0,6851.25,54639
2025-12-16 03:35:00,6851.0,6853.25,6792.75,6851.0,1244
2025-12-16 03:40:00,6793.5,6854.75,6793.0,6854.5,957
2025-12-16 03:45:00,6797.25,6857.75,6797.25,6800.0,2087
2025-12-16 03:50:00,6799.75,6857.75,6798.0,6799.5,0
2025-12-16 03:55:00,6799.25,6857.75,6797.75,6857.0,57910
2025-12-16 04:00:00,6799.25,6857.0,6796.5,6856.75,1816
2025-12-16 04:05:00,6856.75,6858.25,6798.75,6858.0,1621
2025-12-16 04:10:00,6800.5,6861.0,6799.5,6860.75,2194
2025-12-16 04:15:00,6803.0,6861.0,6800.75,6860.75,1948
2025-12-16 04:20:00,6860.5,6861.0,6801.0,6802.25,0
2025-12-16 04:25:00,6802.0,6860.0,6800.25,6858.5,61428
2025-12-16 04:30:00,6858.75,6860.75,6800.25,6860.25,1283
2025-12-16 04:35:00,6802.0,6860.0,6799.0,6799.0,0
2025-12-16 04:40:00,6799.0,6857.75,6797.25,6856.25,64669
2025-12-16 04:45:00,6856.0,6857.0,6795.75,6795.75,0
2025-12-16 04:50:00,6796.0,6853.75,6791.75,6792.0,1136
2025-12-16 04:55:00,6791.75,6850.75,6789.0,6850.5,67633
2025-12-16 05:00:00,6850.5,6853.0,6789.75,6795.25,0
2025-12-16 05:05:00,6852.75,6853.75,6793.75,6852.75,68056
2025-12-16 05:10:00,6852.75,6856.25,6794.75,6856.0,1417
2025-12-16 05:15:00,6798.5,6860.75,6798.25,6858.25,2302
2025-12-16 05:20:00,6858.5,6861.0,6799.75,6803.25,0
2025-12-16 05:25:00,6803.0,6862.5,6803.0,6861.5,71268
2025-12-16 05:30:00,6804.0,6862.5,6802.25,6860.0,2532
2025-12-16 05:35:00,6859.75,6866.5,6801.25,6866.25,7097
2025-12-16 05:40:00,6866.0,6869.0,6807.75,6810.75,0
2025-12-16 05:45:00,6810.75,6870.0,6807.5,6865.75,76243
2025-12-16 05:50:00,6865.75,6867.0,6805.75,6863.75,1429
2025-12-16 05:55:00,6863.5,6865.75,6804.25,6864.5,1723
2025-12-16 06:00:00,6864.25,6866.25,6805.25,6864.5,1934
2025-12-16 06:05:00,6864.25,6864.5,6804.5,6806.0,0
2025-12-16 06:10:00,6864.25,6865.0,6805.0,6864.75,76411
2025-12-16 06:15:00,6864.75,6865.0,6804.75,6864.0,984
2025-12-16 06:20:00,6864.0,6864.25,6804.5,6864.0,1617
2025-12-16 06:25:00,6805.75,6864.75,6805.25,6864.75,1688
2025-12-16 06:30:00,6865.0,6865.75,6804.75,6865.0,2066
2025-12-16 06:35:00,6865.0,6868.5,6806.25,6868.25,2223
2025-12-16 06:40:00,6810.25,6869.75,6809.5,6869.0,1248
2025-12-16 06:45:00,6811.0,6869.25,6810.0,6868.75,1797
2025-12-16 06:50:00,6868.75,6871.5,6809.5,6813.5,0
2025-12-16 06:55:00,6813.5,6873.75,6813.0,6816.0,2178
2025-12-16 07:00:00,6816.25,6874.0,6813.5,6872.75,83197
2025-12-16 07:05:00,6873.0,6874.5,6815.0,6873.0,1902
2025-12-16 07:10:00,6815.25,6878.0,6815.25,6877.0,3616
2025-12-16 07:15:00,6877.0,6879.0,6819.25,6877.5,3360
2025-12-16 07:20:00,6819.5,6878.0,6817.75,6875.5,3854
2025-12-16 07:25:00,6875.5,6876.5,6817.25,6876.25,1886
2025-12-16 07:30:00,6818.25,6877.75,6818.0,6820.0,0
2025-12-16 07:35:00,6819.75,6878.0,6817.75,6876.25,89104
2025-12-16 07:40:00,6876.25,6879.75,6818.5,6876.5,5776
2025-12-16 07:45:00,6876.5,6877.75,6816.75,6817.75,0
2025-12-16 07:50:00,6817.75,6878.75,6817.5,6877.0,95952
2025-12-16 07:55:00,6876.75,6877.5,6816.75,6817.0,0
2025-12-16 08:00:00,6874.5,6876.25,6814.25,6814.75,2862
2025-12-16 08:05:00,6814.5,6872.5,6813.0,6871.25,98161
2025-12-16 08:10:00,6871.0,6873.0,6811.25,6872.5,3541
2025-12-16 08:15:00,6872.5,6874.5,6810.75,6872.5,0
2025-12-16 08:20:00,6815.0,6876.5,6812.75,6875.75,103239
2025-12-16 08:25:00,6876.0,6878.0,6812.25,6872.75,2890
2025-12-16 08:30:00,6872.75,6892.0,6815.5,6885.25,15257
2025-12-16 08:35:00,6885.25,6885.25,6814.25,6875.25,10520
2025-12-16 08:40:00,6817.75,6878.75,6811.75,6811.75,0
2025-12-16 08:45:00,6812.0,6876.75,6811.75,6814.5,4875
2025-12-16 08:50:00,6814.75,6873.0,6807.25,6866.5,130017
2025-12-16 08:55:00,6866.25,6871.0,6808.25,6867.75,11283
2025-12-16 09:00:00,6867.75,6869.0,6805.25,6811.5,0
2025-12-16 09:05:00,6811.25,6871.25,6810.0,6867.25,142719
2025-12-16 09:10:00,6810.75,6869.25,6809.75,6868.0,6910
2025-12-16 09:15:00,6868.0,6874.25,6811.25,6871.0,8061
2025-12-16 09:20:00,6870.75,6871.0,6810.0,6812.0,0
2025-12-16 09:25:00,6812.0,6868.75,6804.0,6805.0,5216
2025-12-16 09:30:00,6805.25,6874.5,6801.5,6808.75,30321
2025-12-16 09:35:00,6808.75,6874.5,6805.5,6864.0,230784
2025-12-16 09:40:00,6864.0,6865.0,6794.25,6856.25,35928
2025-12-16 09:45:00,6856.25,6869.75,6789.75,6866.0,51244
2025-12-16 09:50:00,6866.0,6879.5,6808.75,6868.0,51587
2025-12-16 09:55:00,6868.0,6879.5,6809.0,6820.5,0
2025-12-16 10:00:00,6821.0,6880.5,6803.25,6868.0,353021
2025-12-16 10:05:00,6868.0,6878.25,6807.75,6865.75,40130
2025-12-16 10:10:00,6865.75,6867.25,6802.75,6862.0,35184
2025-12-16 10:15:00,6862.25,6864.25,6793.0,6852.25,36212
2025-12-16 10:20:00,6852.25,6853.5,6784.75,6841.5,43528
2025-12-16 10:25:00,6841.5,6847.25,6777.0,6789.5,45867
2025-12-16 10:30:00,6789.75,6855.5,6788.0,6850.0,37045
2025-12-16 10:35:00,6850.25,6854.75,6783.25,6847.25,31306
2025-12-16 10:40:00,6847.25,6850.75,6783.0,6849.5,34708
2025-12-16 10:45:00,6794.0,6858.5,6793.5,6853.5,27437
2025-12-16 10:50:00,6853.25,6860.0,6788.5,6802.25,29305
2025-12-16 10:55:00,6802.25,6863.0,6797.0,6803.0,0
2025-12-16 11:00:00,6802.75,6862.0,6797.5,6855.25,606480
2025-12-16 11:05:00,6855.25,6857.25,6792.25,6795.0,0
2025-12-16 11:10:00,6795.25,6852.75,6787.25,6846.0,635185
2025-12-16 11:15:00,6845.75,6847.0,6781.25,6843.25,37980
2025-12-16 11:20:00,6843.25,6845.0,6782.5,6783.75,0
2025-12-16 11:25:00,6783.75,6841.25,6780.75,6840.0,685982
2025-12-16 11:30:00,6784.0,6845.0,6780.25,6787.5,0
2025-12-16 11:35:00,6787.75,6845.75,6778.75,6841.25,712225
2025-12-16 11:40:00,6785.75,6842.5,6779.5,6786.25,0
2025-12-16 11:45:00,6842.0,6848.75,6783.0,6792.25,9360
2025-12-16 11:50:00,6792.75,6853.5,6784.75,6843.5,755537
2025-12-16 11:55:00,6843.5,6853.25,6787.0,6851.5,20172
2025-12-16 12:00:00,6851.5,6856.25,6792.5,6798.5,0
2025-12-16 12:05:00,6798.25,6856.0,6792.5,6848.5,789082
2025-12-16 12:10:00,6848.5,6855.0,6787.25,6798.5,0
2025-12-16 12:15:00,6798.5,6857.75,6797.25,6854.5,807160
2025-12-16 12:20:00,6854.75,6855.5,6791.25,6847.75,9998
2025-12-16 12:25:00,6847.75,6847.75,6782.75,6786.25,0
2025-12-16 12:30:00,6786.25,6848.75,6785.5,6848.0,836963
2025-12-16 12:35:00,6848.25,6851.25,6782.0,6784.25,0
2025-12-16 12:40:00,6784.25,6840.0,6775.5,6835.0,861886
2025-12-16 12:45:00,6835.0,6839.25,6777.75,6834.25,13367
2025-12-16 12:50:00,6834.0,6834.25,6773.75,6831.25,13585
2025-12-16 12:55:00,6776.25,6832.75,6767.0,6823.5,27544
2025-12-16 13:00:00,6823.5,6827.0,6762.0,6826.5,32399
2025-12-16 13:05:00,6826.25,6827.5,6762.75,6770.0,0
2025-12-16 13:10:00,6769.75,6828.25,6764.5,6827.75,934473
2025-12-16 13:15:00,6827.75,6828.25,6766.0,6823.0,11329
2025-12-16 13:20:00,6822.75,6828.0,6765.5,6827.75,8378
2025-12-16 13:25:00,6827.75,6829.5,6766.75,6823.25,14728
2025-12-16 13:30:00,6768.25,6833.75,6768.25,6778.0,0
2025-12-16 13:35:00,6778.0,6840.75,6777.0,6783.75,980507
2025-12-16 13:40:00,6783.5,6847.5,6783.5,6846.5,0
2025-12-16 13:45:00,6791.0,6851.75,6790.0,6849.75,1005640
2025-12-16 13:50:00,6850.0,6854.5,6789.5,6846.0,18459
2025-12-16 13:55:00,6790.25,6848.5,6788.75,6846.5,14199
2025-12-16 14:00:00,6846.5,6846.75,6777.25,6832.75,20093
2025-12-16 14:05:00,6832.5,6836.5,6775.75,6835.0,18735
2025-12-16 14:10:00,6780.0,6836.25,6772.5,6828.75,16926
2025-12-16 14:15:00,6828.75,6830.25,6771.0,6826.25,13498
2025-12-16 14:20:00,6826.25,6834.0,6771.0,6831.25,13509
2025-12-16 14:25:00,6831.25,6838.0,6771.75,6837.5,19960
2025-12-16 14:30:00,6837.75,6842.75,6781.5,6787.0,0
2025-12-16 14:35:00,6786.75,6846.5,6785.0,6842.5,1108707
2025-12-16 14:40:00,6787.5,6849.0,6784.5,6846.75,14465
2025-12-16 14:45:00,6791.5,6848.25,6787.0,6845.75,16587
2025-12-16 14:50:00,6845.75,6853.5,6789.5,6849.25,17300
2025-12-16 14:55:00,6794.0,6849.5,6790.25,6791.75,0
2025-12-16 15:00:00,6791.75,6855.0,6790.25,6854.75,1157556
2025-12-16 15:05:00,6854.5,6857.25,6796.25,6855.75,15929
2025-12-16 15:10:00,6800.25,6857.5,6795.25,6795.25,0
2025-12-16 15:15:00,6795.5,6854.75,6794.75,6798.75,3529
2025-12-16 15:20:00,6799.0,6860.0,6798.0,6859.75,1182112
2025-12-16 15:25:00,6804.5,6860.0,6802.0,6859.5,12856
2025-12-16 15:30:00,6859.25,6867.75,6803.75,6865.75,22304
2025-12-16 15:35:00,6810.25,6873.25,6810.0,6813.0,0
2025-12-16 15:40:00,6813.25,6870.5,6810.25,6812.25,7161
2025-12-16 15:45:00,6812.0,6868.5,6806.0,6865.0,1228861
2025-12-16 15:50:00,6864.75,6871.25,6809.25,6866.5,26304
2025-12-16 15:55:00,6866.25,6871.75,6799.75,6855.5,85711
2025-12-16 16:00:00,6855.5,6857.25,6797.0,6855.0,33198
2025-12-16 16:05:00,6800.0,6856.25,6798.25,6855.5,6325
2025-12-16 16:10:00,6855.75,6855.75,6796.0,6853.0,5748
2025-12-16 16:15:00,6853.0,6853.25,6793.25,6793.75,0
2025-12-16 16:20:00,6793.75,6849.0,6790.0,6847.0,1310726
2025-12-16 16:25:00,6847.25,6850.0,6791.75,6794.25,0
2025-12-16 16:30:00,6849.0,6850.0,6793.5,6849.75,1312076
2025-12-16 16:35:00,6850.0,6851.25,6794.5,6794.75,0
2025-12-16 16:40:00,6795.0,6852.5,6795.0,6797.0,230
2025-12-16 16:45:00,6796.75,6852.0,6795.0,6796.0,366
2025-12-16 16:50:00,6795.75,6852.0,6795.75,6851.75,1314337
2025-12-16 16:55:00,6851.75,6852.0,6792.0,6848.0,2151
2025-12-16 18:00:00,6796.0,6856.0,6792.0,6846.5,0
2025-12-16 18:05:00,6846.5,6847.25,6787.5,6846.0,893
2025-12-16 18:10:00,6846.25,6847.5,6788.75,6792.75,0
2025-12-16 18:15:00,6792.75,6849.25,6791.25,6846.5,2199
2025-12-16 18:20:00,6846.5,6849.5,6790.5,6794.5,0
2025-12-16 18:25:00,6849.25,6850.75,6793.5,6795.25,226
2025-12-16 18:30:00,6850.5,6853.25,6793.25,6853.0,3118
2025-12-16 18:35:00,6798.0,6855.0,6795.25,6851.0,921
2025-12-16 18:40:00,6796.0,6854.5,6794.5,6854.25,587
2025-12-16 18:45:00,6854.25,6854.25,6793.75,6849.25,533
2025-12-16 18:50:00,6849.0,6849.25,6791.25,6848.25,646
2025-12-16 18:55:00,6793.0,6848.25,6789.5,6790.25,0
2025-12-16 19:00:00,6790.0,6845.25,6783.25,6783.5,345
2025-12-16 19:05:00,6783.25,6842.25,6780.0,6841.0,7620
2025-12-16 19:10:00,6786.0,6845.25,6783.25,6785.25,0
2025-12-16 19:15:00,6785.5,6845.75,6783.75,6842.25,8887
2025-12-16 19:20:00,6842.5,6844.0,6784.25,6841.25,656
2025-12-16 19:25:00,6786.5,6844.0,6786.25,6842.75,509
2025-12-16 19:30:00,6843.0,6843.75,6783.75,6841.0,676
2025-12-16 19:35:00,6840.75,6844.5,6784.75,6789.25,0
2025-12-16 19:40:00,6789.5,6847.5,6788.25,6843.75,11193
2025-12-16 19:45:00,6788.5,6847.5,6788.5,6844.5,656
2025-12-16 19:50:00,6844.5,6848.5,6787.75,6846.5,796
2025-12-16 19:55:00,6791.5,6847.0,6786.75,6843.5,739
2025-12-16 20:00:00,6843.5,6852.5,6788.5,6851.0,1701
2025-12-16 20:05:00,6796.0,6853.5,6795.5,6851.0,924
2025-12-16 20:10:00,6796.25,6852.25,6795.0,6851.5,540
2025-12-16 20:15:00,6851.75,6852.25,6791.25,6847.75,1172
2025-12-16 20:20:00,6847.5,6849.5,6792.0,6849.0,627
2025-12-16 20:25:00,6849.0,6853.75,6793.5,6849.75,1154
2025-12-16 20:30:00,6849.75,6852.25,6794.25,6850.0,694
2025-12-16 20:35:00,6850.0,6852.0,6790.5,6845.75,791
2025-12-16 20:40:00,6845.75,6853.5,6790.25,6851.5,890
2025-12-16 20:45:00,6796.5,6853.5,6795.75,6795.75,0
2025-12-16 20:50:00,6851.25,6851.5,6792.25,6849.25,19462
2025-12-16 20:55:00,6793.75,6855.75,6793.75,6800.25,0
2025-12-16 21:00:00,6800.25,6855.75,6795.75,6852.25,20571
2025-12-16 21:05:00,6852.25,6853.0,6793.75,6850.25,719
2025-12-16 21:10:00,6850.5,6852.0,6794.75,6850.25,504
2025-12-16 21:15:00,6850.25,6852.5,6794.25,6851.5,684
2025-12-16 21:20:00,6851.25,6853.25,6795.0,6850.5,886
2025-12-16 21:25:00,6850.5,6855.0,6795.5,6854.75,817
2025-12-16 21:30:00,6854.75,6856.75,6797.0,6852.5,842
2025-12-16 21:35:00,6852.5,6856.0,6797.5,6856.0,590
2025-12-16 21:40:00,6856.0,6856.75,6799.5,6855.5,448
2025-12-16 21:45:00,6800.25,6856.75,6799.75,6856.5,452
2025-12-16 21:50:00,6856.25,6856.75,6800.25,6800.25,0
2025-12-16 21:55:00,6855.25,6855.25,6798.25,6854.75,25157
2025-12-16 22:00:00,6800.0,6856.0,6798.75,6855.75,481
2025-12-16 22:05:00,6855.5,6856.25,6800.0,6855.5,418
2025-12-16 22:10:00,6855.5,6855.75,6799.0,6855.0,483
2025-12-16 22:15:00,6854.75,6856.75,6799.75,6855.25,539
2025-12-16 22:20:00,6855.5,6857.0,6800.75,6855.5,592
2025-12-16 22:25:00,6855.5,6857.25,6800.25,6856.5,466
2025-12-16 22:30:00,6856.5,6856.75,6799.5,6856.0,444
2025-12-16 22:35:00,6855.75,6856.0,6798.5,6854.5,520
2025-12-16 22:40:00,6854.5,6856.5,6799.5,6855.5,401
2025-12-16 22:45:00,6855.75,6856.25,6800.25,6855.25,301
2025-12-16 22:50:00,6855.0,6855.25,6797.5,6852.5,726
2025-12-16 22:55:00,6852.75,6853.5,6795.75,6851.75,681
2025-12-16 23:00:00,6797.25,6854.75,6796.75,6854.25,462
2025-12-16 23:05:00,6854.5,6856.0,6798.75,6853.75,460
2025-12-16 23:10:00,6799.25,6854.5,6798.75,6853.75,449
2025-12-16 23:15:00,6799.25,6854.0,6796.5,6851.5,476
2025-12-16 23:20:00,6851.5,6851.5,6795.0,6851.0,647
2025-12-16 23:25:00,6850.75,6850.75,6792.75,6849.0,637
2025-12-16 23:30:00,6794.5,6849.75,6793.25,6793.25,0
2025-12-16 23:35:00,6847.75,6848.5,6792.0,6792.75,220
2025-12-16 23:40:00,6847.5,6848.0,6791.5,6846.75,32318
2025-12-16 23:45:00,6792.25,6847.75,6791.75,6847.75,427
2025-12-16 23:50:00,6793.25,6847.75,6792.5,6847.0,321
2025-12-16 23:55:00,6847.0,6849.25,6792.25,6792.25,0
2025-12-17 00:05:00,6847.0,6847.25,6792.5,6792.75,435
2025-12-17 00:10:00,6847.5,6849.5,6792.25,6793.0,160
2025-12-17 00:15:00,6847.5,6848.25,6791.25,6793.0,124
2025-12-17 00:20:00,6847.5,6847.5,6791.0,6791.0,141
2025-12-17 00:25:00,6845.25,6845.75,6789.5,6845.25,35547
2025-12-17 00:30:00,6791.25,6848.75,6790.75,6847.0,540
2025-12-17 00:35:00,6846.75,6849.5,6792.5,6849.5,341
2025-12-17 00:40:00,6849.5,6852.75,6795.0,6852.25,676
2025-12-17 00:45:00,6852.5,6853.25,6798.0,6853.0,588
2025-12-17 00:50:00,6853.0,6854.0,6798.0,6852.5,637
2025-12-17 00:55:00,6852.75,6853.25,6797.5,6853.0,455
2025-12-17 01:00:00,6852.75,6857.25,6798.5,6856.25,1218
2025-12-17 01:05:00,6856.25,6857.5,6801.25,6802.75,0
2025-12-17 01:10:00,6857.25,6862.0,6802.75,6862.0,39795
2025-12-17 01:15:00,6807.5,6863.5,6807.0,6863.25,1008
2025-12-17 01:20:00,6863.0,6863.0,6805.5,6807.25,0
2025-12-17 01:25:00,6861.5,6862.0,6804.75,6862.0,41531
2025-12-17 01:30:00,6861.75,6864.0,6805.0,6805.25,0
2025-12-17 01:35:00,6805.0,6861.25,6804.75,6860.25,42307
2025-12-17 01:40:00,6860.5,6862.75,6805.75,6862.5,396
2025-12-17 01:45:00,6862.5,6863.25,6808.0,6863.0,308
2025-12-17 01:50:00,6862.75,6862.75,6806.5,6861.5,450
2025-12-17 01:55:00,6861.5,6861.5,6804.75,6805.25,0
2025-12-17 02:00:00,6805.5,6861.25,6804.0,6806.0,182
2025-12-17 02:05:00,6860.5,6863.5,6805.75,6863.5,44749
2025-12-17 02:10:00,6863.5,6867.5,6808.5,6865.75,1342
2025-12-17 02:15:00,6865.5,6866.0,6807.75,6808.0,0
2025-12-17 02:20:00,6862.25,6866.5,6807.75,6862.75,47356
2025-12-17 02:25:00,6862.75,6863.0,6805.75,6808.0,0
2025-12-17 02:30:00,6862.0,6864.25,6807.25,6862.5,48428
2025-12-17 02:35:00,6862.0,6862.5,6805.25,6860.25,577
2025-12-17 02:40:00,6860.5,6861.25,6805.25,6861.0,757
2025-12-17 02:45:00,6861.0,6864.0,6806.5,6864.0,810
2025-12-17 02:50:00,6864.0,6864.0,6807.0,6862.25,677
2025-12-17 02:55:00,6808.0,6866.0,6808.0,6862.5,0
2025-12-17 03:00:00,6808.25,6863.5,6803.5,6807.0,509
2025-12-17 03:05:00,6861.5,6864.0,6805.25,6805.5,322
2025-12-17 03:10:00,6805.25,6863.25,6804.5,6862.25,54099
2025-12-17 03:15:00,6862.0,6865.0,6807.25,6808.5,0
2025-12-17 03:20:00,6808.75,6863.5,6805.5,6863.0,55921
2025-12-17 03:25:00,6863.0,6864.75,6805.25,6863.75,1151
2025-12-17 03:30:00,6809.0,6866.25,6807.75,6863.0,1322
2025-12-17 03:35:00,6862.75,6867.0,6808.0,6811.25,0
2025-12-17 03:40:00,6811.25,6866.75,6809.25,6866.25,58291
2025-12-17 03:45:00,6866.5,6869.25,6811.0,6866.25,1336
2025-12-17 03:50:00,6866.5,6868.25,6807.75,6862.75,1345
2025-12-17 03:55:00,6863.0,6865.25,6806.25,6809.5,0
2025-12-17 04:00:00,6809.5,6866.25,6807.75,6865.0,62377
2025-12-17 04:05:00,6864.75,6865.75,6807.75,6863.5,1812
2025-12-17 04:10:00,6863.5,6866.5,6806.75,6866.25,2393
2025-12-17 04:15:00,6811.0,6871.0,6811.0,6870.0,2725
2025-12-17 04:20:00,6870.25,6871.75,6813.5,6871.25,2431
2025-12-17 04:25:00,6816.0,6871.75,6811.25,6869.5,1668
2025-12-17 04:30:00,6869.5,6871.5,6813.0,6871.25,1354
2025-12-17 04:35:00,6871.25,6872.5,6814.5,6872.0,1637
2025-12-17 04:40:00,6872.0,6874.75,6816.25,6874.0,1309
2025-12-17 04:45:00,6874.0,6876.0,6818.5,6876.0,1025
2025-12-17 04:50:00,6876.0,6877.75,6818.75,6876.75,2504
2025-12-17 04:55:00,6876.75,6877.5,6820.0,6820.0,0
2025-12-17 05:00:00,6819.75,6876.5,6819.25,6876.25,73459
2025-12-17 05:05:00,6876.0,6877.75,6820.0,6822.25,0
2025-12-17 05:10:00,6822.25,6880.5,6821.0,6879.5,74863
2025-12-17 05:15:00,6879.5,6880.75,6822.5,6878.5,1305
2025-12-17 05:20:00,6878.75,6879.25,6821.5,6878.5,1087
2025-12-17 05:25:00,6878.25,6879.5,6822.25,6878.75,897
2025-12-17 05:30:00,6878.75,6882.25,6821.75,6879.75,2584
2025-12-17 05:35:00,6879.75,6880.0,6822.25,6878.75,928
2025-12-17 05:40:00,6879.0,6881.0,6820.5,6879.75,1675
2025-12-17 05:45:00,6880.0,6881.5,6823.0,6825.0,0
2025-12-17 05:50:00,6824.75,6882.25,6823.0,6881.5,81864
2025-12-17 05:55:00,6881.25,6881.75,6824.0,6880.75,1685
2025-12-17 06:00:00,6880.75,6881.25,6823.25,6880.25,1342
2025-12-17 06:05:00,6880.0,6882.0,6823.5,6881.75,1292
2025-12-17 06:10:00,6882.0,6882.5,6820.25,6877.25,1401
2025-12-17 06:15:00,6820.75,6878.25,6820.25,6876.5,1188
2025-12-17 06:20:00,6876.75,6880.25,6820.0,6822.75,0
2025-12-17 06:25:00,6822.75,6879.5,6821.5,6878.0,87067
2025-12-17 06:30:00,6822.0,6880.25,6822.0,6879.75,2089
2025-12-17 06:35:00,6824.0,6881.5,6822.75,6824.0,0
2025-12-17 06:40:00,6880.0,6881.5,6823.75,6880.75,455
2025-12-17 06:45:00,6880.75,6881.0,6822.5,6824.5,694
2025-12-17 06:50:00,6824.25,6882.0,6824.25,6881.0,89647
2025-12-17 06:55:00,6825.25,6881.75,6823.0,6825.25,1080
2025-12-17 07:00:00,6825.25,6881.75,6821.75,6823.5,0
2025-12-17 07:05:00,6879.25,6881.5,6822.0,6879.75,92652
2025-12-17 07:10:00,6824.0,6882.0,6823.25,6825.75,0
2025-12-17 07:15:00,6881.0,6881.25,6823.75,6824.5,361
2025-12-17 07:20:00,6824.5,6880.25,6822.5,6879.5,94367
2025-12-17 07:25:00,6879.75,6880.75,6822.5,6878.0,948
2025-12-17 07:30:00,6822.5,6881.5,6822.25,6826.0,0
2025-12-17 07:35:00,6826.0,6881.75,6825.0,6825.75,898
2025-12-17 07:40:00,6825.5,6881.75,6824.0,6825.5,864
2025-12-17 07:45:00,6825.25,6882.0,6824.5,6881.25,97830
2025-12-17 07:50:00,6825.5,6882.5,6825.25,6881.5,1897
2025-12-17 07:55:00,6825.75,6881.5,6823.0,6878.75,1199
2025-12-17 08:00:00,6878.75,6880.5,6822.75,6879.5,1873
2025-12-17 08:05:00,6823.75,6880.25,6822.5,6823.25,0
2025-12-17 08:10:00,6823.25,6879.75,6814.5,6818.25,3660
2025-12-17 08:15:00,6818.25,6877.75,6811.25,6867.75,115623
2025-12-17 08:20:00,6867.75,6870.5,6807.5,6814.5,0
2025-12-17 08:25:00,6870.0,6873.25,6812.25,6817.75,1725
2025-12-17 08:30:00,6817.5,6873.5,6816.0,6873.25,122313
2025-12-17 08:35:00,6873.25,6873.5,6812.75,6868.5,3531
2025-12-17 08:40:00,6868.25,6872.5,6812.5,6872.5,2059
2025-12-17 08:45:00,6872.5,6873.5,6816.0,6872.5,2453
2025-12-17 08:50:00,6872.25,6872.25,6813.75,6870.75,2828
2025-12-17 08:55:00,6815.5,6880.5,6815.5,6873.75,11878
2025-12-17 09:00:00,6818.5,6877.75,6817.75,6874.25,3993
2025-12-17 09:05:00,6819.0,6876.25,6819.0,6819.5,0
2025-12-17 09:10:00,6874.75,6875.25,6814.5,6869.5,143899
2025-12-17 09:15:00,6814.0,6871.5,6813.25,6870.25,3618
2025-12-17 09:20:00,6870.5,6870.75,6814.0,6869.75,3902
2025-12-17 09:25:00,6869.75,6870.75,6809.5,6865.25,7667
2025-12-17 09:30:00,6865.5,6871.25,6803.5,6864.25,36903
2025-12-17 09:35:00,6864.5,6867.0,6799.25,6854.25,37304
2025-12-17 09:40:00,6854.25,6858.0,6791.25,6850.75,33704
2025-12-17 09:45:00,6850.75,6854.0,6787.0,6851.0,0
2025-12-17 09:50:00,6851.25,6855.75,6792.75,6848.25,286763
2025-12-17 09:55:00,6848.25,6860.25,6790.0,6804.25,0
2025-12-17 10:00:00,6857.75,6860.25,6796.5,6855.5,326169
2025-12-17 10:05:00,6855.5,6862.25,6795.75,6849.75,23723
2025-12-17 10:10:00,6850.0,6855.5,6793.75,6854.0,22230
2025-12-17 10:15:00,6854.0,6855.75,6792.75,6848.0,21847
2025-12-17 10:20:00,6848.0,6858.75,6792.5,6852.75,22586
2025-12-17 10:25:00,6852.5,6858.5,6793.0,6854.5,19848
2025-12-17 10:30:00,6854.25,6857.0,6790.75,6844.25,19259
2025-12-17 10:35:00,6844.25,6845.5,6779.0,6834.25,37163
2025-12-17 10:40:00,6834.0,6837.75,6767.0,6825.0,31233
2025-12-17 10:45:00,6824.75,6828.75,6763.25,6824.0,44233
2025-12-17 10:50:00,6823.75,6826.0,6756.25,6812.0,33713
2025-12-17 10:55:00,6811.75,6813.5,6751.25,6810.0,35917
2025-12-17 11:00:00,6809.75,6816.0,6753.5,6815.0,30502
2025-12-17 11:05:00,6815.0,6821.0,6760.25,6816.25,23251
2025-12-17 11:10:00,6763.0,6819.5,6747.75,6801.5,27435
2025-12-17 11:15:00,6801.25,6813.25,6745.5,6810.0,0
2025-12-17 11:20:00,6809.75,6816.5,6752.25,6811.5,655943
2025-12-17 11:25:00,6811.25,6818.25,6757.25,6757.5,0
2025-12-17 11:30:00,6757.5,6810.75,6747.5,6802.75,685107
2025-12-17 11:35:00,6749.75,6812.0,6746.5,6804.25,21096
2025-12-17 11:40:00,6804.25,6811.0,6747.75,6807.5,20088
2025-12-17 11:45:00,6807.5,6811.75,6747.75,6750.75,0
2025-12-17 11:50:00,6750.5,6806.5,6742.0,6749.25,7699
2025-12-17 11:55:00,6748.75,6806.75,6743.0,6806.25,758197
2025-12-17 12:00:00,6753.25,6809.0,6742.25,6745.0,0
2025-12-17 12:05:00,6744.75,6804.25,6744.5,6797.75,781900
2025-12-17 12:10:00,6745.25,6806.0,6743.5,6797.5,17824
2025-12-17 12:15:00,6797.5,6809.75,6743.25,6805.0,19642
2025-12-17 12:20:00,6752.5,6814.25,6752.25,6814.0,14502
2025-12-17 12:25:00,6761.5,6814.5,6751.5,6805.25,14346
2025-12-17 12:30:00,6805.5,6815.0,6752.25,6808.0,15892
2025-12-17 12:35:00,6808.0,6811.25,6749.75,6802.25,12878
2025-12-17 12:40:00,6802.25,6808.25,6746.0,6799.5,15094
2025-12-17 12:45:00,6799.75,6800.5,6741.25,6798.5,13504
2025-12-17 12:50:00,6798.25,6804.75,6745.0,6746.5,0
2025-12-17 12:55:00,6746.75,6804.25,6746.5,6749.25,1778
2025-12-17 13:00:00,6749.0,6811.25,6749.0,6756.0,3688
2025-12-17 13:05:00,6756.5,6812.5,6754.25,6811.25,906609
2025-12-17 13:10:00,6804.0,6805.0,6797.25,6797.75,18924
2025-12-17 13:15:00,6797.75,6800.25,6794.25,6795.5,17522
2025-12-17 13:20:00,6795.5,6800.75,6793.5,6799.25,10922
2025-12-17 13:25:00,6799.0,6801.0,6795.25,6797.0,8438
2025-12-17 13:30:00,6797.0,6797.25,6793.25,6796.25,8715
2025-12-17 13:35:00,6796.25,6799.5,6791.25,6792.0,11251
2025-12-17 13:40:00,6792.0,6793.0,6783.25,6790.25,23455
2025-12-17 13:45:00,6790.0,6793.25,6785.0,6787.75,12114
2025-12-17 13:50:00,6787.75,6790.0,6784.5,6786.0,13341
2025-12-17 13:55:00,6786.25,6789.5,6785.0,6788.5,10472
2025-12-17 14:00:00,6788.25,6790.5,6783.25,6786.0,11685
2025-12-17 14:05:00,6786.0,6789.5,6785.5,6787.25,10733
2025-12-17 14:10:00,6787.0,6792.25,6785.75,6789.75,11842
2025-12-17 14:15:00,6789.5,6793.5,6789.25,6790.25,10245
2025-12-17 14:20:00,6790.0,6792.5,6786.5,6790.75,10058
2025-12-17 14:25:00,6790.75,6791.75,6786.5,6787.75,9584
2025-12-17 14:30:00,6788.0,6792.0,6785.5,6786.0,11710
2025-12-17 14:35:00,6786.0,6791.0,6785.25,6790.25,10541
2025-12-17 14:40:00,6790.25,6792.25,6788.25,6790.25,10697
2025-12-17 14:45:00,6790.25,6792.75,6789.25,6791.75,9162
2025-12-17 14:50:00,6792.0,6795.5,6789.5,6794.5,12969
2025-12-17 14:55:00,6794.5,6796.25,6793.0,6794.5,11416
2025-12-17 15:00:00,6794.5,6796.5,6788.75,6789.5,14566
2025-12-17 15:05:00,6789.5,6791.0,6787.25,6789.0,12122
2025-12-17 15:10:00,6789.25,6792.5,6788.25,6790.75,10868
2025-12-17 15:15:00,6790.75,6795.75,6790.75,6792.0,12908
2025-12-17 15:20:00,6792.25,6793.5,6791.5,6792.75,10470
2025-12-17 15:25:00,6792.75,6792.75,6785.5,6788.5,15729
2025-12-17 15:30:00,6788.5,6791.0,6782.5,6788.5,16562
2025-12-17 15:35:00,6788.25,6788.75,6785.0,6785.5,15381
2025-12-17 15:40:00,6785.5,6792.25,6785.0,6791.25,16580
2025-12-17 15:45:00,6791.25,6793.25,6788.25,6793.0,16831
2025-12-17 15:50:00,6793.25,6793.75,6779.5,6781.25,37344
2025-12-17 15:55:00,6781.5,6782.25,6775.5,6776.75,102309
2025-12-17 16:00:00,6776.75,6785.5,6776.75,6784.25,39202
2025-12-17 16:05:00,6784.25,6791.0,6784.0,6791.0,9291
2025-12-17 16:10:00,6790.75,6795.0,6790.25,6794.5,7362
2025-12-17 16:15:00,6794.5,6794.75,6792.5,6792.75,3186
2025-12-17 16:20:00,6792.75,6793.5,6789.5,6790.25,2301
2025-12-17 16:25:00,6790.0,6790.5,6788.25,6788.75,2689
2025-12-17 16:30:00,6788.75,6790.75,6787.0,6787.75,1578
2025-12-17 16:35:00,6788.0,6788.5,6786.0,6787.0,1535
2025-12-17 16:40:00,6786.75,6788.5,6786.75,6787.75,1051
2025-12-17 16:45:00,6787.75,6790.75,6787.5,6790.5,2058
2025-12-17 16:50:00,6790.75,6792.25,6789.75,6791.0,1746
2025-12-17 16:55:00,6791.0,6792.25,6783.75,6786.5,2492
2025-12-17 18:00:00,6792.0,6793.0,6789.5,6790.25,0
2025-12-17 18:05:00,6790.5,6791.25,6785.5,6786.25,1198
2025-12-17 18:10:00,6786.25,6787.5,6785.5,6787.25,772
2025-12-17 18:15:00,6787.5,6788.25,6785.25,6786.0,754
2025-12-17 18:20:00,6786.0,6786.0,6784.75,6785.0,681
2025-12-17 18:25:00,6785.0,6787.75,6782.0,6787.75,915
2025-12-17 18:30:00,6787.5,6789.25,6785.25,6787.0,970
2025-12-17 18:35:00,6787.25,6789.5,6787.0,6788.75,500
2025-12-17 18:40:00,6788.5,6791.75,6788.25,6790.5,548
2025-12-17 18:45:00,6790.25,6790.25,6787.0,6787.5,488
2025-12-17 18:50:00,6787.5,6787.75,6782.0,6783.0,775
2025-12-17 18:55:00,6783.0,6783.5,6780.25,6782.25,931
2025-12-17 19:00:00,6782.5,6784.75,6777.5,6780.25,1873
2025-12-17 19:05:00,6780.5,6783.5,6776.0,6779.5,1929
2025-12-17 19:10:00,6779.75,6786.0,6778.25,6784.5,1339
2025-12-17 19:15:00,6784.25,6791.0,6783.0,6786.75,3195
2025-12-17 19:20:00,6786.75,6789.0,6784.5,6787.5,1572
2025-12-17 19:25:00,6787.25,6789.0,6784.5,6784.5,626
2025-12-17 19:30:00,6784.25,6788.5,6784.0,6784.75,1159
2025-12-17 19:35:00,6784.75,6785.75,6782.0,6785.0,861
2025-12-17 19:40:00,6784.75,6786.25,6783.5,6783.75,548
2025-12-17 19:45:00,6783.75,6791.75,6783.75,6790.75,1598
2025-12-17 19:50:00,6790.75,6793.0,6790.75,6791.5,949
2025-12-17 19:55:00,6791.5,6793.0,6791.5,6792.25,806
2025-12-17 20:00:00,6792.0,6792.5,6789.0,6790.0,1074
2025-12-17 20:05:00,6790.0,6793.0,6787.0,6788.25,1326
2025-12-17 20:10:00,6788.25,6791.0,6786.0,6789.75,1074
2025-12-17 20:15:00,6789.5,6791.5,6786.5,6787.75,841
2025-12-17 20:20:00,6787.5,6791.25,6787.25,6789.75,536
2025-12-17 20:25:00,6790.0,6792.5,6789.0,6790.0,610
2025-12-17 20:30:00,6790.0,6791.5,6788.75,6789.0,1128
2025-12-17 20:35:00,6789.0,6789.75,6786.5,6789.5,636
2025-12-17 20:50:00,6786.75,6787.25,6782.75,6783.75,2797
2025-12-17 20:55:00,6783.75,6786.75,6783.5,6784.5,1152
2025-12-17 21:00:00,6784.5,6787.0,6783.75,6784.75,1015
2025-12-17 21:05:00,6784.5,6787.0,6783.25,6785.0,753
2025-12-17 21:10:00,6785.0,6793.5,6785.0,6788.25,1834
2025-12-17 21:15:00,6788.5,6795.0,6787.75,6793.25,1622
2025-12-17 21:20:00,6793.25,6794.5,6787.0,6787.0,1403
2025-12-17 21:25:00,6787.0,6788.25,6786.25,6786.75,595
2025-12-17 21:30:00,6786.75,6788.5,6786.5,6788.5,537
2025-12-17 21:35:00,6788.25,6790.75,6787.5,6788.0,857
2025-12-17 21:40:00,6788.0,6788.5,6786.25,6786.25,690
2025-12-17 21:45:00,6786.25,6787.5,6784.0,6784.75,764
2025-12-17 21:50:00,6784.5,6787.5,6784.25,6787.5,657
2025-12-17 21:55:00,6787.25,6787.75,6785.5,6785.5,544
2025-12-17 22:00:00,6785.25,6786.0,6783.25,6784.0,879
2025-12-17 22:05:00,6784.0,6784.0,6780.25,6781.0,976
2025-12-17 22:10:00,6781.0,6781.75,6775.75,6776.25,1374
2025-12-17 22:15:00,6776.25,6777.25,6771.5,6775.0,2210
2025-12-17 22:20:00,6775.0,6775.0,6774.5,6774.5,34
2025-12-17 22:35:00,6777.25,6777.5,6776.5,6777.0,3508
2025-12-17 22:40:00,6776.75,6778.0,6773.75,6774.25,570
2025-12-17 22:45:00,6774.25,6778.0,6774.0,6777.0,468
2025-12-17 22:50:00,6776.75,6780.5,6776.75,6779.75,730
2025-12-17 22:55:00,6780.0,6782.5,6779.0,6780.0,1023
2025-12-17 23:00:00,6780.0,6784.25,6780.0,6784.25,475
2025-12-17 23:05:00,6784.25,6785.25,6781.25,6781.5,655
2025-12-17 23:10:00,6781.25,6781.5,6779.0,6779.75,487
2025-12-17 23:15:00,6779.5,6783.5,6779.5,6783.0,344
2025-12-17 23:20:00,6783.0,6784.75,6782.25,6783.75,461
2025-12-17 23:25:00,6783.75,6784.5,6783.0,6784.0,366
2025-12-17 23:30:00,6783.75,6785.5,6783.5,6784.25,391
2025-12-17 23:35:00,6784.5,6785.0,6783.25,6784.5,378
2025-12-17 23:40:00,6784.5,6788.25,6784.25,6787.75,630
2025-12-17 23:45:00,6787.75,6788.0,6787.0,6787.0,369
2025-12-17 23:50:00,6787.0,6789.0,6787.0,6788.5,379
2025-12-17 23:55:00,6788.75,6789.0,6787.5,6788.75,324
2025-12-18 00:05:00,6788.5,6788.5,6788.0,6788.25,1173
2025-12-18 00:10:00,6788.25,6788.75,6787.25,6787.5,372
2025-12-18 00:15:00,6787.5,6787.75,6786.75,6787.0,401
2025-12-18 00:20:00,6787.0,6787.5,6785.5,6785.75,529
2025-12-18 00:25:00,6785.75,6785.75,6782.75,6784.5,614
2025-12-18 00:30:00,6784.5,6788.5,6784.5,6785.0,629
2025-12-18 00:35:00,6784.75,6785.5,6783.25,6785.0,583
2025-12-18 00:40:00,6784.75,6787.75,6784.5,6786.25,480
2025-12-18 00:45:00,6786.25,6786.25,6783.25,6783.75,1055
2025-12-18 00:50:00,6784.0,6786.5,6784.0,6785.25,724
2025-12-18 00:55:00,6785.75,6787.25,6785.5,6785.75,431
2025-12-18 01:00:00,6785.75,6786.5,6784.0,6786.25,531
2025-12-18 01:05:00,6786.5,6787.25,6784.75,6786.5,598
2025-12-18 01:10:00,6786.5,6786.75,6784.5,6784.75,477
2025-12-18 01:15:00,6784.75,6787.0,6784.25,6786.25,651
2025-12-18 01:20:00,6786.25,6787.0,6784.25,6785.25,753
2025-12-18 01:25:00,6785.0,6787.25,6784.0,6786.5,481
2025-12-18 01:30:00,6785.75,6787.25,6785.25,6786.0,679
2025-12-18 01:35:00,6785.75,6787.5,6784.25,6787.25,1180
2025-12-18 01:40:00,6787.5,6787.5,6785.0,6786.0,918
2025-12-18 01:45:00,6786.0,6786.0,6782.0,6782.75,807
2025-12-18 01:50:00,6783.0,6784.75,6780.75,6782.25,745
2025-12-18 01:55:00,6782.5,6786.0,6780.5,6786.0,1057
2025-12-18 02:00:00,6786.0,6790.75,6785.75,6787.5,1593
2025-12-18 02:05:00,6787.5,6788.75,6787.0,6788.0,447
2025-12-18 02:10:00,6788.0,6792.75,6787.5,6791.5,1055
2025-12-18 02:15:00,6791.5,6794.0,6791.0,6792.5,882
2025-12-18 02:20:00,6792.5,6794.5,6790.5,6793.5,1033
2025-12-18 02:25:00,6793.5,6794.75,6792.0,6793.5,632
2025-12-18 02:30:00,6793.5,6794.75,6792.0,6793.0,683
2025-12-18 02:35:00,6792.75,6795.25,6792.5,6794.25,696
2025-12-18 02:40:00,6794.25,6795.5,6793.75,6794.75,596
2025-12-18 02:45:00,6794.75,6795.0,6793.0,6794.0,740
2025-12-18 02:50:00,6794.25,6794.75,6792.5,6793.5,529
2025-12-18 02:55:00,6793.5,6794.75,6792.5,6793.5,724
2025-12-18 03:00:00,6793.5,6794.5,6791.75,6792.5,2503
2025-12-18 03:05:00,6792.25,6794.5,6790.0,6792.25,2706
2025-12-18 03:10:00,6792.25,6794.5,6792.0,6793.5,839
2025-12-18 03:15:00,6793.5,6796.75,6793.0,6795.5,1368
2025-12-18 03:20:00,6795.5,6797.25,6795.25,6795.5,936
2025-12-18 03:25:00,6795.25,6795.25,6789.0,6790.75,1732
2025-12-18 03:30:00,6790.75,6794.0,6790.25,6793.75,1350
2025-12-18 03:35:00,6794.0,6794.75,6792.75,6794.0,1010
2025-12-18 03:40:00,6794.0,6796.75,6793.0,6795.5,1170
2025-12-18 03:45:00,6795.75,6801.0,6795.75,6800.0,1706
2025-12-18 03:50:00,6799.75,6800.75,6797.5,6798.0,1400
2025-12-18 03:55:00,6797.75,6799.25,6797.0,6798.25,1388
2025-12-18 04:00:00,6798.25,6801.0,6795.0,6798.25,1640
2025-12-18 04:05:00,6798.0,6799.75,6797.25,6798.25,1253
2025-12-18 04:10:00,6798.0,6799.5,6797.5,6797.75,743
2025-12-18 04:15:00,6797.75,6798.5,6795.25,6797.25,1037
2025-12-18 04:20:00,6797.0,6800.25,6797.0,6799.75,890
2025-12-18 04:25:00,6799.75,6799.75,6797.75,6799.0,705
2025-12-18 04:30:00,6799.0,6801.75,6799.0,6801.5,1176
2025-12-18 04:35:00,6801.5,6802.5,6800.75,6802.0,842
2025-12-18 04:40:00,6802.25,6805.0,6801.75,6804.25,1593
2025-12-18 04:45:00,6804.25,6806.75,6804.25,6806.25,1484
2025-12-18 04:50:00,6806.25,6807.25,6805.5,6806.5,1435
2025-12-18 04:55:00,6806.5,6807.75,6806.0,6807.25,1176
2025-12-18 05:00:00,6807.25,6808.0,6805.75,6806.5,1332
2025-12-18 05:05:00,6806.25,6807.5,6804.5,6806.0,1332
2025-12-18 05:10:00,6806.25,6806.25,6804.0,6804.75,731
2025-12-18 05:15:00,6805.0,6805.75,6803.75,6805.25,784
2025-12-18 05:20:00,6805.25,6805.25,6802.75,6803.0,890
2025-12-18 05:25:00,6803.0,6805.25,6802.5,6805.25,823
2025-12-18 05:30:00,6805.5,6808.25,6805.25,6807.75,1219
2025-12-18 05:35:00,6807.5,6807.5,6803.75,6804.25,820
2025-12-18 05:40:00,6804.0,6805.75,6803.75,6805.75,936
2025-12-18 05:45:00,6806.0,6806.5,6804.0,6804.5,641
2025-12-18 05:50:00,6804.5,6805.75,6804.5,6805.0,1071
2025-12-18 05:55:00,6805.0,6805.25,6803.5,6805.25,959
2025-12-18 06:00:00,6805.25,6807.0,6804.25,6806.0,1156
2025-12-18 06:05:00,6806.0,6807.5,6805.0,6807.25,581
2025-12-18 06:10:00,6807.25,6809.0,6807.0,6808.75,860
2025-12-18 06:15:00,6809.0,6810.5,6808.75,6809.0,1131
2025-12-18 06:20:00,6809.0,6809.5,6807.75,6808.5,857
2025-12-18 06:25:00,6808.75,6809.0,6805.25,6808.5,1264
2025-12-18 06:30:00,6808.25,6810.0,6808.0,6809.75,548
2025-12-18 06:35:00,6810.0,6811.0,6809.0,6809.25,973
2025-12-18 06:40:00,6809.5,6811.0,6807.25,6807.5,1493
2025-12-18 06:45:00,6807.75,6811.0,6807.0,6810.5,1299
2025-12-18 06:50:00,6810.5,6810.5,6808.75,6810.25,1118
2025-12-18 06:55:00,6810.25,6811.75,6810.0,6811.0,1028
2025-12-18 07:00:00,6811.0,6812.0,6808.5,6811.25,1810
2025-12-18 07:05:00,6811.5,6812.0,6810.25,6811.25,1016
2025-12-18 07:10:00,6811.25,6811.75,6809.0,6809.0,1093
2025-12-18 07:15:00,6809.0,6810.0,6808.25,6808.25,1204
2025-12-18 07:20:00,6808.5,6809.25,6806.25,6807.5,1096
2025-12-18 07:25:00,6807.5,6808.0,6806.5,6806.5,1418
2025-12-18 07:30:00,6806.25,6808.5,6804.25,6805.25,1721
2025-12-18 07:35:00,6805.5,6807.25,6804.75,6806.0,1065
2025-12-18 07:40:00,6806.0,6807.25,6805.0,6806.25,962
2025-12-18 07:45:00,6806.25,6807.0,6804.5,6805.75,1113
2025-12-18 07:50:00,6806.0,6806.75,6803.5,6805.25,1371
2025-12-18 07:55:00,6805.25,6805.5,6803.5,6805.0,1027
2025-12-18 08:00:00,6805.0,6808.5,6805.0,6805.75,1808
2025-12-18 08:05:00,6806.0,6806.0,6801.0,6805.0,2156
2025-12-18 08:10:00,6805.25,6808.0,6804.75,6807.75,1255
2025-12-18 08:15:00,6807.75,6810.0,6807.75,6808.0,2717
2025-12-18 08:20:00,6808.0,6809.5,6807.25,6808.5,1694
2025-12-18 08:25:00,6808.5,6810.25,6808.0,6809.0,2391
2025-12-18 08:30:00,6809.25,6828.5,6809.25,6821.0,22271
2025-12-18 08:35:00,6820.75,6827.75,6814.5,6827.5,9914
2025-12-18 08:40:00,6827.5,6836.0,6827.25,6835.0,13356
2025-12-18 08:45:00,6835.0,6837.75,6833.0,6833.5,6998
2025-12-18 08:50:00,6833.75,6835.0,6828.0,6833.75,8851
2025-12-18 08:55:00,6833.75,6834.0,6827.75,6829.25,5104
2025-12-18 09:00:00,6829.0,6833.5,6828.5,6832.75,5772
2025-12-18 09:05:00,6832.75,6835.5,6832.75,6834.75,4760
2025-12-18 09:10:00,6834.75,6838.5,6833.25,6835.5,6459
2025-12-18 09:15:00,6835.75,6838.25,6834.5,6836.25,4575
2025-12-18 09:20:00,6836.25,6837.25,6834.0,6835.75,5801
2025-12-18 09:25:00,6836.0,6841.25,6835.25,6839.75,9299
2025-12-18 09:30:00,6840.0,6850.25,6837.0,6842.25,56633
2025-12-18 09:35:00,6842.25,6842.5,6829.75,6833.75,36401
2025-12-18 09:40:00,6834.0,6836.25,6824.5,6826.5,33194
2025-12-18 09:45:00,6826.5,6834.5,6820.5,6825.75,33551
2025-12-18 09:50:00,6825.75,6841.0,6823.0,6839.5,31723
2025-12-18 09:55:00,6839.5,6847.0,6836.0,6844.5,28431
2025-12-18 10:00:00,6844.5,6848.5,6842.5,6845.5,27182
2025-12-18 10:05:00,6845.5,6846.5,6836.5,6838.5,25082
2025-12-18 10:10:00,6838.75,6839.75,6826.5,6831.25,27573
2025-12-18 10:15:00,6831.25,6834.0,6825.0,6829.0,27342
2025-12-18 10:20:00,6829.0,6847.75,6825.0,6847.0,29691
2025-12-18 10:25:00,6847.0,6855.25,6845.5,6854.25,34016
2025-12-18 10:30:00,6854.25,6860.0,6850.75,6860.0,30713
2025-12-18 10:35:00,6860.0,6870.5,6855.75,6867.0,36244
2025-12-18 10:40:00,6867.0,6870.5,6863.5,6869.25,27603
2025-12-18 10:45:00,6869.25,6869.75,6863.25,6865.75,22304
2025-12-18 10:50:00,6865.75,6868.0,6861.5,6864.0,24458
2025-12-18 10:55:00,6864.25,6865.75,6861.25,6864.75,15835
2025-12-18 11:00:00,6864.75,6868.0,6862.75,6867.25,18004
2025-12-18 11:05:00,6867.5,6870.0,6866.75,6869.0,13921
2025-12-18 11:10:00,6869.25,6871.25,6863.25,6863.75,17639
2025-12-18 11:15:00,6863.75,6868.5,6863.25,6865.5,17249
2025-12-18 11:20:00,6865.5,6868.25,6864.25,6865.5,15087
2025-12-18 11:25:00,6865.5,6868.5,6859.75,6862.0,22227
2025-12-18 11:30:00,6862.0,6866.5,6861.75,6865.0,16601
2025-12-18 11:35:00,6865.0,6872.0,6865.0,6868.75,18595
2025-12-18 11:40:00,6868.75,6870.0,6867.25,6867.25,11881
2025-12-18 11:45:00,6867.25,6868.25,6862.5,6864.0,16314
2025-12-18 11:50:00,6864.0,6866.25,6861.0,6864.25,12328
2025-12-18 11:55:00,6864.25,6866.0,6857.5,6860.0,14051
2025-12-18 12:00:00,6859.75,6860.0,6852.25,6852.75,16318
2025-12-18 12:05:00,6852.5,6853.0,6832.0,6832.25,44121
2025-12-18 12:10:00,6832.25,6834.75,6823.0,6827.75,46098
2025-12-18 12:15:00,6827.75,6827.75,6815.0,6822.5,47597
2025-12-18 12:20:00,6822.25,6828.5,6814.25,6815.5,38529
2025-12-18 12:25:00,6815.5,6822.75,6811.75,6820.75,31709
2025-12-18 12:30:00,6820.75,6831.0,6817.5,6830.0,32350
2025-12-18 12:35:00,6830.0,6836.25,6827.25,6835.75,22680
2025-12-18 12:40:00,6835.75,6846.25,6835.75,6846.0,26217
2025-12-18 12:45:00,6846.25,6850.75,6839.75,6842.0,27659
2025-12-18 12:50:00,6842.0,6844.25,6836.75,6842.0,23150
2025-12-18 12:55:00,6842.0,6847.5,6837.75,6847.25,18212
2025-12-18 13:00:00,6847.25,6847.5,6839.25,6840.0,17820
2025-12-18 13:05:00,6840.0,6847.5,6839.5,6847.5,12128
2025-12-18 13:10:00,6847.5,6852.25,6844.75,6846.75,16689
2025-12-18 13:15:00,6846.5,6850.25,6846.5,6848.5,11986
2025-12-18 13:20:00,6848.5,6853.0,6847.75,6852.5,11061
2025-12-18 13:25:00,6852.75,6854.5,6850.25,6851.75,11537
2025-12-18 13:30:00,6852.0,6859.5,6852.0,6856.25,16260
2025-12-18 13:35:00,6856.25,6860.75,6856.25,6857.75,11957
2025-12-18 13:40:00,6858.0,6859.25,6852.0,6852.25,11972
2025-12-18 13:45:00,6852.5,6853.0,6846.0,6847.0,17598
2025-12-18 13:50:00,6847.25,6851.25,6843.75,6845.5,16528
2025-12-18 13:55:00,6845.25,6850.0,6844.25,6845.75,12267
2025-12-18 14:00:00,6845.75,6846.25,6830.25,6831.0,25288
2025-12-18 14:05:00,6830.75,6842.5,6829.25,6841.5,24909
2025-12-18 14:10:00,6841.75,6845.5,6836.0,6837.75,17994
2025-12-18 14:15:00,6838.0,6838.0,6832.25,6833.75,15319
2025-12-18 14:20:00,6833.75,6836.5,6830.75,6832.5,12828
2025-12-18 14:25:00,6832.25,6835.75,6830.0,6835.0,12553
2025-12-18 14:30:00,6834.75,6836.5,6826.75,6827.25,16654
2025-12-18 14:35:00,6827.0,6831.0,6826.25,6830.25,13455
2025-12-18 14:40:00,6830.0,6833.25,6825.25,6826.5,14461
2025-12-18 14:45:00,6826.25,6833.0,6824.0,6833.0,14728
2025-12-18 14:50:00,6833.0,6836.5,6825.25,6826.5,20045
2025-12-18 14:55:00,6826.5,6826.75,6816.25,6820.5,24100
2025-12-18 15:00:00,6820.5,6831.25,6817.75,6831.25,21338
2025-12-18 15:05:00,6831.25,6834.75,6828.0,6830.25,16040
2025-12-18 15:10:00,6830.5,6837.75,6829.75,6837.25,13597
2025-12-18 15:15:00,6837.25,6839.75,6832.25,6839.25,19952
2025-12-18 15:20:00,6839.5,6841.75,6836.0,6841.0,13441
2025-12-18 15:25:00,6841.0,6842.25,6836.75,6840.25,15787
2025-12-18 15:30:00,6840.0,6846.25,6837.75,6845.75,15041
2025-12-18 15:35:00,6846.0,6848.0,6840.25,6841.5,15091
2025-12-18 15:40:00,6841.5,6846.5,6839.25,6846.0,14495
2025-12-18 15:45:00,6845.75,6850.0,6843.5,6847.5,21308
2025-12-18 15:50:00,6847.5,6849.25,6835.75,6837.25,34065
2025-12-18 15:55:00,6837.0,6838.5,6828.0,6828.75,94758
2025-12-18 16:00:00,6828.75,6829.75,6824.5,6825.5,29818
2025-12-18 16:05:00,6825.5,6827.75,6824.5,6827.75,8620
2025-12-18 16:10:00,6827.5,6827.75,6821.25,6821.75,6927
2025-12-18 16:15:00,6821.75,6822.75,6820.0,6821.75,4187
2025-12-18 16:20:00,6821.75,6822.0,6820.5,6821.75,1780
2025-12-18 16:25:00,6821.75,6823.5,6821.0,6823.25,1964
2025-12-18 16:30:00,6823.5,6824.5,6823.0,6823.75,1203
2025-12-18 16:35:00,6824.0,6824.0,6822.75,6823.0,1418
2025-12-18 16:40:00,6823.0,6823.0,6820.5,6820.75,1241
2025-12-18 16:45:00,6820.75,6823.25,6820.5,6822.75,1086
2025-12-18 16:50:00,6822.5,6823.25,6821.75,6823.25,1446
2025-12-18 16:55:00,6823.0,6824.0,6822.0,6822.75,1351
2025-12-18 18:00:00,6824.75,6829.0,6824.0,6825.5,0
2025-12-18 18:05:00,6825.5,6825.5,6820.0,6821.0,1617
2025-12-18 18:10:00,6821.25,6824.0,6821.25,6823.75,584
2025-12-18 18:15:00,6823.75,6826.75,6823.75,6825.25,463
2025-12-18 18:20:00,6825.5,6825.5,6820.5,6821.25,569
2025-12-18 18:25:00,6821.25,6823.0,6821.0,6822.5,380
2025-12-18 18:30:00,6822.75,6824.25,6822.0,6822.75,337
2025-12-18 18:35:00,6822.75,6825.25,6822.75,6825.0,286
2025-12-18 18:40:00,6825.25,6825.75,6821.5,6823.75,581
2025-12-18 18:45:00,6823.75,6826.0,6823.75,6826.0,525
2025-12-18 18:50:00,6825.75,6828.5,6825.5,6826.75,634
2025-12-18 18:55:00,6826.75,6829.75,6826.5,6829.75,483
2025-12-18 19:00:00,6830.0,6831.25,6825.25,6828.25,1258
2025-12-18 19:05:00,6828.5,6828.75,6825.5,6827.0,553
2025-12-18 19:10:00,6827.0,6827.0,6823.5,6824.25,452
2025-12-18 19:15:00,6824.25,6827.0,6823.5,6824.75,525
2025-12-18 19:20:00,6824.75,6825.5,6823.0,6824.25,352
2025-12-18 19:25:00,6824.0,6827.25,6824.0,6825.75,513
2025-12-18 19:30:00,6826.0,6826.75,6823.25,6823.25,418
2025-12-18 19:35:00,6823.5,6825.75,6822.75,6825.25,685
2025-12-18 19:40:00,6825.0,6826.0,6824.25,6824.5,486
2025-12-18 19:45:00,6824.5,6825.0,6823.25,6823.75,407
2025-12-18 19:50:00,6824.0,6827.0,6824.0,6826.75,446
2025-12-18 19:55:00,6826.75,6829.75,6826.5,6828.25,623
2025-12-18 20:00:00,6828.25,6828.25,6822.25,6824.0,992
2025-12-18 20:05:00,6824.0,6825.75,6822.5,6825.75,468
2025-12-18 20:10:00,6825.5,6826.5,6824.0,6825.25,423
2025-12-18 20:15:00,6825.25,6828.5,6825.25,6827.25,438
2025-12-18 20:20:00,6827.25,6828.0,6826.0,6826.75,342
2025-12-18 20:25:00,6826.75,6827.0,6825.0,6826.25,426
2025-12-18 20:30:00,6826.25,6826.25,6822.25,6822.75,1291
2025-12-18 20:35:00,6822.75,6828.5,6822.75,6827.5,882
2025-12-18 20:40:00,6827.25,6827.5,6825.0,6825.0,646
2025-12-18 20:45:00,6825.25,6826.5,6824.0,6826.25,574
2025-12-18 20:50:00,6826.5,6830.75,6825.75,6829.5,1590
2025-12-18 20:55:00,6829.5,6833.0,6828.75,6830.5,1047
2025-12-18 21:00:00,6830.25,6832.5,6827.0,6828.25,1256
2025-12-18 21:05:00,6828.25,6830.0,6828.0,6829.0,524
2025-12-18 21:10:00,6829.0,6832.0,6829.0,6830.0,534
2025-12-18 21:15:00,6830.0,6831.5,6829.0,6829.0,450
2025-12-18 21:20:00,6829.0,6830.25,6827.75,6830.0,595
2025-12-18 21:25:00,6830.0,6831.75,6830.0,6830.5,444
2025-12-18 21:30:00,6830.25,6833.25,6830.25,6831.5,725
2025-12-18 21:35:00,6831.25,6831.25,6827.25,6830.75,706
2025-12-18 21:40:00,6830.5,6831.25,6829.25,6830.0,668
2025-12-18 21:45:00,6830.25,6830.25,6827.75,6827.75,562
2025-12-18 21:50:00,6827.5,6829.75,6826.5,6827.25,602
2025-12-18 21:55:00,6827.5,6828.0,6825.5,6826.0,504
2025-12-18 22:00:00,6825.75,6826.25,6824.75,6825.75,468
2025-12-18 22:05:00,6825.75,6828.75,6824.25,6827.75,597
2025-12-18 22:10:00,6827.5,6828.75,6825.75,6827.75,661
2025-12-18 22:15:00,6827.5,6827.75,6822.5,6823.5,854
2025-12-18 22:20:00,6823.5,6829.25,6822.75,6828.25,1118
2025-12-18 22:25:00,6828.5,6836.0,6828.25,6831.75,2190
2025-12-18 22:30:00,6831.75,6835.25,6829.75,6831.75,1056
2025-12-18 22:35:00,6831.75,6832.0,6830.0,6831.0,433
2025-12-18 22:40:00,6831.0,6835.25,6830.75,6835.0,674
2025-12-18 22:45:00,6835.0,6835.0,6833.25,6834.75,431
2025-12-18 22:50:00,6834.75,6835.75,6834.25,6835.5,437
2025-12-18 22:55:00,6835.5,6836.75,6833.75,6834.25,534
2025-12-18 23:00:00,6834.5,6836.0,6833.25,6835.25,452
2025-12-18 23:05:00,6835.5,6836.5,6834.75,6836.25,332
2025-12-18 23:10:00,6836.0,6836.5,6834.75,6834.75,364
2025-12-18 23:15:00,6835.0,6836.25,6834.25,6834.75,372
2025-12-18 23:20:00,6834.75,6835.0,6832.5,6832.5,482
2025-12-18 23:25:00,6832.5,6833.25,6831.5,6833.0,400
2025-12-18 23:30:00,6833.0,6834.5,6832.75,6833.5,334
2025-12-18 23:35:00,6833.5,6833.5,6830.75,6832.75,368
2025-12-18 23:40:00,6832.75,6833.0,6831.5,6832.75,228
2025-12-18 23:45:00,6833.0,6834.75,6832.5,6833.0,351
2025-12-18 23:50:00,6833.0,6833.75,6832.5,6833.75,220
2025-12-18 23:55:00,6833.75,6835.0,6833.5,6834.25,397
2025-12-19 00:05:00,6830.75,6831.0,6830.5,6830.75,1178
2025-12-19 00:10:00,6831.0,6831.25,6829.25,6829.75,471
2025-12-19 00:15:00,6829.75,6830.0,6828.5,6829.75,523
2025-12-19 00:20:00,6829.75,6829.75,6828.5,6829.25,455
2025-12-19 00:25:00,6829.25,6830.75,6828.5,6830.5,463
2025-12-19 00:30:00,6830.75,6831.5,6829.5,6831.0,597
2025-12-19 00:35:00,6830.75,6833.25,6829.75,6832.75,620
2025-12-19 00:40:00,6832.75,6833.5,6831.0,6831.5,503
2025-12-19 00:45:00,6831.5,6831.75,6827.5,6827.75,631
2025-12-19 00:50:00,6827.5,6830.5,6827.5,6828.75,697
2025-12-19 00:55:00,6828.75,6829.25,6827.25,6827.75,441
2025-12-19 01:00:00,6827.75,6828.0,6826.5,6828.0,637
2025-12-19 01:05:00,6828.25,6830.75,6828.25,6829.5,814
2025-12-19 01:10:00,6829.25,6829.25,6826.0,6826.5,674
2025-12-19 01:15:00,6826.75,6827.5,6826.0,6827.5,678
2025-12-19 01:20:00,6827.5,6828.0,6826.25,6826.75,631
2025-12-19 01:25:00,6826.75,6828.0,6825.75,6826.75,689
2025-12-19 01:30:00,6826.75,6828.75,6825.75,6825.75,808
2025-12-19 01:35:00,6825.5,6827.5,6823.5,6826.0,778
2025-12-19 01:40:00,6826.0,6826.25,6822.25,6822.5,683
2025-12-19 01:45:00,6822.5,6823.0,6820.5,6822.5,708
2025-12-19 01:50:00,6822.5,6826.5,6821.5,6825.5,743
2025-12-19 01:55:00,6825.75,6827.5,6825.25,6827.25,645
2025-12-19 02:00:00,6827.5,6834.75,6827.25,6834.5,991
2025-12-19 02:05:00,6834.75,6837.25,6833.75,6836.75,953
2025-12-19 02:10:00,6837.0,6840.5,6836.75,6839.25,1075
2025-12-19 02:15:00,6839.5,6841.25,6838.25,6839.5,984
2025-12-19 02:20:00,6839.5,6839.75,6836.5,6837.75,699
2025-12-19 02:25:00,6837.75,6838.75,6836.5,6837.75,733
2025-12-19 02:30:00,6837.5,6838.0,6836.75,6836.75,494
2025-12-19 02:35:00,6836.5,6837.75,6836.5,6837.5,279
2025-12-19 02:40:00,6837.5,6838.0,6834.25,6835.25,708
2025-12-19 02:45:00,6835.5,6835.5,6833.25,6834.25,711
2025-12-19 02:50:00,6834.25,6837.75,6834.0,6836.75,623
2025-12-19 02:55:00,6836.75,6840.25,6836.25,6840.0,638
2025-12-19 03:00:00,6839.5,6844.75,6837.5,6843.75,2071
2025-12-19 03:05:00,6843.75,6845.25,6840.75,6841.5,1043
2025-12-19 03:10:00,6841.5,6845.75,6841.25,6845.0,1341
2025-12-19 03:15:00,6845.0,6848.0,6844.5,6846.25,1548
2025-12-19 03:20:00,6846.25,6847.0,6843.5,6843.75,834
2025-12-19 03:25:00,6843.5,6844.25,6840.75,6841.25,1214
2025-12-19 03:30:00,6841.25,6845.75,6841.25,6845.5,957
2025-12-19 03:35:00,6845.5,6847.25,6845.25,6847.25,1164
2025-12-19 03:40:00,6847.25,6849.25,6847.0,6848.75,1618
2025-12-19 03:45:00,6848.5,6851.0,6847.75,6849.0,1584
2025-12-19 03:50:00,6849.0,6850.75,6848.0,6850.75,745
2025-12-19 03:55:00,6850.75,6851.25,6848.25,6848.25,908
2025-12-19 04:00:00,6848.0,6850.0,6844.75,6849.75,1636
2025-12-19 04:05:00,6849.75,6851.75,6849.25,6850.5,738
2025-12-19 04:10:00,6850.5,6850.5,6846.5,6847.75,645
2025-12-19 04:15:00,6847.75,6849.0,6845.75,6848.5,774
2025-12-19 04:20:00,6848.75,6852.0,6848.0,6851.5,978
2025-12-19 04:25:00,6851.5,6853.0,6851.25,6852.5,967
2025-12-19 04:30:00,6852.5,6854.25,6850.25,6851.0,1116
2025-12-19 04:35:00,6851.25,6853.0,6851.0,6852.5,620
2025-12-19 04:40:00,6852.75,6852.75,6850.5,6851.25,610
2025-12-19 04:45:00,6851.25,6852.25,6849.75,6850.75,593
2025-12-19 04:50:00,6850.75,6853.5,6850.75,6852.75,504
2025-12-19 04:55:00,6852.5,6853.25,6851.25,6852.75,583
2025-12-19 05:00:00,6852.75,6853.25,6848.75,6849.5,1289
2025-12-19 05:05:00,6849.75,6850.0,6845.75,6847.0,1312
2025-12-19 05:10:00,6847.0,6852.25,6846.75,6852.0,885
2025-12-19 05:15:00,6852.25,6853.5,6851.5,6851.75,523
2025-12-19 05:20:00,6851.75,6852.25,6851.25,6851.5,517
2025-12-19 05:25:00,6851.75,6852.5,6851.25,6851.25,497
2025-12-19 05:30:00,6851.0,6852.0,6849.75,6850.5,679
2025-12-19 05:35:00,6850.5,6850.5,6847.25,6848.75,653
2025-12-19 05:40:00,6848.75,6850.5,6846.75,6850.5,999
2025-12-19 05:45:00,6850.5,6852.0,6849.25,6852.0,599
2025-12-19 05:50:00,6851.75,6852.25,6847.75,6848.0,877
2025-12-19 05:55:00,6848.0,6848.25,6845.75,6847.0,780
2025-12-19 06:00:00,6846.75,6847.0,6844.5,6845.75,683
2025-12-19 06:05:00,6846.0,6846.0,6838.75,6839.75,1465
2025-12-19 06:10:00,6839.5,6844.0,6837.75,6843.5,1359
2025-12-19 06:15:00,6843.25,6845.75,6841.0,6843.25,1564
2025-12-19 06:20:00,6843.0,6844.5,6840.0,6841.0,703
2025-12-19 06:25:00,6841.25,6846.25,6840.75,6845.5,1334
2025-12-19 06:30:00,6845.75,6847.75,6845.0,6846.75,1252
2025-12-19 06:35:00,6847.0,6847.5,6842.5,6843.25,883
2025-12-19 06:40:00,6843.25,6845.5,6843.0,6845.25,444
2025-12-19 06:45:00,6845.5,6846.0,6842.75,6843.75,861
2025-12-19 06:50:00,6843.75,6843.75,6842.75,6843.0,681
2025-12-19 06:55:00,6843.25,6843.75,6840.75,6842.25,853
2025-12-19 07:00:00,6842.25,6846.0,6840.75,6841.0,2236
2025-12-19 07:05:00,6840.75,6843.25,6837.25,6837.75,1564
2025-12-19 07:10:00,6837.5,6842.0,6836.75,6841.25,1071
2025-12-19 07:15:00,6841.25,6843.75,6838.75,6839.75,855
2025-12-19 07:20:00,6839.5,6839.75,6836.5,6839.25,847
2025-12-19 07:25:00,6839.0,6842.0,6838.0,6841.25,872
2025-12-19 07:30:00,6841.25,6843.25,6838.0,6839.0,1223
2025-12-19 07:35:00,6838.75,6838.75,6836.25,6837.75,1185
2025-12-19 07:40:00,6837.75,6838.75,6835.75,6837.75,956
2025-12-19 07:45:00,6837.5,6839.75,6837.0,6839.0,1647
2025-12-19 07:50:00,6839.0,6839.0,6832.5,6833.0,1644
2025-12-19 07:55:00,6833.0,6835.0,6829.0,6830.0,2718
2025-12-19 08:00:00,6830.0,6834.0,6829.0,6833.0,2517
2025-12-19 08:05:00,6833.0,6835.0,6832.25,6834.25,2175
2025-12-19 08:10:00,6834.25,6835.0,6833.0,6834.75,1604
2025-12-19 08:15:00,6834.75,6835.0,6832.5,6834.25,1722
2025-12-19 08:20:00,6834.25,6835.0,6832.75,6833.5,2706
2025-12-19 08:25:00,6833.5,6835.0,6832.5,6835.0,3075
2025-12-19 08:30:00,6834.75,6836.0,6831.5,6834.5,7676
2025-12-19 08:35:00,6834.75,6840.75,6834.25,6838.75,3399
2025-12-19 08:40:00,6838.75,6839.75,6833.75,6835.75,3611
2025-12-19 08:45:00,6835.75,6838.5,6834.5,6838.25,2730
2025-12-19 08:50:00,6838.5,6838.75,6836.5,6836.5,2391
2025-12-19 08:55:00,6836.75,6837.0,6835.25,6836.0,2000
2025-12-19 09:00:00,6836.0,6837.0,6831.5,6836.75,3908
2025-12-19 09:05:00,6836.75,6838.5,6835.25,6838.0,2808
2025-12-19 09:10:00,6838.0,6840.5,6837.5,6840.0,2532
2025-12-19 09:15:00,6840.0,6845.0,6839.5,6844.5,7138
2025-12-19 09:20:00,6844.5,6845.75,6842.75,6843.25,8377
2025-12-19 09:25:00,6843.25,6849.25,6832.5,6847.25,26613
2025-12-19 09:30:00,6847.25,6864.25,6845.75,6863.75,53374
2025-12-19 09:35:00,6864.0,6865.0,6854.75,6862.25,31744
2025-12-19 09:40:00,6862.25,6876.25,6859.25,6876.0,33210
2025-12-19 09:45:00,6876.25,6878.25,6870.0,6872.75,32935
2025-12-19 09:50:00,6872.75,6879.25,6872.5,6875.25,19355
2025-12-19 09:55:00,6875.0,6881.75,6872.5,6880.5,15391
2025-12-19 10:00:00,6880.25,6887.5,6879.5,6883.75,26785
2025-12-19 10:05:00,6883.75,6883.75,6874.5,6879.75,19125
2025-12-19 10:10:00,6880.0,6880.5,6874.75,6878.5,16051
2025-12-19 10:15:00,6878.75,6882.5,6875.5,6878.25,16521
2025-12-19 10:20:00,6878.0,6879.5,6872.5,6873.75,16107
2025-12-19 10:25:00,6873.75,6877.0,6866.75,6874.5,20214
2025-12-19 10:30:00,6874.5,6881.75,6869.5,6878.0,17340
2025-12-19 10:35:00,6877.75,6883.75,6877.75,6883.5,13447
2025-12-19 10:40:00,6883.5,6883.75,6874.5,6875.25,16399
2025-12-19 10:45:00,6875.5,6877.0,6869.0,6870.0,15704
2025-12-19 10:50:00,6869.75,6876.0,6869.75,6874.25,14962
2025-12-19 10:55:00,6874.25,6874.75,6870.75,6872.25,11916
2025-12-19 11:00:00,6872.25,6877.5,6868.0,6876.25,17794
2025-12-19 11:05:00,6876.5,6882.25,6875.0,6879.75,12875
2025-12-19 11:10:00,6879.75,6885.5,6877.75,6879.25,19854
2025-12-19 11:15:00,6879.5,6884.0,6877.25,6882.75,11469
2025-12-19 11:20:00,6882.5,6883.5,6879.5,6880.5,8626
2025-12-19 11:25:00,6880.75,6885.0,6880.5,6884.5,9240
2025-12-19 11:30:00,6884.75,6888.25,6884.0,6885.5,11681
2025-12-19 11:35:00,6885.25,6886.0,6882.0,6882.25,10355
2025-12-19 11:40:00,6882.25,6886.5,6880.75,6880.75,8526
2025-12-19 11:45:00,6880.75,6882.5,6876.25,6877.5,10660
2025-12-19 11:50:00,6877.5,6884.5,6876.25,6882.75,10619
2025-12-19 11:55:00,6883.0,6884.25,6878.75,6879.75,8365
2025-12-19 12:00:00,6879.5,6885.0,6879.0,6883.25,8105
2025-12-19 12:05:00,6883.5,6884.5,6882.0,6883.75,5820
2025-12-19 12:10:00,6884.0,6884.5,6881.75,6884.0,5140
2025-12-19 12:15:00,6884.25,6890.25,6884.25,6888.0,10988
2025-12-19 12:20:00,6888.0,6891.25,6887.75,6890.75,9055
2025-12-19 12:25:00,6891.0,6891.0,6888.75,6889.5,7683
2025-12-19 12:30:00,6889.25,6889.75,6886.25,6887.5,8327
2025-12-19 12:35:00,6887.5,6890.75,6885.75,6890.0,7665
2025-12-19 12:40:00,6890.25,6890.5,6886.5,6887.5,6057
2025-12-19 12:45:00,6887.25,6889.5,6886.0,6888.5,6090
2025-12-19 12:50:00,6888.5,6892.75,6888.25,6892.25,7817
2025-12-19 12:55:00,6892.25,6893.25,6889.0,6889.0,6469
2025-12-19 13:00:00,6889.25,6890.75,6887.25,6890.0,8433
2025-12-19 13:05:00,6890.0,6891.75,6889.25,6890.0,4101
2025-12-19 13:10:00,6890.25,6892.5,6890.25,6891.75,4794
2025-12-19 13:15:00,6891.75,6893.75,6891.5,6893.0,5264
2025-12-19 13:20:00,6892.75,6893.0,6889.0,6889.0,5649
2025-12-19 13:25:00,6889.25,6891.25,6888.75,6890.0,4698
2025-12-19 13:30:00,6890.0,6891.25,6887.75,6888.25,4883
2025-12-19 13:35:00,6888.0,6889.5,6886.75,6888.0,5077
2025-12-19 13:40:00,6888.0,6888.0,6884.25,6886.0,6947
2025-12-19 13:45:00,6886.0,6886.5,6884.0,6885.5,5478
2025-12-19 13:50:00,6885.25,6888.5,6884.5,6887.25,5931
2025-12-19 13:55:00,6887.25,6887.5,6884.25,6884.75,4875
2025-12-19 14:00:00,6884.75,6889.25,6884.5,6887.75,6029
2025-12-19 14:05:00,6888.0,6889.0,6885.75,6886.75,4702
2025-12-19 14:10:00,6887.0,6890.25,6886.5,6888.5,4524
2025-12-19 14:15:00,6888.5,6889.75,6887.25,6889.25,4361
2025-12-19 14:20:00,6889.5,6890.25,6888.25,6890.0,3468
2025-12-19 14:25:00,6890.0,6890.75,6888.5,6888.75,5085
2025-12-19 14:30:00,6888.75,6891.0,6887.75,6890.0,5597
2025-12-19 14:35:00,6890.0,6892.0,6889.25,6889.5,4406
2025-12-19 14:40:00,6889.75,6891.5,6888.75,6890.25,3823
2025-12-19 14:45:00,6890.5,6892.75,6890.25,6891.0,4423
2025-12-19 14:50:00,6891.25,6892.0,6889.75,6890.75,5208
2025-12-19 14:55:00,6890.5,6892.0,6888.0,6888.5,5506
2025-12-19 15:00:00,6888.75,6891.0,6887.5,6888.25,6595
2025-12-19 15:05:00,6888.25,6889.25,6887.5,6888.25,5280
2025-12-19 15:10:00,6888.25,6890.25,6886.5,6887.25,7659
2025-12-19 15:15:00,6887.25,6888.25,6886.25,6887.25,6717
2025-12-19 15:20:00,6887.25,6890.25,6887.25,6889.75,6649
2025-12-19 15:25:00,6889.75,6890.25,6887.0,6887.75,7294
2025-12-19 15:30:00,6887.75,6889.75,6885.75,6886.75,9146
2025-12-19 15:35:00,6887.0,6888.0,6885.75,6886.25,6817
2025-12-19 15:40:00,6886.5,6887.0,6879.25,6882.5,14141
2025-12-19 15:45:00,6882.5,6885.0,6881.5,6883.0,16174
2025-12-19 15:50:00,6883.25,6890.5,6880.75,6888.25,41380
2025-12-19 15:55:00,6888.25,6889.75,6882.75,6888.75,114690
2025-12-19 16:00:00,6888.5,6890.5,6886.25,6889.25,30807
2025-12-19 16:05:00,6889.25,6891.5,6889.0,6890.25,7716
2025-12-19 16:10:00,6890.5,6890.5,6889.0,6889.5,6462
2025-12-19 16:15:00,6889.5,6890.25,6888.0,6890.0,3999
2025-12-19 16:20:00,6889.75,6891.25,6889.75,6890.75,2073
2025-12-19 16:25:00,6890.75,6891.0,6890.25,6890.5,1556
2025-12-19 16:30:00,6890.5,6894.0,6889.5,6893.75,2852
2025-12-19 16:35:00,6893.5,6894.0,6892.5,6893.0,3121
2025-12-19 16:40:00,6892.75,6893.75,6892.75,6893.0,1944
2025-12-19 16:45:00,6892.75,6895.25,6892.5,6893.25,2315
2025-12-19 16:50:00,6893.25,6893.5,6892.25,6892.25,1720
2025-12-19 16:55:00,6892.5,6893.75,6892.0,6893.25,863
2025-12-21 18:10:00,6902.75,6904.25,6902.5,6902.75,476
2025-12-21 18:15:00,6902.75,6904.75,6901.5,6903.5,729
2025-12-21 18:20:00,6903.5,6903.75,6900.75,6901.75,1153
2025-12-21 18:25:00,6901.75,6903.0,6901.0,6902.75,558
2025-12-21 18:30:00,6902.5,6903.75,6902.5,6903.25,498
2025-12-21 18:35:00,6903.25,6905.5,6902.75,6905.5,545
2025-12-21 18:40:00,6905.25,6906.75,6905.0,6905.5,539
2025-12-21 18:45:00,6905.5,6907.5,6905.25,6906.0,600
2025-12-21 18:50:00,6906.0,6907.25,6905.25,6905.25,342
2025-12-21 18:55:00,6905.25,6906.75,6904.5,6906.0,397
2025-12-21 19:00:00,6906.25,6908.0,6904.25,6904.25,823
2025-12-21 19:05:00,6904.0,6904.5,6902.5,6904.0,599
2025-12-21 19:10:00,6903.75,6904.0,6902.5,6903.25,386
2025-12-21 19:15:00,6903.25,6904.0,6901.75,6902.25,474
2025-12-21 19:20:00,6902.5,6902.75,6901.25,6901.25,395
2025-12-21 19:25:00,6901.25,6902.5,6900.5,6901.25,2516
2025-12-21 19:30:00,6901.25,6903.25,6901.25,6903.0,534
2025-12-21 19:35:00,6903.0,6903.25,6901.5,6902.0,543
2025-12-21 19:40:00,6902.0,6902.5,6901.5,6901.75,337
2025-12-21 19:45:00,6901.75,6901.75,6900.5,6901.25,360
2025-12-21 19:50:00,6901.5,6902.75,6901.0,6901.25,199
2025-12-21 19:55:00,6901.5,6902.0,6900.75,6900.75,183
2025-12-21 20:00:00,6901.0,6906.0,6900.75,6904.75,1054
2025-12-21 20:05:00,6905.0,6906.75,6904.25,6905.25,785
2025-12-21 20:10:00,6905.25,6907.25,6905.25,6906.0,617
2025-12-21 20:15:00,6906.25,6906.5,6905.5,6906.0,547
2025-12-21 20:20:00,6906.0,6907.5,6905.75,6907.25,446
2025-12-21 20:25:00,6907.0,6908.5,6907.0,6907.75,577
2025-12-21 20:30:00,6907.75,6909.25,6907.25,6908.25,629
2025-12-21 20:35:00,6908.25,6909.0,6907.75,6908.5,425
2025-12-21 20:40:00,6908.5,6909.0,6907.0,6907.5,390
2025-12-21 20:45:00,6907.5,6908.25,6906.75,6908.0,404
2025-12-21 20:50:00,6908.25,6908.25,6907.0,6907.25,351
2025-12-21 20:55:00,6907.5,6908.5,6907.0,6907.0,385
2025-12-21 21:00:00,6907.0,6908.0,6906.5,6906.5,360
2025-12-21 21:05:00,6906.5,6906.5,6905.5,6906.25,359
2025-12-21 21:10:00,6906.0,6906.5,6905.25,6906.0,369
2025-12-21 21:15:00,6906.25,6907.75,6906.0,6906.25,588
2025-12-21 21:20:00,6906.25,6906.75,6905.75,6906.25,296
2025-12-21 21:25:00,6906.25,6907.0,6906.0,6907.0,210
2025-12-21 21:30:00,6907.0,6908.25,6907.0,6907.5,355
2025-12-21 21:35:00,6907.5,6907.5,6906.5,6906.75,206
2025-12-21 21:40:00,6906.75,6907.25,6905.75,6907.0,285
2025-12-21 21:45:00,6907.25,6907.5,6906.5,6907.5,200
2025-12-21 21:50:00,6907.5,6908.25,6907.25,6907.75,212
2025-12-21 21:55:00,6908.0,6908.25,6907.5,6908.25,195
2025-12-21 22:00:00,6908.0,6908.25,6907.75,6908.25,146
2025-12-21 22:05:00,6908.25,6909.0,6908.0,6908.75,375
2025-12-21 22:10:00,6909.0,6909.0,6907.0,6907.0,559
2025-12-21 22:15:00,6907.25,6907.5,6906.25,6906.5,298
2025-12-21 22:20:00,6906.5,6906.75,6905.75,6906.0,410
2025-12-21 22:25:00,6906.25,6906.25,6904.75,6904.75,588
2025-12-21 22:30:00,6904.75,6905.5,6904.25,6904.75,596
2025-12-21 22:35:00,6904.5,6905.5,6904.25,6905.0,309
2025-12-21 22:40:00,6904.75,6905.0,6904.5,6905.0,237
2025-12-21 22:45:00,6904.75,6905.5,6904.25,6904.5,334
2025-12-21 22:50:00,6904.5,6904.75,6903.75,6904.25,178
2025-12-21 22:55:00,6904.25,6904.5,6903.75,6904.5,253
2025-12-21 23:00:00,6904.5,6906.5,6904.25,6904.5,508
2025-12-21 23:05:00,6904.75,6904.75,6903.75,6904.0,353
2025-12-21 23:10:00,6904.0,6905.0,6904.0,6904.75,266
2025-12-21 23:15:00,6905.0,6906.0,6904.75,6905.5,288
2025-12-21 23:20:00,6905.25,6905.75,6905.0,6905.0,281
2025-12-21 23:25:00,6905.0,6905.5,6904.5,6905.25,198
2025-12-21 23:30:00,6905.25,6905.75,6904.5,6904.75,181
2025-12-21 23:35:00,6904.75,6905.25,6904.0,6904.25,257
2025-12-21 23:40:00,6904.5,6905.0,6904.0,6905.0,142
2025-12-21 23:45:00,6905.0,6905.75,6904.5,6905.5,116
2025-12-21 23:50:00,6905.5,6905.75,6905.25,6905.25,215
2025-12-21 23:55:00,6905.0,6905.25,6904.5,6905.0,161
2025-12-22 00:00:00,6904.25,6905.0,6904.25,6904.75,329
2025-12-22 00:05:00,6904.75,6905.25,6903.75,6903.75,220
2025-12-22 00:10:00,6903.75,6904.0,6903.0,6903.0,420
2025-12-22 00:15:00,6903.25,6903.5,6902.5,6902.5,344
2025-12-22 00:20:00,6902.5,6903.25,6901.75,6902.25,416
2025-12-22 00:25:00,6902.25,6902.75,6901.75,6901.75,352
2025-12-22 00:30:00,6901.75,6903.5,6901.25,6903.5,417
2025-12-22 00:35:00,6903.5,6904.0,6903.0,6903.5,226
2025-12-22 00:40:00,6903.5,6903.75,6903.25,6903.5,193
2025-12-22 00:45:00,6903.5,6904.0,6903.5,6903.75,150
2025-12-22 00:50:00,6903.75,6904.25,6903.5,6903.5,140
2025-12-22 00:55:00,6903.5,6903.75,6903.0,6903.25,114
2025-12-22 01:00:00,6903.25,6905.0,6903.25,6904.5,283
2025-12-22 01:05:00,6904.75,6905.5,6904.5,6905.0,286
2025-12-22 01:10:00,6904.75,6905.0,6904.25,6904.25,129
2025-12-22 01:15:00,6904.0,6904.75,6903.5,6904.5,296
2025-12-22 01:20:00,6904.5,6905.0,6903.25,6904.5,263
2025-12-22 01:25:00,6904.5,6905.0,6904.25,6904.5,299
2025-12-22 01:30:00,6904.25,6905.75,6903.75,6904.75,298
2025-12-22 01:35:00,6904.75,6905.75,6904.25,6905.25,132
2025-12-22 01:40:00,6905.25,6906.0,6904.75,6905.25,362
2025-12-22 01:45:00,6905.25,6906.75,6905.25,6906.25,331
2025-12-22 01:50:00,6906.0,6907.75,6906.0,6907.25,264
2025-12-22 01:55:00,6907.0,6907.0,6906.25,6906.5,245
2025-12-22 02:00:00,6906.75,6909.0,6906.5,6908.75,652
2025-12-22 02:05:00,6908.75,6909.25,6907.5,6908.75,415
2025-12-22 02:10:00,6908.75,6909.0,6908.0,6908.75,268
2025-12-22 02:15:00,6908.75,6911.25,6908.25,6909.75,873
2025-12-22 02:20:00,6909.75,6909.75,6907.75,6908.0,418
2025-12-22 02:25:00,6908.0,6909.25,6907.75,6909.25,325
2025-12-22 02:30:00,6909.5,6911.75,6909.5,6911.0,569
2025-12-22 02:35:00,6911.0,6911.25,6909.25,6909.75,345
2025-12-22 02:40:00,6909.75,6910.5,6909.5,6910.0,229
2025-12-22 02:45:00,6910.25,6910.5,6909.75,6910.0,202
2025-12-22 02:50:00,6910.25,6910.25,6909.25,6910.0,226
2025-12-22 02:55:00,6910.0,6911.75,6910.0,6910.25,565
2025-12-22 03:00:00,6910.5,6911.75,6908.75,6911.75,1110
2025-12-22 03:05:00,6911.75,6913.0,6911.0,6911.25,927
2025-12-22 03:10:00,6911.25,6912.0,6908.75,6910.0,787
2025-12-22 03:15:00,6909.75,6911.25,6909.5,6910.0,622
2025-12-22 03:20:00,6910.25,6911.25,6909.25,6909.75,610
2025-12-22 03:25:00,6910.0,6911.0,6910.0,6911.0,440
2025-12-22 03:30:00,6911.0,6911.75,6909.0,6909.0,701
2025-12-22 03:35:00,6909.0,6909.25,6907.0,6909.0,623
2025-12-22 03:40:00,6908.75,6909.75,6908.0,6908.0,420
2025-12-22 03:45:00,6908.0,6909.5,6908.0,6908.5,751
2025-12-22 03:50:00,6908.75,6908.75,6905.0,6906.0,1408
2025-12-22 03:55:00,6906.25,6906.5,6904.75,6905.75,708
2025-12-22 04:00:00,6905.75,6908.5,6905.25,6907.75,1383
2025-12-22 04:05:00,6907.75,6908.5,6907.0,6907.75,519
2025-12-22 04:10:00,6908.0,6909.5,6907.5,6909.5,408
2025-12-22 04:15:00,6909.25,6910.5,6909.0,6910.0,611
2025-12-22 04:20:00,6910.25,6911.25,6909.75,6910.0,603
2025-12-22 04:25:00,6910.0,6911.0,6910.0,6910.25,410
2025-12-22 04:30:00,6910.5,6911.75,6909.75,6911.5,657
2025-12-22 04:35:00,6911.5,6911.5,6910.5,6911.25,483
2025-12-22 04:40:00,6911.5,6912.25,6910.25,6910.75,957
2025-12-22 04:45:00,6910.75,6911.75,6910.5,6911.0,468
2025-12-22 04:50:00,6911.0,6912.0,6910.75,6910.75,375
2025-12-22 04:55:00,6910.75,6911.0,6910.25,6910.5,343
2025-12-22 05:00:00,6910.75,6911.25,6909.5,6911.25,589
2025-12-22 05:05:00,6911.25,6912.0,6911.25,6911.5,376
2025-12-22 05:10:00,6911.25,6912.25,6911.25,6911.75,406
2025-12-22 05:15:00,6912.0,6912.0,6911.0,6911.0,265
2025-12-22 05:20:00,6910.75,6911.25,6910.0,6911.25,571
2025-12-22 05:25:00,6911.25,6912.5,6911.25,6911.25,399
2025-12-22 05:30:00,6911.25,6911.75,6910.5,6911.0,552
2025-12-22 05:35:00,6911.25,6912.0,6910.75,6911.25,584
2025-12-22 05:40:00,6911.25,6911.5,6910.75,6911.0,368
2025-12-22 05:45:00,6910.75,6911.5,6910.75,6911.5,216
2025-12-22 05:50:00,6911.25,6911.75,6911.0,6911.25,299
2025-12-22 05:55:00,6911.25,6911.25,6910.75,6911.0,470
2025-12-22 06:00:00,6911.0,6912.25,6910.75,6912.0,457
2025-12-22 06:05:00,6912.0,6913.5,6911.5,6912.0,548
2025-12-22 06:10:00,6912.0,6912.25,6911.25,6912.0,431
2025-12-22 06:15:00,6912.0,6912.75,6910.75,6912.5,874
2025-12-22 06:20:00,6912.75,6913.5,6912.25,6913.25,825
2025-12-22 06:25:00,6913.5,6913.75,6912.5,6912.75,558
2025-12-22 06:30:00,6912.75,6913.0,6909.75,6911.0,699
2025-12-22 06:35:00,6911.0,6912.75,6911.0,6912.0,611
2025-12-22 06:40:00,6912.0,6912.75,6911.5,6912.75,519
2025-12-22 06:45:00,6912.75,6913.0,6911.5,6911.5,307
2025-12-22 06:50:00,6911.5,6911.5,6910.25,6911.0,533
2025-12-22 06:55:00,6911.0,6911.5,6910.5,6910.75,625
2025-12-22 07:00:00,6911.0,6913.0,6910.25,6912.75,994
2025-12-22 07:05:00,6913.0,6913.25,6911.75,6912.5,527
2025-12-22 07:10:00,6913.0,6913.25,6910.75,6910.75,830
2025-12-22 07:15:00,6910.75,6911.5,6909.25,6911.0,1050
2025-12-22 07:20:00,6911.0,6913.0,6911.0,6912.0,1050
2025-12-22 07:25:00,6912.25,6914.0,6912.25,6913.5,1158
2025-12-22 07:30:00,6913.75,6914.0,6912.25,6913.75,860
2025-12-22 07:35:00,6913.75,6915.0,6913.25,6914.75,1193
2025-12-22 07:40:00,6914.5,6915.5,6913.75,6914.5,1106
2025-12-22 07:45:00,6914.25,6914.5,6913.0,6913.5,1144
2025-12-22 07:50:00,6913.75,6914.25,6911.5,6911.75,1068
2025-12-22 07:55:00,6911.75,6914.75,6911.75,6914.75,801
2025-12-22 08:00:00,6914.75,6916.5,6913.75,6916.25,1201
2025-12-22 08:05:00,6916.5,6917.0,6915.5,6916.75,1160
2025-12-22 08:10:00,6916.5,6916.5,6915.25,6916.25,1010
2025-12-22 08:15:00,6916.25,6916.25,6915.25,6915.75,716
2025-12-22 08:20:00,6915.5,6919.0,6915.25,6919.0,1631
2025-12-22 08:25:00,6919.0,6919.25,6917.75,6918.25,1141
2025-12-22 08:30:00,6918.25,6918.5,6917.25,6917.75,1114
2025-12-22 08:35:00,6917.75,6918.0,6914.75,6915.5,1674
2025-12-22 08:40:00,6915.5,6916.5,6914.5,6916.0,1409
2025-12-22 08:45:00,6916.0,6917.5,6915.5,6917.25,1435
2025-12-22 08:50:00,6917.25,6917.25,6915.5,6916.25,1268
2025-12-22 08:55:00,6916.25,6919.5,6916.25,6919.25,1792
2025-12-22 09:00:00,6919.25,6921.75,6919.0,6921.75,3350
2025-12-22 09:05:00,6921.75,6922.5,6921.25,6921.75,2802
2025-12-22 09:10:00,6922.0,6922.0,6920.5,6920.5,2171
2025-12-22 09:15:00,6920.75,6923.75,6920.25,6923.0,2355
2025-12-22 09:20:00,6923.0,6923.25,6921.5,6922.5,2272
2025-12-22 09:25:00,6922.5,6923.25,6920.75,6921.5,5497
2025-12-22 09:30:00,6921.75,6927.75,6916.25,6919.25,33393
2025-12-22 09:35:00,6919.0,6921.75,6914.0,6915.25,25735
2025-12-22 09:40:00,6915.25,6917.75,6911.75,6914.75,21742
2025-12-22 09:45:00,6914.5,6919.75,6913.0,6916.0,18655
2025-12-22 09:50:00,6916.0,6923.0,6915.0,6922.5,14618
2025-12-22 09:55:00,6922.75,6923.75,6920.25,6922.25,13968
2025-12-22 10:00:00,6922.25,6923.75,6916.75,6917.25,17736
2025-12-22 10:05:00,6917.0,6920.25,6914.75,6917.75,12787
2025-12-22 10:10:00,6917.75,6918.5,6911.0,6911.75,15275
2025-12-22 10:15:00,6912.0,6918.25,6911.25,6917.0,13043
2025-12-22 10:20:00,6917.0,6921.0,6915.75,6920.0,12340
2025-12-22 10:25:00,6920.0,6921.5,6918.25,6920.0,9686
2025-12-22 10:30:00,6920.0,6922.25,6916.75,6917.0,11457
2025-12-22 10:35:00,6917.0,6917.25,6908.5,6911.0,19516
2025-12-22 10:40:00,6910.75,6920.0,6910.5,6919.25,14626
2025-12-22 10:45:00,6919.25,6921.25,6918.75,6920.5,11681
2025-12-22 10:50:00,6920.5,6921.5,6917.75,6920.25,8323
2025-12-22 10:55:00,6920.25,6922.0,6918.25,6918.5,7628
2025-12-22 11:00:00,6918.75,6922.0,6918.5,6920.75,8441
2025-12-22 11:05:00,6920.75,6924.75,6920.5,6924.25,10658
2025-12-22 11:10:00,6924.5,6929.25,6924.0,6928.75,13896
2025-12-22 11:15:00,6929.0,6931.75,6928.0,6931.0,13526
2025-12-22 11:20:00,6931.0,6932.25,6929.75,6930.0,9816
2025-12-22 11:25:00,6930.25,6930.5,6928.5,6929.25,9145
2025-12-22 11:30:00,6929.25,6930.5,6927.0,6927.5,11641
2025-12-22 11:35:00,6927.25,6930.0,6927.0,6927.5,8563
2025-12-22 11:40:00,6927.25,6929.75,6926.25,6926.25,5248
2025-12-22 11:45:00,6926.25,6929.0,6926.0,6927.25,7216
2025-12-22 11:50:00,6927.5,6930.0,6927.25,6929.75,6463
2025-12-22 11:55:00,6929.75,6932.25,6929.25,6932.25,6424
2025-12-22 12:00:00,6932.25,6933.5,6930.25,6931.25,8915
2025-12-22 12:05:00,6931.25,6931.75,6929.25,6929.75,5803
2025-12-22 12:10:00,6930.0,6932.0,6929.25,6930.75,6362
2025-12-22 12:15:00,6930.75,6932.25,6930.5,6931.0,4043
2025-12-22 12:20:00,6931.0,6931.0,6929.5,6929.5,5215
2025-12-22 12:25:00,6929.25,6930.0,6927.75,6929.0,5441
2025-12-22 12:30:00,6929.0,6930.75,6928.0,6928.5,4787
2025-12-22 12:35:00,6928.25,6929.75,6928.25,6929.0,3662
2025-12-22 12:40:00,6929.25,6931.75,6928.25,6930.5,8932
2025-12-22 12:45:00,6930.5,6931.25,6929.25,6930.25,4304
2025-12-22 12:50:00,6930.25,6935.0,6930.0,6933.75,9643
2025-12-22 12:55:00,6934.0,6936.25,6933.75,6934.75,8819
2025-12-22 13:00:00,6934.75,6935.0,6932.75,6932.75,5661
2025-12-22 13:05:00,6933.0,6933.0,6931.5,6931.5,5454
2025-12-22 13:10:00,6931.75,6932.0,6930.0,6930.5,6802
2025-12-22 13:15:00,6930.5,6930.75,6928.25,6929.5,7336
2025-12-22 13:20:00,6929.5,6929.75,6927.5,6927.5,6381
2025-12-22 13:25:00,6927.5,6929.75,6925.75,6929.25,10677
2025-12-22 13:30:00,6929.25,6931.25,6929.25,6929.25,6193
2025-12-22 13:35:00,6929.25,6930.75,6928.5,6930.0,3985
2025-12-22 13:40:00,6930.25,6931.25,6929.0,6929.75,3915
2025-12-22 13:45:00,6929.75,6930.0,6928.25,6928.75,3358
2025-12-22 13:50:00,6928.75,6929.0,6926.0,6926.25,7923
2025-12-22 13:55:00,6926.0,6929.0,6926.0,6927.25,6987
2025-12-22 14:00:00,6927.25,6928.0,6925.5,6926.25,4752
2025-12-22 14:05:00,6926.25,6927.0,6925.0,6926.0,6953
2025-12-22 14:10:00,6926.0,6926.0,6924.5,6925.5,5171
2025-12-22 14:15:00,6925.5,6926.75,6924.5,6926.5,5040
2025-12-22 14:20:00,6926.5,6928.5,6925.75,6928.0,6307
2025-12-22 14:25:00,6928.0,6930.0,6927.75,6929.5,5519
2025-12-22 14:30:00,6929.75,6932.5,6929.5,6930.5,8547
2025-12-22 14:35:00,6930.5,6932.5,6930.5,6930.75,5215
2025-12-22 14:40:00,6931.0,6931.25,6929.75,6930.0,5766
2025-12-22 14:45:00,6930.0,6931.5,6929.5,6929.75,4383
2025-12-22 14:50:00,6930.0,6930.75,6929.0,6929.0,4819
2025-12-22 14:55:00,6929.0,6930.25,6928.75,6930.25,4739
2025-12-22 15:00:00,6930.0,6931.75,6930.0,6930.5,5637
2025-12-22 15:05:00,6930.5,6931.0,6928.75,6929.25,4726
2025-12-22 15:10:00,6929.0,6931.25,6929.0,6929.75,5878
2025-12-22 15:15:00,6929.75,6932.5,6929.25,6932.25,8646
2025-12-22 15:20:00,6932.0,6932.75,6930.5,6931.25,6922
2025-12-22 15:25:00,6931.5,6932.0,6930.5,6931.5,4919
2025-12-22 15:30:00,6931.5,6932.75,6931.25,6932.5,6086
2025-12-22 15:35:00,6932.5,6933.75,6931.25,6932.0,11394
2025-12-22 15:40:00,6932.25,6932.25,6931.0,6931.25,7111
2025-12-22 15:45:00,6931.25,6931.75,6929.0,6930.0,13120
2025-12-22 15:50:00,6930.0,6931.75,6928.25,6931.75,23833
2025-12-22 15:55:00,6931.5,6932.25,6928.5,6929.5,68458
2025-12-22 16:00:00,6929.5,6932.25,6929.5,6931.75,17251
2025-12-22 16:05:00,6931.75,6932.5,6931.25,6932.0,4783
2025-12-22 16:10:00,6932.0,6932.25,6931.0,6931.25,2911
2025-12-22 16:15:00,6931.5,6931.5,6930.5,6930.5,1265
2025-12-22 16:20:00,6930.25,6931.0,6930.0,6930.25,615
2025-12-22 16:25:00,6930.25,6930.5,6929.25,6929.75,1325
2025-12-22 16:30:00,6929.5,6930.75,6929.5,6930.25,1184
2025-12-22 16:35:00,6930.25,6930.25,6929.5,6930.25,892
2025-12-22 16:40:00,6930.25,6930.75,6929.75,6930.25,873
2025-12-22 16:45:00,6930.25,6930.5,6929.5,6929.75,869
2025-12-22 16:50:00,6929.5,6930.25,6929.0,6929.0,1158
2025-12-22 16:55:00,6929.0,6930.75,6928.75,6930.75,1416
2025-12-22 18:00:00,6930.75,6932.0,6929.5,6930.75,0
2025-12-22 18:05:00,6931.0,6933.0,6930.75,6932.75,340
2025-12-22 18:10:00,6932.5,6933.5,6931.25,6931.5,391
2025-12-22 18:15:00,6931.5,6931.75,6931.25,6931.75,206
2025-12-22 18:20:00,6931.5,6933.0,6931.0,6931.25,449
2025-12-22 18:25:00,6931.25,6932.0,6931.0,6931.75,237
2025-12-22 18:30:00,6931.75,6933.5,6931.0,6932.25,549
2025-12-22 18:35:00,6932.5,6933.25,6931.0,6931.5,399
2025-12-22 18:40:00,6931.5,6932.0,6931.5,6931.75,207
2025-12-22 18:45:00,6931.75,6932.0,6931.25,6931.75,377
2025-12-22 18:50:00,6931.75,6932.25,6930.0,6930.5,962
2025-12-22 18:55:00,6930.75,6931.25,6930.5,6930.75,194
2025-12-22 19:00:00,6931.0,6931.75,6929.75,6929.75,566
2025-12-22 19:05:00,6930.0,6931.0,6929.5,6931.0,209
2025-12-22 19:10:00,6930.75,6932.5,6930.25,6930.75,577
2025-12-22 19:15:00,6930.75,6930.75,6930.0,6930.25,207
2025-12-22 19:20:00,6930.0,6931.0,6929.75,6931.0,256
2025-12-22 19:25:00,6931.0,6931.5,6930.5,6930.75,267
2025-12-22 19:30:00,6930.5,6931.5,6929.5,6931.25,338
2025-12-22 19:35:00,6931.25,6932.25,6931.25,6931.5,378
2025-12-22 19:40:00,6931.5,6931.75,6931.0,6931.25,272
2025-12-22 19:45:00,6931.25,6931.75,6931.0,6931.25,207
2025-12-22 19:50:00,6931.5,6932.25,6931.25,6931.75,213
2025-12-22 19:55:00,6931.5,6932.5,6931.25,6932.5,441
2025-12-22 20:00:00,6932.5,6933.5,6931.75,6933.25,640
2025-12-22 20:05:00,6933.25,6933.75,6931.75,6932.0,346
2025-12-22 20:10:00,6932.0,6932.25,6930.25,6931.5,456
2025-12-22 20:15:00,6931.75,6932.5,6931.25,6931.75,361
2025-12-22 20:20:00,6932.0,6932.0,6930.75,6931.25,280
2025-12-22 20:25:00,6931.25,6932.0,6930.5,6931.0,253
2025-12-22 20:30:00,6930.75,6931.5,6928.75,6929.25,639
2025-12-22 20:35:00,6929.25,6931.5,6928.5,6931.5,532
2025-12-22 20:40:00,6931.5,6933.5,6931.5,6932.5,433
2025-12-22 20:45:00,6932.5,6932.5,6930.5,6931.5,406
2025-12-22 20:50:00,6931.5,6932.25,6931.25,6931.5,364
2025-12-22 20:55:00,6931.75,6931.75,6930.5,6931.25,283
2025-12-22 21:00:00,6931.25,6932.25,6931.0,6931.75,319
2025-12-22 21:05:00,6932.0,6934.0,6932.0,6933.5,483
2025-12-22 21:10:00,6933.75,6934.5,6933.75,6934.5,406
2025-12-22 21:15:00,6934.25,6935.75,6934.25,6935.25,691
2025-12-22 21:20:00,6935.5,6935.75,6934.75,6934.75,256
2025-12-22 21:25:00,6934.75,6934.75,6932.75,6933.25,544
2025-12-22 21:30:00,6933.25,6934.75,6933.25,6933.75,434
2025-12-22 21:35:00,6934.0,6934.25,6932.5,6933.0,338
2025-12-22 21:40:00,6933.0,6933.75,6932.75,6932.75,324
2025-12-22 21:45:00,6932.75,6933.0,6931.0,6932.5,489
2025-12-22 21:50:00,6932.5,6933.0,6932.25,6932.75,251
2025-12-22 21:55:00,6932.75,6933.25,6932.0,6933.0,249
2025-12-22 22:00:00,6933.0,6934.25,6932.75,6932.75,416
2025-12-22 22:05:00,6932.75,6933.0,6931.75,6932.5,246
2025-12-22 22:10:00,6932.25,6933.0,6931.75,6932.5,155
2025-12-22 22:15:00,6932.5,6932.75,6931.25,6931.5,329
2025-12-22 22:20:00,6931.5,6932.0,6930.5,6930.75,231
2025-12-22 22:25:00,6931.0,6931.75,6931.0,6931.25,196
2025-12-22 22:30:00,6931.5,6932.0,6931.0,6931.75,219
2025-12-22 22:35:00,6931.75,6931.75,6931.25,6931.5,193
2025-12-22 22:40:00,6931.5,6931.5,6930.75,6931.25,202
2025-12-22 22:45:00,6931.25,6931.25,6930.25,6930.5,199
2025-12-22 22:50:00,6930.5,6930.75,6930.0,6930.0,200
2025-12-22 22:55:00,6930.25,6930.5,6929.75,6930.25,189
2025-12-22 23:00:00,6930.5,6930.5,6929.0,6929.5,435
2025-12-22 23:05:00,6929.75,6930.0,6929.25,6929.5,234
2025-12-22 23:10:00,6929.5,6930.5,6929.5,6930.25,153
2025-12-22 23:15:00,6930.5,6931.0,6930.25,6930.5,160
2025-12-22 23:20:00,6930.25,6930.5,6929.75,6930.0,136
2025-12-22 23:25:00,6930.25,6930.5,6929.0,6929.25,305
2025-12-22 23:30:00,6929.25,6929.75,6927.75,6928.25,353
2025-12-22 23:35:00,6928.0,6928.0,6926.5,6926.5,661
2025-12-22 23:40:00,6926.5,6927.0,6926.5,6926.75,165
2025-12-22 23:45:00,6926.5,6927.0,6926.5,6926.75,180
2025-12-22 23:50:00,6926.75,6926.75,6925.5,6926.25,340
2025-12-22 23:55:00,6926.0,6926.25,6925.25,6926.0,201
2025-12-23 00:05:00,6925.75,6926.25,6925.5,6926.0,1017
2025-12-23 00:10:00,6926.0,6926.0,6924.5,6925.0,384
2025-12-23 00:15:00,6925.0,6926.25,6924.75,6925.75,276
2025-12-23 00:20:00,6926.0,6926.75,6925.75,6926.75,241
2025-12-23 00:25:00,6926.5,6927.25,6926.0,6926.75,341
2025-12-23 00:30:00,6926.75,6927.0,6925.75,6926.5,219
2025-12-23 00:35:00,6926.25,6926.5,6926.0,6926.25,161
2025-12-23 00:40:00,6926.5,6927.0,6926.0,6926.5,294
2025-12-23 00:45:00,6926.75,6926.75,6926.0,6926.25,156
2025-12-23 00:50:00,6926.5,6926.5,6925.0,6925.75,401
2025-12-23 00:55:00,6925.75,6925.75,6925.0,6925.0,222
2025-12-23 01:00:00,6925.0,6925.75,6924.25,6925.0,298
2025-12-23 01:05:00,6924.75,6925.75,6924.75,6925.25,243
2025-12-23 01:10:00,6925.25,6925.75,6924.75,6925.0,277
2025-12-23 01:15:00,6925.0,6925.0,6923.75,6925.0,450
2025-12-23 01:20:00,6925.0,6926.0,6924.0,6924.0,490
2025-12-23 01:25:00,6923.75,6924.0,6922.5,6923.25,547
2025-12-23 01:30:00,6923.0,6924.75,6922.25,6923.5,523
2025-12-23 01:35:00,6923.5,6924.25,6923.25,6923.75,206
2025-12-23 01:40:00,6924.0,6924.5,6923.75,6924.0,144
2025-12-23 01:45:00,6924.0,6924.0,6922.75,6923.5,272
2025-12-23 01:50:00,6923.25,6924.75,6923.0,6924.75,166
2025-12-23 01:55:00,6924.5,6924.75,6924.0,6924.5,156
2025-12-23 02:00:00,6924.5,6925.0,6923.0,6925.0,387
2025-12-23 02:05:00,6925.0,6925.0,6924.25,6924.25,183
2025-12-23 02:10:00,6924.25,6924.75,6923.0,6924.5,223
2025-12-23 02:15:00,6924.5,6925.0,6923.75,6924.0,194
2025-12-23 02:20:00,6924.25,6925.5,6924.25,6925.0,252
2025-12-23 02:25:00,6925.0,6925.75,6924.5,6925.25,321
2025-12-23 02:30:00,6925.5,6925.5,6923.25,6924.0,248
2025-12-23 02:35:00,6924.0,6925.0,6923.75,6924.5,207
2025-12-23 02:40:00,6924.5,6925.5,6924.25,6925.25,227
2025-12-23 02:45:00,6925.25,6926.0,6924.5,6925.0,267
2025-12-23 02:50:00,6925.0,6927.0,6925.0,6926.5,402
2025-12-23 02:55:00,6926.5,6926.75,6925.0,6925.5,403
2025-12-23 03:00:00,6925.5,6927.75,6924.75,6927.5,1001
2025-12-23 03:05:00,6927.25,6929.75,6927.25,6929.5,958
2025-12-23 03:10:00,6929.5,6930.75,6929.0,6930.5,709
2025-12-23 03:15:00,6930.5,6931.0,6929.75,6930.0,574
2025-12-23 03:20:00,6930.0,6932.25,6929.75,6932.0,525
2025-12-23 03:25:00,6932.0,6932.25,6929.5,6930.5,1134
2025-12-23 03:30:00,6930.25,6931.25,6930.0,6931.25,474
2025-12-23 03:35:00,6931.25,6931.5,6930.0,6930.25,316
2025-12-23 03:40:00,6930.25,6930.5,6929.5,6930.0,266
2025-12-23 03:45:00,6930.0,6931.0,6929.0,6930.0,420
2025-12-23 03:50:00,6929.75,6929.75,6928.5,6929.25,590
2025-12-23 03:55:00,6929.25,6930.25,6928.75,6929.5,430
2025-12-23 04:00:00,6929.25,6931.0,6929.0,6931.0,453
2025-12-23 04:05:00,6931.0,6931.25,6930.25,6930.5,399
2025-12-23 04:10:00,6930.75,6931.5,6930.25,6930.75,399
2025-12-23 04:15:00,6930.5,6933.25,6930.5,6933.25,1154
2025-12-23 04:20:00,6933.25,6933.25,6932.0,6933.0,597
2025-12-23 04:25:00,6933.0,6934.5,6932.5,6934.0,480
2025-12-23 04:30:00,6934.0,6935.5,6934.0,6935.25,583
2025-12-23 04:35:00,6935.25,6935.5,6934.75,6935.25,320
2025-12-23 04:40:00,6935.25,6936.75,6935.25,6936.0,620
2025-12-23 04:45:00,6936.0,6936.5,6934.75,6935.25,486
2025-12-23 04:50:00,6935.25,6935.75,6934.75,6935.0,352
2025-12-23 04:55:00,6935.25,6936.0,6935.0,6935.75,470
2025-12-23 05:00:00,6935.75,6936.5,6935.5,6935.5,555
2025-12-23 05:05:00,6935.5,6935.75,6934.75,6935.75,427
2025-12-23 05:10:00,6936.0,6936.25,6935.0,6935.0,273
2025-12-23 05:15:00,6935.0,6935.25,6933.0,6933.5,653
2025-12-23 05:20:00,6933.75,6933.75,6931.5,6933.25,689
2025-12-23 05:25:00,6933.0,6933.75,6932.75,6933.25,406
2025-12-23 05:30:00,6933.25,6933.5,6931.5,6931.75,591
2025-12-23 05:35:00,6932.0,6933.0,6931.5,6932.5,525
2025-12-23 05:40:00,6932.5,6933.5,6931.0,6932.25,714
2025-12-23 05:45:00,6932.25,6933.0,6932.0,6932.25,334
2025-12-23 05:50:00,6932.5,6932.75,6932.0,6932.5,258
2025-12-23 05:55:00,6932.5,6933.5,6932.25,6932.75,242
2025-12-23 06:00:00,6932.75,6933.5,6931.25,6932.5,443
2025-12-23 06:05:00,6932.5,6933.0,6932.25,6932.5,336
2025-12-23 06:10:00,6932.75,6933.0,6930.5,6931.0,375
2025-12-23 06:15:00,6931.0,6931.0,6929.5,6929.5,572
2025-12-23 06:20:00,6929.5,6931.25,6929.5,6931.25,388
2025-12-23 06:25:00,6931.25,6932.25,6931.0,6931.25,326
2025-12-23 06:30:00,6931.0,6931.75,6931.0,6931.75,361
2025-12-23 06:35:00,6932.0,6932.5,6931.25,6932.25,322
2025-12-23 06:40:00,6932.0,6932.25,6931.5,6931.5,286
2025-12-23 06:45:00,6931.5,6932.25,6930.0,6930.75,354
2025-12-23 06:50:00,6930.75,6931.0,6929.75,6931.0,257
2025-12-23 06:55:00,6931.0,6931.25,6929.75,6930.5,290
2025-12-23 07:00:00,6930.25,6932.0,6927.5,6928.0,1266
2025-12-23 07:05:00,6928.0,6929.25,6927.25,6928.75,656
2025-12-23 07:10:00,6928.5,6928.5,6925.75,6927.25,783
2025-12-23 07:15:00,6927.25,6928.0,6926.75,6927.5,693
2025-12-23 07:20:00,6927.5,6927.5,6925.5,6925.75,547
2025-12-23 07:25:00,6926.0,6926.5,6925.5,6925.75,530
2025-12-23 07:30:00,6925.75,6927.5,6924.0,6926.75,1018
2025-12-23 07:35:00,6926.5,6928.0,6925.25,6927.25,892
2025-12-23 07:40:00,6927.25,6928.25,6926.5,6926.75,397
2025-12-23 07:45:00,6926.5,6927.0,6926.0,6926.75,541
2025-12-23 07:50:00,6926.75,6927.25,6926.25,6927.0,384
2025-12-23 07:55:00,6927.0,6928.5,6926.75,6928.0,773
2025-12-23 08:00:00,6928.0,6928.5,6925.25,6926.0,928
2025-12-23 08:05:00,6926.0,6928.0,6926.0,6926.75,620
2025-12-23 08:10:00,6926.75,6928.5,6926.0,6926.75,1571
2025-12-23 08:15:00,6926.5,6927.5,6925.5,6926.0,690
2025-12-23 08:20:00,6926.25,6926.25,6924.5,6926.25,772
2025-12-23 08:25:00,6926.25,6927.5,6925.75,6927.0,610
2025-12-23 08:30:00,6927.0,6928.75,6924.75,6926.0,1949
2025-12-23 08:35:00,6926.25,6926.25,6915.25,6916.25,6894
2025-12-23 08:40:00,6916.5,6920.25,6915.75,6920.0,3566
2025-12-23 08:45:00,6920.25,6921.0,6917.5,6918.75,2603
2025-12-23 08:50:00,6918.5,6919.5,6917.0,6917.75,2118
2025-12-23 08:55:00,6917.75,6918.75,6913.25,6915.75,5353
2025-12-23 09:00:00,6915.75,6918.75,6914.5,6918.0,3398
2025-12-23 09:05:00,6918.25,6918.5,6914.75,6915.0,3317
2025-12-23 09:10:00,6915.0,6917.75,6913.75,6916.5,2452
2025-12-23 09:15:00,6916.5,6917.5,6915.75,6915.75,1680
2025-12-23 09:20:00,6915.75,6918.0,6914.75,6916.5,2310
2025-12-23 09:25:00,6916.75,6919.5,6915.0,6919.25,3933
2025-12-23 09:30:00,6919.25,6936.5,6918.75,6930.5,37297
2025-12-23 09:35:00,6930.75,6935.0,6928.0,6934.25,16077
2025-12-23 09:40:00,6934.25,6938.75,6932.75,6938.5,16123
2025-12-23 09:45:00,6938.5,6943.5,6938.0,6940.25,16918
2025-12-23 09:50:00,6940.0,6942.0,6936.25,6937.25,14059
2025-12-23 09:55:00,6937.25,6937.75,6931.75,6935.0,14861
2025-12-23 10:00:00,6934.75,6935.75,6925.0,6926.0,21797
2025-12-23 10:05:00,6926.25,6929.75,6924.0,6929.25,17050
2025-12-23 10:10:00,6929.25,6931.5,6924.25,6928.0,15859
2025-12-23 10:15:00,6928.0,6934.25,6927.75,6933.25,13680
2025-12-23 10:20:00,6933.25,6936.25,6932.75,6935.5,10278
2025-12-23 10:25:00,6935.5,6936.25,6930.5,6933.25,10769
2025-12-23 10:30:00,6933.0,6937.75,6933.0,6937.0,9192
2025-12-23 10:35:00,6937.25,6941.25,6936.75,6940.5,10593
2025-12-23 10:40:00,6940.5,6943.0,6940.0,6942.0,11117
2025-12-23 10:45:00,6942.25,6943.5,6939.75,6942.75,9229
2025-12-23 10:50:00,6942.75,6944.0,6941.75,6942.75,7548
2025-12-23 10:55:00,6942.75,6946.5,6941.0,6944.75,9463
2025-12-23 11:00:00,6945.0,6948.0,6944.0,6946.0,12171
2025-12-23 11:05:00,6946.0,6947.5,6944.75,6945.5,8490
2025-12-23 11:10:00,6945.5,6946.5,6944.25,6946.0,7873
2025-12-23 11:15:00,6946.25,6948.75,6946.0,6948.25,7004
2025-12-23 11:20:00,6948.25,6948.5,6946.25,6947.75,6218
2025-12-23 11:25:00,6947.75,6949.0,6946.0,6946.25,6594
2025-12-23 11:30:00,6946.25,6947.25,6945.75,6946.5,6075
2025-12-23 11:35:00,6946.5,6947.25,6945.0,6946.75,5848
2025-12-23 11:40:00,6946.5,6949.5,6946.25,6948.75,5506
2025-12-23 11:45:00,6948.75,6950.0,6948.25,6949.0,5682
2025-12-23 11:50:00,6949.25,6951.5,6949.0,6950.5,8169
2025-12-23 11:55:00,6950.75,6951.75,6949.5,6950.75,5743
2025-12-23 12:00:00,6950.75,6951.5,6948.25,6950.5,8741
2025-12-23 12:05:00,6950.5,6951.5,6950.0,6951.25,4042
2025-12-23 12:10:00,6951.25,6952.0,6950.5,6951.0,4530
2025-12-23 12:15:00,6951.0,6952.0,6950.25,6951.75,3807
2025-12-23 12:20:00,6951.75,6953.75,6951.5,6953.0,5910
2025-12-23 12:25:00,6953.0,6953.25,6951.75,6952.5,4036
2025-12-23 12:30:00,6952.5,6953.75,6950.5,6951.75,7218
2025-12-23 12:35:00,6951.75,6953.0,6951.0,6952.5,3508
2025-12-23 12:40:00,6952.5,6952.75,6951.25,6952.0,3895
2025-12-23 12:45:00,6952.25,6952.75,6950.5,6950.75,3824
2025-12-23 12:50:00,6950.75,6952.0,6949.5,6951.25,6440
2025-12-23 12:55:00,6951.25,6952.75,6950.75,6951.5,4772
2025-12-23 13:00:00,6951.5,6952.75,6951.0,6951.0,3588
2025-12-23 13:05:00,6951.25,6955.25,6951.0,6954.75,6329
2025-12-23 13:10:00,6954.75,6955.25,6953.5,6955.0,4569
2025-12-23 13:15:00,6955.25,6955.75,6954.5,6955.75,3419
2025-12-23 13:20:00,6955.75,6959.0,6955.5,6957.75,10263
2025-12-23 13:25:00,6957.5,6958.25,6955.75,6957.25,6563
2025-12-23 13:30:00,6957.25,6958.75,6956.75,6958.0,4592
2025-12-23 13:35:00,6957.75,6958.25,6957.0,6958.0,3426
2025-12-23 13:40:00,6958.0,6958.25,6957.25,6958.25,3162
2025-12-23 13:45:00,6958.25,6958.75,6957.25,6957.75,3272
2025-12-23 13:50:00,6957.5,6958.25,6956.75,6957.25,3456
2025-12-23 13:55:00,6957.5,6957.75,6956.5,6956.75,3828
2025-12-23 14:00:00,6956.75,6959.0,6956.5,6958.75,5044
2025-12-23 14:05:00,6959.0,6960.0,6958.25,6959.25,4981
2025-12-23 14:10:00,6959.25,6960.0,6958.75,6959.0,3860
2025-12-23 14:15:00,6958.75,6960.25,6958.75,6960.25,3829
2025-12-23 14:20:00,6960.0,6960.75,6959.5,6960.0,4482
2025-12-23 14:25:00,6959.75,6961.0,6959.5,6960.5,5441
2025-12-23 14:30:00,6960.75,6961.25,6959.5,6960.0,4235
2025-12-23 14:35:00,6959.75,6960.5,6959.25,6959.75,4088
2025-12-23 14:40:00,6959.5,6959.75,6958.75,6959.75,4321
2025-12-23 14:45:00,6959.75,6960.5,6959.5,6960.25,3583
2025-12-23 14:50:00,6960.25,6961.0,6959.5,6960.75,4227
2025-12-23 14:55:00,6961.0,6961.25,6960.0,6960.0,5308
2025-12-23 15:00:00,6960.25,6962.25,6960.0,6961.5,8274
2025-12-23 15:05:00,6961.5,6961.75,6960.5,6961.0,4401
2025-12-23 15:10:00,6961.0,6961.5,6960.0,6960.75,4439
2025-12-23 15:15:00,6960.75,6961.25,6960.25,6961.0,3809
2025-12-23 15:20:00,6961.25,6961.75,6959.5,6959.75,6018
2025-12-23 15:25:00,6960.0,6961.0,6959.5,6960.0,4642
2025-12-23 15:30:00,6960.0,6961.25,6959.5,6960.75,5148
2025-12-23 15:35:00,6961.0,6961.75,6960.0,6961.0,6762
2025-12-23 15:40:00,6961.0,6961.5,6958.75,6959.0,7240
2025-12-23 15:45:00,6959.0,6961.25,6958.75,6961.0,8925
2025-12-23 15:50:00,6960.75,6961.75,6957.75,6961.5,24514
2025-12-23 15:55:00,6961.25,6963.75,6959.5,6960.5,65177
2025-12-23 16:00:00,6960.25,6962.0,6957.75,6959.75,20598
2025-12-23 16:05:00,6959.75,6961.0,6958.25,6959.5,5517
2025-12-23 16:10:00,6959.25,6959.5,6957.75,6957.75,5008
2025-12-23 16:15:00,6957.75,6959.0,6957.5,6958.75,1930
2025-12-23 16:20:00,6959.0,6959.75,6958.75,6959.25,1010
2025-12-23 16:25:00,6959.25,6959.25,6957.5,6958.0,1476
2025-12-23 16:30:00,6958.0,6959.0,6958.0,6958.0,980
2025-12-23 16:35:00,6958.0,6958.25,6957.0,6958.0,1081
2025-12-23 16:40:00,6958.0,6958.75,6957.5,6957.5,799
2025-12-23 16:45:00,6957.5,6957.75,6957.0,6957.25,1346
2025-12-23 16:50:00,6957.0,6957.5,6957.0,6957.25,1173
2025-12-23 16:55:00,6957.25,6958.25,6957.0,6958.0,1732
2025-12-23 18:00:00,6959.5,6959.5,6955.5,6957.75,0
2025-12-23 18:05:00,6957.75,6957.75,6956.0,6956.5,400
2025-12-23 18:10:00,6956.5,6958.75,6956.25,6957.5,415
2025-12-23 18:15:00,6957.25,6958.0,6956.25,6956.75,225
2025-12-23 18:20:00,6956.75,6957.5,6956.5,6956.5,211
2025-12-23 18:25:00,6956.5,6957.25,6956.0,6956.5,256
2025-12-23 18:30:00,6956.5,6956.5,6955.75,6956.0,320
2025-12-23 18:35:00,6956.25,6957.5,6956.0,6956.5,289
2025-12-23 18:40:00,6956.75,6957.0,6955.75,6956.5,279
2025-12-23 18:45:00,6956.25,6956.75,6956.0,6956.0,242
2025-12-23 18:50:00,6956.0,6956.5,6955.75,6956.5,278
2025-12-23 18:55:00,6956.5,6957.5,6956.25,6957.0,335
2025-12-23 19:00:00,6957.25,6959.0,6957.0,6958.0,720
2025-12-23 19:05:00,6957.75,6959.5,6957.75,6958.75,607
2025-12-23 19:10:00,6958.75,6959.25,6957.75,6958.25,338
2025-12-23 19:15:00,6958.0,6958.25,6957.25,6958.0,357
2025-12-23 19:20:00,6957.75,6958.5,6957.25,6957.75,277
2025-12-23 19:25:00,6957.75,6958.25,6957.25,6957.5,232
2025-12-23 19:30:00,6957.25,6957.75,6956.75,6957.25,249
2025-12-23 19:35:00,6957.0,6958.5,6956.75,6958.0,269
2025-12-23 19:40:00,6958.0,6958.75,6957.75,6958.25,187
2025-12-23 19:45:00,6958.25,6958.25,6957.25,6957.75,257
2025-12-23 19:50:00,6958.0,6958.25,6957.5,6957.75,177
2025-12-23 19:55:00,6958.0,6958.0,6957.25,6957.75,167
2025-12-23 20:00:00,6958.0,6958.0,6956.5,6957.0,475
2025-12-23 20:05:00,6957.25,6957.75,6957.25,6957.5,284
2025-12-23 20:10:00,6957.5,6958.5,6957.25,6958.25,263
2025-12-23 20:15:00,6958.25,6958.5,6957.5,6958.5,287
2025-12-23 20:20:00,6958.5,6959.5,6958.0,6958.5,286
2025-12-23 20:25:00,6958.5,6958.5,6957.5,6957.5,234
2025-12-23 20:30:00,6957.5,6958.0,6956.75,6958.0,320
2025-12-23 20:35:00,6957.75,6959.0,6957.25,6957.5,281
2025-12-23 20:40:00,6957.5,6957.5,6955.25,6956.5,595
2025-12-23 20:45:00,6956.5,6957.0,6956.0,6956.5,219
2025-12-23 20:50:00,6956.5,6957.25,6956.25,6956.75,228
2025-12-23 20:55:00,6956.5,6956.75,6955.75,6956.25,191
2025-12-23 21:00:00,6956.0,6956.5,6955.5,6955.75,329
2025-12-23 21:05:00,6955.75,6956.5,6955.25,6956.25,379
2025-12-23 21:10:00,6956.25,6956.75,6956.0,6956.25,264
2025-12-23 21:15:00,6956.25,6956.25,6955.5,6956.0,188
2025-12-23 21:20:00,6956.25,6956.25,6955.5,6955.75,161
2025-12-23 21:25:00,6955.5,6955.75,6954.75,6955.25,431
2025-12-23 21:30:00,6955.0,6955.25,6954.5,6955.0,593
2025-12-23 21:35:00,6955.0,6955.25,6954.75,6955.0,355
2025-12-23 21:40:00,6955.0,6955.25,6953.75,6954.5,553
2025-12-23 21:45:00,6954.5,6955.0,6954.25,6954.75,217
2025-12-23 21:50:00,6954.75,6956.25,6954.75,6955.75,393
2025-12-23 21:55:00,6955.5,6955.5,6954.75,6954.75,242
2025-12-23 22:00:00,6954.75,6955.0,6953.5,6953.75,333
2025-12-23 22:05:00,6953.75,6954.75,6953.75,6954.75,281
2025-12-23 22:10:00,6954.75,6954.75,6954.0,6954.75,245
2025-12-23 22:15:00,6954.75,6955.0,6954.0,6954.25,164
2025-12-23 22:20:00,6954.5,6955.25,6954.25,6955.0,262
2025-12-23 22:25:00,6954.75,6955.25,6954.75,6955.25,213
2025-12-23 22:30:00,6955.5,6956.25,6955.0,6955.0,288
2025-12-23 22:35:00,6955.25,6955.75,6954.75,6955.5,142
2025-12-23 22:40:00,6955.25,6956.0,6955.0,6955.75,323
2025-12-23 22:45:00,6955.75,6956.25,6955.5,6955.75,173
2025-12-23 22:50:00,6955.75,6956.0,6955.0,6955.25,178
2025-12-23 22:55:00,6955.25,6955.5,6955.0,6955.25,159
2025-12-23 23:00:00,6955.0,6956.0,6955.0,6956.0,149
2025-12-23 23:05:00,6956.0,6956.25,6955.25,6956.0,170
2025-12-23 23:10:00,6956.0,6956.25,6955.5,6955.5,120
2025-12-23 23:15:00,6955.5,6955.5,6955.0,6955.0,117
2025-12-23 23:20:00,6955.25,6955.25,6954.25,6954.5,136
2025-12-23 23:25:00,6954.5,6954.75,6954.0,6954.5,168
2025-12-23 23:30:00,6954.5,6954.75,6954.5,6954.5,96
2025-12-23 23:35:00,6954.5,6954.5,6953.75,6954.25,261
2025-12-23 23:40:00,6954.25,6954.75,6954.0,6954.25,166
2025-12-23 23:45:00,6954.0,6954.25,6954.0,6954.25,99
2025-12-23 23:50:00,6954.25,6954.25,6953.25,6953.75,261
2025-12-23 23:55:00,6953.75,6954.0,6953.25,6953.5,201
2025-12-24 09:30:00,6959.0,6962.75,6957.25,6962.0,19252
2025-12-24 09:35:00,6962.0,6963.75,6959.75,6960.25,10013
2025-12-24 09:40:00,6960.25,6967.0,6959.75,6962.5,12251
2025-12-24 09:45:00,6962.5,6964.75,6961.75,6963.25,7351
2025-12-24 09:50:00,6963.25,6967.0,6963.25,6966.5,7090
2025-12-24 09:55:00,6966.75,6967.0,6964.25,6965.75,5907
2025-12-24 10:00:00,6965.75,6967.0,6965.0,6966.5,6473
2025-12-24 10:05:00,6966.5,6969.0,6966.25,6968.75,7016
2025-12-24 10:10:00,6968.75,6971.0,6968.25,6970.25,8903
2025-12-24 10:15:00,6970.5,6972.25,6970.0,6970.75,8793
2025-12-24 10:20:00,6970.75,6971.75,6968.25,6969.25,7002
2025-12-24 10:25:00,6969.25,6972.0,6968.75,6971.5,5338
2025-12-24 10:30:00,6971.5,6972.25,6970.0,6971.0,5807
2025-12-24 10:35:00,6971.25,6972.0,6969.75,6971.75,6108
2025-12-24 10:40:00,6971.75,6973.0,6971.25,6972.75,5180
2025-12-24 10:45:00,6972.75,6973.25,6972.25,6973.0,4380
2025-12-24 10:50:00,6973.25,6974.25,6972.75,6974.0,5246
2025-12-24 10:55:00,6974.0,6975.25,6973.25,6975.0,4931
2025-12-24 11:00:00,6975.0,6975.5,6973.75,6974.75,5759
2025-12-24 11:05:00,6974.75,6977.0,6974.0,6976.0,5877
2025-12-24 11:10:00,6976.0,6979.5,6975.75,6979.25,8654
2025-12-24 11:15:00,6979.25,6979.25,6976.75,6978.75,7956
2025-12-24 11:20:00,6978.75,6980.0,6978.5,6980.0,6052
2025-12-24 11:25:00,6979.75,6980.25,6978.75,6980.0,3639
2025-12-24 11:30:00,6980.0,6982.0,6979.0,6981.75,9090
2025-12-24 11:35:00,6981.75,6985.25,6981.5,6984.0,10786
2025-12-24 11:40:00,6984.0,6985.5,6983.75,6985.25,7061
2025-12-24 11:45:00,6985.25,6985.5,6983.75,6984.0,4846
2025-12-24 11:50:00,6984.0,6984.75,6982.75,6984.5,6390
2025-12-24 11:55:00,6984.5,6984.75,6983.25,6984.0,4279
2025-12-24 12:00:00,6984.0,6985.5,6984.0,6984.5,4420
2025-12-24 12:05:00,6984.5,6986.5,6984.25,6985.75,5265
2025-12-24 12:10:00,6985.75,6986.5,6985.25,6985.75,3436
2025-12-24 12:15:00,6985.75,6986.5,6982.5,6983.75,5149
2025-12-24 12:20:00,6983.75,6985.0,6982.25,6982.5,4833
2025-12-24 12:25:00,6982.5,6985.75,6982.25,6985.0,6960
2025-12-24 12:30:00,6985.0,6988.0,6985.0,6987.0,6888
2025-12-24 12:35:00,6987.0,6987.75,6985.0,6985.25,5712
2025-12-24 12:40:00,6985.5,6986.5,6982.75,6983.0,11362
2025-12-24 12:45:00,6982.75,6985.5,6982.5,6982.75,10214
2025-12-24 12:50:00,6983.0,6985.0,6981.5,6982.75,13570
2025-12-24 12:55:00,6982.5,6986.0,6981.0,6982.5,37679
2025-12-26 00:00:00,6981.0,6981.5,6980.75,6981.25,196
2025-12-26 00:05:00,6981.5,6981.5,6981.0,6981.0,133
2025-12-26 00:10:00,6981.25,6981.75,6980.75,6981.0,158
2025-12-26 00:15:00,6981.25,6981.5,6980.75,6981.25,145
2025-12-26 00:20:00,6981.5,6982.25,6981.25,6981.75,220
2025-12-26 00:25:00,6981.75,6982.0,6981.25,6981.25,201
2025-12-26 00:30:00,6981.25,6981.25,6980.5,6980.75,193
2025-12-26 00:35:00,6981.0,6981.0,6980.5,6980.75,86
2025-12-26 00:40:00,6980.75,6981.0,6980.25,6980.25,174
2025-12-26 00:45:00,6980.25,6981.0,6979.75,6980.75,191
2025-12-26 00:50:00,6980.5,6980.75,6979.75,6980.5,138
2025-12-26 00:55:00,6980.25,6980.25,6979.0,6980.0,332
2025-12-26 01:00:00,6980.0,6980.75,6980.0,6980.25,146
2025-12-26 01:05:00,6980.25,6980.5,6979.0,6980.25,191
2025-12-26 01:10:00,6980.5,6980.5,6979.75,6980.25,149
2025-12-26 01:15:00,6980.25,6980.5,6979.5,6979.75,193
2025-12-26 01:20:00,6979.75,6980.0,6979.75,6979.75,94
2025-12-26 01:25:00,6979.75,6980.25,6979.25,6979.75,178
2025-12-26 01:30:00,6979.75,6980.0,6979.25,6979.5,155
2025-12-26 01:35:00,6979.25,6980.25,6979.25,6980.25,155
2025-12-26 01:40:00,6980.0,6980.25,6979.25,6980.25,254
2025-12-26 01:45:00,6980.0,6980.5,6979.75,6980.5,218
2025-12-26 01:50:00,6980.5,6980.5,6978.75,6978.75,309
2025-12-26 01:55:00,6978.75,6979.5,6978.5,6979.25,146
2025-12-26 02:00:00,6979.25,6979.5,6978.75,6978.75,152
2025-12-26 02:05:00,6978.75,6979.25,6978.75,6978.75,127
2025-12-26 02:10:00,6978.5,6979.25,6978.0,6978.5,235
2025-12-26 02:15:00,6978.75,6978.75,6974.75,6975.75,885
2025-12-26 02:20:00,6976.0,6976.75,6975.0,6976.25,271
2025-12-26 02:25:00,6976.25,6977.5,6976.25,6977.25,228
2025-12-26 02:30:00,6977.25,6978.75,6976.25,6978.25,300
2025-12-26 02:35:00,6978.0,6978.75,6976.5,6976.5,244
2025-12-26 02:40:00,6976.5,6977.25,6976.5,6977.0,89
2025-12-26 02:45:00,6976.75,6977.25,6976.5,6976.75,241
2025-12-26 02:50:00,6977.0,6977.5,6976.25,6977.25,237
2025-12-26 02:55:00,6977.25,6977.5,6976.5,6976.75,250
2025-12-26 03:00:00,6976.75,6977.5,6976.0,6976.5,419
2025-12-26 03:05:00,6976.5,6977.0,6975.75,6976.25,249
2025-12-26 03:10:00,6976.0,6976.25,6974.0,6976.0,551
2025-12-26 03:15:00,6976.0,6976.75,6975.5,6975.5,325
2025-12-26 03:20:00,6975.5,6975.75,6975.0,6975.25,262
2025-12-26 03:25:00,6975.5,6976.75,6975.25,6976.25,404
2025-12-26 03:30:00,6976.25,6976.25,6975.5,6975.75,318
2025-12-26 03:35:00,6975.5,6975.75,6974.75,6975.5,257
2025-12-26 03:40:00,6975.5,6976.0,6975.25,6975.75,363
2025-12-26 03:45:00,6976.0,6976.0,6975.25,6975.5,89
2025-12-26 03:50:00,6975.5,6975.75,6975.25,6975.5,107
2025-12-26 03:55:00,6975.5,6978.25,6975.25,6977.25,579
2025-12-26 04:00:00,6977.25,6979.25,6976.75,6978.5,509
2025-12-26 04:05:00,6978.5,6980.0,6978.5,6979.75,391
2025-12-26 04:10:00,6979.75,6980.5,6979.5,6980.25,526
2025-12-26 04:15:00,6980.0,6980.0,6978.0,6978.0,175
2025-12-26 04:20:00,6978.0,6978.5,6977.5,6977.75,296
2025-12-26 04:25:00,6977.75,6978.75,6977.5,6978.0,198
2025-12-26 04:30:00,6978.0,6978.75,6977.5,6978.5,112
2025-12-26 04:35:00,6978.5,6978.75,6978.0,6978.0,111
2025-12-26 04:40:00,6978.25,6978.5,6977.5,6978.0,82
2025-12-26 04:45:00,6978.0,6978.5,6978.0,6978.25,107
2025-12-26 04:50:00,6978.25,6978.75,6978.25,6978.5,151
2025-12-26 04:55:00,6978.75,6980.0,6978.5,6979.25,240
2025-12-26 05:00:00,6979.5,6982.0,6979.5,6980.0,736
2025-12-26 05:05:00,6979.75,6980.5,6979.5,6980.5,247
2025-12-26 05:10:00,6980.25,6981.25,6980.0,6981.0,207
2025-12-26 05:15:00,6981.0,6981.5,6980.75,6981.5,166
2025-12-26 05:20:00,6981.5,6982.0,6980.75,6981.0,262
2025-12-26 05:25:00,6981.0,6981.0,6980.25,6980.75,143
2025-12-26 05:30:00,6980.5,6980.75,6979.75,6980.25,175
2025-12-26 05:35:00,6980.25,6981.5,6980.25,6981.5,160
2025-12-26 05:40:00,6981.25,6981.75,6980.75,6981.25,191
2025-12-26 05:45:00,6981.25,6981.25,6980.5,6980.75,150
2025-12-26 05:50:00,6980.75,6981.0,6980.25,6980.5,164
2025-12-26 05:55:00,6980.5,6980.5,6979.0,6980.0,127
2025-12-26 06:00:00,6980.0,6981.0,6980.0,6980.5,190
2025-12-26 06:05:00,6980.5,6980.75,6979.5,6979.75,123
2025-12-26 06:10:00,6979.75,6980.5,6979.5,6980.0,197
2025-12-26 06:15:00,6980.0,6980.25,6979.25,6979.5,146
2025-12-26 06:20:00,6979.25,6979.75,6978.75,6979.0,200
2025-12-26 06:25:00,6979.25,6979.5,6978.5,6978.5,152
2025-12-26 06:30:00,6978.5,6978.75,6978.25,6978.25,145
2025-12-26 06:35:00,6978.25,6979.0,6978.0,6978.25,127
2025-12-26 06:40:00,6978.5,6978.5,6976.5,6977.5,329
2025-12-26 06:45:00,6977.25,6977.25,6975.5,6976.25,359
2025-12-26 06:50:00,6976.5,6977.75,6975.75,6977.25,482
2025-12-26 06:55:00,6977.25,6978.5,6977.0,6977.75,327
2025-12-26 07:00:00,6977.75,6979.0,6976.75,6977.0,329
2025-12-26 07:05:00,6976.75,6978.25,6976.75,6977.75,283
2025-12-26 07:10:00,6977.5,6978.5,6977.5,6978.5,181
2025-12-26 07:15:00,6978.5,6979.0,6978.0,6978.25,219
2025-12-26 07:20:00,6978.0,6980.25,6978.0,6980.0,275
2025-12-26 07:25:00,6980.25,6980.25,6979.5,6980.0,180
2025-12-26 07:30:00,6980.0,6980.5,6979.25,6980.25,204
2025-12-26 07:35:00,6980.5,6981.5,6980.5,6981.0,385
2025-12-26 07:40:00,6981.0,6981.75,6980.75,6980.75,239
2025-12-26 07:45:00,6981.0,6981.5,6980.75,6981.25,225
2025-12-26 07:50:00,6981.25,6981.75,6980.75,6981.5,280
2025-12-26 07:55:00,6981.25,6981.25,6979.75,6980.25,300
2025-12-26 08:00:00,6980.25,6981.25,6979.75,6980.75,639
2025-12-26 08:05:00,6981.0,6981.5,6980.25,6980.5,724
2025-12-26 08:10:00,6980.75,6981.0,6979.0,6979.75,757
2025-12-26 08:15:00,6979.75,6981.5,6979.5,6981.25,724
2025-12-26 08:20:00,6981.0,6982.75,6980.75,6981.5,1060
2025-12-26 08:25:00,6981.5,6981.75,6980.25,6980.75,681
2025-12-26 08:30:00,6980.5,6983.0,6980.5,6982.75,863
2025-12-26 08:35:00,6982.75,6984.5,6982.25,6984.25,1692
2025-12-26 08:40:00,6984.25,6985.5,6984.0,6984.5,1263
2025-12-26 08:45:00,6984.75,6985.5,6981.75,6981.75,1128
2025-12-26 08:50:00,6981.75,6982.25,6981.0,6981.5,1167
2025-12-26 08:55:00,6981.75,6982.5,6981.5,6982.25,729
2025-12-26 09:00:00,6982.5,6983.25,6981.25,6981.5,1061
2025-12-26 09:05:00,6981.5,6982.5,6981.0,6982.0,995
2025-12-26 09:10:00,6981.75,6984.0,6981.75,6983.5,946
2025-12-26 09:15:00,6983.75,6984.75,6983.5,6983.75,702
2025-12-26 09:20:00,6984.0,6984.5,6983.5,6984.25,937
2025-12-26 09:25:00,6984.0,6984.25,6982.5,6983.5,2385
2025-12-26 09:30:00,6983.5,6988.0,6979.25,6986.25,22275
2025-12-26 09:35:00,6986.25,6990.75,6985.0,6990.25,12757
2025-12-26 09:40:00,6990.5,6993.0,6989.25,6992.75,11824
2025-12-26 09:45:00,6992.75,6994.0,6988.75,6989.5,11823
2025-12-26 09:50:00,6989.5,6989.75,6981.5,6985.25,14573
2025-12-26 09:55:00,6985.25,6987.0,6982.5,6984.75,10990
2025-12-26 10:00:00,6984.75,6985.25,6975.75,6979.25,17735
2025-12-26 10:05:00,6979.5,6982.0,6979.0,6980.5,7413
2025-12-26 10:10:00,6980.5,6980.75,6974.25,6975.75,10758
2025-12-26 10:15:00,6976.0,6980.0,6973.0,6979.75,10447
2025-12-26 10:20:00,6979.75,6984.0,6979.25,6983.0,9856
2025-12-26 10:25:00,6982.75,6984.25,6979.25,6984.0,8956
2025-12-26 10:30:00,6984.0,6986.75,6981.5,6985.75,8580
2025-12-26 10:35:00,6985.75,6986.5,6983.0,6983.75,6285
2025-12-26 10:40:00,6983.75,6984.25,6981.5,6981.5,5643
2025-12-26 10:45:00,6981.75,6984.5,6980.75,6983.75,5230
2025-12-26 10:50:00,6983.75,6984.0,6980.5,6983.0,4920
2025-12-26 10:55:00,6983.0,6985.25,6981.75,6984.75,5023
2025-12-26 11:00:00,6984.75,6986.25,6984.0,6985.5,5200
2025-12-26 11:05:00,6985.5,6986.0,6981.5,6982.0,5569
2025-12-26 11:10:00,6982.0,6982.75,6975.5,6975.75,8812
2025-12-26 11:15:00,6975.75,6977.75,6974.0,6976.25,7905
2025-12-26 11:20:00,6976.5,6980.5,6976.0,6979.25,6227
2025-12-26 11:25:00,6979.5,6980.0,6977.5,6979.25,4826
2025-12-26 11:30:00,6979.5,6980.0,6977.75,6978.0,3408
2025-12-26 11:35:00,6977.75,6980.0,6977.75,6978.75,2812
2025-12-26 11:40:00,6978.75,6980.0,6978.0,6978.75,2912
2025-12-26 11:45:00,6979.0,6979.5,6975.25,6975.5,4446
2025-12-26 11:50:00,6975.25,6977.5,6974.25,6977.5,4441
2025-12-26 11:55:00,6977.25,6978.0,6976.25,6976.75,3157
2025-12-26 12:00:00,6976.5,6976.75,6973.25,6974.5,5625
2025-12-26 12:05:00,6974.5,6974.75,6972.5,6973.0,4027
2025-12-26 12:10:00,6973.0,6973.0,6970.75,6971.25,5336
2025-12-26 12:15:00,6971.5,6972.75,6970.75,6972.0,5553
2025-12-26 12:20:00,6972.0,6972.75,6970.75,6972.5,4130
2025-12-26 12:25:00,6972.5,6978.25,6972.5,6978.0,5479
2025-12-26 12:30:00,6978.25,6978.75,6974.25,6974.25,5136
2025-12-26 12:35:00,6974.5,6974.75,6971.5,6973.0,6219
2025-12-26 12:40:00,6973.0,6974.25,6972.0,6972.75,3725
2025-12-26 12:45:00,6973.0,6975.75,6972.75,6975.0,3879
2025-12-26 12:50:00,6975.0,6975.25,6972.0,6974.25,4701
2025-12-26 12:55:00,6974.25,6975.5,6974.25,6974.75,2773
2025-12-26 13:00:00,6974.75,6976.75,6974.5,6976.25,3066
2025-12-26 13:05:00,6976.5,6977.25,6975.0,6975.0,4917
2025-12-26 13:10:00,6975.0,6976.25,6974.5,6975.5,3572
2025-12-26 13:15:00,6975.5,6975.5,6973.0,6973.5,3851
2025-12-26 13:20:00,6973.5,6974.25,6969.0,6971.75,8749
2025-12-26 13:25:00,6971.5,6973.75,6970.5,6973.5,4169
2025-12-26 13:30:00,6973.5,6976.0,6973.0,6975.0,4935
2025-12-26 13:35:00,6975.25,6977.25,6975.0,6976.25,3683
2025-12-26 13:40:00,6976.5,6977.75,6975.5,6975.75,4174
2025-12-26 13:45:00,6976.0,6978.75,6974.75,6978.75,6627
2025-12-26 13:50:00,6978.5,6979.75,6978.0,6979.25,3224
2025-12-26 13:55:00,6979.5,6979.75,6978.75,6978.75,2485
2025-12-26 14:00:00,6979.0,6980.75,6977.5,6980.75,5323
2025-12-26 14:05:00,6980.75,6981.25,6979.25,6980.75,4704
2025-12-26 14:10:00,6980.75,6981.25,6978.75,6979.0,3194
2025-12-26 14:15:00,6979.25,6979.75,6977.75,6977.75,2680
2025-12-26 14:20:00,6978.0,6978.75,6977.0,6977.25,3546
2025-12-26 14:25:00,6977.25,6978.0,6976.25,6977.25,4589
2025-12-26 14:30:00,6977.0,6979.25,6977.0,6978.75,3888
2025-12-26 14:35:00,6978.75,6979.75,6978.25,6978.75,3058
2025-12-26 14:40:00,6978.75,6979.25,6977.75,6978.25,2627
2025-12-26 14:45:00,6978.25,6978.75,6977.25,6977.75,4168
2025-12-26 14:50:00,6978.0,6978.5,6977.5,6977.5,3491
2025-12-26 14:55:00,6977.75,6978.5,6977.5,6978.0,4097
2025-12-26 15:00:00,6978.0,6980.0,6977.25,6978.0,8226
2025-12-26 15:05:00,6978.0,6978.75,6977.0,6978.0,3962
2025-12-26 15:10:00,6977.75,6978.75,6977.5,6978.25,4066
2025-12-26 15:15:00,6978.25,6978.75,6977.25,6978.0,3191
2025-12-26 15:20:00,6978.0,6978.5,6977.0,6978.5,3448
2025-12-26 15:25:00,6978.5,6979.0,6978.0,6978.5,2864
2025-12-26 15:30:00,6978.5,6979.0,6978.0,6978.75,4140
2025-12-26 15:35:00,6978.75,6980.75,6978.5,6980.25,5327
2025-12-26 15:40:00,6980.0,6981.5,6979.5,6981.25,5658
2025-12-26 15:45:00,6981.25,6981.25,6979.5,6979.75,5506
2025-12-26 15:50:00,6980.0,6980.0,6977.0,6977.75,14680
2025-12-26 15:55:00,6977.75,6981.5,6977.0,6980.0,43280
2025-12-26 16:00:00,6980.0,6981.0,6978.25,6978.5,12767
2025-12-26 16:05:00,6978.75,6979.0,6976.75,6977.25,3587
2025-12-26 16:10:00,6977.25,6978.5,6977.0,6977.75,3000
2025-12-26 16:15:00,6978.0,6978.25,6977.5,6978.0,735
2025-12-26 16:20:00,6978.0,6979.0,6978.0,6978.5,971
2025-12-26 16:25:00,6978.5,6978.5,6977.5,6977.75,652
2025-12-26 16:30:00,6978.0,6978.0,6976.5,6976.75,759
2025-12-26 16:35:00,6977.0,6977.75,6976.5,6977.0,890
2025-12-26 16:40:00,6977.0,6977.75,6976.75,6977.0,422
2025-12-26 16:45:00,6977.25,6978.0,6976.5,6977.0,1063
2025-12-26 16:50:00,6976.75,6977.75,6976.75,6977.5,565
2025-12-26 16:55:00,6977.5,6979.25,6976.5,6979.25,698
2025-12-28 18:10:00,6981.25,6981.75,6980.0,6980.25,240
2025-12-28 18:15:00,6980.25,6981.5,6979.75,6980.75,345
2025-12-28 18:20:00,6980.75,6980.75,6978.75,6979.25,341
2025-12-28 18:25:00,6979.0,6981.0,6976.75,6979.5,875
2025-12-28 18:30:00,6979.5,6982.0,6979.25,6981.5,371
2025-12-28 18:35:00,6981.5,6982.0,6981.25,6981.25,215
2025-12-28 18:40:00,6981.25,6982.5,6981.25,6982.0,267
2025-12-28 18:45:00,6981.75,6982.0,6980.75,6980.75,181
2025-12-28 18:50:00,6980.5,6981.0,6979.75,6980.25,274
2025-12-28 18:55:00,6980.0,6980.25,6979.25,6979.5,245
2025-12-28 19:00:00,6979.5,6980.25,6977.25,6978.5,874
2025-12-28 19:05:00,6978.5,6980.5,6978.0,6980.25,374
2025-12-28 19:10:00,6980.25,6980.5,6978.0,6978.25,295
2025-12-28 19:15:00,6978.25,6978.5,6977.25,6978.0,660
2025-12-28 19:20:00,6978.25,6979.5,6978.0,6978.75,321
2025-12-28 19:25:00,6979.0,6979.75,6978.5,6979.25,480
2025-12-28 19:30:00,6979.25,6982.0,6978.5,6981.75,682
2025-12-28 19:35:00,6981.5,6981.75,6980.75,6981.25,262
2025-12-28 19:40:00,6981.5,6982.0,6980.75,6981.5,199
2025-12-28 19:45:00,6981.75,6984.0,6981.5,6983.0,759
2025-12-28 19:50:00,6983.0,6983.5,6981.0,6982.0,441
2025-12-28 19:55:00,6982.25,6984.75,6982.25,6984.5,457
2025-12-28 20:00:00,6984.25,6984.75,6981.75,6981.75,694
2025-12-28 20:05:00,6981.75,6982.5,6980.75,6981.25,371
2025-12-28 20:10:00,6981.25,6982.0,6980.5,6981.25,417
2025-12-28 20:15:00,6981.0,6981.75,6979.75,6981.0,602
2025-12-28 20:20:00,6981.25,6981.25,6979.25,6979.5,406
2025-12-28 20:25:00,6979.5,6979.5,6978.25,6978.5,389
2025-12-28 20:30:00,6978.25,6979.25,6978.0,6978.5,392
2025-12-28 20:35:00,6978.75,6979.0,6976.0,6976.5,724
2025-12-28 20:40:00,6976.5,6976.75,6974.5,6976.25,894
2025-12-28 20:45:00,6976.25,6977.5,6976.0,6976.25,419
2025-12-28 20:50:00,6976.25,6976.25,6975.0,6975.0,385
2025-12-28 20:55:00,6975.25,6975.25,6973.5,6974.75,439
2025-12-28 21:00:00,6974.75,6975.25,6974.25,6974.5,364
2025-12-28 21:05:00,6974.5,6976.0,6974.5,6975.25,366
2025-12-28 21:10:00,6975.25,6975.75,6974.5,6975.0,410
2025-12-28 21:15:00,6975.0,6975.25,6974.0,6974.75,268
2025-12-28 21:20:00,6974.75,6974.75,6974.0,6974.25,206
2025-12-28 21:25:00,6974.25,6975.0,6974.0,6974.25,273
2025-12-28 21:30:00,6974.25,6974.75,6974.0,6974.5,211
2025-12-28 21:35:00,6974.5,6975.25,6972.75,6974.75,583
2025-12-28 21:40:00,6975.0,6975.5,6975.0,6975.25,307
2025-12-28 21:45:00,6975.25,6976.25,6975.0,6975.5,431
2025-12-28 21:50:00,6975.75,6976.0,6974.75,6975.0,178
2025-12-28 21:55:00,6975.0,6975.25,6974.25,6974.5,199
2025-12-28 22:00:00,6974.5,6975.75,6974.25,6975.75,185
2025-12-28 22:05:00,6975.75,6976.25,6975.5,6976.0,244
2025-12-28 22:10:00,6976.0,6976.5,6975.0,6975.0,268
2025-12-28 22:15:00,6975.25,6975.25,6974.25,6974.5,270
2025-12-28 22:20:00,6974.25,6974.25,6973.0,6973.5,377
2025-12-28 22:25:00,6973.5,6974.25,6973.0,6973.75,325
2025-12-28 22:30:00,6974.0,6976.75,6974.0,6976.75,437
2025-12-28 22:35:00,6976.75,6977.5,6976.5,6977.5,258
2025-12-28 22:40:00,6977.5,6977.75,6976.5,6976.75,188
2025-12-28 22:45:00,6977.0,6977.0,6976.25,6977.0,200
2025-12-28 22:50:00,6977.0,6977.5,6976.75,6977.25,169
2025-12-28 22:55:00,6977.5,6977.5,6977.0,6977.25,130
2025-12-28 23:00:00,6977.25,6978.0,6977.25,6977.5,239
2025-12-28 23:05:00,6977.5,6978.0,6977.0,6977.5,254
2025-12-28 23:10:00,6977.75,6978.0,6977.25,6977.75,172
2025-12-28 23:15:00,6977.75,6978.5,6977.5,6978.5,276
2025-12-28 23:20:00,6978.5,6979.0,6977.75,6978.25,165
2025-12-28 23:25:00,6978.0,6978.25,6977.5,6977.75,254
2025-12-28 23:30:00,6978.0,6978.5,6977.5,6978.5,183
2025-12-28 23:35:00,6978.5,6978.5,6978.25,6978.5,174
2025-12-28 23:40:00,6978.5,6979.25,6978.25,6979.25,259
2025-12-28 23:45:00,6979.25,6979.25,6978.0,6978.0,161
2025-12-28 23:50:00,6978.0,6978.5,6977.75,6978.0,112
2025-12-28 23:55:00,6978.0,6978.25,6977.25,6977.25,128
2025-12-29 00:00:00,6976.5,6976.5,6973.0,6973.75,1048
2025-12-29 00:05:00,6973.75,6974.25,6973.0,6973.0,340
2025-12-29 00:10:00,6973.0,6973.5,6972.0,6972.75,528
2025-12-29 00:15:00,6972.75,6973.5,6971.5,6973.0,561
2025-12-29 00:20:00,6973.0,6973.0,6971.0,6971.25,363
2025-12-29 00:25:00,6971.25,6972.25,6971.25,6972.0,250
2025-12-29 00:30:00,6972.25,6972.75,6971.5,6971.5,202
2025-12-29 00:35:00,6971.5,6972.0,6971.25,6971.75,218
2025-12-29 00:40:00,6971.5,6972.75,6971.5,6971.75,181
2025-12-29 00:45:00,6971.75,6973.75,6971.75,6973.25,310
2025-12-29 00:50:00,6973.5,6974.25,6973.0,6974.0,270
2025-12-29 00:55:00,6974.0,6974.25,6971.75,6971.75,339
2025-12-29 01:00:00,6971.75,6972.25,6970.5,6971.0,768
2025-12-29 01:05:00,6971.0,6973.0,6971.0,6973.0,281
2025-12-29 01:10:00,6973.0,6974.75,6972.75,6973.75,393
2025-12-29 01:15:00,6973.75,6975.75,6973.25,6975.25,284
2025-12-29 01:20:00,6975.25,6976.75,6975.0,6976.0,532
2025-12-29 01:25:00,6976.25,6976.75,6975.0,6975.75,422
2025-12-29 01:30:00,6975.5,6976.25,6973.0,6973.25,705
2025-12-29 01:35:00,6973.25,6973.5,6973.0,6973.25,186
2025-12-29 01:40:00,6973.25,6973.25,6972.0,6972.75,379
2025-12-29 01:45:00,6973.0,6973.0,6972.5,6972.75,168
2025-12-29 01:50:00,6972.75,6972.75,6971.75,6971.75,218
2025-12-29 01:55:00,6971.75,6972.0,6970.75,6971.75,184
2025-12-29 02:00:00,6971.75,6973.25,6969.75,6970.25,801
2025-12-29 02:05:00,6970.25,6970.75,6968.25,6969.5,753
2025-12-29 02:10:00,6969.5,6970.0,6968.75,6969.0,397
2025-12-29 02:15:00,6969.0,6969.0,6967.5,6968.0,566
2025-12-29 02:20:00,6968.0,6970.75,6967.25,6970.5,505
2025-12-29 02:25:00,6970.5,6972.0,6970.5,6972.0,357
2025-12-29 02:30:00,6972.25,6972.75,6971.5,6972.25,419
2025-12-29 02:35:00,6972.25,6972.25,6971.0,6971.5,313
2025-12-29 02:40:00,6971.25,6971.25,6969.5,6970.0,301
2025-12-29 02:45:00,6970.0,6970.75,6970.0,6970.25,223
2025-12-29 02:50:00,6970.25,6970.25,6969.25,6969.75,260
2025-12-29 02:55:00,6969.75,6971.0,6969.0,6969.0,402
2025-12-29 03:00:00,6969.25,6969.75,6965.75,6966.75,1544
2025-12-29 03:05:00,6966.5,6967.5,6965.25,6966.5,1043
2025-12-29 03:10:00,6966.25,6967.25,6965.25,6966.25,628
2025-12-29 03:15:00,6966.0,6969.0,6966.0,6967.25,687
2025-12-29 03:20:00,6967.25,6968.0,6967.0,6967.25,542
2025-12-29 03:25:00,6967.0,6967.25,6965.5,6965.75,728
2025-12-29 03:30:00,6965.75,6967.25,6965.0,6965.5,690
2025-12-29 03:35:00,6965.5,6965.75,6961.25,6962.5,1669
2025-12-29 03:40:00,6962.75,6964.25,6961.5,6963.25,1062
2025-12-29 03:45:00,6963.25,6963.5,6958.75,6959.0,1715
2025-12-29 03:50:00,6959.25,6960.5,6958.5,6959.0,1290
2025-12-29 03:55:00,6959.25,6960.25,6957.5,6959.0,1222
2025-12-29 04:00:00,6959.25,6963.25,6959.25,6961.5,1664
2025-12-29 04:05:00,6961.5,6962.25,6960.75,6961.5,628
2025-12-29 04:10:00,6961.5,6963.75,6961.25,6963.0,668
2025-12-29 04:15:00,6963.0,6964.5,6962.75,6963.75,761
2025-12-29 04:20:00,6964.0,6964.25,6962.5,6964.0,973
2025-12-29 04:25:00,6964.0,6965.75,6963.5,6965.25,622
2025-12-29 04:30:00,6965.25,6965.25,6962.75,6963.0,627
2025-12-29 04:35:00,6963.25,6963.25,6961.5,6963.0,1043
2025-12-29 04:40:00,6962.75,6963.0,6961.5,6961.75,429
2025-12-29 04:45:00,6961.75,6961.75,6959.5,6960.75,579
2025-12-29 04:50:00,6961.0,6964.25,6960.75,6963.75,841
2025-12-29 04:55:00,6963.5,6964.75,6962.5,6964.25,579
2025-12-29 05:00:00,6964.5,6964.5,6963.0,6963.75,532
2025-12-29 05:05:00,6963.5,6963.75,6961.75,6963.75,362
2025-12-29 05:10:00,6963.75,6965.5,6963.75,6965.25,559
2025-12-29 05:15:00,6965.5,6966.75,6964.25,6964.5,514
2025-12-29 05:20:00,6964.5,6964.5,6963.0,6963.75,624
2025-12-29 05:25:00,6963.75,6965.0,6963.0,6964.25,468
2025-12-29 05:30:00,6964.25,6965.25,6963.0,6963.25,517
2025-12-29 05:35:00,6963.25,6964.25,6962.5,6963.5,461
2025-12-29 05:40:00,6963.5,6964.0,6963.0,6963.5,242
2025-12-29 05:45:00,6963.5,6964.0,6963.0,6963.25,342
2025-12-29 05:50:00,6963.25,6964.5,6963.0,6963.25,253
2025-12-29 05:55:00,6963.5,6963.75,6962.25,6962.5,381
2025-12-29 06:00:00,6962.75,6963.5,6961.25,6963.25,910
2025-12-29 06:05:00,6963.5,6963.75,6962.75,6963.25,281
2025-12-29 06:10:00,6963.25,6963.25,6961.75,6962.25,418
2025-12-29 06:15:00,6962.0,6962.5,6960.0,6960.25,594
2025-12-29 06:20:00,6960.5,6962.25,6960.25,6960.5,481
2025-12-29 06:25:00,6960.5,6962.0,6960.25,6961.5,498
2025-12-29 06:30:00,6961.5,6964.25,6961.25,6964.0,510
2025-12-29 06:35:00,6964.25,6964.25,6963.25,6964.0,351
2025-12-29 06:40:00,6964.0,6966.25,6963.75,6966.25,517
2025-12-29 06:45:00,6966.0,6966.75,6965.0,6965.25,615
2025-12-29 06:50:00,6965.25,6966.5,6964.75,6966.0,550
2025-12-29 06:55:00,6966.25,6966.25,6965.0,6966.25,425
2025-12-29 07:00:00,6966.0,6966.25,6964.5,6965.5,801
2025-12-29 07:05:00,6965.25,6965.25,6963.25,6964.5,543
2025-12-29 07:10:00,6964.75,6965.5,6964.25,6965.25,383
2025-12-29 07:15:00,6965.0,6965.0,6964.0,6964.25,545
2025-12-29 07:20:00,6964.25,6965.5,6964.0,6965.0,465
2025-12-29 07:25:00,6965.25,6965.25,6963.5,6963.5,477
2025-12-29 07:30:00,6963.5,6964.5,6961.75,6962.75,1202
2025-12-29 07:35:00,6962.75,6963.5,6961.25,6962.25,806
2025-12-29 07:40:00,6962.0,6962.5,6958.25,6958.5,1162
2025-12-29 07:45:00,6958.5,6958.75,6956.5,6958.75,1096
2025-12-29 07:50:00,6958.5,6961.0,6958.25,6961.0,1154
2025-12-29 07:55:00,6961.0,6961.0,6960.0,6960.0,478
2025-12-29 08:00:00,6959.75,6963.0,6957.5,6961.75,1867
2025-12-29 08:05:00,6961.75,6962.5,6961.5,6961.5,469
2025-12-29 08:10:00,6961.5,6961.5,6959.75,6960.5,864
2025-12-29 08:15:00,6960.5,6961.25,6959.25,6959.5,883
2025-12-29 08:20:00,6959.25,6959.25,6957.5,6958.5,811
2025-12-29 08:25:00,6958.25,6961.0,6957.75,6959.5,1142
2025-12-29 08:30:00,6959.5,6959.75,6957.5,6958.5,890
2025-12-29 08:35:00,6958.5,6959.5,6956.25,6957.0,1134
2025-12-29 08:40:00,6957.0,6958.25,6957.0,6958.0,943
2025-12-29 08:45:00,6957.75,6958.5,6947.75,6948.0,5282
2025-12-29 08:50:00,6948.0,6950.5,6945.75,6950.25,5784
2025-12-29 08:55:00,6950.25,6953.25,6950.0,6952.0,3552
2025-12-29 09:00:00,6952.25,6952.75,6949.75,6950.25,2473
2025-12-29 09:05:00,6950.0,6951.0,6947.75,6949.0,2383
2025-12-29 09:10:00,6949.25,6951.0,6948.0,6950.25,2876
2025-12-29 09:15:00,6950.25,6950.75,6942.25,6945.25,8171
2025-12-29 09:20:00,6945.0,6946.5,6944.0,6944.75,3521
2025-12-29 09:25:00,6944.75,6953.0,6944.75,6951.25,5739
2025-12-29 09:30:00,6951.25,6956.75,6947.5,6956.0,28922
2025-12-29 09:35:00,6956.25,6967.75,6954.75,6963.5,27476
2025-12-29 09:40:00,6963.75,6963.75,6958.0,6960.25,17177
2025-12-29 09:45:00,6960.25,6960.25,6951.25,6954.25,23177
2025-12-29 09:50:00,6954.25,6958.25,6950.25,6953.5,18038
2025-12-29 09:55:00,6953.75,6955.25,6949.0,6951.25,10377
2025-12-29 10:00:00,6951.25,6954.25,6948.5,6949.25,11692
2025-12-29 10:05:00,6949.25,6951.5,6946.0,6946.25,12902
2025-12-29 10:10:00,6946.5,6947.5,6943.5,6946.25,15126
2025-12-29 10:15:00,6946.25,6953.25,6946.25,6950.5,14616
2025-12-29 10:20:00,6950.5,6954.25,6949.25,6953.75,8631
2025-12-29 10:25:00,6953.75,6956.0,6953.0,6955.0,9488
2025-12-29 10:30:00,6955.0,6957.0,6952.25,6956.75,10621
2025-12-29 10:35:00,6956.75,6959.75,6953.25,6955.5,14129
2025-12-29 10:40:00,6955.25,6958.5,6954.25,6957.75,8141
2025-12-29 10:45:00,6957.75,6958.0,6950.25,6950.5,11318
2025-12-29 10:50:00,6950.5,6950.75,6944.25,6948.5,19572
2025-12-29 10:55:00,6948.25,6952.75,6947.25,6949.25,9226
2025-12-29 11:00:00,6949.0,6951.0,6947.0,6947.0,8236
2025-12-29 11:05:00,6947.25,6950.25,6945.75,6946.75,7652
2025-12-29 11:10:00,6947.0,6952.0,6946.5,6950.25,8563
2025-12-29 11:15:00,6950.5,6950.5,6945.25,6947.25,7159
2025-12-29 11:20:00,6947.25,6948.5,6945.25,6947.5,6391
2025-12-29 11:25:00,6947.75,6948.25,6944.75,6947.25,5419
2025-12-29 11:30:00,6947.0,6950.5,6945.0,6945.25,7280
2025-12-29 11:35:00,6945.0,6947.75,6943.75,6944.25,8480
2025-12-29 11:40:00,6944.25,6944.5,6942.25,6944.0,6521
2025-12-29 11:45:00,6944.0,6946.75,6943.75,6946.25,5491
2025-12-29 11:50:00,6946.0,6948.5,6944.75,6947.75,5414
2025-12-29 11:55:00,6947.75,6949.5,6946.25,6946.5,4896
2025-12-29 12:00:00,6946.5,6948.0,6944.5,6945.75,4531
2025-12-29 12:05:00,6946.0,6946.25,6943.25,6943.75,4259
2025-12-29 12:10:00,6943.75,6944.5,6941.5,6944.0,6121
2025-12-29 12:15:00,6943.75,6945.0,6941.75,6943.0,3900
2025-12-29 12:20:00,6943.0,6943.5,6940.0,6941.0,5137
2025-12-29 12:25:00,6940.75,6940.75,6936.0,6938.25,10550
2025-12-29 12:30:00,6938.0,6940.5,6937.25,6939.25,7367
2025-12-29 12:35:00,6939.5,6940.5,6938.0,6938.5,3836
2025-12-29 12:40:00,6938.5,6941.25,6938.0,6940.5,4561
2025-12-29 12:45:00,6940.75,6942.5,6940.25,6942.0,4276
2025-12-29 12:50:00,6942.0,6945.5,6941.5,6945.0,7369
2025-12-29 12:55:00,6945.25,6946.75,6944.75,6945.5,5034
2025-12-29 13:00:00,6945.75,6945.75,6943.5,6945.0,6018
2025-12-29 13:05:00,6945.0,6947.0,6944.5,6945.75,4153
2025-12-29 13:10:00,6945.75,6946.0,6943.75,6944.75,4001
2025-12-29 13:15:00,6944.75,6948.0,6944.75,6947.75,4731
2025-12-29 13:20:00,6948.0,6951.25,6947.25,6950.5,6270
2025-12-29 13:25:00,6950.75,6950.75,6947.5,6949.0,5537
2025-12-29 13:30:00,6949.25,6951.75,6948.75,6951.75,4532
2025-12-29 13:35:00,6951.75,6954.75,6951.5,6953.0,8566
2025-12-29 13:40:00,6952.75,6953.0,6950.0,6950.5,5332
2025-12-29 13:45:00,6950.5,6950.75,6948.5,6949.0,4358
2025-12-29 13:50:00,6949.0,6950.0,6948.0,6948.75,3868
2025-12-29 13:55:00,6948.75,6948.75,6947.25,6948.0,3559
2025-12-29 14:00:00,6947.75,6948.5,6944.75,6946.25,7516
2025-12-29 14:05:00,6946.25,6947.0,6944.25,6945.25,4780
2025-12-29 14:10:00,6945.5,6946.25,6944.5,6945.5,3836
2025-12-29 14:15:00,6945.75,6946.75,6945.0,6946.25,3432
2025-12-29 14:20:00,6946.25,6949.75,6946.25,6949.25,5202
2025-12-29 14:25:00,6949.0,6950.5,6948.25,6950.5,4018
2025-12-29 14:30:00,6950.5,6954.25,6950.25,6953.75,9042
2025-12-29 14:35:00,6953.75,6954.75,6953.0,6954.0,4925
2025-12-29 14:40:00,6954.0,6956.5,6953.75,6955.25,7043
2025-12-29 14:45:00,6955.0,6958.75,6954.5,6957.0,8110
2025-12-29 14:50:00,6957.25,6958.75,6956.75,6958.25,7081
2025-12-29 14:55:00,6958.25,6960.75,6958.25,6959.0,9253
2025-12-29 15:00:00,6959.25,6959.5,6957.25,6958.75,7158
2025-12-29 15:05:00,6959.0,6960.0,6958.25,6959.25,3573
2025-12-29 15:10:00,6959.5,6961.25,6959.0,6961.0,3945
2025-12-29 15:15:00,6961.25,6962.5,6960.25,6960.75,4722
2025-12-29 15:20:00,6961.0,6962.0,6959.5,6961.0,4269
2025-12-29 15:25:00,6961.0,6961.5,6958.25,6958.5,4679
2025-12-29 15:30:00,6958.25,6961.0,6958.25,6959.0,5322
2025-12-29 15:35:00,6958.75,6960.5,6958.0,6958.25,4923
2025-12-29 15:40:00,6958.25,6958.75,6955.0,6956.5,8340
2025-12-29 15:45:00,6956.25,6958.0,6955.75,6956.75,7831
2025-12-29 15:50:00,6956.75,6958.75,6953.0,6953.25,16379
2025-12-29 15:55:00,6953.25,6956.75,6950.75,6955.25,49126
2025-12-29 16:00:00,6955.0,6956.0,6952.0,6954.5,14556
2025-12-29 16:05:00,6954.75,6955.5,6954.0,6954.25,3895
2025-12-29 16:10:00,6954.0,6955.25,6953.75,6954.5,2189
2025-12-29 16:15:00,6954.5,6957.0,6954.25,6956.75,1590
2025-12-29 16:20:00,6956.75,6956.75,6955.75,6955.75,671
2025-12-29 16:25:00,6956.0,6956.75,6955.75,6956.5,622
2025-12-29 16:30:00,6956.5,6956.75,6955.0,6955.25,764
2025-12-29 16:35:00,6955.0,6956.0,6955.0,6955.75,509
2025-12-29 16:40:00,6955.75,6956.5,6955.5,6956.5,639
2025-12-29 16:45:00,6956.25,6957.0,6956.0,6956.5,1136
2025-12-29 16:50:00,6956.75,6957.0,6956.25,6956.75,598
2025-12-29 16:55:00,6956.75,6957.0,6956.5,6956.5,2157
2025-12-29 18:00:00,6956.5,6957.25,6954.25,6954.5,0
2025-12-29 18:05:00,6954.25,6954.5,6953.25,6954.25,367
2025-12-29 18:10:00,6954.25,6954.5,6953.25,6953.25,379
2025-12-29 18:15:00,6953.5,6954.0,6951.0,6951.0,384
2025-12-29 18:20:00,6950.75,6952.75,6950.5,6952.5,273
2025-12-29 18:25:00,6952.75,6952.75,6950.25,6950.25,403
2025-12-29 18:30:00,6950.5,6953.75,6950.25,6953.5,549
2025-12-29 18:35:00,6953.75,6954.5,6953.25,6953.5,503
2025-12-29 18:40:00,6953.5,6953.5,6951.5,6952.25,571
2025-12-29 18:45:00,6952.5,6952.5,6951.0,6951.75,364
2025-12-29 18:50:00,6951.75,6951.75,6951.0,6951.25,236
2025-12-29 18:55:00,6951.25,6952.0,6950.75,6951.0,205
2025-12-29 19:00:00,6951.0,6952.0,6950.25,6951.25,399
2025-12-29 19:05:00,6951.25,6952.75,6951.25,6952.0,223
2025-12-29 19:10:00,6952.0,6952.25,6951.5,6952.0,214
2025-12-29 19:15:00,6952.0,6952.25,6951.5,6952.25,151
2025-12-29 19:20:00,6952.0,6954.0,6951.75,6954.0,257
2025-12-29 19:25:00,6953.75,6954.0,6953.25,6953.75,177
2025-12-29 19:30:00,6953.75,6954.0,6952.0,6952.25,261
2025-12-29 19:35:00,6952.25,6952.75,6951.5,6952.25,126
2025-12-29 19:40:00,6952.25,6953.25,6951.75,6953.25,221
2025-12-29 19:45:00,6953.25,6954.25,6953.0,6953.0,266
2025-12-29 19:50:00,6952.75,6952.75,6951.25,6951.5,270
2025-12-29 19:55:00,6951.25,6951.75,6949.5,6949.5,581
2025-12-29 20:00:00,6949.75,6950.75,6948.25,6950.5,528
2025-12-29 20:05:00,6950.5,6952.25,6950.5,6951.5,291
2025-12-29 20:10:00,6951.25,6952.0,6951.0,6952.0,231
2025-12-29 20:15:00,6951.75,6952.25,6951.25,6952.25,206
2025-12-29 20:20:00,6952.0,6952.25,6950.75,6951.0,199
2025-12-29 20:25:00,6951.0,6951.0,6950.25,6950.75,176
2025-12-29 20:30:00,6950.75,6951.25,6950.0,6950.5,265
2025-12-29 20:35:00,6950.75,6952.25,6950.75,6951.75,273
2025-12-29 20:40:00,6952.0,6952.0,6951.5,6951.75,176
2025-12-29 20:45:00,6951.75,6953.0,6950.5,6950.75,607
2025-12-29 20:50:00,6950.75,6951.25,6950.5,6950.5,207
2025-12-29 20:55:00,6950.5,6953.5,6950.5,6953.5,253
2025-12-29 21:00:00,6953.5,6953.75,6953.0,6953.0,383
2025-12-29 21:05:00,6953.25,6953.75,6952.25,6953.0,350
2025-12-29 21:10:00,6953.0,6953.5,6951.5,6951.75,274
2025-12-29 21:15:00,6951.75,6953.0,6951.5,6952.75,163
2025-12-29 21:20:00,6952.75,6953.0,6951.0,6951.0,253
2025-12-29 21:25:00,6951.0,6951.0,6949.75,6949.75,264
2025-12-29 21:30:00,6949.75,6951.0,6949.75,6950.5,207
2025-12-29 21:35:00,6950.5,6950.75,6950.25,6950.5,144
2025-12-29 21:40:00,6950.5,6950.75,6949.25,6949.75,193
2025-12-29 21:45:00,6949.75,6949.75,6948.75,6949.0,328
2025-12-29 21:50:00,6949.0,6949.5,6948.25,6948.75,231
2025-12-29 21:55:00,6949.0,6950.25,6949.0,6950.25,270
2025-12-29 22:00:00,6950.25,6951.5,6950.25,6950.5,291
2025-12-29 22:05:00,6950.5,6951.0,6950.0,6950.0,134
2025-12-29 22:10:00,6950.25,6950.5,6950.0,6950.25,110
2025-12-29 22:15:00,6950.5,6951.5,6950.5,6951.25,169
2025-12-29 22:20:00,6951.5,6952.75,6951.25,6951.75,292
2025-12-29 22:25:00,6951.75,6952.5,6951.75,6952.5,142
2025-12-29 22:30:00,6952.5,6956.75,6952.5,6955.5,711
2025-12-29 22:35:00,6955.75,6955.75,6954.0,6954.75,312
2025-12-29 22:40:00,6954.75,6955.75,6954.5,6955.75,161
2025-12-29 22:45:00,6955.75,6955.75,6954.25,6954.75,357
2025-12-29 22:50:00,6954.75,6954.75,6953.5,6954.25,331
2025-12-29 22:55:00,6954.0,6954.5,6953.75,6954.25,204
2025-12-29 23:00:00,6954.25,6954.5,6953.25,6954.25,198
2025-12-29 23:05:00,6954.5,6956.25,6954.25,6955.75,384
2025-12-29 23:10:00,6955.75,6956.75,6955.5,6956.5,255
2025-12-29 23:15:00,6956.5,6957.75,6955.75,6956.0,365
2025-12-29 23:20:00,6955.75,6956.0,6955.0,6955.75,248
2025-12-29 23:25:00,6955.5,6956.5,6955.25,6956.25,97
2025-12-29 23:30:00,6956.25,6957.0,6956.0,6956.75,144
2025-12-29 23:35:00,6956.75,6957.0,6956.25,6956.5,70
2025-12-29 23:40:00,6956.75,6957.0,6956.25,6956.5,90
2025-12-29 23:45:00,6956.75,6957.25,6956.25,6956.25,165
2025-12-29 23:50:00,6956.25,6956.5,6956.0,6956.25,113
2025-12-29 23:55:00,6956.5,6957.0,6956.25,6956.5,98
2025-12-30 00:05:00,6956.25,6956.5,6956.25,6956.5,451
2025-12-30 00:10:00,6956.5,6956.5,6955.5,6955.5,168
2025-12-30 00:15:00,6955.5,6956.0,6954.5,6954.75,253
2025-12-30 00:20:00,6955.0,6955.5,6954.25,6954.5,215
2025-12-30 00:25:00,6954.75,6955.5,6954.25,6954.5,175
2025-12-30 00:30:00,6954.5,6954.5,6953.5,6953.5,191
2025-12-30 00:35:00,6953.75,6954.5,6952.25,6954.25,429
2025-12-30 00:40:00,6954.25,6955.25,6953.75,6954.5,338
2025-12-30 00:45:00,6954.5,6956.5,6954.0,6956.0,164
2025-12-30 00:50:00,6956.0,6956.5,6955.75,6956.0,207
2025-12-30 00:55:00,6956.0,6956.0,6955.25,6955.5,147
2025-12-30 01:00:00,6955.5,6955.5,6954.25,6954.25,209
2025-12-30 01:05:00,6954.0,6954.25,6952.5,6953.25,461
2025-12-30 01:10:00,6953.0,6954.0,6952.5,6953.75,251
2025-12-30 01:15:00,6953.75,6954.25,6952.75,6952.75,232
2025-12-30 01:20:00,6952.75,6953.25,6951.75,6951.75,387
2025-12-30 01:25:00,6951.75,6951.75,6950.25,6950.5,493
2025-12-30 01:30:00,6950.5,6952.5,6950.25,6952.25,344
2025-12-30 01:35:00,6952.25,6953.25,6952.0,6952.75,306
2025-12-30 01:40:00,6952.75,6953.0,6952.25,6952.75,121
2025-12-30 01:45:00,6952.75,6953.5,6952.75,6953.25,175
2025-12-30 01:50:00,6953.0,6953.5,6953.0,6953.25,92
2025-12-30 01:55:00,6953.0,6953.0,6952.0,6952.0,139
2025-12-30 02:00:00,6952.0,6952.0,6950.0,6950.0,352
2025-12-30 02:05:00,6950.0,6950.5,6949.5,6950.0,185
2025-12-30 02:10:00,6949.75,6950.5,6949.25,6949.5,268
2025-12-30 02:15:00,6949.75,6950.0,6948.25,6948.25,378
2025-12-30 02:20:00,6948.25,6948.25,6944.0,6945.5,1164
2025-12-30 02:25:00,6945.75,6946.75,6945.75,6946.0,390
2025-12-30 02:30:00,6946.0,6946.25,6943.75,6944.25,423
2025-12-30 02:35:00,6944.0,6945.25,6943.75,6945.25,308
2025-12-30 02:40:00,6945.0,6946.0,6945.0,6945.75,284
2025-12-30 02:45:00,6945.5,6946.0,6945.0,6945.75,266
2025-12-30 02:50:00,6946.0,6946.5,6945.5,6946.25,344
2025-12-30 02:55:00,6946.25,6947.25,6946.0,6946.5,369
2025-12-30 03:00:00,6946.75,6950.5,6946.75,6949.75,1968
2025-12-30 03:05:00,6949.75,6952.25,6949.5,6951.5,851
2025-12-30 03:10:00,6951.25,6952.25,6951.0,6951.75,465
2025-12-30 03:15:00,6951.5,6952.0,6950.5,6950.75,486
2025-12-30 03:20:00,6951.0,6953.25,6950.0,6951.5,847
2025-12-30 03:25:00,6951.5,6952.5,6950.75,6951.0,520
2025-12-30 03:30:00,6951.0,6953.5,6950.75,6953.25,835
2025-12-30 03:35:00,6953.5,6954.0,6953.0,6953.25,424
2025-12-30 03:40:00,6953.0,6953.75,6952.75,6953.5,661
2025-12-30 03:45:00,6953.5,6955.25,6953.5,6955.0,768
2025-12-30 03:50:00,6955.0,6955.75,6954.5,6955.25,668
2025-12-30 03:55:00,6955.25,6955.5,6954.25,6955.0,363
2025-12-30 04:00:00,6954.75,6956.25,6953.5,6956.0,774
2025-12-30 04:05:00,6956.0,6956.75,6955.0,6956.0,733
2025-12-30 04:10:00,6956.0,6956.25,6955.0,6955.0,363
2025-12-30 04:15:00,6955.0,6956.0,6955.0,6955.5,383
2025-12-30 04:20:00,6955.5,6956.75,6955.5,6956.25,355
2025-12-30 04:25:00,6956.5,6956.75,6956.25,6956.75,600
2025-12-30 04:30:00,6956.75,6957.0,6956.5,6956.75,331
2025-12-30 04:35:00,6956.75,6957.25,6955.5,6955.5,632
2025-12-30 04:40:00,6955.5,6955.5,6954.0,6954.25,715
2025-12-30 04:45:00,6954.25,6954.5,6953.25,6953.25,531
2025-12-30 04:50:00,6953.5,6954.0,6953.25,6953.75,707
2025-12-30 04:55:00,6953.75,6955.0,6953.5,6954.5,489
2025-12-30 05:00:00,6954.75,6956.0,6953.5,6954.25,721
2025-12-30 05:05:00,6954.25,6954.5,6954.0,6954.5,257
2025-12-30 05:10:00,6954.5,6955.0,6953.5,6953.75,424
2025-12-30 05:15:00,6953.75,6955.0,6953.25,6954.75,459
2025-12-30 05:20:00,6954.75,6955.5,6954.25,6955.25,362
2025-12-30 05:25:00,6955.5,6955.5,6954.5,6954.75,349
2025-12-30 05:30:00,6954.5,6955.0,6954.25,6954.75,310
2025-12-30 05:35:00,6954.75,6954.75,6953.0,6953.75,454
2025-12-30 05:40:00,6953.75,6955.0,6953.0,6954.5,511
2025-12-30 05:45:00,6954.5,6954.5,6953.25,6953.25,349
2025-12-30 05:50:00,6953.25,6953.5,6951.25,6952.0,1404
2025-12-30 05:55:00,6952.0,6952.0,6951.0,6951.75,394
2025-12-30 06:00:00,6951.75,6952.0,6951.0,6951.5,347
2025-12-30 06:05:00,6951.25,6951.5,6949.5,6949.75,548
2025-12-30 06:10:00,6949.75,6950.5,6948.75,6950.25,568
2025-12-30 06:15:00,6950.25,6950.25,6949.0,6949.25,390
2025-12-30 06:20:00,6949.0,6949.75,6948.25,6948.25,794
2025-12-30 06:25:00,6948.0,6948.0,6947.0,6947.75,857
2025-12-30 06:30:00,6948.0,6948.5,6947.5,6947.75,457
2025-12-30 06:35:00,6947.75,6948.75,6947.75,6948.25,966
2025-12-30 06:40:00,6948.25,6949.0,6948.0,6948.75,811
2025-12-30 06:45:00,6948.75,6953.75,6948.5,6953.75,1088
2025-12-30 06:50:00,6953.75,6954.0,6953.0,6953.75,395
2025-12-30 06:55:00,6953.5,6954.25,6953.0,6953.0,305
2025-12-30 07:00:00,6953.0,6955.0,6952.5,6954.25,921
2025-12-30 07:05:00,6954.0,6954.25,6953.25,6954.0,377
2025-12-30 07:10:00,6954.0,6955.25,6953.75,6954.25,384
2025-12-30 07:15:00,6954.25,6956.0,6954.25,6955.0,673
2025-12-30 07:20:00,6955.0,6955.5,6953.5,6953.5,508
2025-12-30 07:25:00,6953.5,6953.75,6952.0,6952.75,533
2025-12-30 07:30:00,6952.75,6953.75,6950.75,6951.0,631
2025-12-30 07:35:00,6950.75,6953.75,6949.5,6953.5,931
2025-12-30 07:40:00,6953.5,6954.5,6952.75,6954.0,803
2025-12-30 07:45:00,6954.25,6954.25,6952.0,6952.75,741
2025-12-30 07:50:00,6952.75,6953.25,6951.75,6952.25,698
2025-12-30 07:55:00,6952.0,6952.25,6950.75,6952.0,565
2025-12-30 08:00:00,6951.75,6953.5,6951.5,6952.25,1136
2025-12-30 08:05:00,6952.25,6953.25,6950.75,6953.0,700
2025-12-30 08:10:00,6953.25,6954.5,6952.75,6953.25,681
2025-12-30 08:15:00,6953.5,6954.75,6953.25,6954.75,488
2025-12-30 08:20:00,6954.5,6955.75,6954.0,6954.75,945
2025-12-30 08:25:00,6955.0,6955.0,6952.75,6953.25,849
2025-12-30 08:30:00,6953.25,6953.5,6950.0,6951.75,1332
2025-12-30 08:35:00,6951.75,6952.25,6948.25,6948.75,1867
2025-12-30 08:40:00,6948.75,6951.0,6948.25,6951.0,1140
2025-12-30 08:45:00,6951.0,6952.0,6949.5,6949.75,1138
2025-12-30 08:50:00,6950.0,6950.0,6948.25,6949.25,1057
2025-12-30 08:55:00,6949.25,6952.5,6948.75,6952.5,1506
2025-12-30 09:00:00,6952.5,6952.5,6950.75,6951.25,1375
2025-12-30 09:05:00,6951.0,6951.75,6950.5,6951.25,1175
2025-12-30 09:10:00,6951.25,6953.0,6951.0,6952.5,1338
2025-12-30 09:15:00,6952.5,6953.25,6951.75,6953.0,1125
2025-12-30 09:20:00,6953.0,6953.5,6950.5,6950.75,1597
2025-12-30 09:25:00,6951.0,6952.5,6949.25,6950.0,4422
2025-12-30 09:30:00,6950.0,6954.0,6947.75,6948.75,22189
2025-12-30 09:35:00,6948.75,6951.0,6947.25,6948.75,13870
2025-12-30 09:40:00,6949.0,6949.25,6946.25,6946.5,8409
2025-12-30 09:45:00,6946.75,6956.5,6944.0,6955.5,23531
2025-12-30 09:50:00,6955.75,6957.5,6953.5,6955.75,14369
2025-12-30 09:55:00,6956.0,6960.75,6955.75,6956.0,14954
2025-12-30 10:00:00,6956.25,6957.0,6952.75,6953.25,11806
2025-12-30 10:05:00,6953.5,6953.75,6949.75,6950.5,11524
2025-12-30 10:10:00,6950.5,6950.75,6943.0,6944.25,16866
2025-12-30 10:15:00,6944.25,6947.5,6942.25,6944.25,13213
2025-12-30 10:20:00,6944.0,6949.25,6943.25,6945.25,13878
2025-12-30 10:25:00,6945.5,6946.0,6943.25,6944.25,7366
2025-12-30 10:30:00,6944.25,6945.0,6942.5,6943.0,7638
2025-12-30 10:35:00,6942.75,6944.75,6941.5,6944.0,8028
2025-12-30 10:40:00,6944.0,6945.0,6940.75,6943.0,7870
2025-12-30 10:45:00,6942.75,6945.75,6941.75,6945.5,9028
2025-12-30 10:50:00,6945.75,6950.75,6945.25,6949.25,10365
2025-12-30 10:55:00,6949.25,6952.5,6949.25,6951.5,9164
2025-12-30 11:00:00,6951.5,6955.25,6950.25,6954.5,10970
2025-12-30 11:05:00,6954.75,6956.0,6952.5,6953.25,9289
2025-12-30 11:10:00,6953.25,6954.75,6952.5,6953.5,6674
2025-12-30 11:15:00,6953.75,6956.0,6953.5,6955.5,5713
2025-12-30 11:20:00,6955.5,6961.5,6955.25,6959.0,15349
2025-12-30 11:25:00,6959.25,6959.25,6957.0,6958.25,6189
2025-12-30 11:30:00,6958.5,6958.75,6955.5,6956.0,7126
2025-12-30 11:35:00,6956.25,6957.0,6951.0,6952.0,7769
2025-12-30 11:40:00,6952.0,6952.25,6949.5,6951.75,7725
2025-12-30 11:45:00,6951.75,6952.25,6950.5,6950.75,5919
2025-12-30 11:50:00,6951.0,6951.0,6948.25,6949.25,6165
2025-12-30 11:55:00,6949.5,6950.0,6947.25,6947.5,4310
2025-12-30 12:00:00,6947.5,6948.25,6945.5,6946.5,7975
2025-12-30 12:05:00,6946.5,6948.25,6946.25,6947.5,4873
2025-12-30 12:10:00,6947.5,6948.25,6945.25,6945.75,6776
2025-12-30 12:15:00,6945.5,6947.75,6943.5,6947.5,7284
2025-12-30 12:20:00,6947.5,6949.0,6946.75,6948.25,5649
2025-12-30 12:25:00,6948.0,6949.0,6947.25,6948.75,2597
2025-12-30 12:30:00,6948.5,6951.75,6948.5,6951.0,4746
2025-12-30 12:35:00,6951.25,6951.75,6950.5,6951.0,4170
2025-12-30 12:40:00,6950.75,6952.0,6948.25,6949.0,4901
2025-12-30 12:45:00,6948.75,6949.5,6946.75,6949.25,5258
2025-12-30 12:50:00,6949.0,6951.75,6948.75,6951.0,4240
2025-12-30 12:55:00,6950.75,6952.0,6950.0,6951.25,3362
2025-12-30 13:00:00,6951.25,6951.25,6947.0,6949.75,6086
2025-12-30 13:05:00,6950.0,6952.5,6950.0,6952.25,5474
2025-12-30 13:10:00,6952.5,6953.0,6951.0,6952.0,4648
2025-12-30 13:15:00,6951.75,6952.5,6951.0,6952.0,3130
2025-12-30 13:20:00,6952.0,6952.0,6950.0,6951.25,3038
2025-12-30 13:25:00,6951.25,6953.0,6950.75,6952.5,2982
2025-12-30 13:30:00,6952.5,6954.25,6952.25,6953.5,4999
2025-12-30 13:35:00,6953.5,6953.5,6950.5,6951.0,3834
2025-12-30 13:40:00,6951.0,6952.0,6949.5,6951.75,4286
2025-12-30 13:45:00,6951.5,6954.0,6951.0,6953.75,3979
2025-12-30 13:50:00,6953.75,6954.0,6952.25,6952.75,3401
2025-12-30 13:55:00,6952.75,6953.5,6952.0,6952.75,1801
2025-12-30 14:00:00,6953.0,6953.75,6950.5,6950.5,3825
2025-12-30 14:05:00,6950.5,6952.75,6949.25,6951.5,4157
2025-12-30 14:10:00,6951.25,6954.0,6950.25,6953.75,3628
2025-12-30 14:15:00,6953.75,6953.75,6951.5,6953.5,4256
2025-12-30 14:20:00,6953.5,6953.75,6952.25,6953.0,3227
2025-12-30 14:25:00,6953.0,6953.5,6952.0,6953.25,3221
2025-12-30 14:30:00,6953.0,6954.5,6952.0,6953.0,5260
2025-12-30 14:35:00,6953.0,6953.0,6951.25,6952.75,3402
2025-12-30 14:40:00,6952.75,6953.75,6952.25,6952.75,2709
2025-12-30 14:45:00,6952.75,6953.25,6950.75,6951.25,3579
2025-12-30 14:50:00,6951.25,6951.75,6948.5,6950.0,6401
2025-12-30 14:55:00,6950.25,6950.5,6948.25,6950.0,4610
2025-12-30 15:00:00,6950.0,6951.0,6949.75,6950.75,4125
2025-12-30 15:05:00,6950.75,6951.0,6947.5,6948.5,5160
2025-12-30 15:10:00,6948.5,6949.0,6944.75,6947.25,7601
2025-12-30 15:15:00,6947.0,6950.0,6946.75,6949.25,4934
2025-12-30 15:20:00,6949.25,6951.5,6949.0,6951.25,5547
2025-12-30 15:25:00,6951.5,6952.0,6949.5,6949.75,4004
2025-12-30 15:30:00,6950.0,6951.75,6949.5,6951.5,5164
2025-12-30 15:35:00,6951.5,6952.25,6951.0,6952.25,4410
2025-12-30 15:40:00,6952.25,6953.25,6951.0,6951.5,5999
2025-12-30 15:45:00,6951.75,6952.0,6949.0,6949.5,7645
2025-12-30 15:50:00,6949.75,6951.0,6947.5,6947.75,12896
2025-12-30 15:55:00,6947.75,6948.75,6942.25,6945.0,59839
2025-12-30 16:00:00,6945.0,6946.5,6943.0,6943.0,16768
2025-12-30 16:05:00,6943.0,6945.25,6942.75,6944.5,5139
2025-12-30 16:10:00,6944.75,6945.75,6943.75,6945.5,3981
2025-12-30 16:15:00,6945.5,6947.0,6945.0,6946.75,1621
2025-12-30 16:20:00,6946.75,6947.0,6945.75,6946.25,1003
2025-12-30 16:25:00,6946.0,6946.25,6944.75,6945.25,1009
2025-12-30 16:30:00,6945.25,6946.0,6945.25,6945.5,1038
2025-12-30 16:35:00,6945.5,6945.5,6944.75,6944.75,799
2025-12-30 16:40:00,6945.0,6946.5,6944.75,6946.0,1010
2025-12-30 16:45:00,6946.0,6946.5,6945.25,6945.75,841
2025-12-30 16:50:00,6945.75,6946.5,6945.75,6946.25,528
2025-12-30 16:55:00,6946.25,6946.5,6945.0,6945.5,1420
2025-12-30 18:00:00,6945.5,6948.25,6945.25,6946.75,0
2025-12-30 18:05:00,6946.5,6947.75,6946.5,6947.25,240
2025-12-30 18:10:00,6947.5,6947.5,6942.0,6942.75,956
2025-12-30 18:15:00,6942.75,6943.75,6941.75,6942.75,418
2025-12-30 18:20:00,6942.75,6943.5,6942.25,6943.25,189
2025-12-30 18:25:00,6943.25,6943.75,6942.5,6942.75,213
2025-12-30 18:30:00,6942.75,6943.5,6942.25,6942.75,176
2025-12-30 18:35:00,6942.5,6943.0,6939.0,6940.25,699
2025-12-30 18:40:00,6940.25,6942.5,6940.25,6942.25,245
2025-12-30 18:45:00,6942.25,6942.5,6940.75,6941.75,140
2025-12-30 18:50:00,6942.0,6942.5,6941.75,6942.5,126
2025-12-30 18:55:00,6942.5,6942.5,6942.25,6942.5,93
2025-12-30 19:00:00,6942.25,6942.25,6940.5,6941.0,299
2025-12-30 19:05:00,6941.0,6941.0,6939.5,6940.0,284
2025-12-30 19:10:00,6940.0,6940.5,6938.0,6940.25,466
2025-12-30 19:15:00,6940.25,6941.5,6939.5,6939.75,262
2025-12-30 19:20:00,6939.5,6940.25,6939.25,6940.25,125
2025-12-30 19:25:00,6940.25,6940.75,6940.0,6940.75,184
2025-12-30 19:30:00,6940.75,6940.75,6937.75,6938.25,429
2025-12-30 19:35:00,6938.25,6938.75,6937.5,6938.5,183
2025-12-30 19:40:00,6938.5,6939.0,6938.0,6938.25,139
2025-12-30 19:45:00,6938.25,6938.25,6934.5,6936.0,943
2025-12-30 19:50:00,6935.75,6936.0,6932.25,6934.75,716
2025-12-30 19:55:00,6935.0,6935.5,6932.75,6933.75,617
2025-12-30 20:00:00,6933.5,6933.5,6928.25,6930.0,2110
2025-12-30 20:05:00,6930.0,6933.75,6929.75,6933.25,556
2025-12-30 20:10:00,6933.25,6935.0,6933.0,6933.75,574
2025-12-30 20:15:00,6933.5,6935.5,6932.25,6933.25,536
2025-12-30 20:20:00,6933.25,6935.25,6932.5,6934.25,370
2025-12-30 20:25:00,6934.25,6935.0,6933.25,6933.75,333
2025-12-30 20:30:00,6934.0,6934.5,6933.25,6933.5,353
2025-12-30 20:35:00,6933.5,6934.0,6932.0,6932.5,266
2025-12-30 20:40:00,6932.5,6933.25,6931.5,6933.25,337
2025-12-30 20:45:00,6933.25,6934.0,6932.25,6933.25,214
2025-12-30 20:50:00,6933.25,6934.25,6933.0,6934.0,130
2025-12-30 20:55:00,6934.0,6934.5,6933.25,6933.25,163
2025-12-30 21:00:00,6933.25,6935.5,6933.0,6934.5,417
2025-12-30 21:05:00,6934.25,6934.25,6932.5,6933.0,334
2025-12-30 21:10:00,6933.0,6934.25,6932.75,6934.0,199
2025-12-30 21:15:00,6934.0,6935.25,6933.25,6934.75,263
2025-12-30 21:20:00,6934.75,6936.25,6934.5,6935.75,435
2025-12-30 21:25:00,6935.75,6936.25,6935.0,6936.0,274
2025-12-30 21:30:00,6936.25,6937.5,6935.5,6935.75,393
2025-12-30 21:35:00,6935.75,6936.5,6935.5,6936.5,254
2025-12-30 21:40:00,6936.25,6936.75,6935.75,6936.75,274
2025-12-30 21:45:00,6936.5,6937.5,6933.25,6934.75,695
2025-12-30 21:50:00,6934.75,6937.75,6934.0,6937.25,375
2025-12-30 21:55:00,6937.25,6938.0,6937.0,6937.25,245
2025-12-30 22:00:00,6937.0,6938.5,6937.0,6938.5,293
2025-12-30 22:05:00,6938.25,6938.75,6937.5,6937.75,209
2025-12-30 22:10:00,6937.75,6938.25,6936.5,6938.25,243
2025-12-30 22:15:00,6938.25,6938.75,6937.0,6937.25,248
2025-12-30 22:20:00,6937.25,6937.25,6935.75,6937.0,250
2025-12-30 22:25:00,6936.75,6936.75,6935.5,6935.75,284
2025-12-30 22:30:00,6935.5,6935.5,6934.75,6935.0,184
2025-12-30 22:35:00,6935.0,6935.0,6934.25,6935.0,180
2025-12-30 22:40:00,6934.75,6935.25,6934.0,6935.0,194
2025-12-30 22:45:00,6935.25,6935.75,6934.75,6935.75,160
2025-12-30 22:50:00,6935.75,6936.0,6934.5,6935.0,234
2025-12-30 22:55:00,6934.75,6935.25,6934.25,6935.0,133
2025-12-30 23:00:00,6935.25,6936.25,6935.25,6935.75,177
2025-12-30 23:05:00,6935.75,6936.0,6935.25,6935.75,99
2025-12-30 23:10:00,6935.5,6937.25,6935.5,6937.25,151
2025-12-30 23:15:00,6937.25,6938.25,6936.75,6938.0,230
2025-12-30 23:20:00,6938.0,6938.0,6937.0,6937.25,185
2025-12-30 23:25:00,6937.25,6937.75,6937.0,6937.0,255
2025-12-30 23:30:00,6937.0,6937.25,6936.5,6937.0,105
2025-12-30 23:35:00,6937.25,6937.5,6936.75,6937.0,114
2025-12-30 23:40:00,6937.25,6937.25,6935.25,6935.5,231
2025-12-30 23:45:00,6935.5,6935.5,6934.25,6935.25,140
2025-12-30 23:50:00,6935.5,6935.75,6935.0,6935.25,99
2025-12-30 23:55:00,6935.25,6935.75,6935.25,6935.25,43
2025-12-31 00:05:00,6935.25,6935.5,6935.25,6935.5,238
2025-12-31 00:10:00,6935.5,6935.5,6934.25,6934.5,93
2025-12-31 00:15:00,6934.25,6934.75,6934.0,6934.5,119
2025-12-31 00:20:00,6934.5,6934.75,6933.75,6934.25,200
2025-12-31 00:25:00,6934.5,6935.5,6934.5,6934.75,178
2025-12-31 00:30:00,6934.75,6936.0,6934.5,6935.5,173
2025-12-31 00:35:00,6935.25,6935.5,6933.0,6933.25,208
2025-12-31 00:40:00,6933.0,6933.75,6932.5,6933.0,202
2025-12-31 00:45:00,6933.0,6933.25,6932.25,6932.5,140
2025-12-31 00:50:00,6932.75,6932.75,6930.0,6930.75,510
2025-12-31 00:55:00,6930.75,6930.75,6929.5,6930.5,235
2025-12-31 01:00:00,6930.5,6930.5,6929.0,6930.5,349
2025-12-31 01:05:00,6930.25,6931.25,6930.0,6931.0,227
2025-12-31 01:10:00,6931.0,6931.0,6930.25,6931.0,124
2025-12-31 01:15:00,6930.75,6931.0,6927.0,6929.5,810
2025-12-31 01:20:00,6929.25,6929.75,6927.75,6928.25,237
2025-12-31 01:25:00,6928.0,6928.75,6926.5,6928.0,522
2025-12-31 01:30:00,6927.75,6929.75,6927.75,6928.75,220
2025-12-31 01:35:00,6928.5,6929.5,6928.0,6928.5,209
2025-12-31 01:40:00,6928.5,6929.25,6928.25,6929.25,101
2025-12-31 01:45:00,6929.25,6929.75,6928.75,6929.5,150
2025-12-31 01:50:00,6929.5,6929.5,6928.5,6928.5,171
2025-12-31 01:55:00,6928.5,6929.5,6928.0,6929.5,360
2025-12-31 02:00:00,6929.25,6930.5,6928.75,6929.5,366
2025-12-31 02:05:00,6929.5,6929.75,6928.25,6928.5,155
2025-12-31 02:10:00,6928.5,6928.5,6926.25,6927.75,623
2025-12-31 02:15:00,6928.0,6928.5,6927.0,6927.75,256
2025-12-31 02:20:00,6928.0,6928.75,6927.25,6928.25,335
2025-12-31 02:25:00,6928.25,6931.25,6928.0,6930.75,425
2025-12-31 02:30:00,6931.0,6932.5,6930.75,6930.75,504
2025-12-31 02:35:00,6931.0,6932.5,6931.0,6932.25,323
2025-12-31 02:40:00,6932.25,6932.75,6931.5,6931.75,318
2025-12-31 02:45:00,6931.75,6932.25,6930.0,6930.25,241
2025-12-31 02:50:00,6930.25,6930.5,6928.5,6929.25,239
2025-12-31 02:55:00,6929.5,6930.25,6928.75,6930.0,193
2025-12-31 03:00:00,6930.25,6931.75,6929.75,6930.0,421
2025-12-31 03:05:00,6930.0,6931.0,6928.75,6928.75,399
2025-12-31 03:10:00,6928.5,6929.0,6927.75,6928.75,351
2025-12-31 03:15:00,6928.75,6929.0,6927.75,6928.75,305
2025-12-31 03:20:00,6928.5,6930.0,6927.25,6928.0,512
2025-12-31 03:25:00,6928.0,6929.0,6927.5,6927.5,526
2025-12-31 03:30:00,6927.25,6927.75,6924.5,6924.5,1102
2025-12-31 03:35:00,6924.5,6926.0,6923.0,6923.5,774
2025-12-31 03:40:00,6923.75,6925.5,6922.25,6925.0,843
2025-12-31 03:45:00,6925.0,6925.5,6924.25,6925.0,289
2025-12-31 03:50:00,6925.0,6926.0,6924.5,6925.0,321
2025-12-31 03:55:00,6925.25,6925.25,6923.5,6923.5,305
2025-12-31 04:00:00,6923.5,6928.5,6923.0,6927.75,1073
2025-12-31 04:05:00,6928.0,6928.5,6926.0,6926.5,458
2025-12-31 04:10:00,6926.25,6927.0,6925.25,6927.0,431
2025-12-31 04:15:00,6927.0,6927.75,6926.75,6927.25,269
2025-12-31 04:20:00,6927.25,6928.25,6925.75,6925.75,283
2025-12-31 04:25:00,6926.0,6926.5,6924.75,6925.75,467
2025-12-31 04:30:00,6925.75,6926.5,6925.5,6925.75,229
2025-12-31 04:35:00,6925.75,6927.5,6925.75,6927.25,352
2025-12-31 04:40:00,6927.25,6927.25,6925.5,6925.75,230
2025-12-31 04:45:00,6925.75,6926.5,6925.25,6925.5,295
2025-12-31 04:50:00,6925.5,6925.5,6924.25,6925.0,545
2025-12-31 04:55:00,6925.0,6925.75,6924.75,6924.75,197
2025-12-31 05:00:00,6925.0,6925.0,6923.0,6923.75,547
2025-12-31 05:05:00,6923.75,6925.25,6923.25,6924.25,371
2025-12-31 05:10:00,6924.0,6925.75,6924.0,6925.5,372
2025-12-31 05:15:00,6925.5,6926.25,6925.5,6925.75,208
2025-12-31 05:20:00,6925.75,6926.75,6925.5,6925.75,308
2025-12-31 05:25:00,6925.75,6927.5,6924.75,6927.0,403
2025-12-31 05:30:00,6927.25,6928.5,6925.5,6926.25,555
2025-12-31 05:35:00,6926.25,6927.25,6925.5,6926.0,223
2025-12-31 05:40:00,6926.25,6927.25,6926.25,6926.75,231
2025-12-31 05:45:00,6926.75,6926.75,6925.75,6925.75,182
2025-12-31 05:50:00,6925.75,6926.75,6925.75,6926.5,200
2025-12-31 05:55:00,6926.5,6927.0,6926.5,6926.75,141
2025-12-31 06:00:00,6927.0,6928.75,6926.75,6928.75,482
2025-12-31 06:05:00,6928.5,6929.0,6927.75,6927.75,237
2025-12-31 06:10:00,6928.0,6928.75,6927.5,6928.75,267
2025-12-31 06:15:00,6928.75,6930.25,6927.0,6928.0,507
2025-12-31 06:20:00,6928.0,6929.25,6928.0,6929.0,280
2025-12-31 06:25:00,6929.25,6929.75,6929.0,6929.5,192
2025-12-31 06:30:00,6929.5,6930.25,6928.75,6930.0,255
2025-12-31 06:35:00,6930.0,6930.5,6929.75,6930.25,253
2025-12-31 06:40:00,6930.25,6931.0,6929.75,6930.75,220
2025-12-31 06:45:00,6931.0,6931.0,6930.25,6930.75,255
2025-12-31 06:50:00,6930.5,6931.0,6929.5,6929.75,421
2025-12-31 06:55:00,6930.0,6931.5,6930.0,6931.25,543
2025-12-31 07:00:00,6931.0,6932.5,6929.25,6930.5,881
2025-12-31 07:05:00,6930.5,6932.0,6929.75,6932.0,358
2025-12-31 07:10:00,6932.0,6932.0,6930.75,6931.25,474
2025-12-31 07:15:00,6931.5,6933.75,6931.5,6933.5,579
2025-12-31 07:20:00,6933.75,6935.25,6933.75,6935.0,702
2025-12-31 07:25:00,6935.25,6936.0,6935.0,6935.25,538
2025-12-31 07:30:00,6935.0,6937.0,6934.5,6935.75,933
2025-12-31 07:35:00,6935.75,6937.5,6935.75,6935.75,677
2025-12-31 07:40:00,6935.5,6936.0,6934.75,6935.25,415
2025-12-31 07:45:00,6935.0,6936.25,6935.0,6936.0,726
2025-12-31 07:50:00,6936.0,6936.5,6935.0,6935.5,471
2025-12-31 07:55:00,6935.5,6936.5,6935.25,6936.25,767
2025-12-31 08:00:00,6936.25,6937.0,6935.5,6936.5,638
2025-12-31 08:05:00,6936.5,6936.5,6935.0,6935.75,558
2025-12-31 08:10:00,6935.75,6936.5,6935.25,6936.25,462
2025-12-31 08:15:00,6936.25,6938.0,6936.0,6937.25,616
2025-12-31 08:20:00,6937.25,6939.25,6936.75,6939.25,982
2025-12-31 08:25:00,6939.25,6939.75,6938.5,6939.25,1108
2025-12-31 08:30:00,6939.0,6940.25,6937.75,6939.25,1469
2025-12-31 08:35:00,6939.25,6941.0,6938.25,6941.0,1073
2025-12-31 08:40:00,6941.0,6943.75,6940.75,6943.25,1578
2025-12-31 08:45:00,6943.5,6945.5,6943.25,6945.25,2006
2025-12-31 08:50:00,6945.25,6951.5,6944.75,6949.0,5059
2025-12-31 08:55:00,6949.25,6951.0,6948.25,6949.25,2129
2025-12-31 09:00:00,6949.0,6951.0,6948.75,6950.0,1913
2025-12-31 09:05:00,6950.0,6950.25,6948.75,6949.5,1189
2025-12-31 09:10:00,6949.25,6949.75,6948.0,6948.5,1221
2025-12-31 09:15:00,6948.5,6948.75,6947.25,6947.75,1543
2025-12-31 09:20:00,6947.75,6948.25,6946.75,6947.0,1749
2025-12-31 09:25:00,6947.0,6947.5,6945.0,6945.25,3900
2025-12-31 09:30:00,6945.0,6947.5,6939.25,6941.5,21264
2025-12-31 09:35:00,6941.25,6943.25,6931.75,6933.75,18973
2025-12-31 09:40:00,6934.0,6934.25,6929.75,6931.25,16769
2025-12-31 09:45:00,6931.25,6932.25,6925.25,6928.75,15226
2025-12-31 09:50:00,6929.0,6936.75,6928.25,6936.5,14999
2025-12-31 09:55:00,6936.5,6937.5,6930.75,6932.0,11901
2025-12-31 10:00:00,6932.25,6933.25,6928.75,6930.0,10864
2025-12-31 10:05:00,6930.0,6930.75,6928.0,6929.5,9763
2025-12-31 10:10:00,6929.5,6930.25,6925.0,6926.75,11016
2025-12-31 10:15:00,6927.0,6927.75,6921.5,6923.75,11387
2025-12-31 10:20:00,6924.0,6927.5,6923.0,6925.0,9778
2025-12-31 10:25:00,6925.25,6929.0,6925.0,6927.75,7985
2025-12-31 10:30:00,6927.75,6929.0,6924.5,6926.25,6639
2025-12-31 10:35:00,6926.25,6928.0,6923.5,6923.75,6059
2025-12-31 10:40:00,6923.5,6924.25,6921.75,6923.25,7242
2025-12-31 10:45:00,6923.25,6923.5,6920.0,6920.75,8852
2025-12-31 10:50:00,6920.75,6921.0,6917.25,6917.75,7885
2025-12-31 10:55:00,6918.0,6918.25,6913.75,6915.5,11529
2025-12-31 11:00:00,6915.25,6918.5,6915.0,6917.25,9427
2025-12-31 11:05:00,6917.25,6918.0,6915.75,6916.5,6255
2025-12-31 11:10:00,6916.5,6918.75,6915.25,6917.5,6513
2025-12-31 11:15:00,6917.25,6920.5,6917.0,6920.25,6304
2025-12-31 11:20:00,6920.5,6921.75,6918.75,6920.5,6313
2025-12-31 11:25:00,6920.5,6923.25,6920.5,6923.25,5678
2025-12-31 11:30:00,6923.25,6923.5,6919.5,6920.25,6581
2025-12-31 11:35:00,6920.25,6923.75,6919.5,6923.0,5467
2025-12-31 11:40:00,6923.25,6923.25,6920.0,6921.5,4741
2025-12-31 11:45:00,6921.5,6922.25,6920.0,6921.75,3787
2025-12-31 11:50:00,6921.5,6925.0,6921.5,6924.0,5411
2025-12-31 11:55:00,6924.25,6926.75,6924.0,6926.0,6152
2025-12-31 12:00:00,6926.0,6926.75,6925.0,6925.25,5141
2025-12-31 12:05:00,6925.25,6926.0,6918.75,6919.0,8511
2025-12-31 12:10:00,6919.0,6922.25,6918.5,6922.0,5174
2025-12-31 12:15:00,6921.75,6924.75,6921.5,6924.0,5898
2025-12-31 12:20:00,6924.0,6924.25,6921.0,6921.5,4297
2025-12-31 12:25:00,6921.75,6923.5,6921.0,6922.5,3480
2025-12-31 12:30:00,6922.5,6925.25,6921.5,6925.0,5466
2025-12-31 12:35:00,6925.0,6925.75,6922.75,6923.0,4136
2025-12-31 12:40:00,6923.0,6923.5,6921.5,6923.5,3871
2025-12-31 12:45:00,6923.5,6924.0,6921.25,6921.5,3968
2025-12-31 12:50:00,6921.25,6922.25,6920.0,6921.5,4681
2025-12-31 12:55:00,6921.5,6921.5,6919.0,6920.5,3396
2025-12-31 13:00:00,6920.5,6921.75,6920.0,6921.75,3767
2025-12-31 13:05:00,6921.5,6923.75,6919.5,6923.5,4858
2025-12-31 13:10:00,6923.25,6925.75,6922.5,6925.5,3462
2025-12-31 13:15:00,6925.75,6926.0,6922.25,6922.25,4235
2025-12-31 13:20:00,6922.5,6923.75,6922.25,6923.25,2677
2025-12-31 13:25:00,6923.25,6926.5,6923.0,6926.5,3964
2025-12-31 13:30:00,6926.25,6927.5,6925.25,6927.25,5245
2025-12-31 13:35:00,6927.25,6928.0,6926.25,6926.75,3707
2025-12-31 13:40:00,6926.75,6930.25,6926.75,6930.25,5508
2025-12-31 13:45:00,6930.25,6932.5,6929.25,6930.75,6426
2025-12-31 13:50:00,6930.75,6932.5,6930.25,6932.5,5099
2025-12-31 13:55:00,6932.25,6933.5,6930.5,6931.25,6028
2025-12-31 14:00:00,6931.0,6935.25,6931.0,6933.25,7639
2025-12-31 14:05:00,6933.5,6933.75,6932.0,6933.0,4676
2025-12-31 14:10:00,6932.75,6933.0,6931.25,6932.0,4190
2025-12-31 14:15:00,6932.0,6932.0,6926.75,6927.25,6986
2025-12-31 14:20:00,6927.5,6927.5,6924.25,6926.75,7330
2025-12-31 14:25:00,6926.5,6926.75,6922.5,6923.0,6471
2025-12-31 14:30:00,6922.75,6924.0,6913.25,6913.5,15319
2025-12-31 14:35:00,6913.75,6920.75,6913.75,6917.25,13761
2025-12-31 14:40:00,6917.25,6920.5,6917.25,6917.75,8563
2025-12-31 14:45:00,6917.75,6918.75,6915.25,6916.0,6393
2025-12-31 14:50:00,6915.75,6916.5,6912.25,6913.25,6868
2025-12-31 14:55:00,6913.0,6915.0,6912.75,6913.25,5865
2025-12-31 15:00:00,6913.5,6914.25,6906.0,6908.25,14471
2025-12-31 15:05:00,6908.0,6910.75,6903.75,6905.5,12401
2025-12-31 15:10:00,6905.25,6905.25,6901.0,6904.25,12255
2025-12-31 15:15:00,6904.25,6907.5,6903.75,6906.25,12076
2025-12-31 15:20:00,6906.0,6906.0,6900.25,6901.25,12700
2025-12-31 15:25:00,6901.5,6902.5,6897.0,6899.5,12477
2025-12-31 15:30:00,6899.25,6906.75,6897.25,6905.0,17277
2025-12-31 15:35:00,6905.25,6909.25,6904.0,6904.0,12215
2025-12-31 15:40:00,6904.25,6907.0,6902.5,6906.75,11733
2025-12-31 15:45:00,6906.5,6907.25,6900.5,6900.5,16036
2025-12-31 15:50:00,6900.5,6902.75,6897.75,6898.25,26911
2025-12-31 15:55:00,6898.25,6903.5,6890.25,6891.75,111262
2025-12-31 16:00:00,6891.5,6897.25,6891.5,6894.5,36597
2025-12-31 16:05:00,6894.5,6895.25,6891.75,6893.75,7942
2025-12-31 16:10:00,6893.5,6897.75,6893.5,6897.5,5000
2025-12-31 16:15:00,6897.75,6897.75,6894.25,6895.75,2583
2025-12-31 16:20:00,6895.75,6896.0,6893.5,6893.75,1652
2025-12-31 16:25:00,6894.0,6895.75,6893.75,6895.25,1698
2025-12-31 16:30:00,6895.5,6895.5,6893.0,6893.0,1085
2025-12-31 16:35:00,6893.0,6893.75,6892.75,6893.0,982
2025-12-31 16:40:00,6893.0,6894.0,6892.5,6893.0,754
2025-12-31 16:45:00,6893.0,6893.75,6893.0,6893.5,987
2025-12-31 16:50:00,6893.75,6894.75,6893.75,6894.5,729
2025-12-31 16:55:00,6894.75,6895.0,6893.0,6893.75,2471
2026-01-02 00:00:00,6922.25,6922.5,6920.5,6921.0,595
2026-01-02 00:05:00,6920.75,6923.0,6920.25,6922.25,525
2026-01-02 00:10:00,6922.25,6922.25,6921.5,6921.75,303
2026-01-02 00:15:00,6921.75,6923.0,6921.75,6922.75,421
2026-01-02 00:20:00,6922.75,6923.5,6922.5,6923.5,364
2026-01-02 00:25:00,6923.5,6923.5,6922.5,6923.25,242
2026-01-02 00:30:00,6923.25,6923.5,6922.75,6923.25,223
2026-01-02 00:35:00,6923.0,6923.25,6922.75,6923.0,97
2026-01-02 00:40:00,6923.0,6923.25,6922.25,6922.5,253
2026-01-02 00:45:00,6922.75,6923.5,6922.75,6923.5,173
2026-01-02 00:50:00,6923.5,6924.25,6923.25,6924.0,551
2026-01-02 00:55:00,6924.25,6924.75,6923.75,6924.5,689
2026-01-02 01:00:00,6924.25,6925.25,6924.0,6925.25,1097
2026-01-02 01:05:00,6925.0,6925.75,6924.5,6925.5,723
2026-01-02 01:10:00,6925.25,6925.75,6925.0,6925.0,389
2026-01-02 01:15:00,6925.25,6925.75,6925.0,6925.25,409
2026-01-02 01:20:00,6925.25,6925.75,6925.0,6925.25,213
2026-01-02 01:25:00,6925.25,6925.75,6925.0,6925.0,158
2026-01-02 01:30:00,6925.25,6925.25,6924.25,6924.75,437
2026-01-02 01:35:00,6924.75,6925.0,6924.25,6924.75,148
2026-01-02 01:40:00,6924.75,6925.75,6924.75,6925.5,412
2026-01-02 01:45:00,6925.25,6925.5,6923.75,6924.25,218
2026-01-02 01:50:00,6924.25,6924.75,6924.0,6924.75,170
2026-01-02 01:55:00,6924.5,6924.5,6923.5,6923.5,343
2026-01-02 02:00:00,6923.5,6924.75,6923.25,6923.25,501
2026-01-02 02:05:00,6923.5,6923.75,6922.75,6923.0,399
2026-01-02 02:10:00,6923.0,6923.25,6921.25,6921.25,540
2026-01-02 02:15:00,6921.25,6922.0,6920.5,6920.75,479
2026-01-02 02:20:00,6920.75,6922.25,6920.5,6922.0,420
2026-01-02 02:25:00,6922.0,6923.5,6921.75,6922.75,369
2026-01-02 02:30:00,6922.75,6923.25,6921.75,6922.0,337
2026-01-02 02:35:00,6922.0,6922.75,6921.75,6922.5,263
2026-01-02 02:40:00,6922.5,6923.25,6922.25,6922.75,308
2026-01-02 02:45:00,6922.75,6923.0,6921.0,6921.25,348
2026-01-02 02:50:00,6921.25,6921.75,6920.75,6921.5,456
2026-01-02 02:55:00,6921.75,6923.0,6921.5,6921.75,688
2026-01-02 03:00:00,6921.75,6924.25,6921.5,6923.75,1887
2026-01-02 03:05:00,6923.75,6925.0,6923.5,6925.0,1985
2026-01-02 03:10:00,6924.75,6928.75,6924.75,6928.0,3272
2026-01-02 03:15:00,6928.25,6928.75,6927.25,6928.5,1329
2026-01-02 03:20:00,6928.25,6929.75,6926.5,6926.75,1921
2026-01-02 03:25:00,6926.5,6929.75,6925.75,6927.25,1947
2026-01-02 03:30:00,6927.25,6928.5,6925.5,6928.25,1132
2026-01-02 03:35:00,6928.0,6928.0,6927.25,6927.75,951
2026-01-02 03:40:00,6928.0,6929.5,6927.5,6929.0,833
2026-01-02 03:45:00,6929.25,6930.5,6929.0,6929.75,1105
2026-01-02 03:50:00,6929.75,6932.25,6929.25,6931.5,3513
2026-01-02 03:55:00,6931.25,6932.5,6930.5,6931.25,1019
2026-01-02 04:00:00,6931.0,6934.75,6930.5,6933.25,2267
2026-01-02 04:05:00,6933.0,6935.75,6932.75,6935.0,1741
2026-01-02 04:10:00,6935.0,6937.25,6935.0,6936.5,1976
2026-01-02 04:15:00,6936.75,6936.75,6933.25,6935.25,1118
2026-01-02 04:20:00,6935.5,6936.25,6933.75,6934.0,668
2026-01-02 04:25:00,6934.25,6936.75,6933.25,6936.5,812
2026-01-02 04:30:00,6936.5,6936.75,6934.75,6935.0,874
2026-01-02 04:35:00,6935.25,6936.25,6934.75,6936.25,584
2026-01-02 04:40:00,6936.5,6937.5,6936.0,6937.0,885
2026-01-02 04:45:00,6937.0,6937.0,6935.25,6935.5,769
2026-01-02 04:50:00,6935.75,6936.75,6935.0,6936.5,664
2026-01-02 04:55:00,6936.5,6937.75,6935.5,6937.0,1105
2026-01-02 05:00:00,6937.25,6937.75,6935.25,6936.5,1061
2026-01-02 05:05:00,6936.25,6937.0,6935.0,6935.75,854
2026-01-02 05:10:00,6936.0,6937.75,6935.25,6935.75,911
2026-01-02 05:15:00,6935.75,6938.5,6935.5,6936.25,1060
2026-01-02 05:20:00,6936.5,6937.0,6933.25,6933.75,951
2026-01-02 05:25:00,6933.75,6934.25,6932.75,6933.25,815
2026-01-02 05:30:00,6933.25,6933.5,6930.75,6931.25,633
2026-01-02 05:35:00,6931.25,6932.5,6931.0,6932.0,631
2026-01-02 05:40:00,6932.25,6934.0,6932.0,6933.5,542
2026-01-02 05:45:00,6933.5,6937.0,6933.5,6936.75,1202
2026-01-02 05:50:00,6936.75,6936.75,6935.25,6935.75,442
2026-01-02 05:55:00,6936.0,6936.5,6935.25,6935.75,400
2026-01-02 06:00:00,6935.75,6938.0,6935.75,6937.0,693
2026-01-02 06:05:00,6936.75,6937.25,6936.0,6936.25,437
2026-01-02 06:10:00,6936.25,6936.75,6935.75,6936.0,586
2026-01-02 06:15:00,6936.0,6936.25,6933.75,6934.0,856
2026-01-02 06:20:00,6933.75,6934.5,6933.25,6933.25,617
2026-01-02 06:25:00,6933.5,6933.5,6932.25,6932.75,500
2026-01-02 06:30:00,6932.75,6934.0,6932.5,6933.75,503
2026-01-02 06:35:00,6934.0,6935.0,6933.25,6933.25,749
2026-01-02 06:40:00,6933.5,6934.75,6933.25,6934.25,378
2026-01-02 06:45:00,6934.25,6934.75,6933.75,6934.25,454
2026-01-02 06:50:00,6934.25,6934.5,6933.0,6933.0,442
2026-01-02 06:55:00,6932.75,6933.5,6932.0,6933.25,762
2026-01-02 07:00:00,6933.0,6933.75,6929.75,6930.75,2115
2026-01-02 07:05:00,6930.75,6931.5,6930.25,6930.25,664
2026-01-02 07:10:00,6930.0,6930.0,6928.0,6929.5,1405
2026-01-02 07:15:00,6929.75,6931.25,6929.75,6930.5,1033
2026-01-02 07:20:00,6930.5,6931.0,6929.5,6929.5,732
2026-01-02 07:25:00,6929.5,6931.25,6929.5,6930.75,472
2026-01-02 07:30:00,6930.75,6932.75,6930.75,6931.25,1363
2026-01-02 07:35:00,6931.0,6931.0,6929.25,6930.5,791
2026-01-02 07:40:00,6930.75,6933.25,6930.0,6932.25,900
2026-01-02 07:45:00,6932.25,6932.5,6931.0,6931.5,409
2026-01-02 07:50:00,6931.25,6932.0,6930.5,6931.25,689
2026-01-02 07:55:00,6931.25,6931.75,6930.0,6931.25,714
2026-01-02 08:00:00,6931.25,6931.75,6930.25,6930.75,758
2026-01-02 08:05:00,6930.5,6931.0,6929.0,6929.75,1042
2026-01-02 08:10:00,6929.75,6931.0,6929.5,6930.0,605
2026-01-02 08:15:00,6930.0,6931.25,6929.0,6930.5,673
2026-01-02 08:20:00,6930.5,6931.25,6928.5,6928.75,1316
2026-01-02 08:25:00,6928.75,6929.5,6927.75,6928.75,1018
2026-01-02 08:30:00,6929.0,6929.25,6926.5,6927.75,1671
2026-01-02 08:35:00,6927.5,6929.75,6927.0,6927.5,1673
2026-01-02 08:40:00,6927.75,6929.75,6927.25,6929.0,1224
2026-01-02 08:45:00,6929.0,6930.25,6927.0,6927.0,1468
2026-01-02 08:50:00,6927.0,6927.75,6925.75,6926.75,1988
2026-01-02 08:55:00,6926.75,6929.5,6925.75,6928.5,2223
2026-01-02 09:00:00,6928.25,6931.25,6927.75,6931.0,2596
2026-01-02 09:05:00,6931.0,6931.5,6928.0,6929.25,2237
2026-01-02 09:10:00,6929.25,6929.75,6926.5,6927.25,2407
2026-01-02 09:15:00,6927.0,6927.75,6925.75,6926.0,2436
2026-01-02 09:20:00,6925.75,6927.75,6923.75,6927.25,4003
2026-01-02 09:25:00,6927.25,6930.5,6926.25,6928.0,6942
2026-01-02 09:30:00,6927.75,6932.5,6915.5,6918.5,42329
2026-01-02 09:35:00,6918.25,6922.75,6913.25,6915.25,24686
2026-01-02 09:40:00,6915.5,6920.75,6911.75,6919.75,20786
2026-01-02 09:45:00,6919.75,6934.25,6918.0,6931.0,33273
2026-01-02 09:50:00,6931.0,6939.25,6929.75,6932.75,25375
2026-01-02 09:55:00,6932.75,6935.5,6930.25,6932.75,13087
2026-01-02 10:00:00,6932.75,6939.75,6932.75,6935.0,23739
2026-01-02 10:05:00,6935.25,6935.5,6927.75,6928.25,21272
2026-01-02 10:10:00,6928.25,6930.25,6911.25,6913.75,33174
2026-01-02 10:15:00,6913.5,6914.0,6904.5,6908.25,29198
2026-01-02 10:20:00,6908.5,6908.75,6889.5,6890.5,36307
2026-01-02 10:25:00,6890.75,6895.5,6885.25,6893.75,34192
2026-01-02 10:30:00,6894.0,6905.75,6890.25,6904.75,26676
2026-01-02 10:35:00,6904.75,6909.25,6899.25,6906.5,22927
2026-01-02 10:40:00,6906.5,6915.75,6905.25,6911.25,25747
2026-01-02 10:45:00,6911.25,6914.25,6902.5,6903.0,24422
2026-01-02 10:50:00,6903.25,6904.75,6889.25,6899.5,26827
2026-01-02 10:55:00,6899.5,6903.0,6880.25,6884.0,33460
2026-01-02 11:00:00,6884.0,6885.25,6877.25,6879.75,34846
2026-01-02 11:05:00,6879.5,6884.5,6876.0,6883.5,22924
2026-01-02 11:10:00,6883.25,6887.75,6873.0,6887.5,24968
2026-01-02 11:15:00,6887.5,6892.75,6881.75,6885.0,20036
2026-01-02 11:20:00,6885.0,6892.5,6881.25,6891.25,13768
2026-01-02 11:25:00,6891.25,6893.5,6887.0,6887.5,13481
2026-01-02 11:30:00,6887.25,6895.25,6884.5,6893.0,15324
2026-01-02 11:35:00,6893.25,6895.75,6887.0,6888.0,14743
2026-01-02 11:40:00,6888.0,6889.0,6883.25,6883.25,14469
2026-01-02 11:45:00,6883.25,6885.5,6880.25,6882.25,15586
2026-01-02 11:50:00,6882.0,6883.5,6871.5,6874.25,19743
2026-01-02 11:55:00,6874.25,6880.75,6873.0,6880.5,14620
2026-01-02 12:00:00,6880.25,6882.0,6875.0,6877.5,12999
2026-01-02 12:05:00,6877.25,6883.5,6877.25,6880.25,9756
2026-01-02 12:10:00,6880.25,6892.75,6880.0,6892.0,14345
2026-01-02 12:15:00,6892.25,6894.25,6890.0,6890.5,11538
2026-01-02 12:20:00,6890.75,6893.75,6889.5,6890.5,9665
2026-01-02 12:25:00,6890.5,6893.5,6887.75,6893.5,10507
2026-01-02 12:30:00,6893.75,6897.25,6890.0,6891.5,13168
2026-01-02 12:35:00,6891.25,6893.0,6886.75,6889.0,9075
2026-01-02 12:40:00,6889.0,6891.25,6886.0,6889.0,6803
2026-01-02 12:45:00,6889.0,6891.75,6878.75,6880.5,12744
2026-01-02 12:50:00,6880.25,6883.5,6878.5,6882.75,13198
2026-01-02 12:55:00,6882.5,6885.75,6878.75,6880.75,13045
2026-01-02 13:00:00,6880.5,6884.5,6879.5,6882.25,9118
2026-01-02 13:05:00,6882.0,6883.0,6876.5,6878.75,12072
2026-01-02 13:10:00,6878.75,6881.75,6876.25,6876.75,9604
2026-01-02 13:15:00,6876.75,6884.0,6875.0,6882.75,9199
2026-01-02 13:20:00,6882.75,6886.75,6879.5,6880.25,8692
2026-01-02 13:25:00,6880.25,6881.25,6876.75,6878.5,7489
2026-01-02 13:30:00,6878.5,6879.5,6876.5,6877.75,6091
2026-01-02 13:35:00,6878.0,6882.25,6876.0,6879.25,7071
2026-01-02 13:40:00,6879.25,6880.25,6876.0,6879.75,6920
2026-01-02 13:45:00,6879.75,6882.25,6870.0,6870.5,12258
2026-01-02 13:50:00,6870.5,6874.5,6866.75,6874.0,15832
2026-01-02 13:55:00,6874.0,6874.0,6869.25,6873.75,8375
2026-01-02 14:00:00,6873.75,6879.25,6872.0,6878.75,10922
2026-01-02 14:05:00,6878.75,6885.5,6878.5,6884.75,12242
2026-01-02 14:10:00,6884.75,6894.0,6882.5,6892.75,13838
2026-01-02 14:15:00,6892.5,6894.75,6889.25,6890.25,11975
2026-01-02 14:20:00,6890.25,6897.75,6887.75,6897.5,12652
2026-01-02 14:25:00,6897.5,6900.5,6894.75,6898.25,11940
2026-01-02 14:30:00,6898.25,6906.0,6897.75,6904.75,14736
2026-01-02 14:35:00,6905.0,6907.5,6901.75,6905.25,11113
2026-01-02 14:40:00,6905.25,6908.75,6904.25,6904.75,10401
2026-01-02 14:45:00,6904.75,6906.5,6902.5,6905.5,8693
2026-01-02 14:50:00,6905.75,6906.25,6900.75,6904.0,10474
2026-01-02 14:55:00,6904.0,6905.0,6898.0,6900.25,8758
2026-01-02 15:00:00,6900.5,6905.0,6897.5,6902.75,9575
2026-01-02 15:05:00,6902.75,6904.25,6900.25,6902.5,8365
2026-01-02 15:10:00,6902.5,6905.75,6900.75,6901.0,9361
2026-01-02 15:15:00,6901.0,6905.75,6900.0,6905.0,8493
2026-01-02 15:20:00,6905.0,6906.0,6901.5,6902.5,8599
2026-01-02 15:25:00,6902.25,6903.75,6899.0,6901.5,7466
2026-01-02 15:30:00,6901.25,6903.0,6898.5,6899.5,10171
2026-01-02 15:35:00,6899.25,6903.25,6899.0,6899.5,9002
2026-01-02 15:40:00,6899.5,6899.75,6894.5,6895.0,12924
2026-01-02 15:45:00,6895.0,6896.25,6889.5,6891.5,16777
2026-01-02 15:50:00,6891.25,6899.25,6890.25,6893.25,23949
2026-01-02 15:55:00,6893.0,6902.5,6890.75,6900.25,77703
2026-01-02 16:00:00,6900.25,6905.25,6900.0,6902.0,25839
2026-01-02 16:05:00,6902.0,6904.25,6901.75,6903.75,3896
2026-01-02 16:10:00,6903.75,6904.25,6900.25,6903.0,5117
2026-01-02 16:15:00,6903.25,6903.5,6901.75,6902.25,1399
2026-01-02 16:20:00,6902.25,6903.25,6901.75,6903.0,1427
2026-01-02 16:25:00,6902.75,6903.5,6902.5,6902.75,1024
2026-01-02 16:30:00,6902.75,6903.5,6902.5,6902.5,801
2026-01-02 16:35:00,6902.75,6902.75,6901.5,6901.75,776
2026-01-02 16:40:00,6901.75,6901.75,6901.0,6901.5,608
2026-01-02 16:45:00,6901.25,6901.5,6900.0,6900.0,790
2026-01-02 16:50:00,6899.75,6899.75,6897.75,6899.0,1016
2026-01-02 16:55:00,6899.0,6900.5,6898.5,6900.0,709
2026-01-04 18:10:00,6904.5,6906.0,6899.5,6902.5,1137
2026-01-04 18:15:00,6902.5,6906.5,6902.5,6904.25,1707
2026-01-04 18:20:00,6904.25,6908.5,6904.25,6907.5,818
2026-01-04 18:25:00,6907.5,6910.0,6907.0,6908.25,1333
2026-01-04 18:30:00,6908.0,6908.0,6903.0,6906.75,1388
2026-01-04 18:35:00,6906.75,6907.5,6905.25,6905.5,502
2026-01-04 18:40:00,6905.5,6906.0,6903.0,6903.0,592
2026-01-04 18:45:00,6903.25,6905.0,6900.5,6904.25,1202
2026-01-04 18:50:00,6904.5,6906.75,6903.5,6905.75,824
2026-01-04 18:55:00,6905.75,6907.75,6905.5,6907.0,415
2026-01-04 19:00:00,6907.25,6909.75,6905.5,6909.0,1702
2026-01-04 19:05:00,6908.75,6909.5,6905.25,6906.0,1089
2026-01-04 19:10:00,6905.75,6906.25,6903.5,6904.75,974
2026-01-04 19:15:00,6905.0,6910.5,6904.75,6908.75,1319
2026-01-04 19:20:00,6908.5,6910.25,6907.75,6909.5,761
2026-01-04 19:25:00,6909.5,6910.0,6907.75,6909.0,806
2026-01-04 19:30:00,6909.0,6909.5,6907.25,6908.0,658
2026-01-04 19:35:00,6908.0,6908.25,6902.5,6904.0,1195
2026-01-04 19:40:00,6904.25,6905.75,6903.0,6905.25,649
2026-01-04 19:45:00,6905.25,6907.5,6905.25,6906.5,752
2026-01-04 19:50:00,6906.75,6908.25,6905.75,6907.5,418
2026-01-04 19:55:00,6907.25,6909.0,6906.5,6908.0,390
2026-01-04 20:00:00,6908.0,6912.25,6907.5,6907.75,3027
2026-01-04 20:05:00,6908.0,6910.0,6906.0,6909.25,1530
2026-01-04 20:10:00,6909.25,6909.5,6907.25,6909.25,1075
2026-01-04 20:15:00,6909.25,6909.25,6907.0,6907.5,629
2026-01-04 20:20:00,6907.25,6909.0,6906.0,6908.0,626
2026-01-04 20:25:00,6908.25,6909.5,6907.25,6909.5,520
2026-01-04 20:30:00,6909.25,6909.75,6908.5,6908.75,567
2026-01-04 20:35:00,6908.75,6912.25,6908.75,6911.75,1145
2026-01-04 20:40:00,6911.75,6912.0,6910.25,6910.5,558
2026-01-04 20:45:00,6910.5,6911.25,6908.25,6909.0,911
2026-01-04 20:50:00,6909.25,6910.25,6907.75,6909.75,647
2026-01-04 20:55:00,6909.75,6910.0,6908.75,6908.75,438
2026-01-04 21:00:00,6908.75,6912.75,6908.75,6912.0,1101
2026-01-04 21:05:00,6912.0,6912.5,6911.0,6912.0,606
2026-01-04 21:10:00,6911.75,6912.25,6910.25,6910.5,542
2026-01-04 21:15:00,6910.75,6911.75,6910.5,6910.75,327
2026-01-04 21:20:00,6910.5,6911.0,6909.75,6910.0,362
2026-01-04 21:25:00,6910.25,6910.75,6909.25,6910.0,403
2026-01-04 21:30:00,6910.25,6910.75,6909.25,6910.5,366
2026-01-04 21:35:00,6910.5,6911.0,6909.0,6910.0,438
2026-01-04 21:40:00,6909.75,6910.5,6908.5,6910.5,431
2026-01-04 21:45:00,6910.25,6912.75,6910.25,6912.5,550
2026-01-04 21:50:00,6912.25,6912.75,6911.5,6912.25,382
2026-01-04 21:55:00,6912.25,6912.5,6911.0,6911.25,415
2026-01-04 22:00:00,6911.0,6911.75,6910.25,6911.5,367
2026-01-04 22:05:00,6911.5,6912.25,6911.25,6911.75,288
2026-01-04 22:10:00,6911.5,6911.5,6910.5,6910.5,272
2026-01-04 22:15:00,6910.5,6910.75,6909.5,6910.25,421
2026-01-04 22:20:00,6910.25,6911.25,6910.0,6910.25,336
2026-01-04 22:25:00,6910.25,6911.0,6910.0,6910.5,256
2026-01-04 22:30:00,6910.5,6910.5,6909.5,6909.75,349
2026-01-04 22:35:00,6909.75,6910.25,6909.25,6910.25,295
2026-01-04 22:40:00,6910.0,6910.25,6908.5,6908.5,495
2026-01-04 22:45:00,6908.75,6909.25,6907.75,6908.75,465
2026-01-04 22:50:00,6908.75,6908.75,6906.75,6907.5,491
2026-01-04 22:55:00,6907.5,6908.0,6907.0,6907.5,524
2026-01-04 23:00:00,6907.25,6907.5,6906.5,6907.0,389
2026-01-04 23:05:00,6907.25,6907.5,6907.0,6907.5,298
2026-01-04 23:10:00,6907.5,6907.5,6907.0,6907.25,167
2026-01-04 23:15:00,6907.0,6908.0,6906.5,6907.75,463
2026-01-04 23:20:00,6907.75,6909.25,6907.75,6908.0,447
2026-01-04 23:25:00,6908.25,6908.5,6906.5,6907.25,380
2026-01-04 23:30:00,6907.5,6908.5,6907.25,6908.25,257
2026-01-04 23:35:00,6908.25,6910.0,6908.0,6909.25,448
2026-01-04 23:40:00,6909.0,6911.0,6909.0,6911.0,380
2026-01-04 23:45:00,6911.25,6912.0,6910.75,6911.75,641
2026-01-04 23:50:00,6911.75,6912.25,6911.5,6911.75,223
2026-01-04 23:55:00,6912.0,6912.75,6911.5,6911.5,398
2026-01-05 00:00:00,6911.75,6912.0,6910.5,6911.75,474
2026-01-05 00:05:00,6911.5,6911.5,6908.5,6909.25,704
2026-01-05 00:10:00,6909.25,6909.5,6908.5,6908.5,367
2026-01-05 00:15:00,6908.75,6909.0,6907.5,6908.75,318
2026-01-05 00:20:00,6908.5,6910.25,6908.5,6910.0,492
2026-01-05 00:25:00,6909.75,6910.75,6909.75,6910.0,403
2026-01-05 00:30:00,6910.0,6911.0,6909.75,6910.75,265
2026-01-05 00:35:00,6910.75,6911.0,6909.25,6909.5,441
2026-01-05 00:40:00,6909.5,6911.0,6909.5,6910.5,430
2026-01-05 00:45:00,6910.5,6911.75,6910.0,6911.25,478
2026-01-05 00:50:00,6911.25,6911.5,6910.75,6910.75,327
2026-01-05 00:55:00,6911.0,6912.5,6911.0,6912.25,429
2026-01-05 01:00:00,6912.25,6913.5,6911.75,6912.75,553
2026-01-05 01:05:00,6912.75,6913.5,6912.0,6912.5,433
2026-01-05 01:10:00,6912.5,6913.0,6911.75,6912.5,346
2026-01-05 01:15:00,6912.5,6913.0,6912.0,6913.0,487
2026-01-05 01:20:00,6913.0,6913.5,6911.25,6911.5,441
2026-01-05 01:25:00,6911.5,6911.75,6908.0,6908.25,865
2026-01-05 01:30:00,6908.5,6909.0,6906.75,6908.75,1275
2026-01-05 01:35:00,6908.75,6910.5,6908.5,6910.5,479
2026-01-05 01:40:00,6910.5,6912.0,6909.5,6911.75,343
2026-01-05 01:45:00,6911.75,6914.0,6911.75,6913.75,812
2026-01-05 01:50:00,6913.5,6914.5,6913.0,6913.0,385
2026-01-05 01:55:00,6913.25,6915.5,6913.0,6915.0,424
2026-01-05 02:00:00,6915.25,6915.25,6913.75,6914.5,574
2026-01-05 02:05:00,6914.25,6915.75,6914.25,6914.5,299
2026-01-05 02:10:00,6914.5,6914.75,6911.75,6912.75,474
2026-01-05 02:15:00,6912.75,6912.75,6911.0,6911.25,312
2026-01-05 02:20:00,6911.5,6912.0,6907.75,6908.5,947
2026-01-05 02:25:00,6908.75,6909.0,6906.75,6908.25,879
2026-01-05 02:30:00,6908.0,6911.25,6907.75,6909.25,850
2026-01-05 02:35:00,6909.25,6909.25,6906.5,6907.5,379
2026-01-05 02:40:00,6907.5,6908.5,6906.75,6907.5,460
2026-01-05 02:45:00,6907.5,6907.5,6906.0,6907.25,496
2026-01-05 02:50:00,6907.25,6910.0,6907.0,6909.5,483
2026-01-05 02:55:00,6909.5,6910.75,6909.5,6909.75,651
2026-01-05 03:00:00,6909.75,6911.25,6908.25,6910.25,1372
2026-01-05 03:05:00,6910.0,6910.75,6908.75,6909.75,965
2026-01-05 03:10:00,6910.0,6916.75,6909.75,6916.25,2161
2026-01-05 03:15:00,6916.25,6918.0,6915.75,6918.0,1897
2026-01-05 03:20:00,6918.0,6920.75,6918.0,6918.75,1826
2026-01-05 03:25:00,6919.0,6919.0,6916.5,6917.0,1251
2026-01-05 03:30:00,6917.0,6918.75,6916.75,6917.75,1023
2026-01-05 03:35:00,6917.5,6920.5,6917.5,6918.5,1429
2026-01-05 03:40:00,6918.5,6918.75,6916.0,6917.75,1013
2026-01-05 03:45:00,6917.75,6918.5,6916.25,6918.0,963
2026-01-05 03:50:00,6917.75,6918.0,6915.5,6916.5,977
2026-01-05 03:55:00,6916.25,6917.25,6915.5,6916.25,815
2026-01-05 04:00:00,6916.0,6919.25,6915.75,6919.25,1016
2026-01-05 04:05:00,6919.25,6920.0,6917.5,6918.5,1047
2026-01-05 04:10:00,6918.5,6919.0,6917.25,6918.0,689
2026-01-05 04:15:00,6918.0,6918.0,6916.0,6917.5,670
2026-01-05 04:20:00,6917.5,6918.5,6914.25,6914.5,828
2026-01-05 04:25:00,6914.75,6914.75,6912.0,6912.0,943
2026-01-05 04:30:00,6911.75,6914.0,6911.5,6914.0,886
2026-01-05 04:35:00,6913.75,6915.25,6913.0,6915.0,506
2026-01-05 04:40:00,6915.0,6916.5,6913.75,6915.5,698
2026-01-05 04:45:00,6915.75,6916.5,6914.25,6914.25,515
2026-01-05 04:50:00,6914.5,6917.25,6914.5,6915.0,432
2026-01-05 04:55:00,6915.25,6915.25,6913.0,6914.0,784
2026-01-05 05:00:00,6914.0,6916.5,6913.75,6916.25,918
2026-01-05 05:05:00,6916.25,6918.0,6916.25,6918.0,632
2026-01-05 05:10:00,6918.0,6919.5,6916.75,6919.0,635
2026-01-05 05:15:00,6919.0,6920.25,6918.75,6920.0,788
2026-01-05 05:20:00,6919.75,6921.75,6919.75,6920.75,1418
2026-01-05 05:25:00,6920.75,6921.5,6919.25,6919.25,748
2026-01-05 05:30:00,6919.0,6919.25,6917.75,6918.75,620
2026-01-05 05:35:00,6918.75,6919.25,6917.25,6918.0,591
2026-01-05 05:40:00,6918.25,6919.75,6917.75,6918.0,562
2026-01-05 05:45:00,6918.0,6920.75,6918.0,6920.25,645
2026-01-05 05:50:00,6920.25,6920.75,6918.75,6920.75,482
2026-01-05 05:55:00,6920.75,6921.0,6919.5,6920.25,486
2026-01-05 06:00:00,6920.25,6921.25,6920.0,6921.0,594
2026-01-05 06:05:00,6920.75,6921.75,6918.5,6918.75,567
2026-01-05 06:10:00,6919.0,6920.0,6918.75,6919.75,428
2026-01-05 06:15:00,6920.0,6920.5,6919.5,6920.25,410
2026-01-05 06:20:00,6920.5,6922.25,6920.25,6921.25,832
2026-01-05 06:25:00,6921.5,6922.75,6919.25,6919.25,1393
2026-01-05 06:30:00,6919.25,6921.75,6919.25,6921.0,580
2026-01-05 06:35:00,6921.25,6922.25,6920.5,6921.5,784
2026-01-05 06:40:00,6921.75,6922.75,6920.25,6921.0,1126
2026-01-05 06:45:00,6921.0,6922.5,6920.75,6921.75,740
2026-01-05 06:50:00,6921.75,6924.5,6921.5,6922.5,1152
2026-01-05 06:55:00,6922.5,6923.25,6922.0,6922.25,730
2026-01-05 07:00:00,6922.0,6925.75,6920.5,6920.75,1870
2026-01-05 07:05:00,6921.0,6924.0,6920.0,6923.0,1108
2026-01-05 07:10:00,6923.25,6924.0,6922.75,6923.0,463
2026-01-05 07:15:00,6922.75,6924.0,6922.5,6924.0,501
2026-01-05 07:20:00,6924.25,6925.25,6922.25,6922.25,652
2026-01-05 07:25:00,6922.25,6922.5,6919.5,6920.25,798
2026-01-05 07:30:00,6920.5,6922.5,6919.0,6921.75,945
2026-01-05 07:35:00,6922.0,6923.75,6921.75,6923.25,712
2026-01-05 07:40:00,6923.5,6923.5,6918.25,6919.0,1219
2026-01-05 07:45:00,6919.25,6921.0,6917.75,6921.0,860
2026-01-05 07:50:00,6921.25,6922.0,6919.25,6921.0,1017
2026-01-05 07:55:00,6921.0,6922.5,6920.75,6921.0,619
2026-01-05 08:00:00,6921.0,6922.75,6920.0,6920.5,1517
2026-01-05 08:05:00,6920.5,6920.75,6917.0,6917.25,1251
2026-01-05 08:10:00,6917.5,6921.75,6916.75,6919.5,1472
2026-01-05 08:15:00,6919.5,6919.5,6917.25,6917.25,924
2026-01-05 08:20:00,6917.25,6917.25,6912.5,6913.0,2099
2026-01-05 08:25:00,6913.25,6916.0,6912.25,6914.25,1427
2026-01-05 08:30:00,6914.0,6919.0,6914.0,6918.75,1906
2026-01-05 08:35:00,6919.0,6919.5,6917.25,6918.5,1129
2026-01-05 08:40:00,6918.25,6919.0,6915.75,6918.25,1579
2026-01-05 08:45:00,6918.25,6921.25,6918.0,6921.0,1462
2026-01-05 08:50:00,6921.0,6921.5,6919.25,6921.25,1490
2026-01-05 08:55:00,6921.5,6925.75,6921.25,6923.0,3144
2026-01-05 09:00:00,6923.0,6930.75,6922.5,6930.5,4968
2026-01-05 09:05:00,6930.75,6931.0,6925.75,6926.5,3286
2026-01-05 09:10:00,6926.75,6930.0,6926.75,6929.25,2089
2026-01-05 09:15:00,6929.25,6932.25,6928.75,6931.75,3119
2026-01-05 09:20:00,6932.0,6933.0,6929.75,6932.25,3972
2026-01-05 09:25:00,6932.25,6935.75,6930.5,6934.25,9910
2026-01-05 09:30:00,6934.0,6945.5,6932.75,6939.25,55589
2026-01-05 09:35:00,6939.5,6941.5,6934.25,6938.5,30569
2026-01-05 09:40:00,6938.75,6944.25,6935.5,6942.75,27438
2026-01-05 09:45:00,6943.0,6947.75,6937.0,6940.5,38256
2026-01-05 09:50:00,6940.25,6942.0,6933.75,6938.5,25850
2026-01-05 09:55:00,6938.25,6942.0,6935.5,6939.0,16904
2026-01-05 10:00:00,6939.75,6946.75,6935.0,6945.25,26684
2026-01-05 10:05:00,6945.5,6948.5,6940.75,6945.75,18778
2026-01-05 10:10:00,6945.75,6947.25,6941.25,6944.75,13740
2026-01-05 10:15:00,6945.0,6948.0,6941.75,6948.0,15377
2026-01-05 10:20:00,6947.75,6950.25,6945.5,6950.0,14885
2026-01-05 10:25:00,6950.0,6955.25,6945.75,6954.25,23264
2026-01-05 10:30:00,6954.25,6957.5,6953.0,6955.25,16525
2026-01-05 10:35:00,6955.25,6955.75,6948.5,6949.75,16367
2026-01-05 10:40:00,6949.75,6952.75,6948.5,6949.5,13815
2026-01-05 10:45:00,6949.5,6954.0,6949.25,6952.5,11820
2026-01-05 10:50:00,6952.5,6953.5,6949.5,6950.5,11914
2026-01-05 10:55:00,6950.75,6955.0,6949.25,6952.25,12056
2026-01-05 11:00:00,6952.0,6953.0,6949.0,6950.75,11974
2026-01-05 11:05:00,6951.0,6954.5,6949.75,6954.25,9930
2026-01-05 11:10:00,6954.0,6956.25,6952.5,6952.75,10616
2026-01-05 11:15:00,6952.5,6954.75,6951.0,6951.5,9112
2026-01-05 11:20:00,6951.25,6957.25,6951.25,6956.75,9873
2026-01-05 11:25:00,6956.5,6957.75,6954.25,6955.25,9695
2026-01-05 11:30:00,6955.25,6957.5,6953.25,6953.75,9719
2026-01-05 11:35:00,6953.75,6958.75,6953.0,6957.75,8882
2026-01-05 11:40:00,6957.75,6958.25,6955.25,6957.75,8886
2026-01-05 11:45:00,6957.75,6961.75,6957.0,6961.25,10467
2026-01-05 11:50:00,6961.5,6963.5,6959.0,6959.75,13138
2026-01-05 11:55:00,6959.75,6960.0,6956.5,6957.75,11490
2026-01-05 12:00:00,6958.0,6960.25,6957.75,6959.75,9646
2026-01-05 12:05:00,6959.75,6960.0,6956.75,6957.75,7758
2026-01-05 12:10:00,6957.75,6959.25,6956.75,6958.75,7238
2026-01-05 12:15:00,6958.75,6959.25,6954.75,6955.75,9277
2026-01-05 12:20:00,6955.5,6955.75,6952.75,6954.0,9112
2026-01-05 12:25:00,6954.0,6954.5,6950.75,6952.5,10746
2026-01-05 12:30:00,6952.25,6954.25,6950.75,6951.5,10309
2026-01-05 12:35:00,6951.5,6955.0,6951.25,6954.0,6943
2026-01-05 12:40:00,6954.25,6954.75,6951.75,6952.25,7134
2026-01-05 12:45:00,6952.5,6956.75,6952.0,6955.25,7963
2026-01-05 12:50:00,6955.5,6955.75,6951.75,6953.25,8224
2026-01-05 12:55:00,6953.5,6955.25,6951.75,6954.5,5292
2026-01-05 13:00:00,6954.75,6956.5,6953.5,6955.25,6023
2026-01-05 13:05:00,6955.5,6955.5,6949.5,6951.5,7407
2026-01-05 13:10:00,6953.5,6953.5,6952.0,6953.0,6669
2026-01-05 13:15:00,6952.75,6952.75,6945.0,6948.75,16678
2026-01-05 13:20:00,6948.75,6951.25,6946.5,6951.0,11137
2026-01-05 13:25:00,6951.0,6953.0,6949.5,6952.5,7818
2026-01-05 13:30:00,6952.5,6954.5,6951.75,6953.75,6536
2026-01-05 13:35:00,6954.0,6954.5,6951.75,6954.0,5459
2026-01-05 13:40:00,6954.0,6955.75,6953.5,6954.75,4756
2026-01-05 13:45:00,6955.0,6956.75,6954.75,6955.0,5485
2026-01-05 13:50:00,6955.25,6955.75,6953.75,6955.25,4670
2026-01-05 13:55:00,6955.5,6955.5,6953.5,6954.5,4571
2026-01-05 14:00:00,6954.5,6956.25,6954.0,6955.0,5835
2026-01-05 14:05:00,6955.0,6955.25,6952.25,6953.25,5581
2026-01-05 14:10:00,6953.0,6953.25,6950.25,6951.5,7725
2026-01-05 14:15:00,6951.5,6952.5,6950.75,6951.75,3984
2026-01-05 14:20:00,6952.0,6952.5,6950.5,6950.75,4102
2026-01-05 14:25:00,6950.75,6952.5,6950.0,6950.5,5345
2026-01-05 14:30:00,6950.5,6951.75,6950.0,6950.5,6263
2026-01-05 14:35:00,6950.5,6950.75,6945.75,6947.0,10010
2026-01-05 14:40:00,6947.0,6947.0,6941.25,6945.0,16403
2026-01-05 14:45:00,6945.0,6948.5,6945.0,6946.75,9951
2026-01-05 14:50:00,6946.75,6946.75,6944.0,6944.75,6796
2026-01-05 14:55:00,6944.75,6947.0,6943.75,6944.75,5958
2026-01-05 15:00:00,6944.5,6946.0,6943.5,6944.5,6686
2026-01-05 15:05:00,6944.75,6948.75,6944.25,6948.5,6676
2026-01-05 15:10:00,6948.5,6951.0,6948.0,6949.75,8165
2026-01-05 15:15:00,6950.0,6950.75,6947.25,6948.0,6257
2026-01-05 15:20:00,6948.0,6948.5,6946.25,6948.0,6524
2026-01-05 15:25:00,6948.0,6948.75,6947.0,6948.0,5073
2026-01-05 15:30:00,6948.0,6949.75,6946.5,6947.75,8301
2026-01-05 15:35:00,6947.75,6949.25,6947.5,6948.25,5781
2026-01-05 15:40:00,6948.25,6948.25,6946.0,6946.25,7629
2026-01-05 15:45:00,6946.25,6948.75,6945.75,6946.75,8618
2026-01-05 15:50:00,6946.5,6948.5,6941.0,6941.5,22003
2026-01-05 15:55:00,6941.5,6946.5,6940.0,6946.25,109314
2026-01-05 16:00:00,6946.0,6946.5,6942.5,6946.0,17468
2026-01-05 16:05:00,6945.75,6946.25,6945.0,6945.25,3427
2026-01-05 16:10:00,6945.25,6945.25,6943.25,6944.5,3774
2026-01-05 16:15:00,6944.25,6945.0,6943.5,6944.5,1079
2026-01-05 16:20:00,6944.5,6946.0,6944.5,6946.0,2184
2026-01-05 16:25:00,6946.0,6946.75,6945.5,6945.75,1737
2026-01-05 16:30:00,6946.0,6946.25,6944.75,6945.25,1020
2026-01-05 16:35:00,6945.0,6945.5,6944.75,6944.75,297
2026-01-05 16:40:00,6944.75,6945.0,6943.5,6943.5,1532
2026-01-05 16:45:00,6943.75,6944.25,6943.25,6943.5,865
2026-01-05 16:50:00,6943.5,6944.0,6943.25,6943.75,797
2026-01-05 16:55:00,6943.75,6944.25,6943.5,6943.5,796
2026-01-05 18:00:00,6945.5,6947.75,6944.5,6946.25,0
2026-01-05 18:05:00,6946.5,6947.0,6945.75,6946.75,380
2026-01-05 18:10:00,6946.75,6947.75,6945.75,6946.25,580
2026-01-05 18:15:00,6946.5,6946.5,6944.0,6945.75,701
2026-01-05 18:20:00,6945.75,6946.25,6944.75,6945.25,321
2026-01-05 18:25:00,6945.5,6946.75,6945.5,6946.0,447
2026-01-05 18:30:00,6945.75,6946.25,6941.5,6941.5,1077
2026-01-05 18:35:00,6941.75,6943.0,6941.5,6942.5,475
2026-01-05 18:40:00,6942.25,6943.5,6941.5,6942.75,669
2026-01-05 18:45:00,6942.75,6943.25,6942.0,6942.5,459
2026-01-05 18:50:00,6942.0,6942.5,6941.25,6941.75,393
2026-01-05 18:55:00,6941.75,6942.5,6941.5,6941.75,301
2026-01-05 19:00:00,6941.75,6944.5,6941.5,6943.75,986
2026-01-05 19:05:00,6944.0,6944.75,6941.25,6941.5,526
2026-01-05 19:10:00,6941.75,6942.25,6940.25,6940.75,690
2026-01-05 19:15:00,6940.75,6941.75,6940.5,6941.0,391
2026-01-05 19:20:00,6941.0,6943.0,6940.5,6942.5,380
2026-01-05 19:25:00,6942.5,6943.5,6941.75,6943.25,355
2026-01-05 19:30:00,6943.25,6943.5,6942.0,6942.0,475
2026-01-05 19:35:00,6942.25,6942.75,6940.0,6940.5,785
2026-01-05 19:40:00,6940.25,6940.75,6939.5,6940.5,626
2026-01-05 19:45:00,6940.75,6941.5,6940.75,6941.0,277
2026-01-05 19:50:00,6941.0,6941.5,6940.25,6941.5,317
2026-01-05 19:55:00,6941.25,6941.75,6940.5,6941.25,351
2026-01-05 20:00:00,6941.5,6943.0,6940.25,6942.25,952
2026-01-05 20:05:00,6942.25,6943.5,6941.5,6942.0,608
2026-01-05 20:10:00,6941.75,6944.5,6941.75,6943.0,763
2026-01-05 20:15:00,6943.0,6945.5,6942.25,6945.25,1352
2026-01-05 20:20:00,6945.25,6947.0,6945.0,6946.75,626
2026-01-05 20:25:00,6946.75,6948.25,6946.5,6947.5,858
2026-01-05 20:30:00,6947.25,6948.5,6947.0,6947.75,762
2026-01-05 20:35:00,6947.75,6948.25,6947.25,6947.75,894
2026-01-05 20:40:00,6947.75,6948.75,6947.25,6947.5,492
2026-01-05 20:45:00,6947.5,6948.75,6947.25,6947.75,439
2026-01-05 20:50:00,6948.0,6948.25,6947.5,6948.0,484
2026-01-05 20:55:00,6948.25,6948.75,6947.5,6947.5,563
2026-01-05 21:00:00,6947.75,6949.0,6947.75,6948.25,536
2026-01-05 21:05:00,6948.25,6948.75,6947.25,6947.25,530
2026-01-05 21:10:00,6947.5,6947.5,6946.5,6946.75,502
2026-01-05 21:15:00,6946.5,6947.25,6946.25,6947.25,518
2026-01-05 21:20:00,6947.0,6948.5,6946.75,6948.25,444
2026-01-05 21:25:00,6948.25,6949.0,6948.0,6948.5,474
2026-01-05 21:30:00,6948.5,6949.25,6947.75,6947.75,742
2026-01-05 21:35:00,6948.0,6950.0,6947.25,6950.0,600
2026-01-05 21:40:00,6950.0,6950.5,6949.5,6949.75,448
2026-01-05 21:45:00,6950.0,6951.25,6949.25,6951.25,516
2026-01-05 21:50:00,6951.0,6951.25,6950.5,6951.0,293
2026-01-05 21:55:00,6951.0,6951.5,6950.5,6951.25,318
2026-01-05 22:00:00,6951.25,6951.25,6950.5,6951.0,295
2026-01-05 22:05:00,6951.0,6951.25,6950.25,6950.5,316
2026-01-05 22:10:00,6950.5,6951.75,6950.25,6951.25,543
2026-01-05 22:15:00,6951.0,6951.5,6950.75,6950.75,179
2026-01-05 22:20:00,6950.75,6950.75,6950.0,6950.5,312
2026-01-05 22:25:00,6950.5,6951.0,6950.5,6950.75,255
2026-01-05 22:30:00,6951.0,6951.5,6950.5,6951.25,334
2026-01-05 22:35:00,6951.25,6952.0,6951.25,6951.5,309
2026-01-05 22:40:00,6951.25,6952.0,6951.25,6951.75,338
2026-01-05 22:45:00,6951.5,6951.75,6950.25,6950.5,390
2026-01-05 22:50:00,6950.5,6950.75,6950.25,6950.5,222
2026-01-05 22:55:00,6950.5,6951.5,6950.5,6951.0,241
2026-01-05 23:00:00,6950.75,6953.5,6950.75,6952.0,1426
2026-01-05 23:05:00,6952.25,6953.0,6952.0,6953.0,431
2026-01-05 23:10:00,6953.0,6954.0,6953.0,6953.25,942
2026-01-05 23:15:00,6953.5,6953.75,6952.75,6953.5,409
2026-01-05 23:20:00,6953.25,6953.5,6953.25,6953.25,284
2026-01-05 23:25:00,6953.5,6954.0,6953.25,6954.0,207
2026-01-05 23:30:00,6954.0,6954.75,6953.0,6953.0,1799
2026-01-05 23:35:00,6953.0,6953.75,6952.75,6953.5,244
2026-01-05 23:40:00,6953.5,6953.75,6953.0,6953.5,173
2026-01-05 23:45:00,6953.25,6953.75,6952.75,6953.75,174
2026-01-05 23:50:00,6953.5,6953.5,6952.5,6953.5,325
2026-01-05 23:55:00,6953.25,6954.0,6953.25,6954.0,206
2026-01-06 00:05:00,6953.75,6953.75,6953.25,6953.25,506
2026-01-06 00:10:00,6953.25,6954.75,6953.25,6954.5,224
2026-01-06 00:15:00,6954.75,6955.0,6954.5,6954.5,295
2026-01-06 00:20:00,6954.5,6955.0,6954.25,6954.25,249
2026-01-06 00:25:00,6954.25,6954.5,6953.5,6953.75,333
2026-01-06 00:30:00,6953.75,6954.25,6953.5,6953.5,341
2026-01-06 00:35:00,6953.75,6953.75,6953.25,6953.75,200
2026-01-06 00:40:00,6953.75,6953.75,6953.0,6953.0,241
2026-01-06 00:45:00,6953.0,6953.25,6952.5,6953.25,472
2026-01-06 00:50:00,6953.25,6953.5,6952.75,6953.0,181
2026-01-06 00:55:00,6953.0,6953.25,6952.75,6953.0,202
2026-01-06 01:00:00,6952.75,6954.5,6952.75,6954.25,403
2026-01-06 01:05:00,6954.5,6955.0,6954.0,6954.75,338
2026-01-06 01:10:00,6955.0,6955.0,6954.0,6954.5,123
2026-01-06 01:15:00,6954.5,6955.5,6954.25,6955.0,689
2026-01-06 01:20:00,6955.0,6956.25,6954.75,6956.0,1326
2026-01-06 01:25:00,6956.0,6956.25,6954.75,6955.0,719
2026-01-06 01:30:00,6955.0,6957.75,6955.0,6957.75,1121
2026-01-06 01:35:00,6957.75,6957.75,6956.5,6957.75,372
2026-01-06 01:40:00,6957.75,6958.75,6957.5,6958.75,391
2026-01-06 01:45:00,6958.5,6958.75,6956.75,6957.25,426
2026-01-06 01:50:00,6957.25,6957.5,6956.75,6957.25,234
2026-01-06 01:55:00,6957.0,6957.75,6957.0,6957.0,107
2026-01-06 02:00:00,6957.0,6957.0,6954.25,6955.25,532
2026-01-06 02:05:00,6955.5,6956.0,6955.25,6955.75,216
2026-01-06 02:10:00,6956.0,6956.0,6955.25,6955.5,228
2026-01-06 02:15:00,6955.5,6955.5,6953.25,6953.5,303
2026-01-06 02:20:00,6953.5,6954.5,6953.25,6953.5,362
2026-01-06 02:25:00,6953.75,6954.25,6953.75,6954.25,171
2026-01-06 02:30:00,6954.25,6955.0,6954.25,6955.0,187
2026-01-06 02:35:00,6955.0,6955.0,6953.0,6953.5,302
2026-01-06 02:40:00,6953.75,6953.75,6952.5,6953.0,344
2026-01-06 02:45:00,6952.75,6953.0,6951.75,6952.75,413
2026-01-06 02:50:00,6952.75,6953.0,6952.0,6952.5,321
2026-01-06 02:55:00,6952.5,6953.5,6952.5,6953.25,337
2026-01-06 03:00:00,6953.25,6953.5,6946.75,6947.75,2759
2026-01-06 03:05:00,6947.75,6949.75,6946.25,6946.75,1215
2026-01-06 03:10:00,6946.75,6946.75,6940.5,6940.75,1793
2026-01-06 03:15:00,6940.75,6942.0,6938.5,6940.5,2140
2026-01-06 03:20:00,6940.75,6941.5,6936.25,6936.5,1785
2026-01-06 03:25:00,6936.5,6937.5,6935.0,6935.75,2242
2026-01-06 03:30:00,6935.5,6936.5,6931.0,6932.25,3231
2026-01-06 03:35:00,6932.5,6936.5,6932.25,6934.0,1537
2026-01-06 03:40:00,6934.0,6936.0,6933.25,6935.0,1087
2026-01-06 03:45:00,6935.0,6936.5,6934.0,6935.0,846
2026-01-06 03:50:00,6935.0,6937.5,6934.0,6937.5,1007
2026-01-06 03:55:00,6937.5,6938.0,6936.75,6936.75,956
2026-01-06 04:00:00,6937.0,6938.75,6936.0,6937.25,1595
2026-01-06 04:05:00,6937.5,6938.75,6935.75,6938.0,1168
2026-01-06 04:10:00,6937.75,6940.25,6937.75,6939.5,971
2026-01-06 04:15:00,6939.5,6941.25,6937.75,6938.5,1018
2026-01-06 04:20:00,6938.75,6939.0,6936.75,6938.0,940
2026-01-06 04:25:00,6938.0,6938.75,6936.5,6937.5,525
2026-01-06 04:30:00,6937.25,6938.5,6936.0,6936.75,795
2026-01-06 04:35:00,6937.0,6939.0,6936.75,6938.5,768
2026-01-06 04:40:00,6938.75,6940.75,6938.75,6940.5,795
2026-01-06 04:45:00,6940.5,6940.5,6938.5,6940.0,789
2026-01-06 04:50:00,6940.0,6944.5,6938.75,6941.0,5677
2026-01-06 04:55:00,6941.0,6942.0,6939.25,6939.25,1140
2026-01-06 05:00:00,6939.25,6940.0,6938.75,6939.0,799
2026-01-06 05:05:00,6939.25,6940.75,6938.25,6940.25,847
2026-01-06 05:10:00,6940.25,6941.75,6939.75,6939.75,569
2026-01-06 05:15:00,6939.75,6940.0,6939.0,6939.25,548
2026-01-06 05:20:00,6939.0,6939.75,6938.5,6939.25,683
2026-01-06 05:25:00,6939.5,6940.25,6939.0,6939.5,554
2026-01-06 05:30:00,6939.25,6941.25,6939.0,6940.25,461
2026-01-06 05:35:00,6940.25,6941.25,6939.75,6941.0,395
2026-01-06 05:40:00,6941.0,6941.75,6940.5,6941.25,623
2026-01-06 05:45:00,6941.25,6941.75,6940.0,6940.25,572
2026-01-06 05:50:00,6940.0,6942.0,6939.75,6941.75,506
2026-01-06 05:55:00,6941.5,6941.75,6940.25,6940.5,334
2026-01-06 06:00:00,6940.5,6942.0,6940.0,6941.75,529
2026-01-06 06:05:00,6941.75,6942.0,6940.75,6941.75,481
2026-01-06 06:10:00,6942.0,6942.5,6941.5,6941.5,530
2026-01-06 06:15:00,6941.25,6941.75,6940.25,6941.75,607
2026-01-06 06:20:00,6941.75,6942.75,6941.0,6942.0,361
2026-01-06 06:25:00,6942.0,6942.25,6940.75,6940.75,358
2026-01-06 06:30:00,6941.0,6941.75,6940.5,6941.0,326
2026-01-06 06:35:00,6941.25,6941.25,6939.75,6940.25,388
2026-01-06 06:40:00,6940.5,6940.75,6939.5,6940.5,553
2026-01-06 06:45:00,6940.5,6940.75,6939.0,6939.5,560
2026-01-06 06:50:00,6939.25,6941.25,6939.25,6940.75,545
2026-01-06 06:55:00,6940.75,6942.5,6940.0,6940.0,818
2026-01-06 07:00:00,6939.75,6941.25,6939.25,6940.0,1175
2026-01-06 07:05:00,6939.75,6941.75,6939.75,6941.0,585
2026-01-06 07:10:00,6941.0,6943.75,6941.0,6943.25,778
2026-01-06 07:15:00,6943.25,6944.25,6943.0,6943.0,783
2026-01-06 07:20:00,6943.0,6943.75,6942.5,6943.25,471
2026-01-06 07:25:00,6943.5,6943.75,6943.25,6943.75,375
2026-01-06 07:30:00,6943.75,6944.25,6942.5,6943.25,904
2026-01-06 07:35:00,6943.25,6944.0,6943.25,6943.75,456
2026-01-06 07:40:00,6943.75,6947.25,6943.75,6946.75,1897
2026-01-06 07:45:00,6947.0,6948.0,6946.25,6947.5,1148
2026-01-06 07:50:00,6947.5,6947.75,6946.25,6946.5,874
2026-01-06 07:55:00,6946.5,6949.25,6946.5,6948.0,1660
2026-01-06 08:00:00,6947.75,6949.25,6947.25,6948.25,1369
2026-01-06 08:05:00,6948.25,6948.25,6946.25,6946.5,934
2026-01-06 08:10:00,6946.5,6948.0,6944.5,6947.0,1991
2026-01-06 08:15:00,6946.75,6949.0,6946.0,6946.25,833
2026-01-06 08:20:00,6946.0,6947.0,6945.25,6946.75,739
2026-01-06 08:25:00,6946.75,6947.0,6943.75,6944.75,1084
2026-01-06 08:30:00,6944.75,6946.75,6944.0,6946.0,1369
2026-01-06 08:35:00,6946.25,6947.0,6944.75,6945.75,1045
2026-01-06 08:40:00,6946.0,6946.75,6944.75,6944.75,1103
2026-01-06 08:45:00,6944.75,6945.25,6942.0,6942.75,1718
2026-01-06 08:50:00,6942.75,6943.25,6939.0,6942.5,4851
2026-01-06 08:55:00,6942.75,6945.0,6942.75,6943.75,1719
2026-01-06 09:00:00,6943.75,6943.75,6939.75,6942.0,2710
2026-01-06 09:05:00,6941.75,6943.0,6940.5,6940.75,1537
2026-01-06 09:10:00,6941.0,6943.25,6940.75,6942.25,1689
2026-01-06 09:15:00,6942.25,6943.5,6941.25,6942.5,1931
2026-01-06 09:20:00,6943.0,6943.5,6941.75,6942.75,1701
2026-01-06 09:25:00,6942.75,6947.0,6942.75,6946.75,5108
2026-01-06 09:30:00,6946.75,6953.75,6946.25,6951.75,26746
2026-01-06 09:35:00,6949.5,6952.5,6948.25,6949.5,25847
2026-01-06 09:40:00,6949.5,6952.75,6945.5,6952.75,21604
2026-01-06 09:45:00,6952.75,6962.5,6952.5,6960.5,27578
2026-01-06 09:50:00,6960.5,6967.0,6959.5,6965.5,26399
2026-01-06 09:55:00,6965.5,6970.0,6964.5,6969.0,19603
2026-01-06 10:00:00,6969.25,6972.25,6968.25,6969.75,23501
2026-01-06 10:05:00,6969.75,6974.5,6969.25,6970.5,18160
2026-01-06 10:10:00,6970.5,6975.0,6969.5,6974.75,17028
2026-01-06 10:15:00,6974.75,6975.5,6971.0,6973.75,15517
2026-01-06 10:20:00,6973.75,6975.0,6969.5,6974.0,14212
2026-01-06 10:25:00,6974.0,6977.25,6973.75,6973.75,10522
2026-01-06 10:30:00,6973.0,6973.5,6970.0,6970.5,12343
2026-01-06 10:35:00,6970.0,6970.0,6966.75,6967.0,22630
2026-01-06 10:40:00,6967.0,6968.25,6965.0,6966.5,13874
2026-01-06 10:45:00,6965.25,6967.75,6964.75,6966.5,18484
2026-01-06 10:50:00,6966.5,6967.75,6957.75,6957.75,21256
2026-01-06 10:55:00,6957.75,6959.5,6955.5,6959.0,24103
2026-01-06 11:00:00,6958.75,6958.75,6955.0,6955.0,12915
2026-01-06 11:05:00,6954.25,6956.75,6951.5,6952.0,17635
2026-01-06 11:10:00,6956.75,6957.75,6956.25,6956.5,18747
2026-01-06 11:15:00,6956.75,6958.75,6956.5,6958.0,11515
2026-01-06 11:20:00,6958.0,6962.75,6955.75,6962.5,8736
2026-01-06 11:25:00,6958.25,6959.0,6957.25,6958.25,14138
2026-01-06 11:30:00,6958.0,6960.25,6957.75,6959.75,5931
2026-01-06 11:35:00,6960.25,6960.25,6956.25,6958.75,15048
2026-01-06 11:40:00,6954.5,6956.0,6953.75,6955.0,17791
2026-01-06 11:45:00,6955.0,6961.5,6955.0,6961.25,8124
2026-01-06 11:50:00,6961.0,6962.0,6960.75,6961.25,2155
2026-01-06 11:55:00,6957.75,6962.25,6957.5,6962.0,16300
2026-01-06 12:00:00,6961.75,6962.25,6959.0,6960.25,4628
2026-01-06 12:05:00,6965.5,6966.5,6964.25,6965.5,12077
2026-01-06 12:10:00,6966.25,6967.5,6966.0,6966.25,8331
2026-01-06 12:15:00,6966.25,6968.75,6966.0,6968.5,4762
2026-01-06 12:20:00,6970.5,6971.5,6970.0,6971.5,7284
2026-01-06 12:25:00,6973.0,6973.5,6971.0,6971.75,16353
2026-01-06 12:30:00,6971.75,6975.0,6971.75,6974.75,8571
2026-01-06 12:35:00,6975.25,6977.0,6975.0,6977.0,8037
2026-01-06 12:40:00,6975.75,6976.5,6974.25,6976.0,12699
2026-01-06 12:45:00,6976.5,6977.0,6974.75,6976.0,9440
2026-01-06 12:50:00,6976.0,6977.5,6975.75,6977.5,3829
2026-01-06 12:55:00,6976.5,6978.0,6976.5,6977.75,7752
2026-01-06 13:00:00,6977.75,6978.0,6975.75,6975.75,8992
2026-01-06 13:05:00,6976.0,6976.5,6973.75,6976.25,6284
2026-01-06 13:10:00,6976.0,6977.0,6975.75,6976.75,3366
2026-01-06 13:15:00,6978.75,6980.0,6978.5,6979.5,8610
2026-01-06 13:20:00,6979.25,6979.5,6977.25,6978.75,8723
2026-01-06 13:25:00,6978.5,6979.0,6976.25,6977.0,4828
2026-01-06 13:30:00,6977.0,6978.5,6974.5,6975.75,7807
2026-01-06 13:35:00,6975.75,6978.5,6975.75,6977.75,4318
2026-01-06 13:40:00,6979.0,6979.75,6978.75,6979.75,4368
2026-01-06 13:45:00,6982.75,6985.0,6982.25,6984.0,17831
2026-01-06 13:50:00,6984.0,6984.5,6983.25,6984.25,5717
2026-01-06 13:55:00,6984.75,6985.0,6984.0,6984.75,5887
2026-01-06 14:00:00,6986.5,6987.0,6985.25,6985.25,7016
2026-01-06 14:05:00,6986.0,6986.5,6985.0,6986.0,8035
2026-01-06 14:10:00,6986.25,6989.5,6986.0,6989.0,8068
2026-01-06 14:15:00,6989.0,6989.25,6987.5,6988.25,5456
2026-01-06 14:20:00,6988.0,6989.75,6987.75,6989.25,5896
2026-01-06 14:25:00,6988.25,6988.75,6987.5,6987.75,6439
2026-01-06 14:30:00,6987.5,6988.5,6987.25,6988.5,5682
2026-01-06 14:35:00,6988.5,6988.5,6987.0,6988.0,4777
2026-01-06 14:40:00,6989.0,6990.0,6988.75,6989.25,4803
2026-01-06 14:45:00,6989.0,6989.5,6988.0,6988.25,6711
2026-01-06 14:50:00,6988.5,6988.5,6986.25,6986.5,7025
2026-01-06 14:55:00,6986.75,6987.5,6986.25,6987.25,4290
2026-01-06 15:00:00,6988.5,6990.0,6988.5,6989.75,6618
2026-01-06 15:05:00,6989.5,6990.0,6987.75,6988.25,8595
2026-01-06 15:10:00,6988.25,6989.5,6987.25,6989.5,3893
2026-01-06 15:15:00,6988.5,6990.5,6988.0,6988.5,6907
2026-01-06 15:20:00,6988.25,6988.75,6987.75,6988.0,4431
2026-01-06 15:25:00,6987.75,6988.5,6987.5,6988.5,1277
2026-01-06 15:30:00,6988.25,6988.5,6987.5,6988.25,9293
2026-01-06 15:35:00,6989.5,6990.0,6989.5,6989.75,5020
2026-01-06 15:40:00,6990.0,6990.25,6988.5,6989.0,13857
2026-01-06 15:45:00,6988.75,6989.5,6988.25,6989.25,2739
2026-01-06 15:50:00,6990.5,6991.0,6988.25,6990.5,28585
2026-01-06 15:55:00,6990.5,6991.5,6988.0,6989.25,16577
2026-01-06 16:00:00,6987.5,6987.75,6987.0,6987.5,83389
2026-01-06 16:05:00,6987.5,6988.25,6987.25,6987.75,7098
2026-01-06 16:10:00,6987.5,6988.0,6987.0,6987.0,4136
2026-01-06 16:15:00,6987.0,6988.25,6987.0,6987.75,2003
2026-01-06 16:20:00,6987.75,6987.75,6986.75,6987.25,1798
2026-01-06 16:25:00,6987.25,6987.5,6987.0,6987.25,977
2026-01-06 16:30:00,6987.0,6987.5,6986.25,6987.5,1056
2026-01-06 16:35:00,6987.5,6988.25,6987.0,6987.75,1231
2026-01-06 16:40:00,6987.5,6988.75,6987.5,6988.25,868
2026-01-06 16:45:00,6988.25,6988.75,6988.0,6988.5,876
2026-01-06 16:50:00,6988.25,6989.0,6988.25,6988.75,1592
2026-01-06 16:55:00,6988.75,6989.0,6988.5,6988.5,2443
2026-01-06 18:00:00,6988.5,6991.5,6987.25,6990.5,0
2026-01-06 18:05:00,6990.25,6990.5,6988.5,6989.75,871
2026-01-06 18:10:00,6989.75,6990.25,6988.0,6988.75,516
2026-01-06 18:15:00,6988.5,6989.25,6988.25,6988.5,300
2026-01-06 18:20:00,6988.75,6988.75,6987.0,6988.25,455
2026-01-06 18:25:00,6988.0,6988.5,6987.25,6988.0,287
2026-01-06 18:30:00,6988.25,6988.25,6987.0,6987.25,364
2026-01-06 18:35:00,6987.25,6987.5,6986.75,6986.75,287
2026-01-06 18:40:00,6986.75,6987.25,6986.25,6986.75,208
2026-01-06 18:45:00,6986.75,6988.25,6986.75,6987.0,399
2026-01-06 18:50:00,6987.0,6988.5,6987.0,6988.0,397
2026-01-06 18:55:00,6988.25,6988.25,6986.75,6987.0,363
2026-01-06 19:00:00,6987.0,6990.0,6986.5,6989.5,901
2026-01-06 19:05:00,6989.75,6990.25,6988.5,6989.25,481
2026-01-06 19:10:00,6989.5,6989.75,6987.5,6988.75,387
2026-01-06 19:15:00,6988.5,6989.5,6988.0,6988.25,450
2026-01-06 19:20:00,6988.25,6989.25,6988.0,6988.5,278
2026-01-06 19:25:00,6988.5,6989.5,6988.25,6989.0,432
2026-01-06 19:30:00,6989.0,6989.0,6987.25,6988.25,864
2026-01-06 19:35:00,6988.25,6988.75,6987.5,6988.0,363
2026-01-06 19:40:00,6988.25,6988.25,6986.75,6987.5,387
2026-01-06 19:45:00,6987.5,6989.5,6987.5,6988.0,607
2026-01-06 19:50:00,6988.25,6990.25,6988.25,6989.75,467
2026-01-06 19:55:00,6989.75,6989.75,6988.5,6988.75,353
2026-01-06 20:00:00,6988.75,6989.5,6988.25,6988.5,567
2026-01-06 20:05:00,6988.5,6989.25,6988.25,6989.0,449
2026-01-06 20:10:00,6989.0,6989.5,6988.75,6989.0,322
2026-01-06 20:15:00,6988.75,6988.75,6986.75,6987.25,629
2026-01-06 20:20:00,6987.0,6987.5,6986.25,6986.75,662
2026-01-06 20:25:00,6986.75,6988.5,6986.5,6987.0,549
2026-01-06 20:30:00,6987.25,6988.5,6987.0,6988.0,525
2026-01-06 20:35:00,6988.25,6989.25,6988.0,6988.75,606
2026-01-06 20:40:00,6989.0,6989.25,6987.75,6987.75,589
2026-01-06 20:45:00,6987.75,6988.75,6987.5,6988.5,560
2026-01-06 20:50:00,6988.5,6989.0,6988.0,6988.0,609
2026-01-06 20:55:00,6988.0,6988.75,6987.5,6988.25,425
2026-01-06 21:00:00,6988.0,6989.5,6987.75,6989.25,472
2026-01-06 21:05:00,6989.25,6991.0,6988.5,6988.75,914
2026-01-06 21:10:00,6988.5,6989.25,6987.5,6988.0,401
2026-01-06 21:15:00,6988.25,6988.75,6988.0,6988.5,319
2026-01-06 21:20:00,6988.25,6989.0,6988.25,6988.25,307
2026-01-06 21:25:00,6988.25,6988.25,6987.25,6987.25,398
2026-01-06 21:30:00,6987.25,6987.5,6986.5,6987.25,459
2026-01-06 21:35:00,6987.25,6988.25,6987.0,6988.0,333
2026-01-06 21:40:00,6988.25,6988.75,6988.0,6988.25,302
2026-01-06 21:45:00,6988.25,6988.25,6987.5,6987.75,219
2026-01-06 21:50:00,6987.5,6987.5,6986.25,6987.0,333
2026-01-06 21:55:00,6987.0,6987.5,6986.75,6987.0,189
2026-01-06 22:00:00,6987.25,6988.25,6987.25,6987.75,266
2026-01-06 22:05:00,6988.0,6988.5,6987.75,6987.75,300
2026-01-06 22:10:00,6987.75,6988.0,6987.5,6987.75,200
2026-01-06 22:15:00,6988.0,6989.25,6987.75,6988.5,532
2026-01-06 22:20:00,6988.5,6989.0,6987.75,6988.75,304
2026-01-06 22:25:00,6988.75,6989.0,6988.25,6988.25,160
2026-01-06 22:30:00,6988.25,6988.5,6987.25,6987.5,201
2026-01-06 22:35:00,6987.5,6987.75,6987.0,6987.25,197
2026-01-06 22:40:00,6987.0,6987.75,6987.0,6987.75,160
2026-01-06 22:45:00,6987.75,6988.5,6987.5,6987.75,243
2026-01-06 22:50:00,6987.75,6988.5,6987.75,6987.75,174
2026-01-06 22:55:00,6988.0,6988.0,6986.0,6986.25,639
2026-01-06 23:00:00,6986.5,6986.75,6985.5,6985.75,632
2026-01-06 23:05:00,6985.75,6986.0,6984.0,6984.75,745
2026-01-06 23:10:00,6984.75,6985.75,6984.5,6985.75,517
2026-01-06 23:15:00,6985.75,6986.0,6985.0,6985.25,458
2026-01-06 23:20:00,6985.5,6985.5,6984.5,6984.5,267
2026-01-06 23:25:00,6984.75,6985.25,6984.0,6984.25,359
2026-01-06 23:30:00,6984.25,6985.25,6984.0,6985.0,417
2026-01-06 23:35:00,6985.25,6985.75,6985.25,6985.5,222
2026-01-06 23:40:00,6985.5,6986.0,6985.0,6986.0,258
2026-01-06 23:45:00,6986.0,6986.25,6985.5,6985.5,267
2026-01-06 23:50:00,6985.5,6985.75,6985.25,6985.25,148
2026-01-06 23:55:00,6985.25,6986.0,6984.5,6984.75,199
2026-01-07 00:05:00,6984.25,6984.5,6984.25,6984.5,903
2026-01-07 00:10:00,6984.5,6985.5,6984.5,6985.25,226
2026-01-07 00:15:00,6985.25,6985.75,6984.75,6984.75,193
2026-01-07 00:20:00,6984.75,6985.75,6984.5,6985.5,169
2026-01-07 00:25:00,6985.5,6986.0,6985.25,6985.75,235
2026-01-07 00:30:00,6985.75,6986.0,6985.25,6985.75,152
2026-01-07 00:35:00,6985.75,6986.75,6985.75,6986.5,239
2026-01-07 00:40:00,6986.5,6986.5,6984.75,6985.0,983
2026-01-07 00:45:00,6984.75,6985.0,6984.0,6984.0,421
2026-01-07 00:50:00,6984.0,6984.25,6983.5,6984.0,311
2026-01-07 00:55:00,6984.0,6984.5,6983.5,6984.25,142
2026-01-07 01:00:00,6984.25,6985.0,6984.0,6985.0,273
2026-01-07 01:05:00,6985.0,6985.75,6984.75,6985.75,281
2026-01-07 01:10:00,6986.0,6987.0,6986.0,6986.75,284
2026-01-07 01:15:00,6986.75,6987.25,6985.75,6986.25,336
2026-01-07 01:20:00,6986.25,6986.75,6985.75,6985.75,260
2026-01-07 01:25:00,6985.75,6986.0,6984.25,6984.5,335
2026-01-07 01:30:00,6984.5,6986.0,6984.5,6984.5,304
2026-01-07 01:35:00,6984.5,6984.5,6982.75,6982.75,348
2026-01-07 01:40:00,6982.75,6983.25,6982.0,6982.0,406
2026-01-07 01:45:00,6982.25,6982.5,6981.75,6982.25,374
2026-01-07 01:50:00,6982.5,6983.0,6981.5,6982.75,571
2026-01-07 01:55:00,6982.75,6982.75,6981.0,6981.5,722
2026-01-07 02:00:00,6981.25,6983.0,6980.75,6982.25,543
2026-01-07 02:05:00,6982.5,6983.25,6981.75,6982.5,260
2026-01-07 02:10:00,6982.5,6982.75,6982.0,6982.25,365
2026-01-07 02:15:00,6982.25,6983.25,6982.0,6982.5,230
2026-01-07 02:20:00,6982.75,6983.25,6982.25,6983.0,186
2026-01-07 02:25:00,6983.0,6983.5,6982.25,6982.75,325
2026-01-07 02:30:00,6982.75,6983.0,6982.0,6982.75,323
2026-01-07 02:35:00,6982.5,6982.5,6981.75,6982.25,205
2026-01-07 02:40:00,6982.25,6982.5,6981.25,6981.25,167
2026-01-07 02:45:00,6981.25,6983.0,6981.25,6982.0,232
2026-01-07 02:50:00,6982.0,6982.0,6980.75,6980.75,559
2026-01-07 02:55:00,6981.0,6981.75,6980.5,6980.75,415
2026-01-07 03:00:00,6980.75,6981.25,6980.25,6981.0,1000
2026-01-07 03:05:00,6981.0,6982.25,6980.25,6982.25,874
2026-01-07 03:10:00,6982.25,6982.75,6981.75,6982.25,642
2026-01-07 03:15:00,6982.25,6983.75,6982.0,6983.5,479
2026-01-07 03:20:00,6983.5,6984.75,6983.25,6983.75,688
2026-01-07 03:25:00,6983.25,6983.5,6981.5,6981.75,620
2026-01-07 03:30:00,6982.0,6983.0,6981.5,6981.75,582
2026-01-07 03:35:00,6982.0,6982.5,6981.0,6981.0,844
2026-01-07 03:40:00,6981.0,6981.5,6980.25,6980.75,634
2026-01-07 03:45:00,6980.75,6981.5,6980.0,6980.0,471
2026-01-07 03:50:00,6980.0,6980.75,6979.0,6980.5,1172
2026-01-07 03:55:00,6980.5,6980.75,6978.75,6979.25,626
2026-01-07 04:00:00,6979.0,6979.75,6977.5,6979.25,1321
2026-01-07 04:05:00,6979.0,6979.25,6977.0,6978.0,1003
2026-01-07 04:10:00,6978.25,6979.0,6977.5,6978.25,654
2026-01-07 04:15:00,6978.25,6978.75,6976.5,6976.75,825
2026-01-07 04:20:00,6976.75,6977.25,6975.75,6977.0,632
2026-01-07 04:25:00,6977.0,6978.5,6976.5,6978.25,851
2026-01-07 04:30:00,6978.0,6979.75,6978.0,6979.5,876
2026-01-07 04:35:00,6979.5,6979.75,6977.5,6977.75,686
2026-01-07 04:40:00,6977.75,6979.0,6977.0,6978.75,653
2026-01-07 04:45:00,6978.75,6979.75,6978.5,6978.5,686
2026-01-07 04:50:00,6978.75,6978.75,6978.0,6978.25,329
2026-01-07 04:55:00,6978.25,6979.0,6978.25,6978.75,169
2026-01-07 05:00:00,6978.75,6979.25,6977.25,6979.25,658
2026-01-07 05:05:00,6979.25,6980.5,6979.25,6979.75,753
2026-01-07 05:10:00,6979.75,6981.25,6979.75,6980.75,502
2026-01-07 05:15:00,6980.75,6980.75,6978.75,6978.75,492
2026-01-07 05:20:00,6978.75,6979.0,6977.5,6978.5,546
2026-01-07 05:25:00,6978.5,6978.5,6975.75,6976.0,714
2026-01-07 05:30:00,6976.0,6976.5,6975.25,6976.0,524
2026-01-07 05:35:00,6976.0,6977.75,6976.0,6977.25,597
2026-01-07 05:40:00,6977.5,6977.75,6976.75,6977.0,415
2026-01-07 05:45:00,6977.25,6977.25,6976.0,6976.75,505
2026-01-07 05:50:00,6976.75,6978.0,6976.25,6977.0,642
2026-01-07 05:55:00,6977.0,6978.5,6976.75,6978.5,834
2026-01-07 06:00:00,6978.5,6978.75,6977.5,6978.0,532
2026-01-07 06:05:00,6978.25,6978.25,6977.25,6977.75,396
2026-01-07 06:10:00,6977.75,6980.25,6977.25,6979.5,1027
2026-01-07 06:15:00,6979.5,6980.25,6979.25,6980.0,452
2026-01-07 06:20:00,6980.0,6980.0,6979.25,6979.25,581
2026-01-07 06:25:00,6979.25,6979.5,6978.25,6978.75,317
2026-01-07 06:30:00,6979.0,6981.0,6978.25,6980.25,1163
2026-01-07 06:35:00,6980.5,6982.0,6980.0,6980.75,884
2026-01-07 06:40:00,6981.0,6981.75,6980.75,6981.0,389
2026-01-07 06:45:00,6981.0,6981.5,6980.25,6980.75,417
2026-01-07 06:50:00,6980.75,6981.75,6980.5,6981.75,367
2026-01-07 06:55:00,6981.75,6982.5,6981.5,6982.25,583
2026-01-07 07:00:00,6982.25,6983.0,6981.75,6982.75,887
2026-01-07 07:05:00,6982.5,6983.25,6982.0,6982.75,910
2026-01-07 07:10:00,6982.75,6984.0,6982.5,6982.75,999
2026-01-07 07:15:00,6982.5,6984.0,6982.5,6984.0,700
2026-01-07 07:20:00,6983.75,6984.5,6983.25,6984.25,644
2026-01-07 07:25:00,6984.25,6984.75,6983.25,6983.75,905
2026-01-07 07:30:00,6983.5,6983.5,6980.0,6980.75,1516
2026-01-07 07:35:00,6980.75,6981.5,6980.0,6981.25,817
2026-01-07 07:40:00,6981.25,6983.5,6980.75,6983.0,935
2026-01-07 07:45:00,6983.0,6985.0,6982.75,6984.75,805
2026-01-07 07:50:00,6984.75,6984.75,6983.25,6983.5,588
2026-01-07 07:55:00,6983.25,6984.25,6982.25,6983.75,652
2026-01-07 08:00:00,6983.5,6983.5,6981.5,6982.75,1255
2026-01-07 08:05:00,6982.75,6983.75,6981.0,6981.5,912
2026-01-07 08:10:00,6981.25,6983.0,6980.5,6982.5,1050
2026-01-07 08:15:00,6982.5,6985.0,6982.5,6983.75,1346
2026-01-07 08:20:00,6984.0,6986.25,6983.5,6984.5,2243
2026-01-07 08:25:00,6984.5,6986.5,6984.25,6986.25,1626
2026-01-07 08:30:00,6986.5,6989.25,6986.0,6986.25,2872
2026-01-07 08:35:00,6986.0,6989.0,6985.0,6988.5,2339
2026-01-07 08:40:00,6988.25,6990.0,6987.75,6989.25,2047
2026-01-07 08:45:00,6989.0,6989.75,6987.25,6989.0,1603
2026-01-07 08:50:00,6988.75,6990.0,6986.75,6989.25,1836
2026-01-07 08:55:00,6989.5,6989.75,6989.0,6989.5,1264
2026-01-07 09:00:00,6989.25,6989.5,6986.5,6987.0,2013
2026-01-07 09:05:00,6986.75,6987.0,6985.0,6986.5,2403
2026-01-07 09:10:00,6986.5,6987.0,6986.0,6986.0,1311
2026-01-07 09:15:00,6986.0,6988.0,6985.75,6987.25,2430
2026-01-07 09:20:00,6987.25,6987.5,6985.25,6986.75,1973
2026-01-07 09:25:00,6986.75,6989.25,6986.5,6989.25,6147
2026-01-07 09:30:00,6989.0,6991.5,6984.25,6986.0,30155
2026-01-07 09:35:00,6986.0,6991.5,6986.0,6991.25,19405
2026-01-07 09:40:00,6991.5,6995.25,6989.75,6994.75,21242
2026-01-07 09:45:00,6994.75,6998.25,6993.5,6994.25,20137
2026-01-07 09:50:00,6994.25,6995.75,6991.0,6992.75,14835
2026-01-07 09:55:00,6993.0,6995.5,6992.0,6992.5,9355
2026-01-07 10:00:00,6993.0,6994.5,6983.0,6986.0,25899
2026-01-07 10:05:00,6986.25,6990.0,6984.5,6986.75,17782
2026-01-07 10:10:00,6986.75,6987.25,6982.25,6983.0,14262
2026-01-07 10:15:00,6983.0,6983.25,6978.0,6979.25,19026
2026-01-07 10:20:00,6979.5,6983.75,6978.0,6982.5,14688
2026-01-07 10:25:00,6982.75,6986.25,6979.5,6983.5,13322
2026-01-07 10:30:00,6983.75,6988.5,6981.0,6988.0,17407
2026-01-07 10:35:00,6988.0,6992.0,6976.25,6984.75,40246
2026-01-07 10:40:00,6985.0,6989.25,6982.0,6984.0,22717
2026-01-07 10:45:00,6984.25,6991.25,6983.5,6990.75,14894
2026-01-07 10:50:00,6991.0,6992.0,6989.5,6991.25,11852
2026-01-07 10:55:00,6991.25,6991.25,6990.25,6991.0,858
2026-01-07 11:00:00,6994.0,6994.25,6993.75,6994.0,19709
2026-01-07 11:05:00,6994.25,6994.5,6992.25,6993.25,6722
2026-01-07 11:10:00,6993.25,6993.5,6991.0,6993.0,6649
2026-01-07 11:15:00,6993.0,6994.0,6992.25,6993.0,5883
2026-01-07 11:20:00,6993.25,6993.25,6990.0,6990.75,8960
2026-01-07 11:25:00,6990.75,6991.0,6986.0,6989.5,12665
2026-01-07 11:30:00,6989.25,6992.25,6988.5,6990.25,12914
2026-01-07 11:35:00,6990.5,6991.75,6989.5,6991.0,8167
2026-01-07 11:40:00,6991.0,6999.5,6991.0,6999.0,15339
2026-01-07 11:45:00,6999.0,7001.25,6998.0,6998.75,15272
2026-01-07 11:50:00,6998.75,7000.0,6997.25,7000.0,9228
2026-01-07 11:55:00,7000.0,7002.5,7000.0,7002.25,10901
2026-01-07 12:00:00,7002.25,7004.0,7001.5,7003.75,10084
2026-01-07 12:05:00,7003.75,7006.75,7003.5,7005.5,12148
2026-01-07 12:10:00,7005.5,7005.75,7003.0,7004.0,7360
2026-01-07 12:15:00,7004.25,7005.0,7002.5,7004.75,6829
2026-01-07 12:20:00,7004.75,7006.5,7004.5,7006.25,5093
2026-01-07 12:25:00,7006.25,7006.25,7003.0,7003.75,7083
2026-01-07 12:30:00,7003.75,7004.25,7001.0,7002.25,7763
2026-01-07 12:35:00,7002.0,7003.0,7000.25,7002.75,5355
2026-01-07 12:40:00,7002.75,7005.0,7001.25,7004.75,6523
2026-01-07 12:45:00,7004.5,7005.0,7000.5,7000.75,7331
2026-01-07 12:50:00,7000.75,7000.75,6994.75,6997.75,18223
2026-01-07 12:55:00,6997.75,6999.25,6996.0,6997.0,9458
2026-01-07 13:00:00,6996.75,6997.0,6994.5,6995.5,9223
2026-01-07 13:05:00,6995.5,6996.75,6995.0,6995.5,5849
2026-01-07 13:10:00,6995.5,6995.75,6992.75,6994.5,8785
2026-01-07 13:15:00,6994.5,6994.75,6989.25,6991.0,13562
2026-01-07 13:20:00,6991.0,6991.5,6988.5,6990.75,7940
2026-01-07 13:25:00,6990.5,6991.0,6987.25,6988.25,8921
2026-01-07 13:30:00,6988.0,6993.0,6988.0,6992.5,10507
2026-01-07 13:35:00,6992.75,6992.75,6990.75,6992.0,7784
2026-01-07 13:40:00,6992.0,6995.5,6992.0,6994.0,8710
2026-01-07 13:45:00,6994.0,6996.5,6992.75,6996.5,7060
2026-01-07 13:50:00,6996.5,6998.5,6996.0,6997.0,7328
2026-01-07 13:55:00,6997.0,6997.5,6993.0,6995.0,8284
2026-01-07 14:00:00,6995.25,6995.75,6992.75,6995.5,7327
2026-01-07 14:05:00,6995.75,6995.75,6989.5,6990.5,8745
2026-01-07 14:10:00,6990.25,6990.75,6984.0,6986.5,21553
2026-01-07 14:15:00,6986.5,6987.25,6981.25,6986.5,16848
2026-01-07 14:20:00,6986.25,6986.75,6983.0,6983.5,7494
2026-01-07 14:25:00,6983.75,6984.25,6981.75,6983.5,6775
2026-01-07 14:30:00,6983.5,6987.5,6982.5,6987.0,9596
2026-01-07 14:35:00,6987.0,6988.5,6986.25,6987.25,6989
2026-01-07 14:40:00,6987.25,6987.5,6983.75,6986.25,5631
2026-01-07 14:45:00,6986.5,6987.0,6985.0,6986.0,5228
2026-01-07 14:50:00,6986.0,6986.75,6984.0,6986.5,5237
2026-01-07 14:55:00,6986.25,6986.25,6984.0,6984.25,6072
2026-01-07 15:00:00,6984.25,6985.0,6982.25,6984.0,8224
2026-01-07 15:05:00,6984.0,6984.25,6980.5,6981.0,9800
2026-01-07 15:10:00,6981.0,6981.25,6973.5,6974.5,20528
2026-01-07 15:15:00,6974.5,6977.75,6971.5,6977.25,17204
2026-01-07 15:20:00,6977.25,6978.0,6972.25,6972.5,11974
2026-01-07 15:25:00,6972.5,6973.5,6967.75,6970.0,17802
2026-01-07 15:30:00,6970.25,6970.25,6963.75,6964.0,20170
2026-01-07 15:35:00,6964.25,6964.25,6960.0,6960.75,19789
2026-01-07 15:40:00,6960.75,6964.75,6959.25,6962.75,16048
2026-01-07 15:45:00,6962.75,6964.5,6961.0,6962.75,12692
2026-01-07 15:50:00,6963.0,6966.25,6962.75,6964.75,17828
2026-01-07 15:55:00,6965.0,6965.0,6960.0,6962.75,69672
2026-01-07 16:00:00,6963.0,6963.25,6960.25,6960.25,21883
2026-01-07 16:05:00,6960.25,6960.5,6959.5,6959.75,4518
2026-01-07 16:10:00,6959.75,6960.25,6959.0,6960.0,4849
2026-01-07 16:15:00,6959.75,6961.75,6958.0,6961.5,3604
2026-01-07 16:20:00,6961.25,6961.75,6960.75,6961.25,1754
2026-01-07 16:25:00,6961.0,6961.5,6960.25,6961.25,1066
2026-01-07 16:30:00,6961.25,6962.5,6960.75,6962.25,1247
2026-01-07 16:35:00,6962.25,6963.25,6961.75,6963.0,1626
2026-01-07 16:40:00,6963.0,6963.75,6962.75,6963.25,1506
2026-01-07 16:45:00,6963.25,6964.75,6963.25,6964.5,2467
2026-01-07 16:50:00,6964.25,6966.25,6964.25,6966.25,1650
2026-01-07 16:55:00,6966.0,6967.25,6965.75,6967.0,2597
2026-01-07 18:00:00,6967.5,6969.5,6966.0,6967.25,0
2026-01-07 18:05:00,6967.0,6968.75,6965.5,6965.75,1194
2026-01-07 18:10:00,6965.5,6966.5,6964.75,6965.0,521
2026-01-07 18:15:00,6965.0,6967.0,6964.25,6964.75,844
2026-01-07 18:20:00,6964.75,6966.5,6964.5,6965.0,407
2026-01-07 18:25:00,6965.25,6965.5,6964.25,6965.25,355
2026-01-07 18:30:00,6965.5,6965.75,6964.75,6965.5,298
2026-01-07 18:35:00,6965.25,6966.0,6964.75,6966.0,287
2026-01-07 18:40:00,6966.0,6966.5,6965.5,6966.0,341
2026-01-07 18:45:00,6965.75,6966.25,6964.75,6965.5,341
2026-01-07 18:50:00,6965.5,6965.5,6964.0,6964.75,572
2026-01-07 18:55:00,6964.75,6964.75,6963.75,6964.5,267
2026-01-07 19:00:00,6964.5,6965.75,6964.25,6965.0,619
2026-01-07 19:05:00,6965.0,6965.5,6964.5,6964.75,246
2026-01-07 19:10:00,6964.75,6965.25,6963.5,6965.0,313
2026-01-07 19:15:00,6965.25,6965.75,6964.75,6965.0,405
2026-01-07 19:20:00,6965.0,6965.5,6964.0,6964.25,270
2026-01-07 19:25:00,6964.25,6964.5,6962.25,6963.0,559
2026-01-07 19:30:00,6963.0,6964.5,6962.75,6964.25,605
2026-01-07 19:35:00,6964.5,6967.25,6964.25,6966.5,671
2026-01-07 19:40:00,6966.25,6967.25,6965.75,6967.0,318
2026-01-07 19:45:00,6967.0,6968.75,6966.75,6968.0,576
2026-01-07 19:50:00,6968.25,6968.25,6967.25,6967.75,275
2026-01-07 19:55:00,6967.5,6968.75,6967.25,6968.5,254
2026-01-07 20:00:00,6968.5,6968.75,6965.75,6966.25,548
2026-01-07 20:05:00,6966.0,6966.0,6964.0,6965.0,887
2026-01-07 20:10:00,6965.0,6965.25,6963.75,6964.25,442
2026-01-07 20:15:00,6964.5,6965.25,6964.25,6965.0,406
2026-01-07 20:20:00,6965.0,6966.75,6965.0,6966.5,422
2026-01-07 20:25:00,6966.75,6967.5,6966.5,6967.25,719
2026-01-07 20:30:00,6967.5,6967.5,6964.25,6964.75,755
2026-01-07 20:35:00,6965.0,6966.25,6964.75,6966.0,511
2026-01-07 20:40:00,6966.25,6967.5,6965.75,6966.75,343
2026-01-07 20:45:00,6967.0,6968.0,6966.25,6967.75,441
2026-01-07 20:50:00,6967.75,6968.25,6966.75,6967.0,733
2026-01-07 20:55:00,6967.25,6968.25,6967.25,6967.75,468
2026-01-07 21:00:00,6968.0,6968.75,6966.25,6967.75,966
2026-01-07 21:05:00,6967.75,6968.75,6967.5,6968.0,637
2026-01-07 21:10:00,6968.25,6968.5,6965.75,6965.75,725
2026-01-07 21:15:00,6965.75,6966.75,6965.25,6965.5,343
2026-01-07 21:20:00,6965.25,6965.5,6963.5,6964.0,585
2026-01-07 21:25:00,6964.25,6965.0,6964.0,6964.5,293
2026-01-07 21:30:00,6964.5,6964.75,6963.0,6963.0,439
2026-01-07 21:35:00,6963.0,6963.75,6961.0,6961.25,954
2026-01-07 21:40:00,6961.25,6961.5,6959.75,6960.25,916
2026-01-07 21:45:00,6960.5,6960.75,6955.0,6957.75,1815
2026-01-07 21:50:00,6958.0,6959.0,6957.0,6957.25,579
2026-01-07 21:55:00,6957.5,6958.25,6956.75,6957.75,396
2026-01-07 22:00:00,6957.5,6958.0,6956.25,6956.75,701
2026-01-07 22:05:00,6957.0,6957.5,6956.0,6957.25,490
2026-01-07 22:10:00,6957.25,6958.25,6956.75,6957.25,373
2026-01-07 22:15:00,6957.25,6958.25,6956.5,6956.75,577
2026-01-07 22:20:00,6957.0,6957.0,6955.75,6956.0,583
2026-01-07 22:25:00,6956.25,6956.75,6954.75,6956.25,1015
2026-01-07 22:30:00,6956.25,6957.75,6955.75,6956.25,869
2026-01-07 22:35:00,6956.25,6956.25,6954.75,6955.0,561
2026-01-07 22:40:00,6955.0,6955.5,6954.25,6954.5,504
2026-01-07 22:45:00,6954.5,6955.25,6953.75,6954.75,607
2026-01-07 22:50:00,6954.5,6955.25,6954.25,6955.0,354
2026-01-07 22:55:00,6955.25,6955.75,6954.25,6954.75,350
2026-01-07 23:00:00,6954.75,6955.5,6954.0,6954.5,325
2026-01-07 23:05:00,6954.75,6955.25,6954.25,6954.5,283
2026-01-07 23:10:00,6954.5,6955.5,6954.5,6955.25,258
2026-01-07 23:15:00,6955.0,6955.75,6953.5,6954.0,594
2026-01-07 23:20:00,6954.25,6955.5,6953.25,6955.5,395
2026-01-07 23:25:00,6955.5,6957.0,6955.25,6955.25,340
2026-01-07 23:30:00,6955.25,6955.5,6954.75,6954.75,183
2026-01-07 23:35:00,6955.0,6955.25,6953.75,6955.0,208
2026-01-07 23:40:00,6955.0,6955.0,6953.75,6954.25,193
2026-01-07 23:45:00,6954.0,6955.25,6954.0,6954.5,115
2026-01-07 23:50:00,6954.5,6955.0,6954.0,6954.25,158
2026-01-07 23:55:00,6954.25,6954.75,6954.0,6954.75,167
2026-01-08 00:05:00,6954.0,6954.25,6954.0,6954.25,658
2026-01-08 00:10:00,6954.5,6954.5,6950.75,6951.0,1059
2026-01-08 00:15:00,6951.25,6952.25,6951.0,6951.75,497
2026-01-08 00:20:00,6951.75,6953.0,6951.5,6952.75,456
2026-01-08 00:25:00,6952.75,6952.75,6951.75,6952.0,227
2026-01-08 00:30:00,6951.75,6951.75,6948.5,6948.5,982
2026-01-08 00:35:00,6948.5,6950.25,6948.5,6949.25,476
2026-01-08 00:40:00,6949.5,6949.5,6947.5,6947.75,551
2026-01-08 00:45:00,6948.0,6948.75,6947.5,6948.5,301
2026-01-08 00:50:00,6948.25,6948.25,6946.75,6947.25,443
2026-01-08 00:55:00,6947.25,6947.75,6946.0,6946.0,522
2026-01-08 01:00:00,6946.25,6946.75,6940.75,6940.75,2019
2026-01-08 01:05:00,6940.75,6941.0,6938.5,6940.5,1974
2026-01-08 01:10:00,6940.5,6940.75,6938.0,6939.25,1012
2026-01-08 01:15:00,6939.25,6939.25,6936.75,6937.25,1139
2026-01-08 01:20:00,6937.0,6939.25,6935.5,6936.75,1314
2026-01-08 01:25:00,6936.75,6937.25,6935.25,6935.5,853
2026-01-08 01:30:00,6935.75,6939.25,6935.5,6937.25,1628
2026-01-08 01:35:00,6937.0,6939.5,6936.25,6939.0,868
2026-01-08 01:40:00,6939.0,6940.25,6938.25,6940.0,629
2026-01-08 01:45:00,6940.25,6941.5,6939.5,6941.25,634
2026-01-08 01:50:00,6941.25,6941.5,6939.75,6941.25,568
2026-01-08 01:55:00,6941.5,6942.25,6941.25,6941.5,570
2026-01-08 02:00:00,6941.75,6942.0,6936.5,6939.5,1709
2026-01-08 02:05:00,6939.75,6941.5,6939.0,6941.5,767
2026-01-08 02:10:00,6941.75,6943.0,6941.25,6942.5,708
2026-01-08 02:15:00,6942.75,6943.5,6942.5,6943.5,466
2026-01-08 02:20:00,6943.25,6957.75,6941.5,6955.0,6568
2026-01-08 02:25:00,6955.0,6956.5,6948.75,6949.5,1717
2026-01-08 02:30:00,6949.25,6951.75,6946.75,6951.5,1148
2026-01-08 02:35:00,6951.5,6953.75,6951.0,6952.5,967
2026-01-08 02:40:00,6952.25,6952.5,6950.25,6952.25,603
2026-01-08 02:45:00,6952.25,6952.25,6949.0,6950.75,702
2026-01-08 02:50:00,6950.5,6951.0,6949.25,6949.75,303
2026-01-08 02:55:00,6949.5,6949.75,6947.5,6948.0,511
2026-01-08 03:00:00,6948.0,6951.5,6947.75,6950.25,1466
2026-01-08 03:05:00,6950.5,6952.25,6950.0,6952.25,834
2026-01-08 03:10:00,6952.0,6954.0,6951.5,6953.5,921
2026-01-08 03:15:00,6953.5,6954.25,6952.25,6953.75,761
2026-01-08 03:20:00,6953.75,6953.75,6952.0,6953.0,715
2026-01-08 03:25:00,6953.0,6954.5,6952.75,6954.25,885
2026-01-08 03:30:00,6954.25,6956.25,6951.75,6956.25,1162
2026-01-08 03:35:00,6956.25,6957.0,6954.75,6955.25,1655
2026-01-08 03:40:00,6955.5,6956.5,6954.75,6955.5,799
2026-01-08 03:45:00,6955.75,6955.75,6953.25,6953.25,1442
2026-01-08 03:50:00,6953.0,6954.0,6952.25,6953.0,595
2026-01-08 03:55:00,6953.0,6953.5,6951.5,6951.75,630
2026-01-08 04:00:00,6952.0,6955.5,6951.25,6954.25,907
2026-01-08 04:05:00,6954.5,6954.5,6952.75,6953.0,633
2026-01-08 04:10:00,6953.25,6954.25,6952.75,6953.5,420
2026-01-08 04:15:00,6953.25,6953.5,6949.5,6950.5,921
2026-01-08 04:20:00,6950.5,6951.75,6948.75,6951.75,962
2026-01-08 04:25:00,6951.75,6952.0,6950.5,6950.75,408
2026-01-08 04:30:00,6951.0,6951.0,6950.0,6951.0,598
2026-01-08 04:35:00,6951.0,6951.25,6947.5,6947.75,1242
2026-01-08 04:40:00,6947.75,6948.75,6947.5,6948.0,365
2026-01-08 04:45:00,6948.0,6948.25,6946.5,6946.75,901
2026-01-08 04:50:00,6946.5,6948.0,6945.75,6947.75,705
2026-01-08 04:55:00,6947.75,6949.75,6947.75,6949.5,834
2026-01-08 05:00:00,6949.5,6949.75,6946.25,6947.5,679
2026-01-08 05:05:00,6947.75,6948.25,6946.25,6946.25,450
2026-01-08 05:10:00,6946.25,6946.5,6944.5,6945.75,883
2026-01-08 05:15:00,6945.75,6946.25,6945.0,6945.0,452
2026-01-08 05:20:00,6945.0,6946.0,6944.5,6946.0,979
2026-01-08 05:25:00,6946.0,6946.25,6944.75,6945.25,347
2026-01-08 05:30:00,6945.25,6948.25,6944.5,6948.25,880
2026-01-08 05:35:00,6948.25,6949.25,6946.75,6949.25,1334
2026-01-08 05:40:00,6949.0,6950.25,6948.5,6949.75,621
2026-01-08 05:45:00,6949.75,6950.25,6947.75,6948.25,705
2026-01-08 05:50:00,6948.25,6949.75,6947.75,6949.0,494
2026-01-08 05:55:00,6949.25,6950.5,6948.75,6950.25,706
2026-01-08 06:00:00,6950.25,6951.25,6949.75,6951.0,857
2026-01-08 06:05:00,6951.0,6952.5,6949.75,6950.0,1196
2026-01-08 06:10:00,6950.0,6951.75,6949.5,6950.75,481
2026-01-08 06:15:00,6951.0,6951.0,6949.25,6950.25,611
2026-01-08 06:20:00,6950.25,6951.0,6950.0,6951.0,258
2026-01-08 06:25:00,6951.25,6953.25,6951.25,6951.25,1074
2026-01-08 06:30:00,6951.25,6952.75,6943.75,6951.75,5365
2026-01-08 06:35:00,6952.0,6952.5,6949.5,6950.75,822
2026-01-08 06:40:00,6951.0,6952.75,6951.0,6951.0,648
2026-01-08 06:45:00,6951.0,6951.0,6949.75,6950.75,737
2026-01-08 06:50:00,6951.0,6952.5,6950.25,6951.25,708
2026-01-08 06:55:00,6951.25,6951.25,6948.25,6949.0,886
2026-01-08 07:00:00,6948.75,6950.0,6945.0,6945.75,2337
2026-01-08 07:05:00,6945.75,6947.25,6944.75,6946.25,1504
2026-01-08 07:10:00,6946.25,6948.25,6946.0,6947.75,874
2026-01-08 07:15:00,6947.75,6950.0,6947.5,6949.0,764
2026-01-08 07:20:00,6948.75,6951.25,6948.25,6951.0,903
2026-01-08 07:25:00,6951.25,6951.75,6950.25,6951.25,972
2026-01-08 07:30:00,6951.0,6951.0,6948.0,6948.5,1060
2026-01-08 07:35:00,6948.25,6948.5,6947.0,6947.5,690
2026-01-08 07:40:00,6947.5,6948.5,6946.5,6947.25,903
2026-01-08 07:45:00,6947.0,6949.0,6946.25,6949.0,652
2026-01-08 07:50:00,6948.75,6950.75,6948.75,6950.0,618
2026-01-08 07:55:00,6950.25,6951.0,6948.75,6949.25,728
2026-01-08 08:00:00,6949.0,6950.0,6947.5,6949.5,942
2026-01-08 08:05:00,6949.25,6951.5,6949.0,6950.5,972
2026-01-08 08:10:00,6950.5,6953.75,6950.25,6953.0,1916
2026-01-08 08:15:00,6953.0,6956.0,6951.0,6955.5,1967
2026-01-08 08:20:00,6955.25,6958.25,6955.25,6957.0,2753
2026-01-08 08:25:00,6956.75,6958.0,6955.5,6957.5,1438
2026-01-08 08:30:00,6957.25,6959.75,6953.5,6954.75,2666
2026-01-08 08:35:00,6954.5,6956.5,6953.25,6955.75,1480
2026-01-08 08:40:00,6955.75,6956.5,6954.5,6955.0,2314
2026-01-08 08:45:00,6955.0,6955.25,6953.25,6954.25,1498
2026-01-08 08:50:00,6954.25,6955.25,6953.75,6954.0,919
2026-01-08 08:55:00,6954.0,6956.75,6953.5,6956.5,1292
2026-01-08 09:00:00,6956.25,6958.25,6952.5,6955.75,3423
2026-01-08 09:05:00,6955.75,6956.75,6954.25,6956.0,1588
2026-01-08 09:10:00,6956.25,6957.75,6954.75,6955.25,1459
2026-01-08 09:15:00,6955.0,6956.0,6953.5,6953.75,1760
2026-01-08 09:20:00,6953.75,6954.25,6951.5,6951.75,2615
2026-01-08 09:25:00,6952.0,6954.75,6952.0,6953.5,5753
2026-01-08 09:30:00,6953.5,6958.75,6948.75,6949.75,37531
2026-01-08 09:35:00,6949.75,6958.5,6949.0,6949.75,26338
2026-01-08 09:40:00,6949.75,6953.5,6941.25,6943.5,32599
2026-01-08 09:45:00,6943.75,6955.75,6940.0,6952.0,29236
2026-01-08 09:50:00,6951.75,6957.25,6948.0,6953.75,28907
2026-01-08 09:55:00,6953.75,6955.25,6947.75,6948.25,24453
2026-01-08 10:00:00,6948.25,6952.25,6944.0,6951.25,24147
2026-01-08 10:05:00,6951.25,6964.25,6949.5,6963.75,29762
2026-01-08 10:10:00,6964.0,6964.0,6958.75,6962.5,20326
2026-01-08 10:15:00,6962.25,6966.0,6960.75,6963.5,19051
2026-01-08 10:20:00,6963.75,6965.5,6960.75,6963.0,15147
2026-01-08 10:25:00,6963.0,6965.0,6959.75,6962.25,16635
2026-01-08 10:30:00,6962.5,6964.5,6957.75,6960.25,17831
2026-01-08 10:35:00,6960.25,6961.5,6952.75,6960.25,21095
2026-01-08 10:40:00,6960.25,6965.5,6958.5,6963.0,17725
2026-01-08 10:45:00,6962.75,6965.25,6956.25,6957.5,16771
2026-01-08 10:50:00,6957.5,6959.25,6951.0,6951.5,15417
2026-01-08 10:55:00,6951.25,6964.75,6950.75,6964.5,18726
2026-01-08 11:00:00,6964.5,6965.75,6962.25,6965.25,19266
2026-01-08 11:05:00,6965.25,6965.25,6956.25,6957.25,14938
2026-01-08 11:10:00,6957.25,6960.5,6954.5,6955.25,16892
2026-01-08 11:15:00,6955.0,6958.5,6952.25,6957.25,15210
2026-01-08 11:20:00,6957.25,6961.75,6956.25,6957.75,12187
2026-01-08 11:25:00,6957.75,6961.0,6955.0,6957.25,11534
2026-01-08 11:30:00,6957.0,6961.25,6955.5,6957.75,12736
2026-01-08 11:35:00,6957.5,6960.0,6950.5,6958.5,15571
2026-01-08 11:40:00,6958.25,6963.25,6958.0,6962.0,13503
2026-01-08 11:45:00,6962.25,6967.25,6961.75,6964.5,13714
2026-01-08 11:50:00,6964.5,6965.25,6957.75,6959.25,11496
2026-01-08 11:55:00,6959.0,6966.0,6958.5,6965.5,11178
2026-01-08 12:00:00,6965.25,6966.0,6960.75,6962.25,9462
2026-01-08 12:05:00,6962.0,6964.5,6960.25,6961.25,7777
2026-01-08 12:10:00,6961.0,6962.25,6958.75,6961.25,9754
2026-01-08 12:15:00,6961.25,6966.0,6960.25,6966.0,6671
2026-01-08 12:20:00,6965.75,6966.5,6961.5,6961.75,7744
2026-01-08 12:25:00,6961.5,6961.5,6957.5,6959.5,8800
2026-01-08 12:30:00,6959.5,6966.25,6959.5,6965.25,8927
2026-01-08 12:35:00,6965.0,6966.75,6964.0,6965.5,5764
2026-01-08 12:40:00,6965.5,6968.25,6964.75,6966.75,8243
2026-01-08 12:45:00,6967.0,6968.75,6965.5,6968.25,6263
2026-01-08 12:50:00,6968.25,6972.5,6968.25,6970.75,12068
2026-01-08 12:55:00,6971.0,6971.5,6966.75,6967.25,9823
2026-01-08 13:00:00,6967.25,6968.25,6964.0,6965.0,11473
2026-01-08 13:05:00,6964.75,6964.75,6961.0,6962.75,10883
2026-01-08 13:10:00,6962.75,6963.25,6954.5,6955.5,14045
2026-01-08 13:15:00,6955.25,6962.75,6954.0,6962.5,11837
2026-01-08 13:20:00,6962.75,6963.75,6958.5,6960.5,8718
2026-01-08 13:25:00,6960.5,6962.5,6958.75,6961.25,5743
2026-01-08 13:30:00,6961.25,6962.0,6958.75,6959.5,10347
2026-01-08 13:35:00,6959.25,6962.0,6958.75,6959.25,4922
2026-01-08 13:40:00,6959.0,6961.5,6958.75,6960.75,4727
2026-01-08 13:45:00,6960.5,6964.5,6958.75,6962.75,6099
2026-01-08 13:50:00,6962.75,6963.25,6956.25,6956.5,7255
2026-01-08 13:55:00,6956.5,6957.75,6953.75,6955.0,8402
2026-01-08 14:00:00,6955.0,6959.75,6953.25,6958.0,11322
2026-01-08 14:05:00,6958.0,6959.75,6957.0,6957.0,6337
2026-01-08 14:10:00,6957.0,6957.5,6952.5,6953.25,9205
2026-01-08 14:15:00,6953.0,6956.5,6949.25,6956.25,14801
2026-01-08 14:20:00,6956.25,6960.0,6955.0,6955.75,8303
2026-01-08 14:25:00,6956.0,6956.25,6953.75,6955.75,4985
2026-01-08 14:30:00,6955.75,6960.0,6955.25,6956.25,7657
2026-01-08 14:35:00,6956.5,6957.0,6953.5,6953.75,5546
2026-01-08 14:40:00,6954.0,6955.75,6952.25,6953.25,5348
2026-01-08 14:45:00,6953.5,6955.5,6953.0,6955.25,5479
2026-01-08 14:50:00,6955.0,6958.0,6954.25,6955.25,5730
2026-01-08 14:55:00,6955.5,6955.5,6952.25,6955.25,7379
2026-01-08 15:00:00,6955.0,6957.5,6953.75,6956.25,6665
2026-01-08 15:05:00,6956.0,6956.5,6953.75,6955.5,6283
2026-01-08 15:10:00,6955.25,6959.5,6955.25,6959.25,8048
2026-01-08 15:15:00,6959.25,6959.75,6955.75,6956.5,7362
2026-01-08 15:20:00,6956.5,6959.5,6955.0,6957.5,10758
2026-01-08 15:25:00,6957.75,6963.25,6957.75,6962.25,10129
2026-01-08 15:30:00,6962.5,6965.5,6962.25,6965.5,11148
2026-01-08 15:35:00,6965.5,6967.0,6961.5,6962.0,11132
2026-01-08 15:40:00,6961.75,6963.5,6959.0,6961.0,10943
2026-01-08 15:45:00,6960.75,6963.25,6959.75,6962.0,10687
2026-01-08 15:50:00,6962.0,6965.25,6959.25,6964.25,16110
2026-01-08 15:55:00,6964.0,6965.5,6960.0,6960.75,57420
2026-01-08 16:00:00,6961.0,6965.75,6960.5,6964.25,16883
2026-01-08 16:05:00,6964.0,6965.0,6963.0,6964.75,4136
2026-01-08 16:10:00,6964.75,6965.0,6963.0,6964.25,3995
2026-01-08 16:15:00,6964.5,6965.0,6964.25,6964.75,1524
2026-01-08 16:20:00,6964.75,6966.0,6964.5,6965.5,1033
2026-01-08 16:25:00,6965.25,6967.5,6965.25,6967.25,1535
2026-01-08 16:30:00,6967.25,6970.0,6967.25,6970.0,2269
2026-01-08 16:35:00,6970.0,6973.5,6970.0,6973.0,2647
2026-01-08 16:40:00,6973.0,6977.75,6973.0,6975.5,5231
2026-01-08 16:45:00,6975.5,6976.0,6975.0,6975.5,2555
2026-01-08 16:50:00,6975.5,6976.0,6973.5,6973.75,1681
2026-01-08 16:55:00,6973.75,6974.0,6970.75,6971.25,3668
2026-01-08 18:00:00,6973.25,6974.0,6971.5,6971.5,0
2026-01-08 18:05:00,6971.75,6972.75,6971.0,6972.0,490
2026-01-08 18:10:00,6971.75,6971.75,6970.75,6971.25,276
2026-01-08 18:15:00,6969.5,6970.5,6969.0,6970.0,730
2026-01-08 18:20:00,6970.0,6970.25,6968.0,6968.0,407
2026-01-08 18:25:00,6968.25,6968.75,6967.0,6967.25,512
2026-01-08 18:30:00,6967.5,6968.0,6966.25,6966.25,387
2026-01-08 18:35:00,6966.25,6967.0,6965.0,6965.75,518
2026-01-08 18:40:00,6965.75,6966.5,6965.0,6965.5,412
2026-01-08 18:45:00,6965.5,6966.75,6965.0,6965.5,558
2026-01-08 18:50:00,6965.75,6965.75,6963.5,6964.25,527
2026-01-08 18:55:00,6964.25,6964.5,6963.0,6964.0,376
2026-01-08 19:00:00,6964.0,6965.75,6963.5,6964.25,763
2026-01-08 19:05:00,6964.25,6965.75,6964.0,6964.5,477
2026-01-08 19:10:00,6964.5,6966.25,6963.75,6966.0,462
2026-01-08 19:15:00,6966.0,6967.0,6965.0,6965.75,434
2026-01-08 19:20:00,6965.75,6967.5,6965.25,6965.25,325
2026-01-08 19:25:00,6965.5,6965.5,6963.25,6965.5,452
2026-01-08 19:30:00,6965.5,6966.5,6965.0,6965.5,325
2026-01-08 19:35:00,6965.5,6966.5,6965.0,6966.25,318
2026-01-08 19:40:00,6966.25,6966.75,6964.75,6966.75,432
2026-01-08 19:45:00,6966.5,6966.5,6964.25,6964.75,438
2026-01-08 19:50:00,6965.0,6965.25,6962.5,6962.75,508
2026-01-08 19:55:00,6962.75,6962.75,6961.0,6961.5,862
2026-01-08 20:00:00,6961.5,6962.75,6961.0,6961.5,666
2026-01-08 20:05:00,6961.5,6963.25,6960.75,6962.0,723
2026-01-08 20:10:00,6962.0,6962.0,6960.5,6961.25,756
2026-01-08 20:15:00,6961.25,6962.25,6958.25,6958.25,724
2026-01-08 20:20:00,6958.25,6959.0,6956.25,6956.75,882
2026-01-08 20:25:00,6956.75,6957.0,6955.25,6956.25,693
2026-01-08 20:30:00,6956.5,6957.0,6955.25,6955.25,657
2026-01-08 20:35:00,6955.5,6955.75,6954.25,6955.25,636
2026-01-08 20:40:00,6955.25,6956.25,6954.5,6955.75,503
2026-01-08 20:45:00,6955.75,6957.5,6955.25,6957.0,455
2026-01-08 20:50:00,6957.0,6958.0,6956.0,6957.25,471
2026-01-08 20:55:00,6957.25,6958.0,6957.25,6957.75,415
2026-01-08 21:00:00,6957.75,6959.5,6957.5,6958.5,641
2026-01-08 21:05:00,6958.5,6958.75,6957.0,6958.75,505
2026-01-08 21:10:00,6959.0,6959.0,6957.5,6958.0,385
2026-01-08 21:15:00,6958.25,6961.5,6958.0,6961.25,813
2026-01-08 21:20:00,6961.25,6963.0,6960.25,6962.5,712
2026-01-08 21:25:00,6962.5,6964.0,6962.0,6963.5,525
2026-01-08 21:30:00,6963.25,6963.75,6962.75,6963.25,551
2026-01-08 21:35:00,6963.0,6963.25,6961.25,6961.75,470
2026-01-08 21:40:00,6961.5,6963.5,6961.0,6963.5,492
2026-01-08 21:45:00,6963.75,6964.5,6963.0,6963.0,487
2026-01-08 21:50:00,6963.25,6964.0,6962.25,6962.5,279
2026-01-08 21:55:00,6962.25,6962.75,6961.5,6962.5,389
2026-01-08 22:00:00,6962.5,6962.5,6961.25,6961.5,264
2026-01-08 22:05:00,6961.25,6963.0,6960.5,6962.0,347
2026-01-08 22:10:00,6962.0,6963.25,6962.0,6962.5,261
2026-01-08 22:15:00,6962.5,6963.5,6962.5,6963.25,204
2026-01-08 22:20:00,6963.25,6963.5,6960.75,6961.0,324
2026-01-08 22:25:00,6961.0,6962.0,6960.75,6961.0,301
2026-01-08 22:30:00,6961.0,6962.0,6959.75,6960.75,391
2026-01-08 22:35:00,6960.75,6962.25,6960.75,6961.5,299
2026-01-08 22:40:00,6961.25,6962.0,6960.75,6962.0,224
2026-01-08 22:45:00,6962.0,6962.75,6961.0,6961.0,246
2026-01-08 22:50:00,6961.0,6961.25,6960.25,6961.25,172
2026-01-08 22:55:00,6961.25,6962.0,6960.5,6960.75,274
2026-01-08 23:00:00,6961.0,6961.75,6958.75,6959.5,438
2026-01-08 23:05:00,6959.5,6960.25,6959.0,6959.0,326
2026-01-08 23:10:00,6959.0,6960.25,6959.0,6959.75,248
2026-01-08 23:15:00,6959.75,6959.75,6958.5,6959.0,165
2026-01-08 23:20:00,6958.75,6959.25,6957.75,6958.25,345
2026-01-08 23:25:00,6958.25,6960.25,6958.25,6959.75,267
2026-01-08 23:30:00,6959.75,6961.25,6959.75,6960.0,271
2026-01-08 23:35:00,6960.0,6961.0,6959.75,6960.25,220
2026-01-08 23:40:00,6960.25,6960.75,6959.75,6960.25,146
2026-01-08 23:45:00,6960.5,6960.75,6959.5,6960.0,143
2026-01-08 23:50:00,6960.0,6962.0,6959.5,6961.5,256
2026-01-08 23:55:00,6961.5,6962.0,6961.0,6961.5,181
2026-01-09 00:05:00,6962.5,6963.25,6962.25,6962.75,808
2026-01-09 00:10:00,6962.5,6962.75,6961.25,6961.5,227
2026-01-09 00:15:00,6961.25,6961.5,6960.5,6961.5,245
2026-01-09 00:20:00,6961.25,6961.75,6960.5,6961.25,194
2026-01-09 00:25:00,6961.25,6961.75,6961.0,6961.75,280
2026-01-09 00:30:00,6962.0,6962.0,6960.25,6960.5,306
2026-01-09 00:35:00,6960.5,6960.75,6958.75,6959.5,300
2026-01-09 00:40:00,6959.5,6960.75,6959.5,6959.5,202
2026-01-09 00:45:00,6959.75,6960.0,6959.0,6959.0,149
2026-01-09 00:50:00,6959.0,6959.5,6958.5,6959.5,219
2026-01-09 00:55:00,6959.5,6963.5,6959.5,6963.0,509
2026-01-09 01:00:00,6963.0,6964.75,6962.5,6963.0,440
2026-01-09 01:05:00,6963.0,6963.0,6961.25,6961.5,324
2026-01-09 01:10:00,6961.75,6962.0,6959.25,6960.75,280
2026-01-09 01:15:00,6960.75,6961.25,6959.75,6960.25,180
2026-01-09 01:20:00,6960.25,6961.0,6960.25,6960.5,184
2026-01-09 01:25:00,6960.5,6961.5,6960.0,6960.75,284
2026-01-09 01:30:00,6961.0,6964.0,6961.0,6963.75,501
2026-01-09 01:35:00,6963.75,6964.25,6963.5,6964.25,478
2026-01-09 01:40:00,6964.25,6964.5,6963.5,6964.25,172
2026-01-09 01:45:00,6964.25,6965.25,6964.0,6964.75,252
2026-01-09 01:50:00,6964.75,6964.75,6962.75,6963.5,308
2026-01-09 01:55:00,6963.5,6963.5,6962.75,6963.25,161
2026-01-09 02:00:00,6963.5,6963.75,6961.75,6962.5,425
2026-01-09 02:05:00,6962.75,6962.75,6961.25,6962.25,396
2026-01-09 02:10:00,6962.25,6963.0,6961.75,6962.25,240
2026-01-09 02:15:00,6962.0,6962.25,6959.75,6960.0,388
2026-01-09 02:20:00,6960.0,6960.25,6958.0,6958.25,554
2026-01-09 02:25:00,6958.0,6958.5,6956.75,6957.75,608
2026-01-09 02:30:00,6957.5,6958.0,6956.25,6957.75,386
2026-01-09 02:35:00,6957.75,6960.0,6957.5,6959.75,488
2026-01-09 02:40:00,6959.75,6960.75,6959.5,6960.0,248
2026-01-09 02:45:00,6959.75,6962.0,6959.5,6960.5,399
2026-01-09 02:50:00,6960.5,6962.25,6959.75,6961.75,302
2026-01-09 02:55:00,6961.75,6962.5,6960.5,6960.75,439
2026-01-09 03:00:00,6961.0,6963.75,6960.25,6961.0,1223
2026-01-09 03:05:00,6961.0,6964.5,6961.0,6964.25,725
2026-01-09 03:10:00,6964.25,6965.5,6963.0,6963.75,606
2026-01-09 03:15:00,6963.75,6965.25,6963.25,6964.75,659
2026-01-09 03:20:00,6964.75,6964.75,6962.25,6962.25,576
2026-01-09 03:25:00,6962.0,6963.25,6961.5,6961.75,652
2026-01-09 03:30:00,6962.0,6962.75,6958.0,6959.25,1676
2026-01-09 03:35:00,6959.25,6962.25,6959.25,6962.0,595
2026-01-09 03:40:00,6962.0,6963.0,6961.0,6961.5,445
2026-01-09 03:45:00,6961.25,6961.5,6956.75,6957.5,835
2026-01-09 03:50:00,6957.25,6958.5,6956.75,6958.25,594
2026-01-09 03:55:00,6958.25,6959.0,6957.5,6957.75,772
2026-01-09 04:00:00,6957.75,6959.0,6956.75,6957.75,1003
2026-01-09 04:05:00,6957.75,6959.25,6957.75,6958.0,648
2026-01-09 04:10:00,6958.25,6959.25,6957.75,6959.25,442
2026-01-09 04:15:00,6959.25,6961.0,6958.75,6960.75,737
2026-01-09 04:20:00,6961.0,6962.0,6960.0,6961.75,468
2026-01-09 04:25:00,6961.75,6963.75,6961.75,6963.5,433
2026-01-09 04:30:00,6963.5,6967.5,6963.5,6966.5,960
2026-01-09 04:35:00,6966.5,6968.0,6965.75,6966.75,777
2026-01-09 04:40:00,6966.75,6967.0,6964.75,6965.25,867
2026-01-09 04:45:00,6965.5,6968.0,6965.25,6966.25,727
2026-01-09 04:50:00,6966.0,6967.75,6965.0,6967.0,727
2026-01-09 04:55:00,6967.25,6967.5,6966.75,6967.5,388
2026-01-09 05:00:00,6967.75,6968.75,6966.5,6966.5,770
2026-01-09 05:05:00,6966.5,6968.0,6966.5,6967.75,794
2026-01-09 05:10:00,6968.0,6968.5,6967.0,6967.0,665
2026-01-09 05:15:00,6967.25,6968.0,6967.0,6967.0,227
2026-01-09 05:20:00,6967.25,6968.75,6967.25,6968.5,450
2026-01-09 05:25:00,6968.75,6969.25,6968.0,6968.25,484
2026-01-09 05:30:00,6968.25,6968.75,6967.5,6968.75,417
2026-01-09 05:35:00,6968.75,6968.75,6967.0,6967.5,332
2026-01-09 05:40:00,6967.5,6967.5,6965.75,6966.5,406
2026-01-09 05:45:00,6966.75,6968.0,6966.5,6967.75,346
2026-01-09 05:50:00,6968.0,6968.25,6966.75,6967.5,375
2026-01-09 05:55:00,6967.5,6967.5,6966.75,6966.75,318
2026-01-09 06:00:00,6966.75,6968.0,6965.75,6966.75,1034
2026-01-09 06:05:00,6966.5,6967.75,6965.5,6965.75,637
2026-01-09 06:10:00,6966.0,6966.75,6965.75,6966.25,282
2026-01-09 06:15:00,6966.25,6968.0,6966.0,6968.0,407
2026-01-09 06:20:00,6968.0,6969.0,6967.75,6968.5,476
2026-01-09 06:25:00,6968.75,6970.5,6968.75,6970.0,887
2026-01-09 06:30:00,6970.25,6972.75,6970.0,6972.5,756
2026-01-09 06:35:00,6972.5,6973.0,6970.75,6972.25,693
2026-01-09 06:40:00,6972.5,6973.25,6970.75,6973.0,785
2026-01-09 06:45:00,6973.0,6973.0,6970.25,6970.5,840
2026-01-09 06:50:00,6970.75,6970.75,6969.5,6969.5,474
2026-01-09 06:55:00,6969.5,6969.5,6967.5,6968.0,793
2026-01-09 07:00:00,6968.0,6969.75,6967.25,6969.75,972
2026-01-09 07:05:00,6969.75,6970.75,6968.75,6969.0,473
2026-01-09 07:10:00,6969.0,6969.0,6967.25,6967.75,465
2026-01-09 07:15:00,6967.75,6968.0,6966.25,6966.75,798
2026-01-09 07:20:00,6966.75,6968.0,6966.0,6967.75,531
2026-01-09 07:25:00,6967.75,6968.25,6966.0,6967.0,583
2026-01-09 07:30:00,6967.0,6967.25,6965.5,6966.5,464
2026-01-09 07:35:00,6966.5,6966.75,6965.25,6966.75,679
2026-01-09 07:40:00,6966.75,6968.5,6966.75,6968.25,674
2026-01-09 07:45:00,6968.25,6971.0,6968.0,6971.0,835
2026-01-09 07:50:00,6970.75,6971.5,6969.5,6970.5,806
2026-01-09 07:55:00,6970.25,6972.0,6969.75,6971.75,697
2026-01-09 08:00:00,6971.75,6973.0,6969.5,6970.5,1260
2026-01-09 08:05:00,6970.5,6972.75,6970.0,6972.5,852
2026-01-09 08:10:00,6972.5,6973.0,6970.25,6972.75,2002
2026-01-09 08:15:00,6972.5,6975.0,6970.25,6974.5,2183
2026-01-09 08:20:00,6974.5,6976.75,6973.0,6973.25,2946
2026-01-09 08:25:00,6973.0,6976.75,6972.25,6975.0,2730
2026-01-09 08:30:00,6975.0,6986.0,6974.25,6982.5,8705
2026-01-09 08:35:00,6982.5,6986.75,6982.5,6983.5,6328
2026-01-09 08:40:00,6983.5,6988.5,6983.5,6986.0,4185
2026-01-09 08:45:00,6986.0,6987.5,6983.75,6984.25,2803
2026-01-09 08:50:00,6984.25,6986.25,6982.25,6985.5,2932
2026-01-09 08:55:00,6985.75,6987.25,6984.75,6987.0,2106
2026-01-09 09:00:00,6987.0,6989.75,6986.0,6986.5,3603
2026-01-09 09:05:00,6986.5,6986.75,6983.25,6983.75,2513
2026-01-09 09:10:00,6983.5,6984.75,6977.5,6979.75,5636
2026-01-09 09:15:00,6979.75,6980.5,6972.25,6973.5,5264
2026-01-09 09:20:00,6973.25,6974.5,6968.25,6972.75,6766
2026-01-09 09:25:00,6972.75,6973.75,6969.0,6970.25,6513
2026-01-09 09:30:00,6970.5,6976.75,6968.75,6973.5,29375
2026-01-09 09:35:00,6973.5,6987.25,6973.25,6984.0,28122
2026-01-09 09:40:00,6984.0,6986.25,6976.0,6978.0,21962
2026-01-09 09:45:00,6978.0,6983.25,6969.0,6974.25,28368
2026-01-09 09:50:00,6974.25,6981.75,6970.5,6978.5,21928
2026-01-09 09:55:00,6978.25,6980.75,6970.75,6979.5,11550
2026-01-09 10:00:00,6979.5,6984.25,6969.75,6970.25,21882
2026-01-09 10:05:00,6970.25,6971.25,6955.75,6959.75,38760
2026-01-09 10:10:00,6960.0,6977.5,6958.75,6977.0,32530
2026-01-09 10:15:00,6977.25,6980.5,6973.25,6980.0,21480
2026-01-09 10:20:00,6980.0,6990.25,6976.5,6989.5,27692
2026-01-09 10:25:00,6989.5,6998.5,6988.75,6996.25,27242
2026-01-09 10:30:00,6996.25,6999.75,6991.25,6997.0,29359
2026-01-09 10:35:00,6997.0,6997.75,6992.25,6992.5,18243
2026-01-09 10:40:00,6992.5,6993.5,6981.0,6981.25,26454
2026-01-09 10:45:00,6981.25,6985.75,6977.25,6979.0,29595
2026-01-09 10:50:00,6979.0,6985.5,6978.5,6979.5,15817
2026-01-09 10:55:00,6979.5,6984.25,6977.25,6983.75,17176
2026-01-09 11:00:00,6983.75,6992.0,6983.75,6990.5,16965
2026-01-09 11:05:00,6990.75,6996.5,6990.0,6995.75,14763
2026-01-09 11:10:00,6995.75,7001.5,6993.25,6999.5,23334
2026-01-09 11:15:00,6999.5,7000.25,6997.25,6999.0,15401
2026-01-09 11:20:00,6999.0,7000.5,6996.25,6997.75,11086
2026-01-09 11:25:00,6997.5,6997.5,6993.0,6993.5,12237
2026-01-09 11:30:00,6993.5,6996.0,6990.5,6991.5,11398
2026-01-09 11:35:00,6991.5,6995.75,6990.0,6994.5,15467
2026-01-09 11:40:00,6994.75,6997.25,6991.5,6996.5,8659
2026-01-09 11:45:00,6996.25,7002.0,6996.25,7001.75,11984
2026-01-09 11:50:00,7001.75,7005.25,7001.5,7004.5,14900
2026-01-09 11:55:00,7004.5,7005.25,7002.75,7003.75,10680
2026-01-09 12:00:00,7004.0,7007.25,7002.0,7007.25,12519
2026-01-09 12:05:00,7007.25,7007.75,7005.5,7006.25,8348
2026-01-09 12:10:00,7006.25,7007.0,7003.75,7006.75,9662
2026-01-09 12:15:00,7007.0,7007.0,7002.5,7003.25,7222
2026-01-09 12:20:00,7003.0,7007.5,7003.0,7007.5,6846
2026-01-09 12:25:00,7007.25,7008.75,7006.75,7007.25,6592
2026-01-09 12:30:00,7007.25,7010.0,7006.5,7009.25,8072
2026-01-09 12:35:00,7009.25,7009.5,7007.25,7008.25,5800
2026-01-09 12:40:00,7008.0,7008.0,7005.0,7005.75,6556
2026-01-09 12:45:00,7006.0,7008.25,7005.0,7006.25,6379
2026-01-09 12:50:00,7006.5,7008.75,7005.0,7005.25,7094
2026-01-09 12:55:00,7005.5,7007.25,7004.25,7004.5,6803
2026-01-09 13:00:00,7004.5,7004.75,7001.25,7002.0,10445
2026-01-09 13:05:00,7002.0,7005.0,6999.25,6999.75,8501
2026-01-09 13:10:00,6999.75,7002.0,6999.5,7001.5,7316
2026-01-09 13:15:00,7001.25,7003.5,7000.5,7001.0,6680
2026-01-09 13:20:00,7001.0,7002.25,7000.0,7000.75,5438
2026-01-09 13:25:00,7000.5,7003.75,6998.25,7003.25,6603
2026-01-09 13:30:00,7003.5,7007.5,7003.25,7007.25,7665
2026-01-09 13:35:00,7007.0,7012.25,7007.0,7012.25,12182
2026-01-09 13:40:00,7012.25,7014.0,7009.75,7010.0,12435
2026-01-09 13:45:00,7010.25,7011.5,7009.25,7010.75,8780
2026-01-09 13:50:00,7011.0,7011.25,7009.0,7010.25,7020
2026-01-09 13:55:00,7010.25,7011.5,7009.25,7010.25,5810
2026-01-09 14:00:00,7010.0,7010.5,7008.25,7009.5,7239
2026-01-09 14:05:00,7009.75,7011.75,7008.75,7011.5,4054
2026-01-09 14:10:00,7011.5,7013.0,7009.75,7010.5,8798
2026-01-09 14:15:00,7010.75,7013.25,7010.5,7012.25,3947
2026-01-09 14:20:00,7012.25,7013.25,7011.75,7012.5,4662
2026-01-09 14:25:00,7012.75,7013.25,7011.25,7012.75,4212
2026-01-09 14:30:00,7013.0,7013.75,7012.0,7012.5,5746
2026-01-09 14:35:00,7012.25,7013.25,7012.0,7012.5,4284
2026-01-09 14:40:00,7012.5,7013.25,7011.75,7013.0,4425
2026-01-09 14:45:00,7012.75,7015.5,7012.25,7015.0,8957
2026-01-09 14:50:00,7014.75,7017.0,7014.75,7015.5,9732
2026-01-09 14:55:00,7015.5,7015.5,7013.5,7013.75,7778
2026-01-09 15:00:00,7013.5,7016.25,7012.75,7014.75,8195
2026-01-09 15:05:00,7014.75,7015.5,7013.5,7014.0,5171
2026-01-09 15:10:00,7014.0,7014.25,7012.25,7012.75,6262
2026-01-09 15:15:00,7012.75,7014.5,7012.25,7014.0,5679
2026-01-09 15:20:00,7014.25,7017.5,7014.25,7016.75,9549
2026-01-09 15:25:00,7016.75,7017.5,7014.75,7015.0,6732
2026-01-09 15:30:00,7014.75,7015.75,7013.75,7015.5,7332
2026-01-09 15:35:00,7015.5,7015.75,7012.75,7012.75,7544
2026-01-09 15:40:00,7013.0,7013.25,7011.0,7012.5,11953
2026-01-09 15:45:00,7012.5,7013.5,7011.25,7011.5,11011
2026-01-09 15:50:00,7011.5,7012.5,7008.0,7009.75,24719
2026-01-09 15:55:00,7009.75,7010.0,7003.25,7004.5,82869
2026-01-09 16:00:00,7004.5,7005.75,7003.75,7004.0,28496
2026-01-09 16:05:00,7004.0,7005.5,7003.0,7004.0,7640
2026-01-09 16:10:00,7004.0,7004.25,7002.75,7004.0,5638
2026-01-09 16:15:00,7003.75,7004.5,7003.25,7003.75,1980
2026-01-09 16:20:00,7003.75,7004.0,7002.75,7003.25,1738
2026-01-09 16:25:00,7003.0,7003.5,7002.75,7003.0,1680
2026-01-09 16:30:00,7003.0,7003.5,7002.75,7003.0,945
2026-01-09 16:35:00,7002.75,7003.5,7002.5,7003.25,995
2026-01-09 16:40:00,7003.25,7003.25,7002.0,7002.0,1528
2026-01-09 16:45:00,7002.0,7003.0,7001.75,7002.75,938
2026-01-09 16:50:00,7002.75,7004.25,7002.5,7004.25,1210
2026-01-09 16:55:00,7004.25,7005.25,7004.0,7005.0,2715
2026-01-11 18:10:00,7000.25,7001.25,6998.0,6999.25,488
2026-01-11 18:15:00,6999.25,7000.5,6993.75,6997.5,1564
2026-01-11 18:20:00,6997.25,7000.25,6996.75,6999.25,623
2026-01-11 18:25:00,6999.5,7001.25,6999.0,6999.75,561
2026-01-11 18:30:00,6999.75,7001.75,6999.0,7000.5,766
2026-01-11 18:35:00,7000.25,7000.75,6999.25,6999.25,332
2026-01-11 18:40:00,6999.5,7001.25,6999.25,7000.0,456
2026-01-11 18:45:00,6999.75,7000.5,6998.5,7000.0,520
2026-01-11 18:50:00,7000.0,7001.5,6999.25,7000.0,794
2026-01-11 18:55:00,6999.75,7000.5,6998.0,6998.25,477
2026-01-11 19:00:00,6998.0,6999.25,6995.5,6996.75,1774
2026-01-11 19:05:00,6997.0,6997.25,6992.0,6995.25,2200
2026-01-11 19:10:00,6995.0,6995.25,6992.5,6992.75,955
2026-01-11 19:15:00,6992.75,6995.0,6991.75,6994.25,967
2026-01-11 19:20:00,6994.25,6994.5,6992.5,6992.75,486
2026-01-11 19:25:00,6993.0,6994.25,6992.75,6993.0,490
2026-01-11 19:30:00,6993.0,6993.0,6985.25,6986.25,4211
2026-01-11 19:35:00,6986.0,6989.0,6975.25,6979.25,5096
2026-01-11 19:40:00,6979.0,6984.0,6977.75,6982.25,2833
2026-01-11 19:45:00,6982.25,6984.0,6982.0,6982.25,1187
2026-01-11 19:50:00,6982.25,6982.25,6978.5,6981.0,1731
2026-01-11 19:55:00,6981.25,6982.0,6978.25,6979.25,1038
2026-01-11 20:00:00,6979.25,6980.0,6972.5,6976.0,3860
2026-01-11 20:05:00,6976.0,6977.5,6974.25,6974.5,1811
2026-01-11 20:10:00,6974.5,6977.25,6971.75,6976.25,2330
2026-01-11 20:15:00,6976.25,6976.5,6972.75,6973.0,1385
2026-01-11 20:20:00,6973.25,6974.5,6971.75,6973.25,2797
2026-01-11 20:25:00,6973.25,6973.75,6971.0,6973.25,1784
2026-01-11 20:30:00,6973.0,6973.25,6969.0,6969.25,2348
2026-01-11 20:35:00,6969.0,6973.0,6967.25,6972.25,2167
2026-01-11 20:40:00,6972.25,6975.25,6971.5,6975.0,1402
2026-01-11 20:45:00,6975.25,6979.0,6974.5,6978.5,2308
2026-01-11 20:50:00,6978.5,6980.0,6977.0,6977.75,1790
2026-01-11 20:55:00,6977.75,6979.0,6977.0,6977.25,729
2026-01-11 21:00:00,6977.5,6977.5,6973.5,6974.5,1854
2026-01-11 21:05:00,6974.5,6975.5,6972.0,6972.0,1410
2026-01-11 21:10:00,6972.0,6973.0,6970.25,6970.5,1296
2026-01-11 21:15:00,6970.25,6971.25,6969.5,6969.75,1161
2026-01-11 21:20:00,6970.0,6971.0,6969.25,6969.25,921
2026-01-11 21:25:00,6969.25,6970.75,6969.0,6970.75,826
2026-01-11 21:30:00,6970.75,6973.0,6970.75,6971.75,981
2026-01-11 21:35:00,6971.75,6972.75,6971.5,6972.0,672
2026-01-11 21:40:00,6972.0,6972.5,6971.75,6971.75,599
2026-01-11 21:45:00,6971.75,6973.5,6971.5,6973.0,887
2026-01-11 21:50:00,6973.0,6974.25,6969.0,6970.5,1291
2026-01-11 21:55:00,6970.5,6970.75,6968.25,6970.0,1297
2026-01-11 22:00:00,6970.0,6970.5,6968.25,6969.0,585
2026-01-11 22:05:00,6969.0,6971.0,6968.75,6970.0,456
2026-01-11 22:10:00,6969.75,6970.25,6969.0,6970.0,398
2026-01-11 22:15:00,6970.0,6971.25,6969.25,6970.75,739
2026-01-11 22:20:00,6970.75,6971.0,6969.25,6970.5,384
2026-01-11 22:25:00,6970.5,6970.5,6969.5,6970.25,404
2026-01-11 22:30:00,6970.25,6971.5,6970.0,6971.0,546
2026-01-11 22:35:00,6971.0,6971.0,6969.75,6970.75,383
2026-01-11 22:40:00,6970.75,6970.75,6969.25,6970.0,279
2026-01-11 22:45:00,6969.75,6970.0,6964.5,6966.75,3745
2026-01-11 22:50:00,6966.75,6968.25,6966.0,6968.0,721
2026-01-11 22:55:00,6968.0,6969.0,6967.25,6967.75,842
2026-01-11 23:00:00,6968.0,6968.25,6965.75,6966.5,800
2026-01-11 23:05:00,6966.5,6966.75,6965.25,6966.75,590
2026-01-11 23:10:00,6966.5,6966.5,6964.0,6966.0,1057
2026-01-11 23:15:00,6966.0,6967.25,6965.0,6966.75,741
2026-01-11 23:20:00,6966.75,6967.5,6966.5,6967.0,384
2026-01-11 23:25:00,6966.75,6967.5,6966.5,6967.25,458
2026-01-11 23:30:00,6967.25,6969.0,6966.75,6968.75,470
2026-01-11 23:35:00,6968.75,6968.75,6967.5,6968.0,375
2026-01-11 23:40:00,6968.0,6968.75,6967.25,6967.5,292
2026-01-11 23:45:00,6967.75,6968.25,6967.5,6968.25,264
2026-01-11 23:50:00,6968.0,6968.0,6966.5,6967.25,457
2026-01-11 23:55:00,6967.5,6967.5,6966.0,6966.75,248
2026-01-12 00:00:00,6966.25,6967.0,6965.5,6966.5,423
2026-01-12 00:05:00,6966.25,6967.0,6965.5,6967.0,417
2026-01-12 00:10:00,6967.0,6968.75,6964.5,6964.5,1134
2026-01-12 00:15:00,6964.5,6965.0,6963.5,6964.5,828
2026-01-12 00:20:00,6964.5,6965.0,6963.25,6963.5,457
2026-01-12 00:25:00,6963.25,6963.5,6960.0,6961.75,1492
2026-01-12 00:30:00,6961.75,6962.0,6960.0,6961.0,578
2026-01-12 00:35:00,6961.0,6961.25,6960.5,6960.5,331
2026-01-12 00:40:00,6960.5,6961.25,6960.0,6960.5,414
2026-01-12 00:45:00,6960.5,6960.75,6958.25,6958.75,966
2026-01-12 00:50:00,6959.0,6961.75,6959.0,6961.5,654
2026-01-12 00:55:00,6961.5,6962.5,6961.5,6962.5,523
2026-01-12 01:00:00,6962.5,6964.25,6961.5,6963.5,806
2026-01-12 01:05:00,6963.75,6965.25,6963.5,6965.25,514
2026-01-12 01:10:00,6965.0,6967.0,6964.75,6965.75,558
2026-01-12 01:15:00,6965.75,6965.75,6964.0,6964.0,419
2026-01-12 01:20:00,6964.0,6964.5,6962.5,6964.25,710
2026-01-12 01:25:00,6964.5,6965.75,6964.0,6964.5,575
2026-01-12 01:30:00,6964.5,6964.75,6963.25,6963.25,445
2026-01-12 01:35:00,6963.25,6965.0,6963.25,6963.5,430
2026-01-12 01:40:00,6963.5,6965.5,6963.5,6965.0,324
2026-01-12 01:45:00,6965.0,6966.5,6965.0,6966.0,381
2026-01-12 01:50:00,6966.0,6966.0,6964.25,6964.25,427
2026-01-12 01:55:00,6964.25,6965.25,6964.0,6964.75,239
2026-01-12 02:00:00,6964.5,6967.25,6964.0,6966.75,606
2026-01-12 02:05:00,6967.0,6969.25,6966.25,6968.25,1148
2026-01-12 02:10:00,6968.5,6970.25,6966.75,6968.0,1186
2026-01-12 02:15:00,6968.0,6968.25,6965.25,6965.5,605
2026-01-12 02:20:00,6965.5,6967.0,6965.25,6966.5,608
2026-01-12 02:25:00,6966.25,6968.25,6966.0,6967.0,878
2026-01-12 02:30:00,6967.0,6967.25,6965.25,6965.75,529
2026-01-12 02:35:00,6965.75,6966.75,6965.0,6965.25,613
2026-01-12 02:40:00,6965.25,6966.25,6964.5,6965.0,435
2026-01-12 02:45:00,6965.0,6966.75,6964.5,6966.5,584
2026-01-12 02:50:00,6966.25,6966.5,6965.25,6965.75,508
2026-01-12 02:55:00,6965.5,6967.5,6965.5,6967.5,871
2026-01-12 03:00:00,6967.5,6970.75,6966.0,6969.25,2279
2026-01-12 03:05:00,6969.0,6970.5,6968.25,6968.75,2531
2026-01-12 03:10:00,6968.75,6969.75,6965.0,6965.5,2109
2026-01-12 03:15:00,6965.5,6966.25,6960.5,6960.5,3276
2026-01-12 03:20:00,6960.5,6960.75,6956.0,6957.25,3265
2026-01-12 03:25:00,6957.25,6959.75,6956.5,6957.25,2539
2026-01-12 03:30:00,6957.0,6957.0,6952.0,6954.25,4787
2026-01-12 03:35:00,6954.25,6955.5,6951.0,6951.25,1662
2026-01-12 03:40:00,6951.25,6953.75,6950.0,6953.5,3516
2026-01-12 03:45:00,6953.5,6954.75,6951.0,6951.25,1781
2026-01-12 03:50:00,6951.25,6954.75,6950.5,6954.0,1596
2026-01-12 03:55:00,6954.0,6955.5,6953.0,6953.0,1408
2026-01-12 04:00:00,6953.25,6956.25,6952.5,6955.0,2216
2026-01-12 04:05:00,6955.25,6958.25,6954.5,6957.25,1469
2026-01-12 04:10:00,6957.25,6957.75,6955.25,6956.25,1091
2026-01-12 04:15:00,6956.25,6957.5,6954.75,6956.5,1264
2026-01-12 04:20:00,6956.5,6956.5,6952.75,6953.5,2062
2026-01-12 04:25:00,6953.75,6954.0,6952.5,6953.25,1035
2026-01-12 04:30:00,6953.25,6954.25,6952.0,6952.5,844
2026-01-12 04:35:00,6952.5,6954.0,6951.75,6953.5,520
2026-01-12 04:40:00,6953.5,6955.0,6952.75,6953.75,737
2026-01-12 04:45:00,6953.75,6955.25,6953.5,6955.0,670
2026-01-12 04:50:00,6955.0,6958.5,6954.5,6958.5,1513
2026-01-12 04:55:00,6958.5,6959.0,6956.75,6957.75,1071
2026-01-12 05:00:00,6958.0,6958.5,6956.0,6957.25,646
2026-01-12 05:05:00,6957.5,6957.75,6956.5,6957.0,629
2026-01-12 05:10:00,6957.25,6957.5,6955.5,6956.75,743
2026-01-12 05:15:00,6956.75,6959.25,6956.25,6959.0,886
2026-01-12 05:20:00,6959.25,6959.25,6956.5,6957.75,1295
2026-01-12 05:25:00,6957.5,6958.5,6957.0,6958.5,565
2026-01-12 05:30:00,6958.5,6961.0,6958.5,6960.5,1221
2026-01-12 05:35:00,6960.5,6961.25,6959.25,6960.25,855
2026-01-12 05:40:00,6960.5,6961.75,6960.25,6960.25,680
2026-01-12 05:45:00,6960.5,6960.5,6959.0,6959.5,999
2026-01-12 05:50:00,6959.5,6959.5,6958.5,6958.75,739
2026-01-12 05:55:00,6959.0,6959.0,6957.0,6958.75,875
2026-01-12 06:00:00,6958.75,6961.25,6957.5,6959.25,1496
2026-01-12 06:05:00,6959.25,6961.75,6959.0,6960.5,741
2026-01-12 06:10:00,6960.75,6963.75,6960.5,6963.5,1459
2026-01-12 06:15:00,6963.5,6964.5,6961.25,6961.25,1221
2026-01-12 06:20:00,6961.25,6963.25,6961.25,6963.0,739
2026-01-12 06:25:00,6963.0,6963.5,6961.75,6962.0,449
2026-01-12 06:30:00,6962.0,6962.5,6960.75,6962.25,617
2026-01-12 06:35:00,6962.0,6962.5,6961.0,6961.25,562
2026-01-12 06:40:00,6961.25,6962.25,6961.25,6961.5,521
2026-01-12 06:45:00,6961.5,6962.75,6960.5,6961.25,713
2026-01-12 06:50:00,6961.25,6961.25,6960.25,6961.0,670
2026-01-12 06:55:00,6961.0,6961.25,6960.0,6961.0,604
2026-01-12 07:00:00,6960.75,6964.75,6960.5,6964.5,1585
2026-01-12 07:05:00,6964.25,6966.25,6964.25,6964.5,1820
2026-01-12 07:10:00,6964.5,6967.0,6964.0,6965.25,1525
2026-01-12 07:15:00,6965.5,6966.75,6965.25,6965.75,862
2026-01-12 07:20:00,6965.5,6967.0,6965.5,6966.5,877
2026-01-12 07:25:00,6966.5,6967.75,6964.75,6965.75,1349
2026-01-12 07:30:00,6965.5,6967.5,6965.5,6967.0,1445
2026-01-12 07:35:00,6966.75,6966.75,6963.75,6964.75,1140
2026-01-12 07:40:00,6964.75,6967.5,6964.0,6967.25,1310
2026-01-12 07:45:00,6967.25,6968.0,6966.5,6968.0,925
2026-01-12 07:50:00,6967.75,6970.25,6967.75,6970.0,1846
2026-01-12 07:55:00,6970.0,6970.5,6967.75,6968.5,1750
2026-01-12 08:00:00,6968.75,6969.0,6967.5,6968.75,1534
2026-01-12 08:05:00,6968.5,6969.75,6964.75,6964.75,1787
2026-01-12 08:10:00,6964.75,6967.25,6964.5,6964.75,3086
2026-01-12 08:15:00,6965.0,6969.0,6964.75,6968.5,1330
2026-01-12 08:20:00,6968.25,6969.75,6966.75,6967.0,1493
2026-01-12 08:25:00,6967.25,6970.0,6967.25,6969.0,1494
2026-01-12 08:30:00,6969.25,6969.5,6966.5,6968.0,1885
2026-01-12 08:35:00,6968.0,6968.75,6966.0,6968.25,1646
2026-01-12 08:40:00,6968.25,6969.0,6965.75,6966.75,2463
2026-01-12 08:45:00,6966.75,6966.75,6965.0,6966.0,1485
2026-01-12 08:50:00,6966.0,6968.0,6965.75,6967.75,1657
2026-01-12 08:55:00,6967.5,6969.25,6966.5,6966.75,1942
2026-01-12 09:00:00,6966.75,6968.5,6965.75,6966.75,1673
2026-01-12 09:05:00,6966.75,6968.5,6965.5,6967.5,2282
2026-01-12 09:10:00,6967.5,6969.0,6967.0,6968.25,2125
2026-01-12 09:15:00,6968.0,6968.75,6964.75,6968.0,3628
2026-01-12 09:20:00,6968.0,6969.0,6965.75,6966.0,1760
2026-01-12 09:25:00,6966.25,6970.0,6964.5,6969.5,5172
2026-01-12 09:30:00,6969.5,6985.25,6968.75,6981.5,39774
2026-01-12 09:35:00,6981.75,6990.75,6979.25,6990.0,23631
2026-01-12 09:40:00,6990.0,6995.5,6987.0,6990.75,27850
2026-01-12 09:45:00,6991.0,6995.25,6988.5,6993.5,19178
2026-01-12 09:50:00,6993.75,7000.75,6992.0,6997.75,23155
2026-01-12 09:55:00,6997.75,7002.75,6997.25,6999.75,20729
2026-01-12 10:00:00,7000.0,7001.5,6994.75,6996.75,25964
2026-01-12 10:05:00,6996.75,6999.0,6995.0,6995.5,15650
2026-01-12 10:10:00,6995.5,6998.0,6993.75,6996.75,17789
2026-01-12 10:15:00,6996.75,6998.75,6994.25,6998.0,14899
2026-01-12 10:20:00,6998.0,7001.75,6996.0,6999.0,14113
2026-01-12 10:25:00,6999.0,7000.25,6997.0,6999.25,9527
2026-01-12 10:30:00,6999.25,6999.75,6993.25,6995.0,11432
2026-01-12 10:35:00,6994.75,6998.0,6993.0,6997.75,11607
2026-01-12 10:40:00,6997.75,6998.5,6993.5,6997.5,8474
2026-01-12 10:45:00,6997.5,6998.75,6994.25,6998.25,8662
2026-01-12 10:50:00,6998.0,7001.75,6996.0,7001.25,10989
2026-01-12 10:55:00,7001.5,7004.5,7000.5,7002.75,12545
2026-01-12 11:00:00,7002.75,7003.25,7000.25,7002.5,8555
2026-01-12 11:05:00,7002.75,7005.0,7002.5,7004.5,6425
2026-01-12 11:10:00,7004.5,7008.75,7004.25,7008.75,10492
2026-01-12 11:15:00,7008.75,7010.75,7007.5,7009.75,11411
2026-01-12 11:20:00,7009.5,7010.75,7006.25,7008.0,8539
2026-01-12 11:25:00,7008.25,7008.25,7005.25,7006.25,7478
2026-01-12 11:30:00,7006.25,7008.0,7004.5,7007.75,6742
2026-01-12 11:35:00,7007.5,7009.25,7007.0,7008.25,5978
2026-01-12 11:40:00,7008.25,7010.0,7006.5,7007.5,5142
2026-01-12 11:45:00,7007.5,7010.75,7006.5,7010.5,9348
2026-01-12 11:50:00,7010.75,7011.75,7009.5,7011.0,6075
2026-01-12 11:55:00,7011.25,7012.5,7009.25,7009.5,6461
2026-01-12 12:00:00,7009.75,7012.25,7008.5,7010.75,5282
2026-01-12 12:05:00,7011.0,7011.25,7007.5,7008.0,4604
2026-01-12 12:10:00,7008.25,7010.75,7008.0,7009.75,4792
2026-01-12 12:15:00,7009.75,7010.0,7006.5,7007.5,4893
2026-01-12 12:20:00,7007.25,7010.25,7007.0,7008.25,5419
2026-01-12 12:25:00,7008.0,7009.5,7007.0,7009.5,3948
2026-01-12 12:30:00,7009.25,7009.5,7007.0,7007.75,3703
2026-01-12 12:35:00,7007.75,7008.5,7005.5,7005.75,3687
2026-01-12 12:40:00,7005.75,7008.75,7004.75,7008.5,4722
2026-01-12 12:45:00,7008.25,7010.25,7008.0,7009.75,4206
2026-01-12 12:50:00,7009.75,7011.5,7008.25,7011.0,4393
2026-01-12 12:55:00,7011.0,7011.25,7010.25,7010.5,3006
2026-01-12 13:00:00,7010.75,7013.5,7009.75,7013.5,6240
2026-01-12 13:05:00,7013.5,7014.5,7012.75,7013.75,6478
2026-01-12 13:10:00,7014.0,7014.25,7012.75,7013.25,4020
2026-01-12 13:15:00,7013.5,7014.0,7012.0,7013.25,3884
2026-01-12 13:20:00,7013.25,7016.0,7013.25,7015.0,5122
2026-01-12 13:25:00,7015.0,7015.75,7013.75,7015.25,4300
2026-01-12 13:30:00,7015.25,7015.5,7013.25,7014.25,4558
2026-01-12 13:35:00,7014.25,7015.25,7013.25,7015.0,3557
2026-01-12 13:40:00,7015.0,7015.5,7014.0,7015.0,3130
2026-01-12 13:45:00,7014.75,7017.5,7014.75,7016.75,4838
2026-01-12 13:50:00,7016.75,7018.0,7015.5,7015.5,4342
2026-01-12 13:55:00,7015.5,7016.5,7015.25,7016.25,2638
2026-01-12 14:00:00,7016.25,7016.25,7014.0,7014.25,4831
2026-01-12 14:05:00,7014.5,7016.5,7013.5,7016.25,4539
2026-01-12 14:10:00,7016.25,7017.0,7015.75,7016.5,3895
2026-01-12 14:15:00,7016.75,7018.25,7016.25,7017.75,3844
2026-01-12 14:20:00,7017.75,7018.75,7017.0,7018.0,4814
2026-01-12 14:25:00,7017.75,7018.25,7016.75,7017.25,2725
2026-01-12 14:30:00,7017.25,7022.75,7017.0,7021.0,13526
2026-01-12 14:35:00,7021.0,7021.0,7019.25,7020.0,4759
2026-01-12 14:40:00,7019.75,7021.0,7019.25,7020.5,3820
2026-01-12 14:45:00,7020.5,7022.25,7020.25,7022.25,4084
2026-01-12 14:50:00,7022.25,7023.5,7021.75,7022.75,4483
2026-01-12 14:55:00,7023.0,7024.5,7022.5,7024.0,5830
2026-01-12 15:00:00,7024.0,7025.25,7022.0,7022.5,7615
2026-01-12 15:05:00,7022.5,7023.75,7022.0,7022.75,3674
2026-01-12 15:10:00,7022.75,7023.0,7019.5,7020.5,6156
2026-01-12 15:15:00,7020.5,7020.75,7018.5,7019.0,7687
2026-01-12 15:20:00,7019.0,7019.5,7016.0,7017.0,8176
2026-01-12 15:25:00,7016.75,7018.5,7016.5,7017.5,6693
2026-01-12 15:30:00,7017.25,7018.75,7016.75,7018.25,5671
2026-01-12 15:35:00,7018.0,7018.0,7016.5,7017.25,4758
2026-01-12 15:40:00,7017.25,7018.0,7016.0,7017.5,6252
2026-01-12 15:45:00,7017.5,7020.0,7017.25,7019.5,12081
2026-01-12 15:50:00,7019.5,7021.75,7015.75,7020.5,21071
2026-01-12 15:55:00,7020.5,7020.75,7015.75,7016.0,58707
2026-01-12 16:00:00,7016.0,7017.0,7015.5,7016.25,14733
2026-01-12 16:05:00,7016.0,7017.5,7015.25,7016.0,4847
2026-01-12 16:10:00,7016.25,7017.0,7015.0,7016.5,4996
2026-01-12 16:15:00,7016.25,7016.5,7015.0,7015.0,2003
2026-01-12 16:20:00,7015.25,7016.75,7014.5,7016.5,4686
2026-01-12 16:25:00,7016.75,7018.75,7016.75,7018.0,2405
2026-01-12 16:30:00,7018.0,7018.0,7016.75,7017.25,1122
2026-01-12 16:35:00,7017.25,7017.5,7016.75,7016.75,959
2026-01-12 16:40:00,7016.75,7018.0,7016.75,7017.75,810
2026-01-12 16:45:00,7017.75,7018.0,7012.75,7013.0,5178
2026-01-12 16:50:00,7013.0,7013.0,7009.75,7010.5,5419
2026-01-12 16:55:00,7010.5,7012.5,7010.0,7011.5,2606
2026-01-12 18:00:00,7014.0,7014.0,7007.0,7008.0,0
2026-01-12 18:05:00,7008.0,7009.5,7006.75,7008.25,781
2026-01-12 18:10:00,7008.25,7010.75,7008.25,7010.0,933
2026-01-12 18:15:00,7010.0,7012.5,7010.0,7011.5,881
2026-01-12 18:20:00,7011.5,7012.5,7011.0,7012.0,378
2026-01-12 18:25:00,7011.75,7012.25,7010.0,7010.25,567
2026-01-12 18:30:00,7010.25,7011.0,7009.25,7010.5,451
2026-01-12 18:35:00,7010.5,7011.25,7009.75,7010.25,450
2026-01-12 18:40:00,7010.0,7010.25,7008.5,7009.75,469
2026-01-12 18:45:00,7009.5,7009.5,7007.25,7007.75,957
2026-01-12 18:50:00,7007.75,7008.0,7006.25,7006.75,664
2026-01-12 18:55:00,7006.5,7007.0,7005.5,7006.0,774
2026-01-12 19:00:00,7005.75,7006.25,7003.25,7004.0,1413
2026-01-12 19:05:00,7004.0,7005.5,7003.75,7005.25,650
2026-01-12 19:10:00,7005.25,7005.75,7003.5,7004.25,614
2026-01-12 19:15:00,7004.25,7007.0,7004.25,7006.5,648
2026-01-12 19:20:00,7006.5,7006.75,7005.25,7005.5,403
2026-01-12 19:25:00,7005.5,7006.0,7003.5,7004.0,633
2026-01-12 19:30:00,7003.75,7005.25,7002.5,7003.0,929
2026-01-12 19:35:00,7003.0,7003.75,7002.0,7002.25,676
2026-01-12 19:40:00,7002.25,7003.5,7002.25,7002.5,520
2026-01-12 19:45:00,7002.5,7003.75,7002.25,7003.25,403
2026-01-12 19:50:00,7003.25,7003.5,7002.0,7002.5,675
2026-01-12 19:55:00,7002.5,7003.5,7002.0,7002.25,557
2026-01-12 20:00:00,7002.25,7003.75,7002.0,7003.25,567
2026-01-12 20:05:00,7003.25,7003.5,7002.5,7002.75,397
2026-01-12 20:10:00,7002.75,7003.25,7001.75,7002.25,681
2026-01-12 20:15:00,7002.25,7003.0,7001.75,7002.75,455
2026-01-12 20:20:00,7003.0,7004.25,7002.5,7004.0,539
2026-01-12 20:25:00,7004.25,7004.25,7002.5,7002.75,442
2026-01-12 20:30:00,7002.5,7003.25,7001.5,7001.75,693
2026-01-12 20:35:00,7001.75,7002.0,6999.25,7000.0,1299
2026-01-12 20:40:00,7000.0,7000.75,6998.75,7000.5,987
2026-01-12 20:45:00,7000.5,7004.5,6999.5,7004.25,1109
2026-01-12 20:50:00,7004.25,7008.5,7004.0,7006.5,1967
2026-01-12 20:55:00,7006.25,7007.0,7005.25,7005.75,603
2026-01-12 21:00:00,7006.0,7008.0,7005.0,7008.0,856
2026-01-12 21:05:00,7007.75,7009.25,7007.0,7007.25,865
2026-01-12 21:10:00,7007.25,7009.25,7007.0,7008.25,713
2026-01-12 21:15:00,7008.25,7009.5,7006.5,7006.5,677
2026-01-12 21:20:00,7006.75,7007.5,7006.5,7006.75,535
2026-01-12 21:25:00,7006.5,7007.25,7006.0,7006.5,359
2026-01-12 21:30:00,7006.25,7007.0,7005.75,7006.25,199
2026-01-12 21:35:00,7006.5,7008.25,7006.5,7008.25,429
2026-01-12 21:40:00,7008.25,7009.0,7007.5,7007.75,315
2026-01-12 21:45:00,7007.75,7008.25,7007.5,7008.25,267
2026-01-12 21:50:00,7008.5,7008.5,7006.5,7007.25,232
2026-01-12 21:55:00,7007.0,7007.25,7006.25,7007.25,352
2026-01-12 22:00:00,7007.25,7007.25,7005.75,7007.0,443
2026-01-12 22:05:00,7007.0,7008.25,7006.75,7007.75,322
2026-01-12 22:10:00,7007.75,7009.0,7007.75,7008.25,353
2026-01-12 22:15:00,7008.25,7008.75,7007.5,7008.0,188
2026-01-12 22:20:00,7008.0,7009.5,7007.5,7009.0,294
2026-01-12 22:25:00,7009.25,7009.25,7008.0,7008.25,195
2026-01-12 22:30:00,7008.0,7008.25,7006.0,7006.25,442
2026-01-12 22:35:00,7006.25,7006.5,7005.5,7006.25,321
2026-01-12 22:40:00,7006.5,7006.75,7005.5,7006.25,258
2026-01-12 22:45:00,7006.0,7006.0,7004.75,7006.0,403
2026-01-12 22:50:00,7006.0,7006.0,7005.5,7006.0,189
2026-01-12 22:55:00,7006.0,7007.5,7005.75,7007.0,283
2026-01-12 23:00:00,7007.25,7007.25,7006.0,7006.5,289
2026-01-12 23:05:00,7006.5,7007.75,7006.25,7007.25,273
2026-01-12 23:10:00,7007.25,7007.75,7006.5,7007.0,185
2026-01-12 23:15:00,7007.0,7009.5,7006.75,7008.25,526
2026-01-12 23:20:00,7008.5,7008.75,7007.75,7007.75,262
2026-01-12 23:25:00,7007.75,7008.5,7007.0,7008.5,210
2026-01-12 23:30:00,7008.5,7008.5,7007.5,7008.0,164
2026-01-12 23:35:00,7008.0,7008.25,7007.25,7007.5,132
2026-01-12 23:40:00,7007.5,7007.5,7006.25,7006.5,182
2026-01-12 23:45:00,7006.5,7008.0,7006.0,7008.0,214
2026-01-12 23:50:00,7008.0,7009.0,7007.75,7008.5,229
2026-01-12 23:55:00,7008.5,7009.0,7008.5,7008.75,142
2026-01-13 00:05:00,7007.25,7007.5,7007.0,7007.5,544
2026-01-13 00:10:00,7007.25,7007.5,7006.5,7007.5,217
2026-01-13 00:15:00,7007.5,7008.75,7007.0,7008.25,181
2026-01-13 00:20:00,7008.25,7008.75,7008.0,7008.75,259
2026-01-13 00:25:00,7008.75,7010.5,7008.25,7010.5,564
2026-01-13 00:30:00,7010.5,7010.75,7007.75,7008.25,535
2026-01-13 00:35:00,7008.25,7008.5,7007.0,7008.0,295
2026-01-13 00:40:00,7008.25,7009.5,7007.75,7009.25,220
2026-01-13 00:45:00,7009.25,7009.5,7008.75,7009.0,215
2026-01-13 00:50:00,7009.0,7010.0,7009.0,7009.5,295
2026-01-13 00:55:00,7009.5,7010.5,7009.5,7009.75,230
2026-01-13 01:00:00,7009.75,7011.0,7009.5,7010.25,413
2026-01-13 01:05:00,7010.5,7010.75,7009.5,7010.25,327
2026-01-13 01:10:00,7010.0,7011.0,7010.0,7010.5,309
2026-01-13 01:15:00,7010.5,7010.75,7010.25,7010.75,117
2026-01-13 01:20:00,7010.5,7010.75,7010.5,7010.5,483
2026-01-13 01:25:00,7010.75,7011.25,7010.5,7010.75,354
2026-01-13 01:30:00,7011.0,7012.25,7010.0,7011.0,734
2026-01-13 01:35:00,7011.0,7011.25,7010.75,7011.0,194
2026-01-13 01:40:00,7010.75,7011.5,7010.0,7011.0,198
2026-01-13 01:45:00,7011.0,7012.0,7010.5,7012.0,192
2026-01-13 01:50:00,7012.0,7014.0,7012.0,7012.75,518
2026-01-13 01:55:00,7012.75,7013.0,7010.5,7011.0,426
2026-01-13 02:00:00,7011.25,7012.25,7010.0,7011.5,634
2026-01-13 02:05:00,7011.5,7012.0,7010.75,7010.75,260
2026-01-13 02:10:00,7011.0,7012.75,7010.25,7012.25,387
2026-01-13 02:15:00,7012.5,7013.0,7010.75,7010.75,351
2026-01-13 02:20:00,7011.0,7011.75,7009.0,7011.25,443
2026-01-13 02:25:00,7011.5,7012.5,7010.75,7011.25,366
2026-01-13 02:30:00,7011.25,7011.25,7009.75,7011.0,371
2026-01-13 02:35:00,7010.75,7011.0,7010.0,7010.0,125
2026-01-13 02:40:00,7010.0,7011.0,7009.5,7010.25,189
2026-01-13 02:45:00,7010.5,7011.75,7010.5,7011.0,234
2026-01-13 02:50:00,7011.0,7011.5,7010.5,7011.25,277
2026-01-13 02:55:00,7011.5,7012.0,7011.0,7011.0,350
2026-01-13 03:00:00,7011.0,7011.0,7009.25,7010.75,1441
2026-01-13 03:05:00,7010.5,7011.0,7009.25,7010.0,833
2026-01-13 03:10:00,7010.0,7010.0,7007.5,7008.0,712
2026-01-13 03:15:00,7007.75,7009.5,7007.5,7009.25,661
2026-01-13 03:20:00,7009.5,7010.5,7009.25,7009.75,505
2026-01-13 03:25:00,7010.0,7010.25,7008.25,7009.5,1158
2026-01-13 03:30:00,7009.5,7010.0,7006.0,7006.25,763
2026-01-13 03:35:00,7006.25,7007.5,7005.75,7007.25,670
2026-01-13 03:40:00,7007.25,7009.5,7006.5,7009.25,843
2026-01-13 03:45:00,7009.25,7009.25,7008.0,7008.25,533
2026-01-13 03:50:00,7008.25,7009.5,7008.0,7008.75,429
2026-01-13 03:55:00,7008.75,7009.25,7008.25,7008.5,529
2026-01-13 04:00:00,7008.75,7012.0,7008.75,7011.0,1383
2026-01-13 04:05:00,7011.0,7011.5,7009.75,7010.0,813
2026-01-13 04:10:00,7010.25,7011.25,7009.75,7010.75,537
2026-01-13 04:15:00,7010.75,7012.25,7010.75,7011.5,716
2026-01-13 04:20:00,7011.5,7011.75,7010.5,7010.5,378
2026-01-13 04:25:00,7010.75,7011.0,7009.75,7010.5,520
2026-01-13 04:30:00,7010.25,7010.75,7009.75,7010.25,290
2026-01-13 04:35:00,7010.25,7010.25,7009.25,7009.5,347
2026-01-13 04:40:00,7009.75,7009.75,7006.25,7007.0,809
2026-01-13 04:45:00,7006.75,7008.5,7005.75,7007.75,680
2026-01-13 04:50:00,7007.75,7009.25,7007.75,7008.5,364
2026-01-13 04:55:00,7008.75,7009.25,7007.75,7008.5,495
2026-01-13 05:00:00,7008.25,7008.75,7006.75,7006.75,440
2026-01-13 05:05:00,7006.75,7007.25,7005.25,7005.5,572
2026-01-13 05:10:00,7005.5,7006.5,7003.25,7003.25,772
2026-01-13 05:15:00,7003.5,7004.25,7002.5,7004.25,944
2026-01-13 05:20:00,7004.25,7005.5,7004.25,7005.5,746
2026-01-13 05:25:00,7005.5,7006.0,7004.25,7004.25,372
2026-01-13 05:30:00,7004.5,7006.5,7004.5,7005.25,618
2026-01-13 05:35:00,7005.25,7007.25,7005.0,7006.5,382
2026-01-13 05:40:00,7006.5,7006.5,7004.75,7004.75,408
2026-01-13 05:45:00,7004.75,7005.0,7004.25,7004.5,270
2026-01-13 05:50:00,7004.5,7006.5,7004.5,7005.25,545
2026-01-13 05:55:00,7005.0,7005.5,7004.75,7005.25,438
2026-01-13 06:00:00,7005.25,7005.75,7004.75,7005.25,371
2026-01-13 06:05:00,7005.0,7007.5,7005.0,7007.25,437
2026-01-13 06:10:00,7007.0,7007.25,7005.5,7006.0,302
2026-01-13 06:15:00,7006.0,7007.0,7005.5,7006.5,341
2026-01-13 06:20:00,7006.25,7007.25,7006.0,7006.5,575
2026-01-13 06:25:00,7006.5,7007.25,7005.5,7006.75,539
2026-01-13 06:30:00,7006.75,7007.0,7004.5,7005.0,648
2026-01-13 06:35:00,7005.0,7005.75,7004.75,7005.5,317
2026-01-13 06:40:00,7005.75,7006.0,7003.75,7004.5,1390
2026-01-13 06:45:00,7004.5,7008.25,7004.5,7008.0,1490
2026-01-13 06:50:00,7008.0,7009.25,7006.5,7009.0,1052
2026-01-13 06:55:00,7009.25,7010.25,7008.75,7010.25,835
2026-01-13 07:00:00,7010.25,7010.5,7008.0,7008.75,1102
2026-01-13 07:05:00,7008.5,7009.5,7008.25,7009.25,618
2026-01-13 07:10:00,7009.0,7010.5,7009.0,7009.75,983
2026-01-13 07:15:00,7009.75,7011.0,7009.25,7009.75,1007
2026-01-13 07:20:00,7009.5,7010.25,7009.25,7009.75,692
2026-01-13 07:25:00,7009.5,7010.75,7009.0,7010.5,652
2026-01-13 07:30:00,7010.5,7011.0,7009.5,7010.25,951
2026-01-13 07:35:00,7010.0,7011.25,7009.75,7010.5,699
2026-01-13 07:40:00,7010.75,7011.25,7010.25,7011.0,779
2026-01-13 07:45:00,7011.0,7011.0,7009.5,7009.5,1250
2026-01-13 07:50:00,7009.25,7010.25,7007.25,7007.5,1696
2026-01-13 07:55:00,7007.5,7007.75,7005.5,7006.5,1589
2026-01-13 08:00:00,7006.5,7008.5,7005.25,7008.25,1482
2026-01-13 08:05:00,7008.0,7009.0,7007.25,7008.0,849
2026-01-13 08:10:00,7008.25,7009.0,7007.25,7007.75,1195
2026-01-13 08:15:00,7007.75,7008.0,7006.25,7007.0,1080
2026-01-13 08:20:00,7007.0,7008.25,7005.25,7005.75,1952
2026-01-13 08:25:00,7005.75,7007.75,7005.25,7007.75,2072
2026-01-13 08:30:00,7007.75,7036.25,7004.75,7030.5,28644
2026-01-13 08:35:00,7030.5,7033.75,7019.75,7022.75,9453
2026-01-13 08:40:00,7022.5,7025.5,7022.0,7023.0,7921
2026-01-13 08:45:00,7023.25,7024.25,7017.0,7018.0,5571
2026-01-13 08:50:00,7018.25,7019.75,7013.0,7018.0,7489
2026-01-13 08:55:00,7018.0,7020.25,7014.25,7020.0,3911
2026-01-13 09:00:00,7019.75,7021.5,7017.75,7021.5,4227
2026-01-13 09:05:00,7021.5,7023.25,7020.25,7023.0,3267
2026-01-13 09:10:00,7023.0,7024.5,7021.0,7023.25,2643
2026-01-13 09:15:00,7023.5,7024.75,7022.0,7024.25,2009
2026-01-13 09:20:00,7024.0,7026.75,7024.0,7026.5,2637
2026-01-13 09:25:00,7026.5,7027.5,7018.0,7018.5,7067
2026-01-13 09:30:00,7018.5,7022.25,7016.25,7021.5,30322
2026-01-13 09:35:00,7021.75,7023.75,7016.5,7021.0,18560
2026-01-13 09:40:00,7021.25,7024.25,7012.0,7014.25,30877
2026-01-13 09:45:00,7014.25,7015.0,7007.25,7011.0,30882
2026-01-13 09:50:00,7011.0,7014.0,7005.5,7007.0,23522
2026-01-13 09:55:00,7007.0,7012.25,7005.0,7005.25,13778
2026-01-13 10:00:00,7005.25,7008.25,6994.5,7000.5,33163
2026-01-13 10:05:00,7000.5,7005.0,6997.5,6998.25,22470
2026-01-13 10:10:00,6998.0,6999.5,6995.0,6997.5,15903
2026-01-13 10:15:00,6997.25,6997.25,6990.0,6994.25,23428
2026-01-13 10:20:00,6994.0,6994.75,6985.25,6986.75,21239
2026-01-13 10:25:00,6987.0,6990.25,6983.5,6990.0,24023
2026-01-13 10:30:00,6989.75,6997.0,6988.25,6994.25,23741
2026-01-13 10:35:00,6994.0,7000.5,6992.75,6994.5,21367
2026-01-13 10:40:00,6994.75,6997.0,6992.25,6993.5,12921
2026-01-13 10:45:00,6993.5,6996.5,6988.75,6989.5,14563
2026-01-13 10:50:00,6989.5,6999.0,6989.0,6998.75,15130
2026-01-13 10:55:00,6999.0,7003.25,6997.5,7000.5,16026
2026-01-13 11:00:00,7000.25,7002.0,6998.25,6999.5,13822
2026-01-13 11:05:00,6999.5,7002.5,6998.25,7001.0,8696
2026-01-13 11:10:00,7001.0,7002.75,6999.5,7001.0,7370
2026-01-13 11:15:00,7001.25,7005.75,7001.0,7002.5,14284
2026-01-13 11:20:00,7002.5,7003.5,6999.5,7000.25,9800
2026-01-13 11:25:00,7000.25,7000.25,6986.75,6997.75,28421
2026-01-13 11:30:00,6997.5,7004.25,6995.25,7003.75,14262
2026-01-13 11:35:00,7003.75,7005.25,7000.5,7004.5,11100
2026-01-13 11:40:00,7004.75,7011.25,7003.25,7008.75,14180
2026-01-13 11:45:00,7008.75,7010.5,7006.25,7010.5,10791
2026-01-13 11:50:00,7010.5,7014.5,7010.25,7013.75,12720
2026-01-13 11:55:00,7013.75,7015.25,7011.75,7012.25,10959
2026-01-13 12:00:00,7012.5,7014.25,7011.0,7013.75,9280
2026-01-13 12:05:00,7013.75,7014.5,7009.75,7010.25,6101
2026-01-13 12:10:00,7010.25,7012.5,7009.0,7012.0,6612
2026-01-13 12:15:00,7012.0,7012.5,7002.25,7005.75,13247
2026-01-13 12:20:00,7005.75,7011.5,7004.25,7010.5,10021
2026-01-13 12:25:00,7010.5,7010.5,7005.5,7008.75,7764
2026-01-13 12:30:00,7008.5,7010.25,6997.5,7008.25,26829
2026-01-13 12:35:00,7008.0,7008.5,7004.25,7004.5,7456
2026-01-13 12:40:00,7004.25,7005.0,6999.0,7000.0,9398
2026-01-13 12:45:00,7000.0,7003.0,6998.0,7002.5,10619
2026-01-13 12:50:00,7002.5,7004.0,6994.75,6996.75,13911
2026-01-13 12:55:00,6996.75,6996.75,6988.0,6992.25,17865
2026-01-13 13:00:00,6992.0,6993.0,6987.0,6988.75,21271
2026-01-13 13:05:00,6988.75,6994.5,6988.5,6990.0,10478
2026-01-13 13:10:00,6989.75,6996.75,6988.0,6996.5,9615
2026-01-13 13:15:00,6996.5,6997.75,6994.0,6994.75,5915
2026-01-13 13:20:00,6994.5,6995.0,6989.5,6992.0,7093
2026-01-13 13:25:00,6992.25,6994.25,6990.25,6992.0,5258
2026-01-13 13:30:00,6992.0,6997.25,6990.25,6995.75,7818
2026-01-13 13:35:00,6995.75,6999.5,6995.75,6998.5,6843
2026-01-13 13:40:00,6998.75,6999.0,6993.5,6994.0,6708
2026-01-13 13:45:00,6994.25,6996.75,6992.25,6993.25,5793
2026-01-13 13:50:00,6993.25,6993.25,6988.25,6992.75,9727
2026-01-13 13:55:00,6992.5,6993.5,6988.5,6990.75,6508
2026-01-13 14:00:00,6991.0,6993.5,6986.5,6987.25,8903
2026-01-13 14:05:00,6987.25,6990.25,6985.5,6986.25,9036
2026-01-13 14:10:00,6986.5,6988.5,6985.0,6986.5,8297
2026-01-13 14:15:00,6986.75,6993.5,6986.25,6990.25,17726
2026-01-13 14:20:00,6990.25,6993.75,6988.75,6990.25,8777
2026-01-13 14:25:00,6990.5,6993.5,6988.0,6993.0,6403
2026-01-13 14:30:00,6992.75,6994.5,6991.0,6991.5,7441
2026-01-13 14:35:00,6991.5,6992.75,6990.0,6991.75,5232
2026-01-13 14:40:00,6991.75,6994.25,6991.25,6991.5,5622
2026-01-13 14:45:00,6991.75,6992.0,6988.5,6990.5,7061
2026-01-13 14:50:00,6990.5,6993.75,6990.25,6993.0,5650
2026-01-13 14:55:00,6993.25,6995.25,6991.0,6992.5,7875
2026-01-13 15:00:00,6992.25,6992.5,6988.25,6990.0,12218
2026-01-13 15:05:00,6989.75,6991.75,6988.75,6989.75,6993
2026-01-13 15:10:00,6989.5,6989.5,6986.25,6986.75,7178
2026-01-13 15:15:00,6986.75,6989.0,6986.25,6988.25,7552
2026-01-13 15:20:00,6988.0,6988.25,6985.0,6987.0,8388
2026-01-13 15:25:00,6986.75,6987.0,6982.5,6983.0,8648
2026-01-13 15:30:00,6983.0,6983.75,6976.75,6979.0,17918
2026-01-13 15:35:00,6979.25,6983.25,6977.0,6983.0,13637
2026-01-13 15:40:00,6983.25,6986.5,6983.25,6986.25,12944
2026-01-13 15:45:00,6986.0,6988.5,6983.5,6987.25,12944
2026-01-13 15:50:00,6987.25,6998.0,6985.25,6998.0,27298
2026-01-13 15:55:00,6998.0,7003.25,6995.75,7000.75,67992
2026-01-13 16:00:00,7000.75,7004.25,7000.75,7001.75,23078
2026-01-13 16:05:00,7001.75,7002.5,7000.75,7001.0,4575
2026-01-13 16:10:00,7001.0,7001.75,7000.0,7001.0,2889
2026-01-13 16:15:00,7001.0,7002.0,7000.5,7001.25,1651
2026-01-13 16:20:00,7001.25,7002.25,7000.5,7000.5,1336
2026-01-13 16:25:00,7000.75,7002.5,7000.5,7001.75,1561
2026-01-13 16:30:00,7001.75,7002.0,7000.5,7000.5,876
2026-01-13 16:35:00,7000.5,7001.75,7000.5,7000.5,1026
2026-01-13 16:40:00,7000.25,7001.0,6998.75,6998.75,1486
2026-01-13 16:45:00,6998.5,6999.25,6998.25,6999.0,1055
2026-01-13 16:50:00,6999.0,6999.5,6998.5,6999.25,1015
2026-01-13 16:55:00,6999.5,6999.75,6998.25,6999.25,1082
2026-01-13 18:00:00,6998.5,7001.25,6998.25,7000.5,0
2026-01-13 18:05:00,7000.5,7001.75,7000.5,7001.5,396
2026-01-13 18:10:00,7001.75,7001.75,6998.0,6999.75,582
2026-01-13 18:15:00,6999.75,7000.25,6998.0,6998.25,424
2026-01-13 18:20:00,6998.5,7000.0,6998.0,6998.5,303
2026-01-13 18:25:00,6998.75,6998.75,6996.75,6997.5,540
2026-01-13 18:30:00,6997.25,6999.0,6997.25,6998.5,282
2026-01-13 18:35:00,6998.25,6999.5,6997.5,6999.0,249
2026-01-13 18:40:00,6999.0,7000.25,6998.5,6998.75,239
2026-01-13 18:45:00,6998.75,6998.75,6997.25,6998.25,352
2026-01-13 18:50:00,6998.25,6998.5,6997.25,6998.0,214
2026-01-13 18:55:00,6998.0,6998.0,6997.25,6997.75,283
2026-01-13 19:00:00,6997.75,7001.0,6996.0,6999.25,1134
2026-01-13 19:05:00,6999.25,7001.0,6998.25,6999.75,548
2026-01-13 19:10:00,6999.75,7002.5,6999.25,7001.25,819
2026-01-13 19:15:00,7001.5,7001.75,7000.0,7001.25,387
2026-01-13 19:20:00,7001.0,7002.25,7001.0,7001.5,436
2026-01-13 19:25:00,7001.25,7002.25,7001.0,7002.25,435
2026-01-13 19:30:00,7002.25,7002.5,7000.5,7001.0,516
2026-01-13 19:35:00,7000.75,7001.0,7000.25,7000.25,397
2026-01-13 19:40:00,7000.5,7000.75,6999.25,7000.0,603
2026-01-13 19:45:00,7000.0,7000.75,6999.75,7000.25,297
2026-01-13 19:50:00,7000.25,7001.25,6999.5,7001.0,317
2026-01-13 19:55:00,7001.0,7001.25,6999.5,6999.5,301
2026-01-13 20:00:00,6999.25,7000.5,6998.75,6998.75,661
2026-01-13 20:05:00,6999.0,6999.75,6998.5,6998.5,431
2026-01-13 20:10:00,6998.75,6999.25,6996.5,6997.25,711
2026-01-13 20:15:00,6997.25,6999.5,6997.25,6999.25,400
2026-01-13 20:20:00,6999.25,7000.0,6999.0,6999.5,461
2026-01-13 20:25:00,6999.75,7000.0,6999.0,7000.0,283
2026-01-13 20:30:00,6999.75,7000.0,6997.25,6998.0,365
2026-01-13 20:35:00,6997.75,6998.0,6995.5,6996.75,797
2026-01-13 20:40:00,6996.75,6997.0,6995.5,6996.0,491
2026-01-13 20:45:00,6996.0,6996.25,6992.25,6993.25,849
2026-01-13 20:50:00,6993.25,6994.5,6992.75,6992.75,723
2026-01-13 20:55:00,6992.75,6993.0,6992.25,6992.75,597
2026-01-13 21:00:00,6992.75,6993.25,6992.0,6992.25,575
2026-01-13 21:05:00,6992.25,6993.25,6991.25,6991.5,534
2026-01-13 21:10:00,6991.75,6994.25,6991.0,6993.5,575
2026-01-13 21:15:00,6993.5,6994.75,6992.0,6992.0,531
2026-01-13 21:20:00,6992.0,6994.0,6992.0,6993.75,330
2026-01-13 21:25:00,6994.0,6995.25,6993.5,6994.75,375
2026-01-13 21:30:00,6995.0,6995.25,6994.0,6994.25,366
2026-01-13 21:35:00,6994.5,6994.5,6993.0,6993.75,283
2026-01-13 21:40:00,6993.75,6994.0,6993.0,6993.25,215
2026-01-13 21:45:00,6993.25,6994.25,6993.0,6993.75,209
2026-01-13 21:50:00,6994.0,6994.0,6993.5,6993.75,250
2026-01-13 21:55:00,6993.75,6995.0,6993.5,6994.75,403
2026-01-13 22:00:00,6994.75,6996.25,6994.5,6996.25,414
2026-01-13 22:05:00,6996.25,6997.5,6995.5,6996.75,419
2026-01-13 22:10:00,6996.75,6999.0,6996.5,6998.25,455
2026-01-13 22:15:00,6998.25,6998.5,6997.5,6998.25,215
2026-01-13 22:20:00,6998.25,6998.5,6997.75,6998.25,206
2026-01-13 22:25:00,6998.5,6998.75,6997.5,6998.25,341
2026-01-13 22:30:00,6998.5,7000.0,6998.25,6998.75,499
2026-01-13 22:35:00,6998.5,6999.5,6998.25,6998.5,262
2026-01-13 22:40:00,6998.75,7000.0,6998.75,6999.25,275
2026-01-13 22:45:00,6999.5,6999.5,6997.25,6997.5,259
2026-01-13 22:50:00,6997.25,6999.0,6997.25,6998.5,292
2026-01-13 22:55:00,6998.25,6999.0,6998.0,6998.5,349
2026-01-13 23:00:00,6998.25,6999.0,6997.75,6998.0,279
2026-01-13 23:05:00,6998.25,6998.5,6995.25,6995.5,516
2026-01-13 23:10:00,6995.5,6996.0,6995.0,6995.0,370
2026-01-13 23:15:00,6994.75,6995.0,6994.25,6994.75,281
2026-01-13 23:20:00,6994.75,6995.25,6994.5,6994.75,266
2026-01-13 23:25:00,6994.75,6995.0,6994.0,6994.75,218
2026-01-13 23:30:00,6994.5,6994.75,6994.0,6994.5,185
2026-01-13 23:35:00,6994.5,6994.5,6993.75,6993.75,193
2026-01-13 23:40:00,6993.75,6993.75,6993.0,6993.25,209
2026-01-13 23:45:00,6993.25,6993.25,6992.0,6992.25,364
2026-01-13 23:50:00,6992.25,6992.25,6989.75,6990.75,919
2026-01-13 23:55:00,6990.75,6991.25,6989.0,6990.5,663
2026-01-14 00:05:00,6990.25,6990.25,6989.5,6990.25,1186
2026-01-14 00:10:00,6990.0,6991.5,6989.5,6990.25,401
2026-01-14 00:15:00,6990.25,6990.5,6989.5,6990.25,301
2026-01-14 00:20:00,6990.5,6990.5,6988.75,6989.25,323
2026-01-14 00:25:00,6989.25,6989.25,6987.5,6988.5,630
2026-01-14 00:30:00,6988.25,6988.75,6987.5,6988.25,559
2026-01-14 00:35:00,6988.25,6989.5,6988.0,6988.0,455
2026-01-14 00:40:00,6988.25,6989.0,6987.5,6987.5,307
2026-01-14 00:45:00,6987.5,6987.5,6985.5,6985.5,751
2026-01-14 00:50:00,6985.5,6987.0,6985.5,6986.25,463
2026-01-14 00:55:00,6986.25,6987.0,6985.75,6986.25,426
2026-01-14 01:00:00,6986.25,6986.75,6984.5,6985.0,700
2026-01-14 01:05:00,6985.25,6986.0,6983.25,6985.0,837
2026-01-14 01:10:00,6985.0,6986.75,6985.0,6986.0,733
2026-01-14 01:15:00,6986.0,6986.25,6984.5,6985.0,451
2026-01-14 01:20:00,6984.75,6985.5,6984.0,6984.25,681
2026-01-14 01:25:00,6984.0,6986.0,6984.0,6984.75,756
2026-01-14 01:30:00,6985.0,6988.0,6985.0,6987.0,777
2026-01-14 01:35:00,6986.75,6987.0,6983.75,6985.0,590
2026-01-14 01:40:00,6985.0,6987.25,6984.75,6987.0,293
2026-01-14 01:45:00,6987.25,6987.5,6984.75,6985.75,1169
2026-01-14 01:50:00,6986.0,6986.75,6985.5,6986.25,436
2026-01-14 01:55:00,6986.25,6989.0,6986.25,6989.0,543
2026-01-14 02:00:00,6989.25,6990.0,6988.0,6988.0,769
2026-01-14 02:05:00,6988.5,6990.25,6988.25,6988.5,366
2026-01-14 02:10:00,6988.5,6989.5,6988.5,6989.0,253
2026-01-14 02:15:00,6989.0,6989.75,6987.5,6987.75,623
2026-01-14 02:20:00,6987.75,6989.75,6986.25,6988.25,615
2026-01-14 02:25:00,6988.5,6989.25,6988.0,6988.25,331
2026-01-14 02:30:00,6988.25,6990.0,6988.25,6989.25,263
2026-01-14 02:35:00,6989.25,6989.5,6988.75,6989.25,219
2026-01-14 02:40:00,6989.25,6990.25,6989.0,6989.5,274
2026-01-14 02:45:00,6989.5,6989.75,6988.5,6988.5,324
2026-01-14 02:50:00,6988.25,6989.25,6988.0,6988.25,382
2026-01-14 02:55:00,6988.25,6989.25,6987.5,6989.0,427
2026-01-14 03:00:00,6989.0,6992.25,6988.5,6991.0,1499
2026-01-14 03:05:00,6991.25,6991.5,6989.75,6990.75,645
2026-01-14 03:10:00,6991.0,6991.0,6989.5,6990.25,488
2026-01-14 03:15:00,6990.25,6991.25,6988.0,6988.25,1119
2026-01-14 03:20:00,6988.5,6990.75,6988.0,6990.5,777
2026-01-14 03:25:00,6990.5,6991.5,6989.0,6990.0,532
2026-01-14 03:30:00,6990.0,6990.25,6986.25,6987.25,1104
2026-01-14 03:35:00,6987.5,6989.0,6987.0,6988.5,449
2026-01-14 03:40:00,6988.25,6989.0,6985.75,6988.5,767
2026-01-14 03:45:00,6988.5,6988.5,6986.75,6986.75,644
2026-01-14 03:50:00,6986.75,6987.75,6986.25,6986.75,564
2026-01-14 03:55:00,6987.0,6990.5,6987.0,6989.75,522
2026-01-14 04:00:00,6989.75,6991.5,6988.75,6990.75,714
2026-01-14 04:05:00,6990.75,6992.25,6990.25,6992.25,606
2026-01-14 04:10:00,6992.25,6993.75,6991.75,6993.0,862
2026-01-14 04:15:00,6993.0,6994.0,6992.25,6993.0,606
2026-01-14 04:20:00,6993.25,6993.75,6992.75,6993.0,365
2026-01-14 04:25:00,6993.0,6993.5,6991.0,6991.75,699
2026-01-14 04:30:00,6992.0,6992.5,6990.75,6991.75,399
2026-01-14 04:35:00,6991.75,6992.5,6990.25,6991.25,697
2026-01-14 04:40:00,6991.5,6991.5,6988.75,6990.5,793
2026-01-14 04:45:00,6990.25,6990.75,6989.0,6989.5,358
2026-01-14 04:50:00,6989.5,6990.5,6986.75,6990.25,1026
2026-01-14 04:55:00,6990.25,6991.0,6989.5,6990.0,556
2026-01-14 05:00:00,6990.0,6990.0,6988.0,6988.5,660
2026-01-14 05:05:00,6988.25,6990.0,6988.25,6989.75,536
2026-01-14 05:10:00,6989.75,6990.25,6986.0,6987.25,1248
2026-01-14 05:15:00,6987.5,6987.5,6983.5,6984.0,861
2026-01-14 05:20:00,6983.75,6984.0,6975.0,6977.25,4378
2026-01-14 05:25:00,6977.0,6978.5,6975.0,6977.0,2608
2026-01-14 05:30:00,6977.0,6977.75,6971.25,6972.75,3723
2026-01-14 05:35:00,6972.75,6976.5,6971.25,6976.25,2853
2026-01-14 05:40:00,6976.0,6976.75,6973.25,6974.25,1339
2026-01-14 05:45:00,6974.25,6974.25,6970.25,6970.25,1806
2026-01-14 05:50:00,6970.5,6972.0,6967.25,6970.25,3143
2026-01-14 05:55:00,6970.75,6973.75,6970.0,6971.5,1452
2026-01-14 06:00:00,6971.25,6972.25,6968.25,6968.5,1574
2026-01-14 06:05:00,6968.5,6971.5,6966.25,6971.25,2828
2026-01-14 06:10:00,6971.0,6973.25,6969.0,6972.25,1480
2026-01-14 06:15:00,6972.25,6973.75,6971.5,6972.5,1144
2026-01-14 06:20:00,6972.75,6975.5,6972.75,6974.75,1203
2026-01-14 06:25:00,6975.0,6976.75,6975.0,6975.75,1438
2026-01-14 06:30:00,6975.75,6977.5,6975.0,6975.75,968
2026-01-14 06:35:00,6975.75,6975.75,6973.5,6974.5,815
2026-01-14 06:40:00,6974.75,6975.25,6972.0,6972.75,1488
2026-01-14 06:45:00,6973.0,6975.0,6972.25,6974.5,795
2026-01-14 06:50:00,6974.5,6974.5,6972.25,6973.0,552
2026-01-14 06:55:00,6973.25,6975.0,6971.25,6972.25,1152
2026-01-14 07:00:00,6972.25,6973.5,6963.5,6969.75,6096
2026-01-14 07:05:00,6969.5,6972.75,6968.25,6971.5,1357
2026-01-14 07:10:00,6971.5,6974.25,6970.75,6974.0,1107
2026-01-14 07:15:00,6973.75,6975.5,6973.5,6975.25,774
2026-01-14 07:20:00,6975.25,6979.75,6975.25,6979.5,1850
2026-01-14 07:25:00,6979.25,6979.5,6977.25,6978.25,987
2026-01-14 07:30:00,6978.0,6980.75,6977.75,6980.5,1692
2026-01-14 07:35:00,6980.5,6981.25,6979.25,6979.5,884
2026-01-14 07:40:00,6979.5,6979.75,6977.25,6978.0,1199
2026-01-14 07:45:00,6978.25,6978.5,6975.25,6975.5,1090
2026-01-14 07:50:00,6975.5,6977.0,6974.75,6976.0,975
2026-01-14 07:55:00,6976.0,6977.0,6975.75,6976.0,803
2026-01-14 08:00:00,6976.0,6976.75,6972.75,6973.25,2427
2026-01-14 08:05:00,6973.0,6975.25,6971.25,6975.0,2277
2026-01-14 08:10:00,6975.0,6975.75,6972.5,6972.5,1374
2026-01-14 08:15:00,6972.25,6977.0,6971.75,6974.5,2688
2026-01-14 08:20:00,6974.5,6978.5,6970.5,6978.25,3873
2026-01-14 08:25:00,6978.0,6979.25,6976.5,6978.5,1350
2026-01-14 08:30:00,6978.75,6980.75,6971.75,6973.75,3526
2026-01-14 08:35:00,6973.5,6974.5,6971.0,6973.5,3115
2026-01-14 08:40:00,6973.5,6974.5,6969.5,6969.5,2256
2026-01-14 08:45:00,6969.5,6970.75,6967.0,6968.25,2833
2026-01-14 08:50:00,6968.5,6973.0,6968.25,6972.0,1876
2026-01-14 08:55:00,6972.0,6972.5,6969.75,6970.75,1551
2026-01-14 09:00:00,6970.75,6974.5,6970.75,6973.5,2607
2026-01-14 09:05:00,6973.75,6974.25,6969.25,6971.5,2120
2026-01-14 09:10:00,6971.25,6972.75,6969.75,6972.5,1722
2026-01-14 09:15:00,6972.5,6975.0,6972.0,6972.0,3134
2026-01-14 09:20:00,6972.0,6972.75,6969.75,6970.5,1818
2026-01-14 09:25:00,6970.75,6974.0,6969.5,6972.25,6789
2026-01-14 09:30:00,6972.5,6979.75,6960.5,6978.0,46221
2026-01-14 09:35:00,6978.0,6979.25,6965.5,6968.0,30202
2026-01-14 09:40:00,6968.25,6972.25,6956.0,6957.5,34109
2026-01-14 09:45:00,6957.25,6966.75,6952.5,6963.25,31486
2026-01-14 09:50:00,6963.25,6963.75,6954.75,6959.0,24720
2026-01-14 09:55:00,6959.0,6959.5,6948.25,6949.25,24044
2026-01-14 10:00:00,6949.25,6949.25,6938.25,6944.5,39995
2026-01-14 10:05:00,6944.75,6951.5,6942.25,6950.75,27498
2026-01-14 10:10:00,6951.0,6968.5,6946.0,6968.0,39747
2026-01-14 10:15:00,6968.0,6971.25,6962.25,6964.0,29636
2026-01-14 10:20:00,6964.0,6966.5,6958.0,6960.75,22589
2026-01-14 10:25:00,6961.0,6962.25,6949.25,6949.75,19200
2026-01-14 10:30:00,6949.5,6949.5,6942.0,6943.25,28673
2026-01-14 10:35:00,6943.5,6949.5,6941.0,6949.25,23618
2026-01-14 10:40:00,6949.25,6952.5,6938.5,6940.0,21952
2026-01-14 10:45:00,6940.0,6942.25,6927.75,6928.5,29747
2026-01-14 10:50:00,6928.25,6932.5,6926.5,6932.5,23893
2026-01-14 10:55:00,6932.25,6937.0,6931.75,6933.5,20087
2026-01-14 11:00:00,6933.5,6938.0,6932.5,6937.5,16527
2026-01-14 11:05:00,6937.75,6938.25,6931.75,6933.75,13463
2026-01-14 11:10:00,6933.75,6937.75,6931.5,6935.75,10587
2026-01-14 11:15:00,6936.0,6939.25,6934.75,6938.75,10925
2026-01-14 11:20:00,6938.75,6951.0,6938.75,6950.25,19340
2026-01-14 11:25:00,6950.5,6955.75,6948.5,6953.75,21127
2026-01-14 11:30:00,6954.0,6957.0,6948.5,6950.25,23603
2026-01-14 11:35:00,6950.0,6950.0,6942.25,6946.25,16464
2026-01-14 11:40:00,6946.0,6946.0,6937.25,6937.25,13897
2026-01-14 11:45:00,6937.25,6937.5,6929.75,6930.75,19134
2026-01-14 11:50:00,6930.75,6930.75,6923.75,6926.5,23649
2026-01-14 11:55:00,6926.25,6928.5,6923.25,6928.0,17223
2026-01-14 12:00:00,6927.75,6933.25,6925.25,6927.75,16923
2026-01-14 12:05:00,6927.75,6935.25,6927.25,6934.75,10770
2026-01-14 12:10:00,6935.0,6935.5,6931.5,6934.25,9787
2026-01-14 12:15:00,6934.25,6934.25,6924.25,6927.5,15642
2026-01-14 12:20:00,6927.75,6930.5,6924.25,6930.25,10693
2026-01-14 12:25:00,6930.5,6935.25,6929.25,6933.0,11704
2026-01-14 12:30:00,6933.0,6933.0,6924.5,6925.0,14005
2026-01-14 12:35:00,6925.25,6929.75,6924.75,6927.5,10027
2026-01-14 12:40:00,6927.5,6931.5,6927.25,6931.0,8539
2026-01-14 12:45:00,6931.0,6936.75,6930.75,6934.0,11379
2026-01-14 12:50:00,6933.75,6934.0,6923.75,6927.0,13742
2026-01-14 12:55:00,6927.0,6929.25,6924.75,6928.25,9299
2026-01-14 13:00:00,6928.25,6934.25,6927.0,6933.5,10762
2026-01-14 13:05:00,6933.25,6934.75,6930.25,6933.5,9453
2026-01-14 13:10:00,6933.25,6936.5,6930.75,6935.5,9526
2026-01-14 13:15:00,6935.5,6936.0,6930.75,6932.75,9819
2026-01-14 13:20:00,6932.75,6936.25,6932.25,6933.75,7846
2026-01-14 13:25:00,6933.75,6938.5,6931.25,6938.0,10194
2026-01-14 13:30:00,6938.0,6940.5,6928.25,6930.0,16685
2026-01-14 13:35:00,6930.0,6931.25,6924.75,6926.75,12322
2026-01-14 13:40:00,6926.5,6931.25,6926.5,6930.75,9084
2026-01-14 13:45:00,6930.75,6935.75,6930.0,6933.25,10355
2026-01-14 13:50:00,6933.25,6942.5,6932.75,6940.0,15076
2026-01-14 13:55:00,6940.25,6944.5,6938.0,6943.5,10828
2026-01-14 14:00:00,6943.25,6944.25,6940.25,6941.5,14557
2026-01-14 14:05:00,6941.5,6942.25,6938.5,6940.75,8432
2026-01-14 14:10:00,6940.5,6942.75,6938.25,6942.25,6474
2026-01-14 14:15:00,6942.0,6944.0,6939.75,6943.75,7958
2026-01-14 14:20:00,6943.5,6945.5,6941.25,6943.5,8116
2026-01-14 14:25:00,6943.25,6944.75,6941.0,6943.75,7940
2026-01-14 14:30:00,6943.75,6946.0,6941.5,6942.25,9391
2026-01-14 14:35:00,6942.25,6944.75,6940.0,6944.5,7352
2026-01-14 14:40:00,6944.25,6946.0,6942.5,6943.75,8014
2026-01-14 14:45:00,6943.75,6946.25,6942.25,6945.25,5993
2026-01-14 14:50:00,6945.25,6948.5,6944.0,6944.5,10829
2026-01-14 14:55:00,6944.5,6945.75,6941.75,6943.25,10040
2026-01-14 15:00:00,6943.0,6949.5,6935.5,6946.5,45436
2026-01-14 15:05:00,6946.25,6960.0,6945.75,6954.75,32102
2026-01-14 15:10:00,6954.5,6957.75,6949.75,6950.25,16459
2026-01-14 15:15:00,6950.25,6951.5,6944.5,6948.75,16246
2026-01-14 15:20:00,6948.75,6952.5,6946.25,6952.25,13518
2026-01-14 15:25:00,6952.0,6954.5,6949.25,6954.5,10483
2026-01-14 15:30:00,6954.5,6964.75,6954.0,6962.5,22584
2026-01-14 15:35:00,6962.5,6967.5,6961.25,6965.25,20043
2026-01-14 15:40:00,6965.0,6967.0,6954.0,6954.5,17008
2026-01-14 15:45:00,6954.5,6956.0,6949.5,6950.0,18110
2026-01-14 15:50:00,6950.0,6960.75,6949.5,6960.0,29928
2026-01-14 15:55:00,6960.0,6970.25,6959.75,6968.0,91976
2026-01-14 16:00:00,6968.0,6970.75,6966.25,6968.0,27418
2026-01-14 16:05:00,6968.0,6968.5,6961.5,6961.5,7236
2026-01-14 16:10:00,6961.5,6964.75,6960.5,6964.5,4473
2026-01-14 16:15:00,6964.5,6964.75,6961.75,6961.75,1787
2026-01-14 16:20:00,6962.0,6963.5,6960.5,6961.5,2627
2026-01-14 16:25:00,6961.75,6962.75,6960.75,6961.5,2591
2026-01-14 16:30:00,6961.5,6962.0,6960.5,6960.75,1340
2026-01-14 16:35:00,6960.75,6960.75,6958.25,6958.75,3452
2026-01-14 16:40:00,6958.75,6960.75,6958.25,6960.0,1453
2026-01-14 16:45:00,6960.0,6961.25,6959.75,6961.25,890
2026-01-14 16:50:00,6961.25,6963.5,6945.0,6947.75,7630
2026-01-14 16:55:00,6947.75,6960.75,6946.75,6960.0,5525
2026-01-14 18:00:00,6955.75,6961.0,6954.25,6959.75,0
2026-01-14 18:05:00,6959.75,6960.75,6953.25,6956.75,1112
2026-01-14 18:10:00,6956.75,6958.75,6956.25,6957.0,582
2026-01-14 18:15:00,6957.0,6960.0,6951.5,6951.75,879
2026-01-14 18:20:00,6951.75,6953.25,6949.5,6951.5,1172
2026-01-14 18:25:00,6951.5,6958.25,6951.0,6957.75,978
2026-01-14 18:30:00,6957.75,6959.75,6956.25,6959.0,823
2026-01-14 18:35:00,6959.0,6960.0,6956.75,6958.75,568
2026-01-14 18:40:00,6958.75,6958.75,6955.75,6956.75,388
2026-01-14 18:45:00,6957.0,6958.5,6956.5,6958.5,333
2026-01-14 18:50:00,6958.75,6959.75,6958.0,6958.75,319
2026-01-14 18:55:00,6959.0,6961.25,6959.0,6959.75,533
2026-01-14 19:00:00,6959.75,6960.0,6958.0,6959.25,690
2026-01-14 19:05:00,6959.5,6960.0,6957.75,6958.5,1133
2026-01-14 19:10:00,6958.25,6959.25,6958.0,6958.5,347
2026-01-14 19:15:00,6958.25,6959.5,6957.25,6957.75,370
2026-01-14 19:20:00,6957.5,6958.5,6956.0,6957.5,487
2026-01-14 19:25:00,6957.5,6957.5,6955.5,6957.25,416
2026-01-14 19:30:00,6957.25,6958.5,6957.0,6958.0,355
2026-01-14 19:35:00,6958.0,6958.5,6957.25,6958.25,292
2026-01-14 19:40:00,6958.25,6958.75,6958.0,6958.75,218
2026-01-14 19:45:00,6958.75,6960.0,6958.0,6958.5,650
2026-01-14 19:50:00,6958.5,6958.75,6956.0,6957.25,390
2026-01-14 19:55:00,6957.5,6958.5,6956.0,6958.25,700
2026-01-14 20:00:00,6958.25,6965.25,6957.75,6964.25,2177
2026-01-14 20:05:00,6964.25,6964.75,6961.5,6963.5,782
2026-01-14 20:10:00,6963.5,6964.25,6961.5,6961.5,434
2026-01-14 20:15:00,6961.5,6961.75,6959.25,6960.0,792
2026-01-14 20:20:00,6960.25,6961.75,6959.25,6960.5,524
2026-01-14 20:25:00,6960.5,6962.25,6959.75,6960.75,523
2026-01-14 20:30:00,6960.5,6961.0,6952.5,6954.0,1828
2026-01-14 20:35:00,6954.0,6958.75,6953.25,6958.5,1250
2026-01-14 20:40:00,6958.5,6962.0,6958.25,6960.25,1301
2026-01-14 20:45:00,6960.25,6963.25,6960.0,6962.0,637
2026-01-14 20:50:00,6962.0,6962.5,6961.5,6962.25,300
2026-01-14 20:55:00,6962.25,6964.75,6962.25,6964.0,796
2026-01-14 21:00:00,6964.25,6964.5,6963.0,6963.75,480
2026-01-14 21:05:00,6964.0,6964.0,6962.25,6963.5,421
2026-01-14 21:10:00,6963.25,6964.0,6963.0,6964.0,457
2026-01-14 21:15:00,6963.75,6964.75,6962.0,6962.25,476
2026-01-14 21:20:00,6962.25,6962.25,6960.25,6960.5,454
2026-01-14 21:25:00,6960.5,6962.0,6960.0,6960.25,374
2026-01-14 21:30:00,6960.5,6961.0,6959.75,6960.25,411
2026-01-14 21:35:00,6960.25,6960.75,6958.0,6958.5,363
2026-01-14 21:40:00,6958.75,6960.75,6958.75,6959.25,238
2026-01-14 21:45:00,6959.5,6960.25,6958.0,6959.75,323
2026-01-14 21:50:00,6960.0,6961.0,6959.75,6960.75,298
2026-01-14 21:55:00,6960.75,6961.5,6960.0,6960.25,226
2026-01-14 22:00:00,6960.25,6961.75,6960.25,6961.25,286
2026-01-14 22:05:00,6961.5,6962.25,6961.25,6962.0,183
2026-01-14 22:10:00,6962.25,6963.25,6961.25,6961.5,301
2026-01-14 22:15:00,6961.25,6962.75,6960.5,6962.25,351
2026-01-14 22:20:00,6962.0,6962.75,6960.5,6961.25,384
2026-01-14 22:25:00,6961.25,6961.25,6958.5,6958.75,499
2026-01-14 22:30:00,6958.75,6959.75,6957.0,6959.5,723
2026-01-14 22:35:00,6959.5,6961.75,6958.5,6958.75,589
2026-01-14 22:40:00,6958.75,6960.5,6958.5,6958.75,352
2026-01-14 22:45:00,6959.0,6959.25,6957.25,6958.75,592
2026-01-14 22:50:00,6959.0,6959.0,6956.25,6957.25,486
2026-01-14 22:55:00,6957.25,6957.75,6956.25,6956.75,272
2026-01-14 23:00:00,6956.75,6957.75,6956.0,6957.25,403
2026-01-14 23:05:00,6957.25,6958.75,6956.5,6958.0,438
2026-01-14 23:10:00,6958.0,6959.0,6957.5,6958.75,315
2026-01-14 23:15:00,6958.5,6959.0,6957.75,6957.75,227
2026-01-14 23:20:00,6957.75,6959.75,6957.0,6959.5,639
2026-01-14 23:25:00,6959.75,6960.25,6958.25,6958.5,335
2026-01-14 23:30:00,6958.75,6959.0,6956.5,6959.0,638
2026-01-14 23:35:00,6958.75,6959.25,6958.0,6958.5,389
2026-01-14 23:40:00,6958.5,6958.75,6957.0,6957.75,295
2026-01-14 23:45:00,6958.0,6958.0,6957.0,6957.25,198
2026-01-14 23:50:00,6957.25,6957.5,6955.5,6956.25,338
2026-01-14 23:55:00,6956.0,6957.25,6955.75,6957.25,191
2026-01-15 00:05:00,6960.75,6961.25,6960.25,6961.25,980
2026-01-15 00:10:00,6961.25,6962.75,6960.75,6962.0,1010
2026-01-15 00:15:00,6962.0,6964.0,6962.0,6963.75,478
2026-01-15 00:20:00,6963.75,6963.75,6962.0,6962.25,356
2026-01-15 00:25:00,6962.5,6963.25,6961.75,6962.75,616
2026-01-15 00:30:00,6963.0,6966.25,6962.25,6962.75,2414
2026-01-15 00:35:00,6962.75,6964.75,6961.5,6963.25,672
2026-01-15 00:40:00,6963.5,6966.25,6963.0,6966.25,458
2026-01-15 00:45:00,6966.25,6968.25,6966.25,6968.0,767
2026-01-15 00:50:00,6967.75,6967.75,6965.0,6965.25,631
2026-01-15 00:55:00,6965.25,6966.5,6962.75,6963.25,638
2026-01-15 01:00:00,6963.25,6964.5,6961.25,6964.5,772
2026-01-15 01:05:00,6964.5,6965.5,6963.5,6964.0,338
2026-01-15 01:10:00,6964.0,6969.25,6964.0,6967.5,1652
2026-01-15 01:15:00,6967.5,6976.5,6967.5,6975.75,3393
2026-01-15 01:20:00,6975.5,6976.75,6973.5,6976.25,2115
2026-01-15 01:25:00,6976.5,6977.75,6973.0,6973.25,906
2026-01-15 01:30:00,6973.5,6974.0,6971.0,6971.75,823
2026-01-15 01:35:00,6971.75,6972.75,6970.5,6972.75,927
2026-01-15 01:40:00,6972.75,6977.0,6972.75,6977.0,792
2026-01-15 01:45:00,6977.0,6977.0,6974.0,6976.5,682
2026-01-15 01:50:00,6976.5,6976.75,6975.0,6975.75,405
2026-01-15 01:55:00,6975.75,6976.25,6973.75,6973.75,422
2026-01-15 02:00:00,6973.75,6975.25,6972.75,6973.0,932
2026-01-15 02:05:00,6973.0,6973.75,6971.0,6972.75,505
2026-01-15 02:10:00,6973.0,6973.75,6971.75,6971.75,329
2026-01-15 02:15:00,6972.0,6972.75,6969.5,6970.75,557
2026-01-15 02:20:00,6970.75,6972.25,6969.75,6971.75,487
2026-01-15 02:25:00,6971.75,6972.5,6969.75,6970.0,724
2026-01-15 02:30:00,6970.0,6972.25,6969.25,6971.5,593
2026-01-15 02:35:00,6971.5,6973.0,6970.25,6971.0,550
2026-01-15 02:40:00,6971.0,6972.25,6970.0,6971.0,782
2026-01-15 02:45:00,6971.0,6971.25,6969.75,6970.75,738
2026-01-15 02:50:00,6971.0,6972.5,6970.5,6970.75,803
2026-01-15 02:55:00,6970.75,6973.0,6969.5,6971.75,1337
2026-01-15 03:00:00,6971.75,6972.5,6968.25,6969.75,2043
2026-01-15 03:05:00,6969.75,6975.75,6969.75,6975.75,1510
2026-01-15 03:10:00,6975.75,6979.75,6974.25,6975.0,3075
2026-01-15 03:15:00,6975.25,6977.25,6973.5,6974.25,1397
2026-01-15 03:20:00,6974.25,6977.5,6974.25,6975.5,1316
2026-01-15 03:25:00,6975.5,6975.5,6973.25,6973.75,833
2026-01-15 03:30:00,6973.5,6976.0,6973.5,6975.75,678
2026-01-15 03:35:00,6975.5,6976.75,6974.25,6975.75,599
2026-01-15 03:40:00,6976.0,6978.0,6975.75,6977.75,773
2026-01-15 03:45:00,6977.75,6978.0,6974.75,6975.25,652
2026-01-15 03:50:00,6975.25,6977.5,6974.75,6976.5,737
2026-01-15 03:55:00,6977.0,6978.75,6976.25,6978.0,888
2026-01-15 04:00:00,6978.25,6980.75,6977.25,6979.25,1891
2026-01-15 04:05:00,6979.5,6982.0,6979.25,6981.75,950
2026-01-15 04:10:00,6982.0,6985.5,6982.0,6985.25,1674
2026-01-15 04:15:00,6985.5,6985.5,6983.25,6984.0,2127
2026-01-15 04:20:00,6984.0,6987.5,6984.0,6987.25,1488
2026-01-15 04:25:00,6987.25,6989.5,6987.25,6988.25,1155
2026-01-15 04:30:00,6988.0,6991.25,6988.0,6990.0,1725
2026-01-15 04:35:00,6990.25,6992.5,6989.75,6992.25,1167
2026-01-15 04:40:00,6992.5,6992.75,6990.5,6992.0,1168
2026-01-15 04:45:00,6992.0,6992.25,6991.0,6992.0,874
2026-01-15 04:50:00,6992.0,6992.5,6989.25,6991.0,905
2026-01-15 04:55:00,6990.75,6990.75,6987.25,6988.25,1429
2026-01-15 05:00:00,6988.25,6989.5,6987.75,6988.25,1133
2026-01-15 05:05:00,6988.25,6990.0,6986.75,6988.25,1303
2026-01-15 05:10:00,6988.5,6990.75,6988.5,6990.5,805
2026-01-15 05:15:00,6990.5,6990.75,6989.0,6989.75,711
2026-01-15 05:20:00,6990.0,6990.25,6987.0,6987.25,835
2026-01-15 05:25:00,6987.25,6989.25,6986.75,6988.75,1571
2026-01-15 05:30:00,6988.5,6990.0,6987.75,6990.0,717
2026-01-15 05:35:00,6990.0,6990.25,6988.0,6988.5,411
2026-01-15 05:40:00,6988.75,6990.75,6988.5,6990.5,555
2026-01-15 05:45:00,6990.75,6991.5,6989.5,6991.0,781
2026-01-15 05:50:00,6990.75,6991.5,6989.75,6991.0,650
2026-01-15 05:55:00,6991.0,6991.0,6988.75,6989.5,542
2026-01-15 06:00:00,6989.5,6992.0,6989.25,6991.0,925
2026-01-15 06:05:00,6990.75,6991.75,6990.0,6990.25,796
2026-01-15 06:10:00,6990.0,6992.75,6990.0,6992.5,883
2026-01-15 06:15:00,6992.5,6992.75,6991.0,6992.5,1048
2026-01-15 06:20:00,6992.5,6993.5,6990.5,6991.25,1463
2026-01-15 06:25:00,6991.25,6993.0,6990.25,6990.75,1134
2026-01-15 06:30:00,6990.75,6992.5,6990.25,6992.25,784
2026-01-15 06:35:00,6992.5,6993.25,6990.75,6991.0,664
2026-01-15 06:40:00,6991.0,6992.0,6989.5,6990.75,854
2026-01-15 06:45:00,6990.75,6992.0,6990.5,6991.75,749
2026-01-15 06:50:00,6992.0,6993.5,6990.75,6991.75,989
2026-01-15 06:55:00,6991.75,6991.75,6990.25,6990.75,692
2026-01-15 07:00:00,6990.75,6991.5,6988.75,6989.75,1569
2026-01-15 07:05:00,6989.5,6990.0,6988.5,6989.75,769
2026-01-15 07:10:00,6989.75,6990.25,6988.25,6989.0,812
2026-01-15 07:15:00,6989.0,6990.0,6987.75,6988.75,1493
2026-01-15 07:20:00,6988.75,6989.25,6988.0,6988.75,1209
2026-01-15 07:25:00,6988.75,6990.25,6987.5,6989.25,2946
2026-01-15 07:30:00,6989.5,6990.75,6988.75,6989.0,1078
2026-01-15 07:35:00,6988.75,6990.0,6987.5,6988.5,1148
2026-01-15 07:40:00,6988.5,6990.5,6987.5,6990.5,754
2026-01-15 07:45:00,6990.5,6991.25,6989.5,6991.0,1006
2026-01-15 07:50:00,6991.0,6994.0,6990.5,6992.25,1948
2026-01-15 07:55:00,6992.5,6992.75,6989.5,6992.75,2106
2026-01-15 08:00:00,6992.5,6994.25,6989.25,6994.25,2701
2026-01-15 08:05:00,6994.25,6994.75,6992.25,6994.5,2132
2026-01-15 08:10:00,6994.5,6995.5,6993.0,6993.25,1631
2026-01-15 08:15:00,6993.25,6994.5,6992.25,6993.5,904
2026-01-15 08:20:00,6993.25,6994.5,6992.5,6994.5,1043
2026-01-15 08:25:00,6994.5,6997.0,6993.25,6996.0,2106
2026-01-15 08:30:00,6996.0,6999.5,6992.75,6996.75,5475
2026-01-15 08:35:00,6997.0,7000.75,6996.5,6997.25,4917
2026-01-15 08:40:00,6997.5,7000.5,6997.5,6999.5,2603
2026-01-15 08:45:00,6999.5,7001.5,6999.25,7000.25,3170
2026-01-15 08:50:00,7000.25,7002.0,6997.75,6999.5,2288
2026-01-15 08:55:00,6999.5,6999.5,6997.5,6998.25,1686
2026-01-15 09:00:00,6998.25,7001.5,6997.0,7001.25,2845
2026-01-15 09:05:00,7001.25,7002.25,7000.25,7001.75,3299
2026-01-15 09:10:00,7001.5,7004.0,7000.25,7000.5,2811
2026-01-15 09:15:00,7000.5,7003.5,6999.75,7003.25,2288
2026-01-15 09:20:00,7003.25,7007.5,7003.25,7007.25,4141
2026-01-15 09:25:00,7007.25,7011.25,7006.25,7009.0,11722
2026-01-15 09:30:00,7009.0,7009.75,7002.75,7005.75,45177
2026-01-15 09:35:00,7006.0,7007.25,7000.0,7003.25,23065
2026-01-15 09:40:00,7003.5,7007.75,6998.0,7003.25,29296
2026-01-15 09:45:00,7003.5,7008.5,7001.0,7005.25,19856
2026-01-15 09:50:00,7005.25,7005.5,6994.5,7003.0,27439
2026-01-15 09:55:00,7003.0,7005.25,6998.75,6998.75,16965
2026-01-15 10:00:00,6999.0,7003.25,6997.75,6999.5,17784
2026-01-15 10:05:00,6999.5,7002.0,6995.25,7001.5,15349
2026-01-15 10:10:00,7001.75,7004.75,6997.5,7002.75,15668
2026-01-15 10:15:00,7002.75,7006.0,6999.25,7003.0,13325
2026-01-15 10:20:00,7003.25,7010.0,7001.0,7007.25,13649
2026-01-15 10:25:00,7007.5,7008.0,6999.0,7002.0,17157
2026-01-15 10:30:00,7002.25,7009.0,7001.5,7008.5,14455
2026-01-15 10:35:00,7008.5,7012.0,7006.5,7009.0,17065
2026-01-15 10:40:00,7009.25,7011.0,7001.25,7001.75,14480
2026-01-15 10:45:00,7001.5,7003.25,6995.0,6995.0,25628
2026-01-15 10:50:00,6995.25,6998.75,6992.5,6996.25,19355
2026-01-15 10:55:00,6996.5,7008.5,6993.0,7007.25,27819
2026-01-15 11:00:00,7007.25,7011.5,7006.0,7011.0,15679
2026-01-15 11:05:00,7011.0,7011.25,7007.0,7009.5,10927
2026-01-15 11:10:00,7009.25,7009.5,7006.25,7007.75,7541
2026-01-15 11:15:00,7007.75,7012.0,7006.25,7011.5,8109
2026-01-15 11:20:00,7011.5,7014.5,7009.0,7013.5,10038
2026-01-15 11:25:00,7013.25,7013.25,7008.25,7011.0,9794
2026-01-15 11:30:00,7010.75,7013.0,7008.5,7008.75,8659
2026-01-15 11:35:00,7008.75,7012.0,7007.5,7011.5,8550
2026-01-15 11:40:00,7011.75,7013.25,7010.25,7012.25,6111
2026-01-15 11:45:00,7012.5,7014.75,7009.75,7014.0,7578
2026-01-15 11:50:00,7014.0,7016.5,7012.0,7013.75,9840
2026-01-15 11:55:00,7013.75,7014.0,7011.5,7013.25,6013
2026-01-15 12:00:00,7013.25,7017.0,7011.75,7016.5,8531
2026-01-15 12:05:00,7016.5,7017.25,7014.75,7016.25,5300
2026-01-15 12:10:00,7016.25,7016.25,7012.25,7012.75,5867
2026-01-15 12:15:00,7012.75,7013.5,7009.75,7013.25,8984
2026-01-15 12:20:00,7013.25,7013.75,7010.5,7011.25,5501
2026-01-15 12:25:00,7011.25,7011.75,7006.5,7007.25,8547
2026-01-15 12:30:00,7007.0,7009.25,7004.75,7006.25,10512
2026-01-15 12:35:00,7006.25,7008.5,7004.5,7007.25,6832
2026-01-15 12:40:00,7007.5,7010.0,7006.25,7009.75,5428
2026-01-15 12:45:00,7010.0,7012.75,7007.75,7008.75,10563
2026-01-15 12:50:00,7009.0,7010.75,7006.25,7006.75,5635
2026-01-15 12:55:00,7006.75,7007.5,7001.5,7002.25,10496
2026-01-15 13:00:00,7002.25,7008.0,7001.25,7008.0,9379
2026-01-15 13:05:00,7008.0,7010.5,7006.25,7009.5,5211
2026-01-15 13:10:00,7009.75,7010.75,7006.5,7008.25,5477
2026-01-15 13:15:00,7008.5,7008.75,7006.25,7008.25,4361
2026-01-15 13:20:00,7008.25,7010.75,7008.0,7009.75,5022
2026-01-15 13:25:00,7010.0,7011.75,7008.25,7011.25,5899
2026-01-15 13:30:00,7011.5,7014.0,7011.0,7013.25,7723
2026-01-15 13:35:00,7013.5,7015.25,7010.5,7011.75,7531
2026-01-15 13:40:00,7012.0,7013.25,7010.75,7012.25,4243
2026-01-15 13:45:00,7012.5,7013.25,7010.75,7011.0,4197
2026-01-15 13:50:00,7011.25,7011.75,7008.75,7010.25,6071
2026-01-15 13:55:00,7010.25,7011.0,7009.0,7009.75,3341
2026-01-15 14:00:00,7009.5,7009.5,7003.25,7004.25,11631
2026-01-15 14:05:00,7004.25,7007.25,7000.25,7007.25,10798
2026-01-15 14:10:00,7007.0,7009.0,7004.5,7006.0,6657
2026-01-15 14:15:00,7006.0,7007.5,7003.75,7005.0,5516
2026-01-15 14:20:00,7005.0,7006.25,7002.25,7004.0,6049
2026-01-15 14:25:00,7004.25,7004.25,6997.5,6998.25,12480
2026-01-15 14:30:00,6998.25,6998.25,6988.5,6994.25,30816
2026-01-15 14:35:00,6994.5,6997.0,6992.0,6996.5,12098
2026-01-15 14:40:00,6996.25,6999.75,6995.0,6996.0,11469
2026-01-15 14:45:00,6996.0,6997.25,6993.75,6996.5,7608
2026-01-15 14:50:00,6996.5,6998.5,6993.5,6994.0,8753
2026-01-15 14:55:00,6994.0,6994.0,6988.0,6989.75,11891
2026-01-15 15:00:00,6989.75,6992.25,6985.75,6990.5,16070
2026-01-15 15:05:00,6990.75,6992.75,6988.25,6989.0,8972
2026-01-15 15:10:00,6989.25,6991.0,6986.25,6986.75,7521
2026-01-15 15:15:00,6986.5,6987.0,6978.75,6978.75,16064
2026-01-15 15:20:00,6978.75,6982.25,6974.75,6978.75,18955
2026-01-15 15:25:00,6978.75,6981.5,6976.0,6980.25,13687
2026-01-15 15:30:00,6980.25,6981.5,6976.75,6980.5,12640
2026-01-15 15:35:00,6980.5,6984.75,6976.0,6979.25,14134
2026-01-15 15:40:00,6979.25,6982.5,6977.25,6978.5,11046
2026-01-15 15:45:00,6978.75,6980.75,6975.75,6976.75,11489
2026-01-15 15:50:00,6976.75,6981.75,6975.0,6981.75,21239
2026-01-15 15:55:00,6981.75,6985.0,6977.75,6984.75,64478
2026-01-15 16:00:00,6984.75,6986.5,6983.5,6984.75,19368
2026-01-15 16:05:00,6984.75,6985.25,6983.75,6984.25,4941
2026-01-15 16:10:00,6984.5,6985.0,6981.0,6981.25,5549
2026-01-15 16:15:00,6981.25,6982.75,6981.25,6981.5,1410
2026-01-15 16:20:00,6981.5,6983.0,6981.25,6982.25,1011
2026-01-15 16:25:00,6982.5,6982.5,6981.5,6981.75,1054
2026-01-15 16:30:00,6982.0,6983.0,6981.5,6981.75,983
2026-01-15 16:35:00,6981.75,6982.5,6981.0,6982.25,875
2026-01-15 16:40:00,6982.25,6983.5,6982.25,6983.25,1538
2026-01-15 16:45:00,6983.25,6984.0,6982.75,6983.25,1503
2026-01-15 16:50:00,6983.25,6983.5,6982.5,6983.0,821
2026-01-15 16:55:00,6983.0,6983.75,6983.0,6983.5,1403
2026-01-15 18:00:00,6986.75,6987.0,6984.0,6985.75,0
2026-01-15 18:05:00,6985.75,6985.75,6982.75,6984.5,678
2026-01-15 18:10:00,6984.75,6987.5,6984.75,6987.25,511
2026-01-15 18:15:00,6987.25,6988.25,6987.0,6988.0,523
2026-01-15 18:20:00,6988.0,6989.25,6987.0,6989.0,779
2026-01-15 18:25:00,6989.0,6989.5,6988.0,6989.0,542
2026-01-15 18:30:00,6989.25,6989.5,6988.0,6988.5,404
2026-01-15 18:35:00,6988.5,6988.75,6986.25,6987.5,635
2026-01-15 18:40:00,6987.5,6987.75,6986.75,6987.5,224
2026-01-15 18:45:00,6987.75,6989.5,6987.0,6989.5,355
2026-01-15 18:50:00,6989.25,6990.75,6988.75,6990.75,333
2026-01-15 18:55:00,6990.75,6991.0,6989.25,6989.75,563
2026-01-15 19:00:00,6989.5,6991.75,6988.0,6989.0,846
2026-01-15 19:05:00,6989.0,6989.25,6987.5,6988.25,407
2026-01-15 19:10:00,6988.5,6990.5,6987.75,6989.25,325
2026-01-15 19:15:00,6989.25,6990.0,6989.25,6989.75,279
2026-01-15 19:20:00,6989.75,6990.25,6989.0,6989.5,380
2026-01-15 19:25:00,6989.5,6990.5,6989.0,6990.25,310
2026-01-15 19:30:00,6990.5,6991.25,6990.0,6990.5,291
2026-01-15 19:35:00,6990.5,6991.25,6990.25,6990.75,240
2026-01-15 19:40:00,6990.75,6991.75,6990.75,6991.75,269
2026-01-15 19:45:00,6991.75,6992.5,6990.75,6991.25,452
2026-01-15 19:50:00,6991.0,6991.75,6990.75,6991.5,312
2026-01-15 19:55:00,6991.75,6992.25,6991.5,6992.0,273
2026-01-15 20:00:00,6991.75,6993.25,6991.75,6993.0,612
2026-01-15 20:05:00,6993.0,6994.75,6992.75,6994.0,746
2026-01-15 20:10:00,6994.0,6994.25,6991.25,6991.5,731
2026-01-15 20:15:00,6991.5,6992.75,6990.5,6991.75,872
2026-01-15 20:20:00,6991.75,6992.0,6989.5,6990.0,931
2026-01-15 20:25:00,6990.0,6991.75,6988.5,6991.5,986
2026-01-15 20:30:00,6991.25,6995.25,6991.25,6994.0,1379
2026-01-15 20:35:00,6994.25,6994.75,6993.25,6993.5,402
2026-01-15 20:40:00,6993.5,6994.5,6992.5,6993.25,379
2026-01-15 20:45:00,6993.5,6993.75,6992.75,6993.5,331
2026-01-15 20:50:00,6993.5,6994.25,6993.25,6994.0,361
2026-01-15 20:55:00,6994.0,6994.25,6993.0,6993.5,359
2026-01-15 21:00:00,6993.25,6993.75,6991.75,6993.25,706
2026-01-15 21:05:00,6993.5,6995.0,6993.0,6994.5,620
2026-01-15 21:10:00,6994.75,6995.25,6994.5,6995.25,334
2026-01-15 21:15:00,6995.25,6995.25,6994.5,6995.0,269
2026-01-15 21:20:00,6994.75,6995.5,6994.75,6995.0,331
2026-01-15 21:25:00,6995.0,6996.5,6994.75,6996.5,398
2026-01-15 21:30:00,6996.25,6998.0,6996.25,6997.5,1135
2026-01-15 21:35:00,6997.75,6998.0,6997.0,6997.25,222
2026-01-15 21:40:00,6997.5,6997.75,6997.0,6997.25,306
2026-01-15 21:45:00,6997.5,6997.75,6996.75,6997.75,334
2026-01-15 21:50:00,6997.75,6998.25,6996.75,6997.25,358
2026-01-15 21:55:00,6997.25,6997.75,6996.75,6997.25,407
2026-01-15 22:00:00,6997.25,6998.0,6996.75,6997.25,362
2026-01-15 22:05:00,6997.25,6998.0,6997.0,6998.0,224
2026-01-15 22:10:00,6997.75,6998.5,6997.75,6998.0,201
2026-01-15 22:15:00,6998.0,6999.75,6997.5,6999.25,786
2026-01-15 22:20:00,6999.0,7000.0,6998.25,6998.75,441
2026-01-15 22:25:00,6998.5,6998.75,6998.0,6998.25,284
2026-01-15 22:30:00,6998.25,6999.0,6998.0,6998.5,185
2026-01-15 22:35:00,6998.5,6999.5,6998.5,6999.0,352
2026-01-15 22:40:00,6999.0,6999.25,6998.25,6998.75,334
2026-01-15 22:45:00,6998.75,6999.5,6997.75,6999.0,385
2026-01-15 22:50:00,6999.0,6999.5,6999.0,6999.0,140
2026-01-15 22:55:00,6999.25,6999.25,6998.0,6998.25,329
2026-01-15 23:00:00,6998.5,6999.25,6998.0,6998.5,339
2026-01-15 23:05:00,6998.25,6998.75,6998.25,6998.5,184
2026-01-15 23:10:00,6998.5,6999.75,6998.25,6999.5,283
2026-01-15 23:15:00,6999.75,7003.25,6999.0,7002.5,985
2026-01-15 23:20:00,7002.5,7002.5,7001.25,7002.0,476
2026-01-15 23:25:00,7002.0,7002.0,7001.0,7001.5,279
2026-01-15 23:30:00,7001.25,7001.5,7001.0,7001.0,213
2026-01-15 23:35:00,7001.0,7001.75,7000.5,7001.0,457
2026-01-15 23:40:00,7001.0,7001.0,7000.25,7000.75,189
2026-01-15 23:45:00,7000.75,7001.75,7000.75,7001.25,200
2026-01-15 23:50:00,7001.25,7003.0,7001.25,7002.75,273
2026-01-15 23:55:00,7002.75,7002.75,7002.25,7002.5,143
2026-01-16 00:05:00,7003.25,7003.5,7002.75,7002.75,802
2026-01-16 00:10:00,7002.5,7002.75,7001.25,7001.75,337
2026-01-16 00:15:00,7001.5,7002.25,7001.25,7002.0,221
2026-01-16 00:20:00,7002.0,7003.0,7002.0,7002.75,243
2026-01-16 00:25:00,7003.0,7003.75,7002.75,7003.25,310
2026-01-16 00:30:00,7003.5,7003.75,7002.5,7002.5,264
2026-01-16 00:35:00,7002.75,7002.75,7001.75,7001.75,264
2026-01-16 00:40:00,7001.75,7001.75,7000.75,7001.5,475
2026-01-16 00:45:00,7001.5,7002.0,7001.0,7001.75,325
2026-01-16 00:50:00,7001.75,7002.0,7001.25,7001.25,168
2026-01-16 00:55:00,7001.25,7001.75,7000.75,7001.25,176
2026-01-16 01:00:00,7001.5,7001.75,7000.5,7000.75,247
2026-01-16 01:05:00,7000.5,7001.75,7000.25,7001.75,262
2026-01-16 01:10:00,7001.5,7002.0,7001.0,7001.5,211
2026-01-16 01:15:00,7001.25,7001.75,7000.5,7001.25,242
2026-01-16 01:20:00,7001.25,7002.0,7001.0,7001.75,354
2026-01-16 01:25:00,7001.75,7002.25,7000.75,7001.25,321
2026-01-16 01:30:00,7001.5,7002.0,7001.0,7002.0,267
2026-01-16 01:35:00,7001.75,7002.0,7000.75,7001.5,429
2026-01-16 01:40:00,7001.5,7002.25,7001.25,7001.75,131
2026-01-16 01:45:00,7002.0,7003.5,7002.0,7003.25,279
2026-01-16 01:50:00,7003.0,7003.5,7002.5,7003.5,269
2026-01-16 01:55:00,7003.5,7004.0,7003.25,7003.75,260
2026-01-16 02:00:00,7003.75,7004.0,7002.25,7002.75,360
2026-01-16 02:05:00,7002.75,7004.25,7002.75,7003.75,236
2026-01-16 02:10:00,7004.0,7004.25,7003.25,7003.25,211
2026-01-16 02:15:00,7003.25,7004.25,7002.75,7003.75,332
2026-01-16 02:20:00,7003.75,7004.25,7002.75,7004.25,249
2026-01-16 02:25:00,7004.25,7004.75,7003.75,7003.75,275
2026-01-16 02:30:00,7003.5,7003.75,7001.0,7001.5,418
2026-01-16 02:35:00,7001.5,7002.0,7000.5,7002.0,519
2026-01-16 02:40:00,7002.25,7003.5,7002.0,7003.5,364
2026-01-16 02:45:00,7003.5,7005.25,7003.25,7005.0,524
2026-01-16 02:50:00,7005.25,7005.5,7004.5,7005.25,273
2026-01-16 02:55:00,7005.0,7005.0,7002.75,7003.0,497
2026-01-16 03:00:00,7003.0,7007.0,7003.0,7005.75,1369
2026-01-16 03:05:00,7006.0,7006.25,7004.75,7004.75,809
2026-01-16 03:10:00,7004.75,7005.5,7002.5,7003.0,945
2026-01-16 03:15:00,7003.0,7004.75,7002.5,7003.0,885
2026-01-16 03:20:00,7003.0,7003.25,6999.75,7000.75,997
2026-01-16 03:25:00,7000.75,7002.0,7000.25,7001.25,735
2026-01-16 03:30:00,7001.25,7001.5,6999.5,6999.5,661
2026-01-16 03:35:00,6999.75,6999.75,6997.75,6997.75,975
2026-01-16 03:40:00,6997.75,6999.5,6996.75,6999.0,1136
2026-01-16 03:45:00,6998.75,7000.75,6998.0,7000.25,753
2026-01-16 03:50:00,7000.0,7002.75,6999.75,7002.5,652
2026-01-16 03:55:00,7002.5,7002.5,6999.5,7000.0,715
2026-01-16 04:00:00,7000.0,7003.25,7000.0,7003.0,691
2026-01-16 04:05:00,7003.0,7003.75,7001.5,7002.25,806
2026-01-16 04:10:00,7002.5,7003.5,7002.25,7002.5,609
2026-01-16 04:15:00,7002.25,7002.5,6999.0,7000.25,1036
2026-01-16 04:20:00,7000.25,7001.5,6998.5,7001.0,743
2026-01-16 04:25:00,7001.0,7004.0,7001.0,7003.75,647
2026-01-16 04:30:00,7003.75,7004.0,7001.25,7001.5,1157
2026-01-16 04:35:00,7001.5,7002.25,7000.75,7001.5,514
2026-01-16 04:40:00,7001.25,7001.75,7000.5,7001.25,342
2026-01-16 04:45:00,7001.25,7001.5,6999.75,7001.5,501
2026-01-16 04:50:00,7001.25,7001.25,6999.0,7000.25,502
2026-01-16 04:55:00,7000.25,7000.25,6998.0,6998.0,608
2026-01-16 05:00:00,6998.0,6999.75,6997.75,6998.75,545
2026-01-16 05:05:00,6998.75,6999.25,6997.5,6998.75,848
2026-01-16 05:10:00,6998.5,7001.0,6998.25,6999.75,724
2026-01-16 05:15:00,6999.75,7000.75,6998.75,7000.25,452
2026-01-16 05:20:00,7000.25,7001.25,6999.5,7000.75,471
2026-01-16 05:25:00,7000.75,7002.0,7000.75,7001.5,413
2026-01-16 05:30:00,7001.5,7003.25,7001.5,7002.5,714
2026-01-16 05:35:00,7002.5,7003.75,7001.5,7002.5,688
2026-01-16 05:40:00,7002.75,7003.25,7002.0,7002.75,630
2026-01-16 05:45:00,7002.75,7003.5,7002.5,7003.0,458
2026-01-16 05:50:00,7002.0,7003.0,7001.0,7002.5,911
2026-01-16 05:55:00,7002.75,7002.75,7001.0,7001.75,865
2026-01-16 06:00:00,7001.75,7002.0,7000.0,7000.25,418
2026-01-16 06:05:00,7000.0,7002.0,6999.75,7001.75,580
2026-01-16 06:10:00,7001.5,7002.75,7001.25,7002.25,264
2026-01-16 06:15:00,7002.25,7003.75,7002.25,7003.5,437
2026-01-16 06:20:00,7003.5,7003.75,7002.25,7002.75,776
2026-01-16 06:25:00,7002.75,7004.0,7001.75,7003.5,1355
2026-01-16 06:30:00,7003.5,7004.25,7002.25,7002.5,541
2026-01-16 06:35:00,7002.5,7002.5,7001.0,7001.25,774
2026-01-16 06:40:00,7001.25,7001.75,7000.0,7000.0,941
2026-01-16 06:45:00,7000.0,7000.25,6996.25,6996.75,2184
2026-01-16 06:50:00,6996.75,6997.25,6994.75,6995.0,1628
2026-01-16 06:55:00,6994.75,6995.0,6991.5,6993.25,2364
2026-01-16 07:00:00,6993.0,6995.25,6991.0,6995.25,1991
2026-01-16 07:05:00,6995.25,6995.75,6994.5,6994.75,664
2026-01-16 07:10:00,6994.75,6995.5,6993.5,6994.5,654
2026-01-16 07:15:00,6994.75,6995.75,6994.25,6994.75,727
2026-01-16 07:20:00,6994.75,6995.25,6990.0,6990.25,1494
2026-01-16 07:25:00,6990.25,6993.0,6990.0,6992.75,979
2026-01-16 07:30:00,6992.75,6993.5,6991.5,6993.0,814
2026-01-16 07:35:00,6993.0,6995.0,6992.75,6994.5,999
2026-01-16 07:40:00,6994.5,6996.25,6994.25,6996.0,1107
2026-01-16 07:45:00,6996.25,6997.5,6992.75,6994.0,1560
2026-01-16 07:50:00,6994.0,6994.5,6990.0,6990.0,1569
2026-01-16 07:55:00,6990.0,6992.0,6987.25,6992.0,2948
2026-01-16 08:00:00,6991.75,6992.5,6990.25,6991.75,1724
2026-01-16 08:05:00,6992.0,6992.0,6989.25,6989.75,1293
2026-01-16 08:10:00,6989.75,6992.25,6988.75,6990.75,1567
2026-01-16 08:15:00,6990.75,6993.5,6990.75,6992.25,2086
2026-01-16 08:20:00,6992.25,6992.25,6988.75,6989.5,1750
2026-01-16 08:25:00,6989.75,6993.25,6989.75,6992.5,1405
2026-01-16 08:30:00,6992.5,6995.5,6990.25,6990.75,3397
2026-01-16 08:35:00,6991.0,6992.0,6989.25,6989.75,1768
2026-01-16 08:40:00,6989.5,6992.25,6988.75,6991.0,1639
2026-01-16 08:45:00,6990.75,6993.75,6990.5,6992.5,1505
2026-01-16 08:50:00,6992.5,6994.0,6992.25,6992.75,1628
2026-01-16 08:55:00,6992.5,6993.0,6990.75,6990.75,1645
2026-01-16 09:00:00,6990.75,6993.5,6990.25,6992.25,3427
2026-01-16 09:05:00,6992.0,6993.0,6990.5,6992.25,2748
2026-01-16 09:10:00,6992.0,6994.0,6991.5,6992.25,3073
2026-01-16 09:15:00,6992.25,6996.75,6991.5,6995.75,4052
2026-01-16 09:20:00,6995.75,6998.75,6994.25,6994.75,6598
2026-01-16 09:25:00,6994.5,6999.25,6991.75,6996.5,18480
2026-01-16 09:30:00,6996.5,7002.25,6992.5,6999.0,45943
2026-01-16 09:35:00,6999.0,7001.75,6995.75,6997.0,17632
2026-01-16 09:40:00,6997.0,6997.5,6990.5,6990.75,18503
2026-01-16 09:45:00,6990.75,6998.0,6990.5,6993.5,20531
2026-01-16 09:50:00,6993.5,6994.5,6986.25,6988.25,17798
2026-01-16 09:55:00,6988.0,6988.25,6978.75,6979.0,25541
2026-01-16 10:00:00,6979.0,6983.5,6975.25,6980.5,26409
2026-01-16 10:05:00,6980.5,6987.75,6980.25,6986.75,18791
2026-01-16 10:10:00,6986.5,6987.75,6981.0,6982.25,15733
2026-01-16 10:15:00,6982.25,6984.5,6974.5,6975.5,18653
2026-01-16 10:20:00,6975.5,6985.5,6975.5,6985.25,20973
2026-01-16 10:25:00,6985.25,6985.25,6975.5,6976.0,19390
2026-01-16 10:30:00,6976.0,6977.0,6969.25,6970.5,23770
2026-01-16 10:35:00,6970.5,6971.0,6965.25,6966.5,24677
2026-01-16 10:40:00,6966.75,6966.75,6960.5,6966.5,29606
2026-01-16 10:45:00,6966.5,6971.75,6963.75,6971.0,19142
2026-01-16 10:50:00,6971.0,6973.25,6967.5,6973.0,16270
2026-01-16 10:55:00,6973.0,6978.5,6971.75,6978.25,17312
2026-01-16 11:00:00,6978.0,6981.0,6975.25,6977.0,20022
2026-01-16 11:05:00,6976.75,6984.5,6976.0,6984.25,18228
2026-01-16 11:10:00,6984.25,6986.75,6980.5,6982.75,20606
2026-01-16 11:15:00,6983.0,6984.75,6981.25,6984.25,11619
2026-01-16 11:20:00,6984.25,6988.5,6984.0,6984.75,13629
2026-01-16 11:25:00,6985.0,6988.25,6982.5,6987.25,10802
2026-01-16 11:30:00,6987.5,6991.0,6986.75,6987.25,12563
2026-01-16 11:35:00,6987.25,6991.0,6987.25,6989.25,7090
2026-01-16 11:40:00,6989.25,6992.5,6988.5,6992.0,10370
2026-01-16 11:45:00,6992.0,6995.0,6989.75,6991.25,13933
2026-01-16 11:50:00,6991.25,6994.5,6988.5,6988.75,12574
2026-01-16 11:55:00,6989.0,6989.0,6981.5,6987.0,14526
2026-01-16 12:00:00,6986.75,6987.5,6984.75,6986.75,8926
2026-01-16 12:05:00,6986.75,6989.75,6985.25,6986.0,7970
2026-01-16 12:10:00,6986.0,6988.5,6985.5,6987.5,5115
2026-01-16 12:15:00,6987.75,6989.5,6985.75,6987.25,6259
2026-01-16 12:20:00,6987.25,6990.0,6986.75,6987.25,5238
2026-01-16 12:25:00,6987.0,6987.75,6984.25,6985.5,5751
2026-01-16 12:30:00,6985.5,6987.0,6982.5,6986.75,7680
2026-01-16 12:35:00,6986.5,6989.25,6985.5,6986.25,6271
2026-01-16 12:40:00,6986.0,6987.5,6984.25,6986.75,4294
2026-01-16 12:45:00,6986.75,6987.0,6981.75,6982.75,7291
2026-01-16 12:50:00,6982.75,6984.25,6980.75,6983.0,6849
2026-01-16 12:55:00,6983.0,6985.0,6978.75,6979.25,6973
2026-01-16 13:00:00,6979.5,6984.25,6978.0,6983.25,8491
2026-01-16 13:05:00,6983.25,6987.0,6982.75,6987.0,6379
2026-01-16 13:10:00,6986.75,6987.25,6984.25,6985.5,4603
2026-01-16 13:15:00,6985.5,6990.25,6985.5,6989.75,5972
2026-01-16 13:20:00,6989.75,6991.25,6988.75,6991.25,4764
2026-01-16 13:25:00,6991.25,6992.0,6989.5,6990.0,7160
2026-01-16 13:30:00,6990.25,6992.75,6989.5,6992.25,4679
2026-01-16 13:35:00,6992.0,6992.0,6989.5,6990.0,3767
2026-01-16 13:40:00,6989.75,6990.75,6988.0,6989.0,4597
2026-01-16 13:45:00,6988.75,6990.25,6987.25,6988.0,3984
2026-01-16 13:50:00,6988.25,6989.25,6986.25,6987.75,4881
2026-01-16 13:55:00,6988.0,6988.25,6986.0,6986.75,3602
2026-01-16 14:00:00,6986.75,6995.0,6986.25,6994.5,16059
2026-01-16 14:05:00,6994.5,6997.5,6992.75,6993.5,14644
2026-01-16 14:10:00,6993.5,6993.75,6985.0,6985.75,12329
2026-01-16 14:15:00,6985.5,6987.25,6981.0,6982.0,11654
2026-01-16 14:20:00,6981.75,6984.75,6980.75,6983.5,8988
2026-01-16 14:25:00,6983.5,6983.5,6980.0,6980.75,8474
2026-01-16 14:30:00,6980.75,6986.0,6980.5,6985.0,8683
2026-01-16 14:35:00,6985.0,6989.75,6983.75,6987.25,7832
2026-01-16 14:40:00,6987.5,6990.5,6986.75,6987.5,6509
2026-01-16 14:45:00,6987.75,6989.5,6987.5,6988.5,4089
2026-01-16 14:50:00,6988.5,6990.25,6987.25,6989.5,4213
2026-01-16 14:55:00,6989.5,6989.75,6986.25,6987.25,7284
2026-01-16 15:00:00,6987.25,6988.25,6985.25,6986.75,7114
2026-01-16 15:05:00,6986.75,6988.0,6985.25,6987.25,4913
2026-01-16 15:10:00,6987.5,6989.25,6986.25,6988.25,4539
2026-01-16 15:15:00,6988.25,6988.5,6985.25,6986.5,5147
2026-01-16 15:20:00,6986.5,6987.5,6985.25,6985.5,5447
2026-01-16 15:25:00,6985.75,6986.0,6982.0,6982.0,9071
2026-01-16 15:30:00,6982.25,6982.75,6978.25,6980.75,17005
2026-01-16 15:35:00,6980.75,6985.0,6979.5,6983.5,11669
2026-01-16 15:40:00,6983.5,6983.75,6980.75,6981.0,7415
2026-01-16 15:45:00,6980.75,6981.0,6976.75,6980.25,13183
2026-01-16 15:50:00,6980.25,6985.5,6978.25,6984.0,28672
2026-01-16 15:55:00,6984.0,6984.0,6975.0,6976.5,74802
2026-01-16 16:00:00,6976.5,6980.25,6976.0,6977.25,22396
2026-01-16 16:05:00,6977.25,6978.5,6975.0,6975.5,6337
2026-01-16 16:10:00,6975.5,6976.5,6973.5,6976.0,5525
2026-01-16 16:15:00,6976.25,6977.75,6975.5,6977.0,2161
2026-01-16 16:20:00,6977.25,6977.5,6976.0,6976.5,1104
2026-01-16 16:25:00,6976.75,6978.5,6976.25,6978.25,2028
2026-01-16 16:30:00,6978.0,6978.0,6977.0,6977.25,683
2026-01-16 16:35:00,6977.5,6977.5,6976.0,6976.25,762
2026-01-16 16:40:00,6976.0,6977.0,6976.0,6977.0,1128
2026-01-16 16:45:00,6976.75,6977.75,6976.75,6977.5,921
2026-01-16 16:50:00,6977.75,6978.5,6977.5,6978.25,1959
2026-01-16 16:55:00,6978.25,6978.5,6976.75,6976.75,1061
2026-01-18 23:35:00,6976.75,6976.75,6917.25,6917.75,67
2026-01-18 23:40:00,6917.75,6918.0,6917.25,6917.25,249
2026-01-18 23:45:00,6917.5,6917.5,6916.75,6916.75,303
2026-01-18 23:50:00,6916.75,6917.0,6915.75,6916.25,227
2026-01-20 00:00:00,6903.25,6904.0,6901.75,6904.0,960
2026-01-20 00:05:00,6904.0,6906.75,6904.0,6904.5,850
2026-01-20 00:10:00,6904.5,6906.0,6903.75,6904.25,382
2026-01-20 00:15:00,6904.25,6905.25,6902.25,6905.25,533
2026-01-20 00:20:00,6905.25,6906.0,6904.5,6905.75,350
2026-01-20 00:25:00,6906.0,6909.5,6905.25,6908.25,1042
2026-01-20 00:30:00,6908.25,6909.0,6908.0,6909.0,395
2026-01-20 00:35:00,6909.0,6909.25,6905.75,6905.75,629
2026-01-20 00:40:00,6905.5,6906.0,6904.0,6905.25,596
2026-01-20 00:45:00,6905.0,6906.75,6903.75,6905.75,832
2026-01-20 00:50:00,6905.5,6908.5,6905.5,6907.5,484
2026-01-20 00:55:00,6907.25,6907.75,6904.25,6904.75,523
2026-01-20 01:00:00,6904.75,6905.5,6902.75,6903.5,740
2026-01-20 01:05:00,6903.25,6903.75,6898.5,6899.75,1280
2026-01-20 01:10:00,6899.5,6899.5,6898.0,6899.25,813
2026-01-20 01:15:00,6899.0,6899.0,6892.0,6892.5,2984
2026-01-20 01:20:00,6892.25,6892.75,6890.25,6891.25,1405
2026-01-20 01:25:00,6891.25,6891.75,6885.5,6887.25,2389
2026-01-20 01:30:00,6887.0,6889.0,6879.25,6880.0,4580
2026-01-20 01:35:00,6880.0,6885.0,6878.75,6882.25,3034
2026-01-20 01:40:00,6882.25,6885.0,6881.75,6884.25,968
2026-01-20 01:45:00,6884.5,6886.0,6879.25,6882.5,1734
2026-01-20 01:50:00,6882.5,6885.0,6881.5,6884.25,1054
2026-01-20 01:55:00,6884.25,6888.5,6884.25,6887.75,1122
2026-01-20 02:00:00,6888.0,6889.5,6887.25,6888.5,1246
2026-01-20 02:05:00,6888.25,6889.0,6883.75,6888.75,1493
2026-01-20 02:10:00,6888.5,6889.5,6883.75,6883.75,951
2026-01-20 02:15:00,6883.5,6884.75,6879.5,6881.5,1476
2026-01-20 02:20:00,6881.25,6884.5,6877.25,6883.5,2130
2026-01-20 02:25:00,6883.5,6885.75,6881.75,6884.0,1022
2026-01-20 02:30:00,6883.75,6885.0,6880.75,6881.5,836
2026-01-20 02:35:00,6881.5,6883.25,6880.5,6881.75,644
2026-01-20 02:40:00,6882.0,6883.75,6880.25,6880.75,859
2026-01-20 02:45:00,6880.75,6882.75,6878.0,6882.25,2283
2026-01-20 02:50:00,6882.5,6883.5,6880.0,6882.0,1057
2026-01-20 02:55:00,6882.0,6885.25,6880.5,6882.5,1384
2026-01-20 03:00:00,6882.5,6883.75,6877.25,6878.0,3050
2026-01-20 03:05:00,6878.0,6878.5,6872.25,6877.5,4871
2026-01-20 03:10:00,6877.5,6881.75,6876.75,6878.5,1576
2026-01-20 03:15:00,6878.5,6879.25,6870.0,6871.0,2919
2026-01-20 03:20:00,6871.25,6875.25,6868.5,6874.0,4017
2026-01-20 03:25:00,6874.25,6874.5,6870.75,6871.0,1850
2026-01-20 03:30:00,6870.75,6870.75,6865.25,6865.25,3290
2026-01-20 03:35:00,6865.25,6865.25,6857.0,6859.25,6603
2026-01-20 03:40:00,6859.25,6866.25,6857.5,6865.5,4456
2026-01-20 03:45:00,6865.75,6869.0,6863.75,6868.5,2686
2026-01-20 03:50:00,6868.5,6869.5,6866.0,6867.25,2011
2026-01-20 03:55:00,6867.25,6869.25,6863.5,6864.5,2026
2026-01-20 04:00:00,6864.5,6868.5,6861.75,6862.25,3271
2026-01-20 04:05:00,6862.0,6862.25,6856.5,6860.0,4468
2026-01-20 04:10:00,6860.25,6863.25,6859.5,6860.0,1958
2026-01-20 04:15:00,6859.75,6861.25,6855.25,6856.75,2408
2026-01-20 04:20:00,6856.5,6860.25,6854.0,6857.25,3338
2026-01-20 04:25:00,6857.0,6859.25,6853.5,6854.75,3121
2026-01-20 04:30:00,6854.5,6855.5,6847.75,6849.5,4795
2026-01-20 04:35:00,6849.0,6854.0,6848.25,6851.25,3189
2026-01-20 04:40:00,6851.5,6853.75,6848.75,6853.5,3014
2026-01-20 04:45:00,6853.5,6855.25,6848.5,6848.75,2740
2026-01-20 04:50:00,6848.75,6852.5,6846.75,6851.0,2418
2026-01-20 04:55:00,6851.0,6853.5,6851.0,6852.25,1651
2026-01-20 05:00:00,6852.25,6853.0,6848.5,6849.25,1561
2026-01-20 05:05:00,6849.5,6853.75,6847.5,6852.25,1940
2026-01-20 05:10:00,6852.0,6860.25,6852.0,6859.25,3281
2026-01-20 05:15:00,6859.25,6861.5,6859.0,6861.25,2098
2026-01-20 05:20:00,6861.0,6864.25,6860.5,6864.0,2238
2026-01-20 05:25:00,6864.0,6868.0,6862.75,6866.25,3216
2026-01-20 05:30:00,6866.5,6868.0,6863.25,6865.0,2165
2026-01-20 05:35:00,6864.75,6864.75,6861.5,6862.75,1348
2026-01-20 05:40:00,6863.0,6865.25,6860.5,6864.5,1103
2026-01-20 05:45:00,6864.75,6867.0,6864.25,6865.75,1192
2026-01-20 05:50:00,6865.25,6865.25,6862.75,6863.0,748
2026-01-20 05:55:00,6862.75,6864.75,6862.25,6862.5,1489
2026-01-20 06:00:00,6862.5,6869.5,6862.25,6869.25,1662
2026-01-20 06:05:00,6869.25,6869.5,6865.5,6865.75,1160
2026-01-20 06:10:00,6865.5,6868.5,6864.75,6866.75,1199
2026-01-20 06:15:00,6866.5,6868.5,6862.5,6863.75,1510
2026-01-20 06:20:00,6864.0,6871.25,6861.75,6870.75,2755
2026-01-20 06:25:00,6870.5,6874.5,6866.5,6868.25,3659
2026-01-20 06:30:00,6868.0,6869.25,6865.25,6866.5,1899
2026-01-20 06:35:00,6866.25,6867.75,6865.5,6867.75,1729
2026-01-20 06:40:00,6868.0,6868.75,6864.0,6868.0,1703
2026-01-20 06:45:00,6868.25,6870.0,6866.25,6868.5,1762
2026-01-20 06:50:00,6868.75,6873.0,6867.5,6872.75,1292
2026-01-20 06:55:00,6872.75,6873.75,6869.0,6870.0,2470
2026-01-20 07:00:00,6869.75,6871.75,6866.5,6868.25,4746
2026-01-20 07:05:00,6868.25,6873.5,6867.25,6873.0,1895
2026-01-20 07:10:00,6872.75,6877.75,6872.75,6876.75,2877
2026-01-20 07:15:00,6877.0,6879.5,6870.75,6871.0,3010
2026-01-20 07:20:00,6870.75,6876.0,6870.75,6873.5,2549
2026-01-20 07:25:00,6873.5,6877.5,6871.5,6875.0,3517
2026-01-20 07:30:00,6875.0,6876.0,6874.0,6875.5,2522
2026-01-20 07:35:00,6875.5,6877.0,6873.5,6877.0,2546
2026-01-20 07:40:00,6877.0,6882.0,6876.75,6881.75,2811
2026-01-20 07:45:00,6881.75,6887.25,6881.5,6886.25,4598
2026-01-20 07:50:00,6886.0,6887.0,6883.5,6884.5,2513
2026-01-20 07:55:00,6884.5,6884.75,6879.0,6881.0,2486
2026-01-20 08:00:00,6881.25,6885.25,6878.25,6878.75,2671
2026-01-20 08:05:00,6878.5,6880.0,6876.75,6877.0,3249
2026-01-20 08:10:00,6877.25,6879.75,6874.0,6875.5,3709
2026-01-20 08:15:00,6875.0,6881.5,6874.75,6881.0,2828
2026-01-20 08:20:00,6881.0,6885.25,6879.5,6881.0,4334
2026-01-20 08:25:00,6881.0,6881.75,6877.25,6877.75,2225
2026-01-20 08:30:00,6877.5,6878.25,6860.5,6867.25,17822
2026-01-20 08:35:00,6867.25,6872.5,6863.0,6868.5,12012
2026-01-20 08:40:00,6868.5,6873.25,6867.0,6870.25,6155
2026-01-20 08:45:00,6870.5,6872.75,6867.25,6872.25,7090
2026-01-20 08:50:00,6872.25,6872.5,6866.25,6868.75,2695
2026-01-20 08:55:00,6868.75,6870.25,6867.25,6867.5,3165
2026-01-20 09:00:00,6867.25,6872.25,6865.75,6868.5,5521
2026-01-20 09:05:00,6868.5,6871.5,6868.0,6869.75,2735
2026-01-20 09:10:00,6869.75,6870.75,6867.75,6869.0,4299
2026-01-20 09:15:00,6869.0,6872.0,6865.75,6867.0,4262
2026-01-20 09:20:00,6866.75,6869.75,6865.25,6868.0,5086
2026-01-20 09:25:00,6868.25,6873.25,6865.5,6872.0,12013
2026-01-20 09:30:00,6871.75,6884.25,6871.0,6883.75,62003
2026-01-20 09:35:00,6883.75,6886.5,6875.75,6881.75,35955
2026-01-20 09:40:00,6882.0,6889.75,6873.0,6888.75,41285
2026-01-20 09:45:00,6889.0,6889.0,6875.0,6879.75,39603
2026-01-20 09:50:00,6879.75,6890.25,6877.5,6885.25,23730
2026-01-20 09:55:00,6878.25,6886.25,6876.5,6878.75,36792
2026-01-20 10:00:00,6878.5,6879.5,6867.25,6875.75,22658
2026-01-20 10:05:00,6875.5,6879.75,6866.0,6867.75,28874
2026-01-20 10:10:00,6867.75,6873.5,6865.75,6873.5,23921
2026-01-20 10:15:00,6873.5,6877.25,6868.5,6869.5,22723
2026-01-20 10:20:00,6869.25,6890.75,6868.5,6887.5,32111
2026-01-20 10:25:00,6887.25,6897.0,6887.25,6895.5,29662
2026-01-20 10:30:00,6895.5,6903.5,6893.75,6902.25,26214
2026-01-20 10:35:00,6902.25,6903.5,6895.5,6897.75,21723
2026-01-20 10:40:00,6897.75,6904.75,6896.75,6904.0,10320
2026-01-20 10:45:00,6894.75,6894.75,6893.75,6894.0,27803
2026-01-20 10:50:00,6894.0,6894.0,6888.25,6889.75,19930
2026-01-20 10:55:00,6889.75,6896.0,6886.25,6895.0,20164
2026-01-20 11:00:00,6895.0,6899.25,6890.5,6891.75,22159
2026-01-20 11:05:00,6891.5,6895.25,6886.5,6894.5,17019
2026-01-20 11:10:00,6894.5,6902.75,6894.5,6896.25,17418
2026-01-20 11:15:00,6896.25,6897.25,6891.75,6894.0,13367
2026-01-20 11:20:00,6894.25,6896.5,6886.75,6887.0,13635
2026-01-20 11:25:00,6886.75,6896.0,6882.5,6895.5,22566
2026-01-20 11:30:00,6895.5,6896.0,6890.0,6895.25,15488
2026-01-20 11:35:00,6895.5,6900.0,6893.75,6900.0,12451
2026-01-20 11:40:00,6899.75,6901.0,6886.0,6886.75,17405
2026-01-20 11:45:00,6886.5,6890.0,6883.75,6890.0,17581
2026-01-20 11:50:00,6890.0,6895.25,6880.25,6881.75,21794
2026-01-20 11:55:00,6882.0,6896.0,6880.75,6894.0,17610
2026-01-20 12:00:00,6894.0,6896.25,6890.5,6891.25,16028
2026-01-20 12:05:00,6891.0,6893.75,6886.0,6886.25,17816
2026-01-20 12:10:00,6886.25,6890.0,6882.75,6887.25,12351
2026-01-20 12:15:00,6887.0,6889.0,6883.0,6884.25,11873
2026-01-20 12:20:00,6884.25,6885.0,6879.0,6879.75,14763
2026-01-20 12:25:00,6879.5,6883.0,6878.0,6881.0,13816
2026-01-20 12:30:00,6880.75,6880.75,6871.75,6872.75,17636
2026-01-20 12:35:00,6872.75,6877.0,6870.25,6873.75,21891
2026-01-20 12:40:00,6873.75,6879.0,6869.75,6870.0,18773
2026-01-20 12:45:00,6870.0,6870.25,6863.0,6864.0,19070
2026-01-20 12:50:00,6863.75,6868.25,6861.25,6866.25,21846
2026-01-20 12:55:00,6866.25,6869.25,6864.25,6867.25,12394
2026-01-20 13:00:00,6867.25,6871.5,6865.75,6866.25,12928
2026-01-20 13:05:00,6866.25,6869.25,6865.25,6865.5,7915
2026-01-20 13:10:00,6865.5,6871.0,6865.25,6867.75,9272
2026-01-20 13:15:00,6868.0,6868.25,6863.25,6865.0,9109
2026-01-20 13:20:00,6865.0,6865.25,6860.25,6860.5,11432
2026-01-20 13:25:00,6860.5,6863.0,6858.75,6859.5,10524
2026-01-20 13:30:00,6859.25,6860.75,6854.0,6855.0,17295
2026-01-20 13:35:00,6854.75,6857.0,6850.0,6850.5,15769
2026-01-20 13:40:00,6850.75,6852.25,6847.0,6847.5,16676
2026-01-20 13:45:00,6847.5,6849.25,6845.25,6845.5,14951
2026-01-20 13:50:00,6845.25,6845.25,6836.5,6837.5,23273
2026-01-20 13:55:00,6837.25,6848.75,6837.25,6843.5,21768
2026-01-20 14:00:00,6843.75,6849.75,6843.0,6843.5,18459
2026-01-20 14:05:00,6843.5,6846.5,6841.5,6842.5,10904
2026-01-20 14:10:00,6842.25,6844.0,6837.5,6841.25,12402
2026-01-20 14:15:00,6841.25,6841.25,6835.25,6837.5,11381
2026-01-20 14:20:00,6837.5,6839.5,6834.5,6837.5,11119
2026-01-20 14:25:00,6837.25,6837.5,6833.25,6837.0,11886
2026-01-20 14:30:00,6836.75,6836.75,6829.0,6831.25,21709
2026-01-20 14:35:00,6831.5,6838.25,6829.5,6837.0,15650
2026-01-20 14:40:00,6837.0,6841.25,6833.75,6834.75,17674
2026-01-20 14:45:00,6834.5,6836.0,6832.5,6834.75,11520
2026-01-20 14:50:00,6834.75,6837.75,6832.0,6837.25,15287
2026-01-20 14:55:00,6837.25,6838.5,6831.75,6834.75,12904
2026-01-20 15:00:00,6834.75,6834.75,6830.75,6832.25,11513
2026-01-20 15:05:00,6832.5,6834.5,6830.0,6831.0,11576
2026-01-20 15:10:00,6830.75,6835.0,6825.75,6826.5,19166
2026-01-20 15:15:00,6826.75,6838.0,6826.0,6832.0,27578
2026-01-20 15:20:00,6832.0,6832.0,6825.75,6828.25,17410
2026-01-20 15:25:00,6828.25,6834.25,6827.0,6830.25,20342
2026-01-20 15:30:00,6830.5,6833.75,6827.5,6830.75,17615
2026-01-20 15:35:00,6830.75,6832.5,6825.25,6826.5,18607
2026-01-20 15:40:00,6826.5,6828.75,6822.5,6826.25,18045
2026-01-20 15:45:00,6826.0,6829.75,6825.25,6827.75,17458
2026-01-20 15:50:00,6827.75,6831.0,6822.5,6825.0,34568
2026-01-20 15:55:00,6825.0,6834.0,6822.25,6833.25,107570
2026-01-20 16:00:00,6833.5,6834.75,6828.75,6834.75,30432
2026-01-20 16:05:00,6834.75,6835.5,6832.75,6835.0,8450
2026-01-20 16:10:00,6835.0,6840.5,6834.75,6839.5,6695
2026-01-20 16:15:00,6839.75,6840.0,6836.75,6838.25,2214
2026-01-20 16:20:00,6838.0,6838.5,6836.25,6837.5,1550
2026-01-20 16:25:00,6837.5,6838.0,6835.5,6837.5,1319
2026-01-20 16:30:00,6837.25,6837.5,6834.0,6834.75,1642
2026-01-20 16:35:00,6834.75,6835.0,6832.5,6835.0,1508
2026-01-20 16:40:00,6835.0,6835.0,6832.5,6834.0,1504
2026-01-20 16:45:00,6834.0,6837.5,6834.0,6836.75,1039
2026-01-20 16:50:00,6836.75,6837.75,6835.5,6837.5,1376
2026-01-20 16:55:00,6837.25,6838.25,6836.75,6837.5,1909
2026-01-20 18:00:00,6839.0,6843.5,6836.25,6841.75,0
2026-01-20 18:05:00,6842.0,6842.25,6839.0,6840.25,714
2026-01-20 18:10:00,6840.25,6841.0,6838.0,6839.5,830
2026-01-20 18:15:00,6839.75,6840.75,6838.75,6838.75,403
2026-01-20 18:20:00,6838.75,6839.5,6838.0,6838.5,656
2026-01-20 18:25:00,6838.75,6839.0,6837.75,6838.25,592
2026-01-20 18:30:00,6838.5,6839.25,6838.0,6838.0,302
2026-01-20 18:35:00,6838.0,6840.75,6837.75,6839.75,646
2026-01-20 18:40:00,6839.75,6840.0,6838.5,6839.75,314
2026-01-20 18:45:00,6839.75,6839.75,6831.0,6833.5,2424
2026-01-20 18:50:00,6833.0,6833.75,6829.25,6831.0,2700
2026-01-20 18:55:00,6831.0,6832.25,6830.25,6832.25,546
2026-01-20 19:00:00,6832.25,6837.75,6832.25,6835.25,1463
2026-01-20 19:05:00,6835.5,6838.0,6834.5,6837.75,831
2026-01-20 19:10:00,6837.75,6839.25,6836.75,6837.5,752
2026-01-20 19:15:00,6837.75,6839.25,6836.25,6838.25,820
2026-01-20 19:20:00,6838.0,6840.0,6837.25,6840.0,1181
2026-01-20 19:25:00,6839.75,6840.75,6839.0,6840.25,751
2026-01-20 19:30:00,6840.25,6841.25,6839.75,6840.75,776
2026-01-20 19:35:00,6840.75,6843.25,6840.5,6843.25,1105
2026-01-20 19:40:00,6843.25,6844.0,6842.25,6842.5,847
2026-01-20 19:45:00,6842.25,6844.5,6841.75,6843.75,762
2026-01-20 19:50:00,6843.75,6845.0,6843.75,6844.75,681
2026-01-20 19:55:00,6844.75,6844.75,6843.25,6843.75,567
2026-01-20 20:00:00,6844.0,6845.25,6843.5,6845.0,1024
2026-01-20 20:05:00,6845.25,6846.25,6844.75,6845.75,894
2026-01-20 20:10:00,6845.5,6848.0,6845.25,6847.75,1256
2026-01-20 20:15:00,6847.75,6848.75,6847.25,6848.5,1263
2026-01-20 20:20:00,6848.5,6849.75,6848.25,6849.75,1454
2026-01-20 20:25:00,6849.5,6850.75,6848.25,6849.0,1338
2026-01-20 20:30:00,6849.25,6850.0,6847.25,6849.5,1023
2026-01-20 20:35:00,6849.5,6849.75,6848.0,6849.0,802
2026-01-20 20:40:00,6849.0,6850.75,6848.25,6850.25,848
2026-01-20 20:45:00,6850.25,6851.5,6849.25,6850.0,993
2026-01-20 20:50:00,6850.0,6851.0,6849.75,6850.25,603
2026-01-20 20:55:00,6850.25,6850.75,6849.0,6849.0,680
2026-01-20 21:00:00,6849.25,6849.5,6847.5,6848.0,638
2026-01-20 21:05:00,6848.25,6849.75,6848.25,6848.5,380
2026-01-20 21:10:00,6848.5,6849.25,6848.25,6849.25,307
2026-01-20 21:15:00,6849.5,6849.5,6846.5,6848.25,820
2026-01-20 21:20:00,6848.25,6849.25,6846.5,6846.75,698
2026-01-20 21:25:00,6846.75,6846.75,6845.25,6845.5,1162
2026-01-20 21:30:00,6845.5,6846.0,6843.0,6843.0,1117
2026-01-20 21:35:00,6843.25,6844.75,6842.75,6844.0,819
2026-01-20 21:40:00,6844.0,6846.75,6843.75,6845.75,836
2026-01-20 21:45:00,6845.75,6846.0,6844.5,6846.0,423
2026-01-20 21:50:00,6846.0,6846.5,6845.0,6846.25,717
2026-01-20 21:55:00,6846.25,6846.75,6844.75,6844.75,524
2026-01-20 22:00:00,6844.75,6848.75,6844.5,6848.5,671
2026-01-20 22:05:00,6848.25,6849.25,6847.5,6847.75,695
2026-01-20 22:10:00,6848.0,6851.25,6846.5,6851.0,1813
2026-01-20 22:15:00,6850.75,6854.25,6850.0,6853.0,1609
2026-01-20 22:20:00,6853.0,6854.75,6852.0,6853.75,1157
2026-01-20 22:25:00,6853.75,6854.75,6853.25,6854.25,498
2026-01-20 22:30:00,6854.5,6854.75,6852.75,6853.75,686
2026-01-20 22:35:00,6853.5,6854.5,6852.75,6853.25,652
2026-01-20 22:40:00,6853.25,6853.75,6850.5,6851.25,1054
2026-01-20 22:45:00,6851.0,6851.75,6847.5,6850.25,1647
2026-01-20 22:50:00,6850.25,6850.25,6848.0,6848.0,1016
2026-01-20 22:55:00,6848.0,6849.75,6847.75,6848.75,757
2026-01-20 23:00:00,6848.75,6851.75,6848.0,6851.0,915
2026-01-20 23:05:00,6851.25,6851.75,6849.0,6849.5,611
2026-01-20 23:10:00,6849.5,6850.75,6848.75,6849.0,563
2026-01-20 23:15:00,6849.0,6850.5,6846.0,6850.25,1124
2026-01-20 23:20:00,6850.0,6851.25,6849.75,6851.25,492
2026-01-20 23:25:00,6851.0,6852.25,6850.25,6850.75,987
2026-01-20 23:30:00,6850.5,6850.75,6849.0,6849.75,549
2026-01-20 23:35:00,6849.5,6851.5,6849.5,6850.5,359
2026-01-20 23:40:00,6850.5,6851.0,6849.75,6850.25,575
2026-01-20 23:45:00,6850.5,6850.5,6849.25,6850.25,347
2026-01-20 23:50:00,6850.0,6850.75,6850.0,6850.25,271
2026-01-20 23:55:00,6850.25,6850.5,6849.25,6849.75,224
2026-01-21 00:05:00,6850.75,6851.75,6850.75,6851.5,2909
2026-01-21 00:10:00,6851.25,6853.5,6851.25,6853.0,657
2026-01-21 00:15:00,6853.25,6853.25,6851.25,6851.25,450
2026-01-21 00:20:00,6851.25,6852.75,6850.25,6850.25,524
2026-01-21 00:25:00,6850.25,6851.25,6849.0,6850.75,587
2026-01-21 00:30:00,6850.75,6852.75,6850.75,6852.25,559
2026-01-21 00:35:00,6852.25,6853.5,6852.0,6853.0,361
2026-01-21 00:40:00,6852.75,6853.75,6852.75,6853.75,428
2026-01-21 00:45:00,6853.5,6853.75,6852.25,6852.75,382
2026-01-21 00:50:00,6852.5,6853.75,6852.25,6852.5,416
2026-01-21 00:55:00,6852.5,6853.5,6852.25,6852.75,313
2026-01-21 01:00:00,6852.75,6853.25,6852.25,6853.25,658
2026-01-21 01:05:00,6853.0,6853.5,6851.25,6853.0,664
2026-01-21 01:10:00,6853.0,6854.5,6852.75,6853.75,653
2026-01-21 01:15:00,6854.0,6854.5,6853.0,6854.25,517
2026-01-21 01:20:00,6854.25,6854.5,6852.5,6853.0,489
2026-01-21 01:25:00,6852.75,6853.0,6851.25,6852.75,660
2026-01-21 01:30:00,6853.0,6855.5,6852.5,6854.25,1903
2026-01-21 01:35:00,6854.5,6854.5,6852.0,6852.25,911
2026-01-21 01:40:00,6852.0,6852.75,6851.25,6852.25,721
2026-01-21 01:45:00,6852.0,6852.0,6848.25,6848.25,1104
2026-01-21 01:50:00,6848.25,6849.25,6847.25,6848.0,461
2026-01-21 01:55:00,6848.0,6848.5,6847.25,6847.25,375
2026-01-21 02:00:00,6847.25,6849.5,6846.5,6849.25,1168
2026-01-21 02:05:00,6849.0,6853.0,6849.0,6851.5,1674
2026-01-21 02:10:00,6851.5,6855.25,6851.5,6855.0,1019
2026-01-21 02:15:00,6855.25,6856.5,6855.0,6856.25,1338
2026-01-21 02:20:00,6856.5,6856.75,6855.25,6856.25,912
2026-01-21 02:25:00,6856.0,6856.75,6855.5,6856.75,516
2026-01-21 02:30:00,6856.75,6857.0,6855.5,6856.75,719
2026-01-21 02:35:00,6857.0,6857.5,6855.75,6856.25,908
2026-01-21 02:40:00,6856.25,6856.75,6855.5,6855.5,795
2026-01-21 02:45:00,6855.5,6855.75,6853.75,6854.5,865
2026-01-21 02:50:00,6854.5,6855.75,6852.75,6853.25,868
2026-01-21 02:55:00,6853.0,6853.5,6851.25,6852.75,947
2026-01-21 03:00:00,6852.75,6854.75,6850.75,6851.0,2792
2026-01-21 03:05:00,6851.0,6852.75,6850.75,6851.5,807
2026-01-21 03:10:00,6851.5,6851.75,6848.75,6849.25,1297
2026-01-21 03:15:00,6849.25,6854.0,6849.25,6853.0,1207
2026-01-21 03:20:00,6853.0,6853.25,6850.0,6852.25,1032
2026-01-21 03:25:00,6852.0,6856.5,6852.0,6854.25,2474
2026-01-21 03:30:00,6854.25,6855.75,6853.0,6854.0,1871
2026-01-21 03:35:00,6854.25,6855.75,6852.0,6855.25,2143
2026-01-21 03:40:00,6855.25,6855.75,6854.5,6855.5,813
2026-01-21 03:45:00,6855.5,6856.75,6855.25,6856.0,1104
2026-01-21 03:50:00,6855.75,6856.0,6853.5,6854.5,1458
2026-01-21 03:55:00,6854.5,6855.5,6852.25,6852.5,2683
2026-01-21 04:00:00,6852.5,6855.0,6851.5,6854.75,1917
2026-01-21 04:05:00,6855.0,6855.25,6849.75,6850.25,1187
2026-01-21 04:10:00,6850.25,6852.75,6850.0,6852.5,871
2026-01-21 04:15:00,6852.25,6853.75,6851.0,6852.75,898
2026-01-21 04:20:00,6852.75,6853.0,6847.5,6848.75,1401
2026-01-21 04:25:00,6848.5,6850.25,6848.5,6849.75,614
2026-01-21 04:30:00,6849.5,6849.5,6847.0,6848.5,971
2026-01-21 04:35:00,6848.5,6849.75,6847.0,6847.75,1699
2026-01-21 04:40:00,6848.0,6849.5,6845.75,6846.75,1172
2026-01-21 04:45:00,6846.75,6846.75,6840.75,6843.25,3236
2026-01-21 04:50:00,6843.0,6844.0,6841.0,6841.25,1568
2026-01-21 04:55:00,6841.25,6842.25,6836.75,6836.75,2966
2026-01-21 05:00:00,6837.0,6843.75,6835.0,6843.25,2775
2026-01-21 05:05:00,6843.0,6843.0,6840.5,6841.25,1261
2026-01-21 05:10:00,6841.25,6841.75,6839.25,6841.75,982
2026-01-21 05:15:00,6842.0,6845.0,6842.0,6844.25,1654
2026-01-21 05:20:00,6844.25,6845.75,6840.0,6843.25,1351
2026-01-21 05:25:00,6843.25,6846.5,6842.5,6846.5,977
2026-01-21 05:30:00,6846.5,6847.5,6845.5,6846.75,867
2026-01-21 05:35:00,6846.75,6848.75,6845.25,6847.5,968
2026-01-21 05:40:00,6847.25,6849.25,6846.5,6848.0,1396
2026-01-21 05:45:00,6848.0,6849.0,6847.25,6848.0,446
2026-01-21 05:50:00,6848.0,6848.25,6844.0,6844.0,945
2026-01-21 05:55:00,6844.0,6844.0,6841.75,6842.25,863
2026-01-21 06:00:00,6842.0,6842.0,6838.75,6840.5,1343
2026-01-21 06:05:00,6840.25,6842.5,6840.25,6842.0,741
2026-01-21 06:10:00,6842.0,6842.0,6839.25,6839.5,828
2026-01-21 06:15:00,6839.25,6841.0,6839.0,6840.75,674
2026-01-21 06:20:00,6840.5,6841.75,6840.0,6840.5,951
2026-01-21 06:25:00,6840.75,6841.75,6838.5,6839.25,2078
2026-01-21 06:30:00,6839.0,6841.5,6837.5,6837.5,1468
2026-01-21 06:35:00,6837.5,6837.5,6833.75,6834.25,2390
2026-01-21 06:40:00,6834.5,6835.25,6833.0,6834.5,1500
2026-01-21 06:45:00,6834.75,6834.75,6827.0,6829.0,3060
2026-01-21 06:50:00,6829.0,6829.25,6825.25,6825.25,1705
2026-01-21 06:55:00,6825.25,6826.25,6818.75,6819.5,5411
2026-01-21 07:00:00,6819.5,6823.0,6816.25,6822.0,5245
2026-01-21 07:05:00,6822.25,6826.0,6820.75,6823.25,3795
2026-01-21 07:10:00,6823.25,6825.25,6819.75,6822.25,2782
2026-01-21 07:15:00,6822.5,6825.25,6820.25,6824.75,1789
2026-01-21 07:20:00,6824.75,6828.75,6824.25,6828.0,2118
2026-01-21 07:25:00,6827.75,6828.0,6825.0,6825.0,1190
2026-01-21 07:30:00,6825.0,6825.25,6820.5,6824.25,2342
2026-01-21 07:35:00,6824.5,6824.75,6817.75,6819.0,1995
2026-01-21 07:40:00,6818.75,6819.5,6817.0,6819.0,1601
2026-01-21 07:45:00,6819.0,6820.25,6814.5,6820.25,2982
2026-01-21 07:50:00,6820.5,6823.75,6820.5,6822.75,2135
2026-01-21 07:55:00,6822.5,6826.5,6821.75,6825.75,1848
2026-01-21 08:00:00,6825.75,6826.0,6822.0,6822.75,1878
2026-01-21 08:05:00,6822.75,6829.0,6822.75,6828.75,1686
2026-01-21 08:10:00,6828.5,6829.5,6826.0,6826.5,2508
2026-01-21 08:15:00,6826.5,6827.25,6823.25,6824.5,1727
2026-01-21 08:20:00,6824.75,6825.25,6821.0,6822.75,2097
2026-01-21 08:25:00,6822.75,6823.25,6821.0,6821.25,2302
2026-01-21 08:30:00,6821.5,6821.5,6816.75,6818.75,2663
2026-01-21 08:35:00,6819.0,6820.5,6815.75,6820.5,3962
2026-01-21 08:40:00,6820.5,6822.75,6817.5,6818.5,3842
2026-01-21 08:45:00,6818.5,6822.75,6817.75,6821.25,2762
2026-01-21 08:50:00,6821.5,6828.75,6819.75,6828.25,4552
2026-01-21 08:55:00,6828.25,6832.25,6823.0,6824.75,11318
2026-01-21 09:00:00,6824.75,6842.25,6821.75,6835.25,17447
2026-01-21 09:05:00,6835.25,6846.5,6832.5,6837.25,15025
2026-01-21 09:10:00,6837.0,6858.5,6833.75,6854.25,30713
2026-01-21 09:15:00,6854.0,6860.0,6850.0,6856.75,14772
2026-01-21 09:20:00,6857.0,6865.75,6842.5,6863.5,21257
2026-01-21 09:25:00,6863.5,6865.0,6852.0,6853.0,14229
2026-01-21 09:30:00,6852.75,6861.0,6847.0,6851.5,37929
2026-01-21 09:35:00,6851.5,6863.5,6848.75,6857.25,28374
2026-01-21 09:40:00,6857.5,6858.5,6845.5,6856.0,32173
2026-01-21 09:45:00,6856.25,6869.0,6856.25,6867.75,24923
2026-01-21 09:50:00,6867.75,6873.75,6865.25,6872.25,24999
2026-01-21 09:55:00,6872.25,6883.25,6871.5,6881.25,21633
2026-01-21 10:00:00,6881.5,6884.5,6878.5,6879.0,25538
2026-01-21 10:05:00,6879.25,6884.5,6877.5,6877.75,21085
2026-01-21 10:10:00,6878.0,6880.5,6873.0,6879.5,21465
2026-01-21 10:15:00,6879.75,6891.0,6879.5,6884.25,25487
2026-01-21 10:20:00,6884.25,6885.75,6876.75,6884.0,22491
2026-01-21 10:25:00,6884.25,6888.0,6879.25,6887.0,18553
2026-01-21 10:30:00,6886.75,6896.75,6886.0,6894.75,20523
2026-01-21 10:35:00,6894.75,6902.0,6894.25,6898.0,22797
2026-01-21 10:40:00,6898.0,6903.0,6897.25,6902.0,17020
2026-01-21 10:45:00,6902.0,6908.0,6901.75,6904.5,23416
2026-01-21 10:50:00,6904.5,6908.25,6903.5,6908.25,16228
2026-01-21 10:55:00,6908.25,6908.75,6904.0,6904.75,14918
2026-01-21 11:00:00,6904.5,6905.5,6901.0,6901.25,15803
2026-01-21 11:05:00,6901.5,6903.5,6897.75,6898.75,16134
2026-01-21 11:10:00,6899.0,6905.75,6897.75,6899.0,14255
2026-01-21 11:15:00,6899.0,6903.25,6897.5,6898.5,12445
2026-01-21 11:20:00,6898.5,6900.0,6895.75,6898.5,15095
2026-01-21 11:25:00,6898.5,6902.75,6895.25,6899.75,14262
2026-01-21 11:30:00,6899.75,6900.5,6891.0,6893.0,21803
2026-01-21 11:35:00,6892.75,6893.5,6874.75,6875.25,29305
2026-01-21 11:40:00,6875.5,6878.25,6868.25,6869.0,36398
2026-01-21 11:45:00,6869.0,6875.75,6866.0,6873.0,30503
2026-01-21 11:50:00,6873.0,6874.75,6863.0,6865.25,23140
2026-01-21 11:55:00,6865.0,6866.25,6855.5,6856.75,23851
2026-01-21 12:00:00,6857.0,6863.75,6855.75,6856.0,23652
2026-01-21 12:05:00,6856.0,6857.75,6849.0,6851.5,22639
2026-01-21 12:10:00,6851.5,6855.0,6837.75,6840.0,25514
2026-01-21 12:15:00,6840.0,6853.75,6837.25,6849.25,27598
2026-01-21 12:20:00,6849.25,6858.75,6846.5,6856.75,22208
2026-01-21 12:25:00,6857.0,6859.5,6850.5,6854.75,19454
2026-01-21 12:30:00,6855.0,6855.0,6846.5,6850.5,20268
2026-01-21 12:35:00,6850.25,6855.5,6846.5,6852.75,15831
2026-01-21 12:40:00,6852.75,6856.75,6848.75,6849.25,14765
2026-01-21 12:45:00,6849.0,6853.5,6846.25,6852.75,14189
2026-01-21 12:50:00,6852.5,6863.25,6849.5,6862.25,15957
2026-01-21 12:55:00,6862.0,6866.25,6858.0,6862.75,17950
2026-01-21 13:00:00,6862.5,6864.25,6842.5,6844.75,18949
2026-01-21 13:05:00,6844.5,6852.5,6844.5,6851.25,14727
2026-01-21 13:10:00,6851.25,6864.25,6850.75,6858.5,14400
2026-01-21 13:15:00,6858.5,6860.75,6855.5,6856.25,10134
2026-01-21 13:20:00,6856.25,6859.0,6851.5,6852.75,11488
2026-01-21 13:25:00,6853.0,6864.25,6851.75,6862.0,10754
2026-01-21 13:35:00,6855.0,6860.0,6854.25,6859.5,24777
2026-01-21 13:40:00,6859.75,6861.0,6855.75,6856.75,8576
2026-01-21 13:45:00,6857.0,6869.25,6853.5,6867.75,14180
2026-01-21 13:50:00,6867.75,6871.75,6866.0,6867.25,12591
2026-01-21 13:55:00,6867.5,6867.75,6861.25,6866.5,11323
2026-01-21 14:00:00,6866.5,6869.0,6860.75,6861.75,11346
2026-01-21 14:05:00,6861.75,6862.5,6855.75,6858.75,10874
2026-01-21 14:10:00,6858.75,6863.75,6857.0,6857.25,9426
2026-01-21 14:15:00,6857.25,6862.0,6855.25,6860.25,10014
2026-01-21 14:20:00,6860.25,6866.25,6857.25,6865.0,9311
2026-01-21 14:25:00,6865.0,6907.5,6860.25,6901.25,59742
2026-01-21 14:30:00,6901.25,6912.25,6900.5,6911.75,52039
2026-01-21 14:35:00,6911.75,6925.0,6910.25,6921.5,41399
2026-01-21 14:40:00,6921.75,6933.0,6917.25,6929.0,30240
2026-01-21 14:45:00,6934.75,6940.5,6933.25,6939.75,49043
2026-01-21 14:50:00,6939.75,6945.0,6929.0,6934.5,40220
2026-01-21 14:55:00,6934.5,6942.75,6933.0,6942.25,21878
2026-01-21 15:00:00,6942.5,6945.25,6934.0,6935.0,28824
2026-01-21 15:05:00,6935.0,6936.5,6927.0,6931.25,24201
2026-01-21 15:10:00,6931.0,6933.25,6927.0,6928.5,16110
2026-01-21 15:15:00,6928.5,6930.0,6918.5,6920.5,24486
2026-01-21 15:20:00,6920.5,6924.25,6916.75,6919.5,23741
2026-01-21 15:25:00,6919.25,6919.5,6910.25,6910.5,18228
2026-01-21 15:30:00,6910.5,6916.75,6904.5,6914.75,32490
2026-01-21 15:35:00,6914.5,6918.75,6914.5,6915.0,13978
2026-01-21 15:40:00,6915.0,6917.75,6910.0,6911.25,14147
2026-01-21 15:45:00,6911.25,6913.5,6908.5,6912.25,14680
2026-01-21 15:50:00,6912.25,6912.5,6903.25,6910.5,30772
2026-01-21 15:55:00,6910.5,6912.75,6905.5,6911.0,87632
2026-01-21 16:00:00,6911.0,6915.0,6910.0,6914.25,20912
2026-01-21 16:05:00,6914.25,6916.25,6912.5,6914.25,4503
2026-01-21 16:10:00,6914.25,6919.5,6912.5,6918.5,5221
2026-01-21 16:15:00,6918.75,6919.25,6917.0,6918.0,2128
2026-01-21 16:20:00,6918.25,6919.25,6916.5,6917.0,1275
2026-01-21 16:25:00,6917.0,6917.0,6914.5,6916.25,1432
2026-01-21 16:30:00,6916.25,6916.5,6915.0,6915.5,912
2026-01-21 16:35:00,6915.25,6915.5,6914.0,6915.0,1003
2026-01-21 16:40:00,6915.25,6916.0,6914.75,6915.5,1222
2026-01-21 16:45:00,6915.75,6915.75,6914.0,6914.25,1224
2026-01-21 16:50:00,6914.25,6914.75,6913.0,6914.5,1209
2026-01-21 16:55:00,6914.25,6915.75,6913.5,6915.75,1265
2026-01-21 18:00:00,6920.0,6927.0,6919.0,6925.75,0
2026-01-21 18:05:00,6925.75,6928.25,6925.25,6926.75,1031
2026-01-21 18:10:00,6926.75,6926.75,6922.75,6923.75,1217
2026-01-21 18:15:00,6923.75,6925.25,6923.5,6924.0,277
2026-01-21 18:20:00,6923.75,6924.75,6923.25,6924.5,299
2026-01-21 18:25:00,6924.5,6927.25,6924.25,6926.25,476
2026-01-21 18:30:00,6926.5,6926.5,6920.75,6921.0,750
2026-01-21 18:35:00,6921.0,6921.5,6919.25,6920.25,567
2026-01-21 18:40:00,6920.25,6923.75,6919.75,6921.75,437
2026-01-21 18:45:00,6921.75,6923.75,6921.25,6922.5,418
2026-01-21 18:50:00,6922.5,6925.5,6922.5,6924.0,463
2026-01-21 18:55:00,6924.25,6925.0,6923.25,6924.25,329
2026-01-21 19:00:00,6924.25,6925.0,6922.0,6923.5,737
2026-01-21 19:05:00,6923.75,6926.75,6923.0,6926.5,730
2026-01-21 19:10:00,6926.25,6927.75,6925.75,6927.25,538
2026-01-21 19:15:00,6927.25,6929.75,6925.5,6928.25,1169
2026-01-21 19:20:00,6928.0,6929.25,6926.5,6928.0,923
2026-01-21 19:25:00,6928.0,6928.75,6927.0,6927.0,437
2026-01-21 19:30:00,6927.25,6929.25,6927.0,6928.25,640
2026-01-21 19:35:00,6928.0,6928.0,6923.25,6924.5,814
2026-01-21 19:40:00,6924.75,6928.0,6924.5,6926.5,517
2026-01-21 19:45:00,6926.25,6927.75,6925.75,6927.25,399
2026-01-21 19:50:00,6927.25,6928.25,6926.75,6927.25,377
2026-01-21 19:55:00,6927.25,6927.75,6925.75,6927.0,698
2026-01-21 20:00:00,6927.0,6927.5,6925.5,6926.75,766
2026-01-21 20:05:00,6927.0,6927.25,6926.0,6927.25,498
2026-01-21 20:10:00,6927.25,6928.25,6926.0,6927.75,923
2026-01-21 20:15:00,6927.75,6929.75,6927.25,6929.0,751
2026-01-21 20:20:00,6929.0,6931.25,6928.75,6930.75,920
2026-01-21 20:25:00,6930.75,6932.75,6930.0,6932.5,1104
2026-01-21 20:30:00,6932.25,6932.5,6931.0,6932.5,1003
2026-01-21 20:35:00,6932.5,6932.75,6930.5,6931.25,956
2026-01-21 20:40:00,6931.25,6932.75,6930.75,6932.5,858
2026-01-21 20:45:00,6932.5,6933.25,6931.0,6933.25,597
2026-01-21 20:50:00,6933.25,6933.75,6932.5,6933.25,696
2026-01-21 20:55:00,6933.25,6934.25,6932.75,6933.25,637
2026-01-21 21:00:00,6933.0,6934.5,6932.25,6933.75,756
2026-01-21 21:05:00,6933.75,6934.75,6933.75,6933.75,648
2026-01-21 21:10:00,6934.0,6934.75,6933.0,6933.25,569
2026-01-21 21:15:00,6933.0,6933.5,6932.5,6932.75,433
2026-01-21 21:20:00,6932.5,6933.25,6932.0,6932.75,595
2026-01-21 21:25:00,6932.75,6933.0,6931.0,6931.75,791
2026-01-21 21:30:00,6931.5,6931.5,6929.25,6930.25,835
2026-01-21 21:35:00,6930.25,6930.5,6928.25,6929.5,601
2026-01-21 21:40:00,6929.25,6930.0,6928.5,6928.75,394
2026-01-21 21:45:00,6929.0,6930.25,6928.5,6929.75,545
2026-01-21 21:50:00,6929.75,6930.0,6929.0,6929.25,327
2026-01-21 21:55:00,6929.25,6930.25,6929.0,6929.5,305
2026-01-21 22:00:00,6929.5,6931.75,6929.5,6931.5,483
2026-01-21 22:05:00,6931.5,6933.75,6931.5,6933.25,510
2026-01-21 22:10:00,6933.25,6933.75,6931.75,6932.0,652
2026-01-21 22:15:00,6932.0,6932.25,6930.5,6932.25,473
2026-01-21 22:20:00,6932.25,6933.75,6932.25,6933.5,453
2026-01-21 22:25:00,6933.25,6933.5,6932.0,6932.5,295
2026-01-21 22:30:00,6932.5,6933.0,6931.5,6932.5,366
2026-01-21 22:35:00,6932.25,6932.25,6931.0,6931.5,574
2026-01-21 22:40:00,6931.5,6931.75,6930.5,6931.0,670
2026-01-21 22:45:00,6931.0,6932.0,6930.5,6931.25,356
2026-01-21 22:50:00,6931.5,6932.25,6930.5,6931.75,445
2026-01-21 22:55:00,6931.75,6932.75,6931.75,6932.25,415
2026-01-21 23:00:00,6932.25,6932.25,6930.25,6931.25,760
2026-01-21 23:05:00,6931.25,6932.25,6930.75,6931.75,465
2026-01-21 23:10:00,6931.75,6932.25,6931.25,6931.5,515
2026-01-21 23:15:00,6931.5,6931.5,6928.5,6929.5,711
2026-01-21 23:20:00,6929.5,6929.75,6928.5,6929.75,387
2026-01-21 23:25:00,6929.75,6930.25,6929.0,6930.0,443
2026-01-21 23:30:00,6930.0,6930.25,6929.5,6930.0,222
2026-01-21 23:35:00,6930.25,6930.5,6928.75,6928.75,226
2026-01-21 23:40:00,6928.75,6929.0,6928.5,6928.5,215
2026-01-21 23:45:00,6928.5,6929.25,6927.5,6929.0,607
2026-01-21 23:50:00,6929.0,6929.5,6928.25,6929.0,465
2026-01-21 23:55:00,6929.0,6929.75,6928.75,6929.5,267
2026-01-22 00:05:00,6929.5,6929.5,6928.75,6928.75,669
2026-01-22 00:10:00,6929.0,6929.0,6927.5,6928.0,423
2026-01-22 00:15:00,6927.75,6928.0,6927.0,6927.0,347
2026-01-22 00:20:00,6927.25,6928.0,6927.25,6927.5,314
2026-01-22 00:25:00,6927.5,6928.0,6927.0,6927.5,378
2026-01-22 00:30:00,6927.5,6927.75,6927.0,6927.0,264
2026-01-22 00:35:00,6927.0,6927.0,6925.5,6926.0,630
2026-01-22 00:40:00,6926.0,6926.25,6921.25,6922.75,1684
2026-01-22 00:45:00,6923.0,6924.25,6921.25,6921.5,605
2026-01-22 00:50:00,6921.75,6922.25,6919.5,6920.75,632
2026-01-22 00:55:00,6920.75,6921.75,6920.0,6921.0,451
2026-01-22 01:00:00,6920.5,6923.5,6920.5,6922.5,684
2026-01-22 01:05:00,6922.25,6922.5,6918.0,6918.5,848
2026-01-22 01:10:00,6918.25,6918.5,6912.75,6913.0,1632
2026-01-22 01:15:00,6913.0,6915.75,6912.75,6915.25,606
2026-01-22 01:20:00,6915.0,6917.0,6912.5,6913.5,1101
2026-01-22 01:25:00,6913.25,6913.25,6911.25,6912.0,1002
2026-01-22 01:30:00,6912.25,6916.0,6911.75,6914.75,1288
2026-01-22 01:35:00,6914.75,6918.5,6914.75,6917.25,737
2026-01-22 01:40:00,6917.25,6919.5,6916.75,6919.5,493
2026-01-22 01:45:00,6919.25,6919.75,6918.0,6919.5,387
2026-01-22 01:50:00,6919.5,6925.75,6919.5,6920.75,1778
2026-01-22 01:55:00,6920.75,6922.25,6920.0,6922.0,350
2026-01-22 02:00:00,6922.0,6924.25,6919.5,6919.5,898
2026-01-22 02:05:00,6919.5,6920.5,6916.25,6916.75,889
2026-01-22 02:10:00,6916.75,6918.0,6914.75,6918.0,687
2026-01-22 02:15:00,6917.75,6918.0,6916.25,6916.5,557
2026-01-22 02:20:00,6916.5,6918.0,6916.25,6918.0,628
2026-01-22 02:25:00,6917.75,6921.5,6917.75,6921.5,788
2026-01-22 02:30:00,6921.5,6925.0,6921.25,6925.0,1363
2026-01-22 02:35:00,6924.75,6924.75,6923.5,6924.5,417
2026-01-22 02:40:00,6924.25,6932.0,6924.25,6930.75,2001
2026-01-22 02:45:00,6930.75,6930.75,6925.5,6928.0,881
2026-01-22 02:50:00,6927.75,6928.0,6925.75,6927.0,528
2026-01-22 02:55:00,6927.0,6930.25,6926.5,6930.0,776
2026-01-22 03:00:00,6929.75,6935.0,6928.75,6934.0,2278
2026-01-22 03:05:00,6934.0,6937.75,6934.0,6935.25,2588
2026-01-22 03:10:00,6935.5,6937.5,6934.25,6936.25,1465
2026-01-22 03:15:00,6936.25,6940.25,6935.0,6936.5,2723
2026-01-22 03:20:00,6936.5,6940.5,6936.0,6940.25,1637
2026-01-22 03:25:00,6940.25,6945.5,6939.5,6942.0,4066
2026-01-22 03:30:00,6942.0,6943.25,6940.0,6943.0,2056
2026-01-22 03:35:00,6943.0,6945.75,6942.0,6945.75,2409
2026-01-22 03:40:00,6946.0,6947.75,6944.75,6946.5,2350
2026-01-22 03:45:00,6946.25,6947.5,6944.25,6947.0,1703
2026-01-22 03:50:00,6947.0,6952.25,6946.75,6949.75,2689
2026-01-22 03:55:00,6949.75,6950.0,6946.5,6947.25,1291
2026-01-22 04:00:00,6947.0,6952.0,6946.5,6951.75,1646
2026-01-22 04:05:00,6951.75,6952.75,6950.25,6951.25,1251
2026-01-22 04:10:00,6951.5,6953.75,6951.25,6953.75,1294
2026-01-22 04:15:00,6953.75,6956.0,6953.25,6955.0,2457
2026-01-22 04:20:00,6955.0,6955.25,6951.0,6952.5,1613
2026-01-22 04:25:00,6952.75,6952.75,6950.25,6951.5,1054
2026-01-22 04:30:00,6951.5,6954.5,6951.0,6954.25,1570
2026-01-22 04:35:00,6954.25,6954.5,6952.25,6953.25,967
2026-01-22 04:40:00,6953.5,6955.25,6953.25,6954.25,845
2026-01-22 04:45:00,6954.25,6955.0,6954.0,6955.0,693
2026-01-22 04:50:00,6955.25,6956.0,6953.75,6954.0,880
2026-01-22 04:55:00,6954.0,6954.25,6952.5,6953.0,1063
2026-01-22 05:00:00,6953.25,6954.25,6952.25,6952.75,1640
2026-01-22 05:05:00,6953.0,6953.0,6951.0,6953.0,1256
2026-01-22 05:10:00,6952.75,6953.0,6949.25,6949.75,1383
2026-01-22 05:15:00,6950.0,6950.5,6946.25,6947.0,1191
2026-01-22 05:20:00,6947.25,6952.25,6946.5,6950.0,5018
2026-01-22 05:25:00,6950.0,6951.75,6949.25,6950.0,738
2026-01-22 05:30:00,6950.0,6952.0,6949.5,6951.75,668
2026-01-22 05:35:00,6951.75,6952.5,6950.5,6951.0,847
2026-01-22 05:40:00,6951.0,6951.75,6950.0,6950.75,680
2026-01-22 05:45:00,6950.75,6951.75,6950.0,6951.25,801
2026-01-22 05:50:00,6951.25,6952.25,6950.25,6951.25,874
2026-01-22 05:55:00,6951.0,6952.25,6950.75,6951.25,456
2026-01-22 06:00:00,6951.0,6954.0,6950.75,6951.5,1702
2026-01-22 06:05:00,6951.75,6954.75,6951.75,6954.5,1606
2026-01-22 06:10:00,6954.5,6954.75,6950.25,6950.5,857
2026-01-22 06:15:00,6950.25,6951.75,6944.75,6949.75,2706
2026-01-22 06:20:00,6949.75,6950.75,6948.0,6949.75,781
2026-01-22 06:25:00,6949.75,6950.0,6947.0,6949.0,892
2026-01-22 06:30:00,6948.75,6953.0,6947.5,6951.25,4514
2026-01-22 06:35:00,6951.0,6951.75,6946.25,6947.5,953
2026-01-22 06:40:00,6947.5,6947.5,6944.0,6945.5,1050
2026-01-22 06:45:00,6945.5,6946.0,6944.0,6945.25,709
2026-01-22 06:50:00,6945.0,6946.5,6944.0,6945.5,657
2026-01-22 06:55:00,6945.5,6946.5,6944.0,6945.25,939
2026-01-22 07:00:00,6945.0,6946.75,6941.75,6943.25,1975
2026-01-22 07:05:00,6943.25,6946.0,6942.75,6945.0,1790
2026-01-22 07:10:00,6945.0,6945.5,6942.5,6943.0,915
2026-01-22 07:15:00,6943.25,6946.0,6943.0,6945.0,1024
2026-01-22 07:20:00,6944.75,6948.0,6944.25,6947.25,1692
2026-01-22 07:25:00,6947.0,6947.75,6946.0,6946.25,667
2026-01-22 07:30:00,6946.0,6948.75,6943.5,6948.0,2364
2026-01-22 07:35:00,6948.0,6948.75,6946.25,6946.25,1317
2026-01-22 07:40:00,6946.0,6948.5,6946.0,6947.5,1074
2026-01-22 07:45:00,6947.5,6948.0,6945.5,6946.0,1146
2026-01-22 07:50:00,6946.0,6947.75,6944.75,6945.5,1205
2026-01-22 07:55:00,6945.5,6948.25,6945.0,6947.5,881
2026-01-22 08:00:00,6947.5,6951.5,6947.25,6950.75,2249
2026-01-22 08:05:00,6950.5,6950.75,6946.25,6947.5,3063
2026-01-22 08:10:00,6947.5,6948.25,6945.0,6948.25,2228
2026-01-22 08:15:00,6948.25,6951.25,6948.0,6950.5,1866
2026-01-22 08:20:00,6950.5,6950.5,6949.0,6950.0,1543
2026-01-22 08:25:00,6950.0,6951.0,6949.25,6951.0,1905
2026-01-22 08:30:00,6950.5,6952.75,6946.0,6949.75,5671
2026-01-22 08:35:00,6949.5,6952.0,6949.0,6951.5,1939
2026-01-22 08:40:00,6951.5,6951.75,6947.5,6948.75,1439
2026-01-22 08:45:00,6948.5,6957.5,6948.25,6955.5,4250
2026-01-22 08:50:00,6955.25,6955.75,6953.0,6954.75,1737
2026-01-22 08:55:00,6954.5,6958.5,6954.25,6957.5,2525
2026-01-22 09:00:00,6957.5,6958.25,6953.75,6953.75,2837
2026-01-22 09:05:00,6953.75,6955.0,6952.5,6954.0,2548
2026-01-22 09:10:00,6954.0,6955.75,6952.25,6954.75,1967
2026-01-22 09:15:00,6955.0,6958.25,6953.75,6957.75,2178
2026-01-22 09:20:00,6957.75,6958.0,6953.0,6953.5,3501
2026-01-22 09:25:00,6953.5,6958.75,6953.5,6956.25,8906
2026-01-22 09:30:00,6956.0,6961.0,6951.75,6956.5,38024
2026-01-22 09:35:00,6956.75,6962.5,6952.0,6960.75,25439
2026-01-22 09:40:00,6960.5,6964.5,6946.25,6951.25,32142
2026-01-22 09:45:00,6951.25,6952.5,6933.0,6935.75,31730
2026-01-22 09:50:00,6935.5,6944.25,6933.0,6941.75,27351
2026-01-22 09:55:00,6941.75,6943.0,6930.5,6936.0,22235
2026-01-22 10:00:00,6935.5,6937.25,6926.25,6930.0,28468
2026-01-22 10:05:00,6930.0,6932.0,6925.5,6929.75,22634
2026-01-22 10:10:00,6930.0,6935.0,6927.25,6930.0,19617
2026-01-22 10:15:00,6929.75,6936.25,6927.5,6933.25,20923
2026-01-22 10:20:00,6933.25,6942.0,6930.5,6930.5,21873
2026-01-22 10:25:00,6930.5,6942.75,6929.25,6941.0,17042
2026-01-22 10:30:00,6941.25,6946.0,6937.0,6945.25,18542
2026-01-22 10:35:00,6945.0,6948.0,6943.25,6946.5,13621
2026-01-22 10:40:00,6946.75,6949.25,6942.75,6949.25,12600
2026-01-22 10:45:00,6949.25,6951.75,6948.25,6948.75,12412
2026-01-22 10:50:00,6948.5,6948.75,6944.25,6945.5,14029
2026-01-22 10:55:00,6945.25,6946.75,6942.5,6943.0,14297
2026-01-22 11:00:00,6943.0,6948.75,6942.5,6948.0,16467
2026-01-22 11:05:00,6948.25,6951.5,6946.75,6950.5,12268
2026-01-22 11:10:00,6950.75,6954.5,6949.0,6953.75,10731
2026-01-22 11:15:00,6953.75,6955.5,6949.0,6952.5,11841
2026-01-22 11:20:00,6952.75,6955.75,6952.5,6955.25,7239
2026-01-22 11:25:00,6955.0,6957.5,6954.0,6955.0,10657
2026-01-22 11:30:00,6954.75,6956.5,6953.25,6955.5,9990
2026-01-22 11:35:00,6955.5,6957.0,6953.75,6955.75,6489
2026-01-22 11:40:00,6956.0,6959.25,6955.0,6957.75,8980
2026-01-22 11:45:00,6958.0,6960.75,6957.75,6959.25,9572
2026-01-22 11:50:00,6959.5,6962.0,6958.25,6959.25,9112
2026-01-22 11:55:00,6959.5,6959.5,6953.5,6954.25,10870
2026-01-22 12:00:00,6954.25,6957.75,6951.0,6957.5,10940
2026-01-22 12:05:00,6957.5,6961.5,6955.0,6960.5,14462
2026-01-22 12:10:00,6960.75,6962.75,6958.75,6960.75,8180
2026-01-22 12:15:00,6960.75,6961.75,6956.5,6959.0,8012
2026-01-22 12:20:00,6958.75,6959.0,6954.5,6959.0,8989
2026-01-22 12:25:00,6959.0,6959.75,6956.25,6959.75,5864
2026-01-22 12:30:00,6959.75,6966.25,6959.75,6965.5,12774
2026-01-22 12:35:00,6965.75,6965.75,6962.75,6963.5,6570
2026-01-22 12:40:00,6963.5,6966.5,6963.25,6964.75,6115
2026-01-22 12:45:00,6964.75,6966.5,6963.75,6965.25,4701
2026-01-22 12:50:00,6965.25,6968.0,6965.0,6966.5,7819
2026-01-22 12:55:00,6966.5,6968.25,6964.25,6967.0,7174
2026-01-22 13:00:00,6966.75,6969.0,6962.5,6967.0,16957
2026-01-22 13:05:00,6967.0,6968.5,6965.0,6965.75,6362
2026-01-22 13:10:00,6966.0,6966.0,6960.75,6962.0,8960
2026-01-22 13:15:00,6962.0,6963.75,6959.75,6962.0,7315
2026-01-22 13:20:00,6962.25,6964.75,6961.5,6963.75,5616
2026-01-22 13:25:00,6963.5,6963.75,6961.25,6961.75,4248
2026-01-22 13:30:00,6961.5,6965.75,6961.25,6964.25,5618
2026-01-22 13:35:00,6964.0,6965.25,6963.0,6965.0,4138
2026-01-22 13:40:00,6965.0,6965.0,6959.75,6960.75,5046
2026-01-22 13:45:00,6960.5,6963.5,6960.5,6961.75,4785
2026-01-22 13:50:00,6962.0,6962.5,6958.5,6959.0,5550
2026-01-22 13:55:00,6959.25,6959.25,6955.25,6957.25,7964
2026-01-22 14:00:00,6957.25,6963.25,6957.0,6963.0,9309
2026-01-22 14:05:00,6963.0,6965.5,6962.0,6964.0,6992
2026-01-22 14:10:00,6964.0,6966.75,6962.0,6964.0,5145
2026-01-22 14:15:00,6964.0,6964.75,6962.0,6963.5,4471
2026-01-22 14:20:00,6963.5,6965.75,6962.75,6965.0,3498
2026-01-22 14:25:00,6965.25,6965.75,6963.0,6963.5,3728
2026-01-22 14:30:00,6963.75,6964.25,6960.5,6960.75,5969
2026-01-22 14:35:00,6960.5,6961.5,6955.5,6956.25,6989
2026-01-22 14:40:00,6956.25,6958.5,6954.0,6954.5,9363
2026-01-22 14:45:00,6954.75,6955.5,6952.25,6953.25,8560
2026-01-22 14:50:00,6953.0,6955.75,6950.75,6951.5,7510
2026-01-22 14:55:00,6951.25,6952.5,6944.5,6944.5,16837
2026-01-22 15:00:00,6944.5,6948.5,6943.0,6947.25,15846
2026-01-22 15:05:00,6947.0,6948.5,6945.25,6946.0,9729
2026-01-22 15:10:00,6946.0,6949.25,6945.75,6949.0,7883
2026-01-22 15:15:00,6949.0,6952.25,6947.75,6949.0,9352
2026-01-22 15:20:00,6949.0,6950.0,6945.0,6945.25,7370
2026-01-22 15:25:00,6945.5,6945.5,6938.25,6938.25,14846
2026-01-22 15:30:00,6938.25,6939.25,6933.75,6935.75,22947
2026-01-22 15:35:00,6935.75,6937.25,6932.5,6935.0,15512
2026-01-22 15:40:00,6935.0,6940.0,6933.25,6938.25,18497
2026-01-22 15:45:00,6938.25,6942.75,6938.25,6942.5,12172
2026-01-22 15:50:00,6942.75,6946.25,6941.75,6945.0,17962
2026-01-22 15:55:00,6945.0,6947.5,6943.0,6946.0,75470
2026-01-22 16:00:00,6945.75,6948.5,6941.25,6942.5,25787
2026-01-22 16:05:00,6942.5,6947.0,6942.25,6945.0,4347
2026-01-22 16:10:00,6945.0,6945.5,6942.5,6944.5,3111
2026-01-22 16:15:00,6944.5,6945.75,6944.25,6945.25,1178
2026-01-22 16:20:00,6945.0,6946.25,6944.75,6946.0,983
2026-01-22 16:25:00,6946.0,6946.75,6945.0,6946.25,1011
2026-01-22 16:30:00,6946.25,6946.5,6945.5,6945.75,550
2026-01-22 16:35:00,6945.75,6945.75,6943.0,6943.25,1470
2026-01-22 16:40:00,6943.25,6943.75,6942.25,6942.75,834
2026-01-22 16:45:00,6943.0,6943.25,6942.0,6942.5,687
2026-01-22 16:50:00,6942.5,6944.5,6942.5,6943.25,607
2026-01-22 16:55:00,6943.25,6944.0,6935.75,6940.25,3398
2026-01-22 18:00:00,6938.0,6941.5,6933.5,6936.25,0
2026-01-22 18:05:00,6936.5,6939.0,6935.75,6938.5,1314
2026-01-22 18:10:00,6938.75,6939.0,6936.25,6937.0,1953
2026-01-22 18:15:00,6937.0,6939.25,6936.75,6937.25,406
2026-01-22 18:20:00,6937.25,6942.0,6936.75,6942.0,916
2026-01-22 18:25:00,6942.0,6943.0,6941.0,6941.0,669
2026-01-22 18:30:00,6941.25,6944.25,6940.75,6943.0,648
2026-01-22 18:35:00,6943.25,6944.0,6942.5,6942.75,399
2026-01-22 18:40:00,6942.5,6943.0,6941.5,6943.0,212
2026-01-22 18:45:00,6943.0,6943.5,6939.75,6940.5,556
2026-01-22 18:50:00,6940.5,6940.75,6938.25,6938.75,454
2026-01-22 18:55:00,6939.0,6941.5,6938.75,6941.25,353
2026-01-22 19:00:00,6941.0,6942.0,6937.5,6940.75,1054
2026-01-22 19:05:00,6940.75,6943.75,6939.75,6943.0,653
2026-01-22 19:10:00,6943.25,6944.75,6942.5,6943.5,460
2026-01-22 19:15:00,6943.5,6945.25,6942.25,6944.75,621
2026-01-22 19:20:00,6945.0,6946.5,6944.0,6944.75,723
2026-01-22 19:25:00,6945.0,6945.25,6943.75,6944.5,421
2026-01-22 19:30:00,6944.5,6945.75,6943.75,6945.5,417
2026-01-22 19:35:00,6945.75,6947.5,6945.5,6946.75,578
2026-01-22 19:40:00,6946.75,6948.5,6946.75,6948.25,558
2026-01-22 19:45:00,6948.25,6949.0,6947.25,6947.5,365
2026-01-22 19:50:00,6947.5,6949.5,6947.5,6948.5,397
2026-01-22 19:55:00,6948.5,6950.0,6948.0,6949.5,474
2026-01-22 20:00:00,6949.5,6953.5,6949.0,6952.75,2317
2026-01-22 20:05:00,6952.75,6953.5,6952.0,6952.5,1056
2026-01-22 20:10:00,6952.25,6953.25,6951.5,6952.25,937
2026-01-22 20:15:00,6952.25,6954.75,6952.25,6953.25,954
2026-01-22 20:20:00,6953.0,6954.75,6952.75,6953.25,447
2026-01-22 20:25:00,6953.0,6953.75,6949.75,6951.5,1887
2026-01-22 20:30:00,6951.25,6954.75,6950.5,6954.25,2175
2026-01-22 20:35:00,6954.5,6954.75,6952.5,6953.25,1072
2026-01-22 20:40:00,6953.0,6953.75,6952.5,6953.0,682
2026-01-22 20:45:00,6952.75,6954.5,6952.5,6954.5,432
2026-01-22 20:50:00,6954.5,6955.5,6954.25,6955.5,558
2026-01-22 20:55:00,6955.5,6957.0,6955.0,6956.5,691
2026-01-22 21:00:00,6956.75,6957.0,6954.25,6954.75,651
2026-01-22 21:05:00,6954.75,6955.5,6954.25,6954.75,385
2026-01-22 21:10:00,6955.0,6956.0,6954.75,6955.75,369
2026-01-22 21:15:00,6955.75,6956.25,6954.75,6955.5,419
2026-01-22 21:20:00,6955.5,6955.5,6954.25,6954.25,312
2026-01-22 21:25:00,6954.25,6954.75,6953.5,6954.5,457
2026-01-22 21:30:00,6954.25,6954.5,6952.75,6953.25,492
2026-01-22 21:35:00,6953.5,6953.75,6952.25,6952.5,477
2026-01-22 21:40:00,6952.5,6952.75,6951.75,6952.0,366
2026-01-22 21:45:00,6952.0,6952.75,6951.75,6952.25,355
2026-01-22 21:50:00,6952.0,6952.5,6951.5,6952.25,530
2026-01-22 21:55:00,6952.25,6952.5,6951.5,6951.75,351
2026-01-22 22:00:00,6951.75,6954.5,6951.75,6954.5,536
2026-01-22 22:05:00,6954.25,6956.5,6954.0,6956.0,765
2026-01-22 22:10:00,6956.0,6956.5,6955.25,6956.25,590
2026-01-22 22:15:00,6956.25,6958.0,6956.25,6958.0,647
2026-01-22 22:20:00,6957.75,6958.5,6957.5,6957.5,409
2026-01-22 22:25:00,6957.5,6958.5,6957.5,6957.75,256
2026-01-22 22:30:00,6957.5,6958.0,6956.25,6956.5,422
2026-01-22 22:35:00,6956.5,6956.5,6955.5,6956.25,408
2026-01-22 22:40:00,6956.25,6957.5,6956.25,6957.25,274
2026-01-22 22:45:00,6957.5,6957.5,6955.25,6956.0,415
2026-01-22 22:50:00,6956.25,6957.25,6956.0,6957.25,283
2026-01-22 22:55:00,6957.0,6957.0,6956.25,6956.5,239
2026-01-22 23:00:00,6956.5,6957.25,6956.0,6956.5,492
2026-01-22 23:05:00,6956.25,6956.75,6955.5,6956.0,313
2026-01-22 23:10:00,6956.0,6957.0,6956.0,6957.0,265
2026-01-22 23:15:00,6957.0,6957.5,6956.0,6956.25,265
2026-01-22 23:20:00,6956.25,6956.25,6954.75,6956.0,331
2026-01-22 23:25:00,6956.0,6956.75,6956.0,6956.5,237
2026-01-22 23:30:00,6956.5,6957.5,6956.5,6957.5,174
2026-01-22 23:35:00,6957.5,6958.0,6957.0,6957.5,453
2026-01-22 23:40:00,6957.5,6957.5,6956.25,6956.5,191
2026-01-22 23:45:00,6956.25,6956.5,6955.5,6955.75,336
2026-01-22 23:50:00,6955.75,6959.0,6955.75,6959.0,988
2026-01-22 23:55:00,6958.75,6959.0,6958.0,6958.5,380
2026-01-23 00:05:00,6958.75,6959.0,6958.5,6959.0,955
2026-01-23 00:10:00,6959.0,6960.5,6958.75,6959.5,439
2026-01-23 00:15:00,6959.5,6960.0,6959.25,6960.0,249
2026-01-23 00:20:00,6959.75,6960.25,6959.0,6959.25,207
2026-01-23 00:25:00,6959.25,6959.5,6958.5,6959.0,192
2026-01-23 00:30:00,6958.75,6959.25,6958.0,6958.5,231
2026-01-23 00:35:00,6958.5,6959.75,6958.5,6959.75,116
2026-01-23 00:40:00,6959.5,6960.0,6958.0,6958.25,269
2026-01-23 00:45:00,6958.5,6959.5,6958.25,6959.0,157
2026-01-23 00:50:00,6959.0,6960.25,6958.75,6960.25,226
2026-01-23 00:55:00,6960.25,6960.75,6959.75,6960.5,249
2026-01-23 01:00:00,6960.5,6962.5,6960.25,6962.25,618
2026-01-23 01:05:00,6962.25,6963.25,6961.25,6961.25,1050
2026-01-23 01:10:00,6961.25,6962.0,6960.25,6961.75,312
2026-01-23 01:15:00,6961.5,6963.0,6961.25,6963.0,197
2026-01-23 01:20:00,6963.0,6963.0,6962.25,6962.75,210
2026-01-23 01:25:00,6963.0,6963.0,6960.25,6961.0,505
2026-01-23 01:30:00,6960.75,6961.75,6960.5,6961.0,277
2026-01-23 01:35:00,6961.0,6961.25,6957.5,6958.0,463
2026-01-23 01:40:00,6958.0,6958.5,6957.5,6958.0,282
2026-01-23 01:45:00,6957.75,6958.75,6957.25,6957.5,263
2026-01-23 01:50:00,6957.5,6958.25,6957.25,6957.5,114
2026-01-23 01:55:00,6957.5,6958.0,6957.25,6957.5,136
2026-01-23 02:00:00,6957.5,6957.5,6955.5,6956.75,489
2026-01-23 02:05:00,6957.0,6958.25,6956.5,6956.5,713
2026-01-23 02:10:00,6956.75,6957.5,6955.75,6956.25,338
2026-01-23 02:15:00,6956.25,6959.0,6956.25,6959.0,420
2026-01-23 02:20:00,6959.25,6960.25,6959.25,6960.25,483
2026-01-23 02:25:00,6960.25,6960.75,6958.5,6959.0,393
2026-01-23 02:30:00,6959.0,6959.0,6957.0,6957.25,392
2026-01-23 02:35:00,6957.25,6957.75,6956.25,6956.5,343
2026-01-23 02:40:00,6956.5,6957.5,6956.0,6956.75,528
2026-01-23 02:45:00,6957.0,6957.0,6953.25,6955.25,1273
2026-01-23 02:50:00,6955.25,6955.75,6954.0,6954.5,369
2026-01-23 02:55:00,6954.5,6955.5,6953.5,6955.0,619
2026-01-23 03:00:00,6954.75,6954.75,6951.25,6953.5,1668
2026-01-23 03:05:00,6953.5,6954.75,6952.75,6954.5,1186
2026-01-23 03:10:00,6954.5,6955.0,6948.75,6948.75,1236
2026-01-23 03:15:00,6948.75,6952.25,6948.25,6949.25,1577
2026-01-23 03:20:00,6949.25,6949.5,6946.25,6947.5,1357
2026-01-23 03:25:00,6947.5,6947.75,6943.0,6944.5,1919
2026-01-23 03:30:00,6944.75,6946.0,6939.5,6940.25,2208
2026-01-23 03:35:00,6940.25,6942.25,6939.75,6942.25,1778
2026-01-23 03:40:00,6942.5,6944.75,6941.0,6941.25,1110
2026-01-23 03:45:00,6941.5,6944.25,6940.25,6941.0,1052
2026-01-23 03:50:00,6940.75,6942.0,6936.75,6938.0,1747
2026-01-23 03:55:00,6938.0,6939.5,6935.25,6938.25,1509
2026-01-23 04:00:00,6938.25,6942.25,6937.0,6940.5,1518
2026-01-23 04:05:00,6940.75,6942.75,6940.25,6942.25,1079
2026-01-23 04:10:00,6942.25,6942.25,6937.5,6938.5,1187
2026-01-23 04:15:00,6938.5,6939.75,6937.75,6939.5,941
2026-01-23 04:20:00,6939.25,6942.25,6939.25,6941.0,957
2026-01-23 04:25:00,6941.25,6941.75,6937.75,6939.0,1936
2026-01-23 04:30:00,6939.0,6939.5,6936.0,6936.5,1090
2026-01-23 04:35:00,6936.25,6936.5,6932.5,6933.25,2283
2026-01-23 04:40:00,6933.0,6933.0,6926.75,6928.0,4117
2026-01-23 04:45:00,6927.75,6929.5,6925.5,6928.25,1703
2026-01-23 04:50:00,6928.25,6930.5,6926.5,6929.25,2168
2026-01-23 04:55:00,6929.25,6931.75,6928.25,6929.5,1556
2026-01-23 05:00:00,6929.25,6931.0,6928.25,6930.75,936
2026-01-23 05:05:00,6930.75,6931.25,6929.5,6930.75,1172
2026-01-23 05:10:00,6930.75,6931.0,6927.5,6927.75,1722
2026-01-23 05:15:00,6928.0,6930.5,6927.0,6929.5,912
2026-01-23 05:20:00,6929.5,6930.25,6927.5,6929.75,773
2026-01-23 05:25:00,6929.75,6930.25,6927.5,6928.25,713
2026-01-23 05:30:00,6928.25,6928.75,6926.5,6926.75,805
2026-01-23 05:35:00,6926.75,6928.0,6925.75,6926.75,721
2026-01-23 05:40:00,6927.0,6928.25,6926.75,6926.75,723
2026-01-23 05:45:00,6926.75,6928.5,6926.5,6926.5,801
2026-01-23 05:50:00,6926.25,6928.75,6926.25,6928.25,1028
2026-01-23 05:55:00,6928.5,6929.75,6927.75,6929.75,989
2026-01-23 06:00:00,6929.75,6941.0,6929.25,6937.25,7770
2026-01-23 06:05:00,6937.25,6942.0,6936.25,6939.75,4519
2026-01-23 06:10:00,6939.75,6941.25,6937.75,6940.0,2282
2026-01-23 06:15:00,6940.25,6940.5,6938.25,6939.0,1020
2026-01-23 06:20:00,6939.25,6940.0,6938.0,6938.75,996
2026-01-23 06:25:00,6939.0,6942.25,6937.75,6942.0,1096
2026-01-23 06:30:00,6942.25,6943.75,6940.5,6943.0,1171
2026-01-23 06:35:00,6942.75,6943.0,6940.25,6941.5,867
2026-01-23 06:40:00,6941.5,6941.75,6937.5,6938.5,1132
2026-01-23 06:45:00,6938.5,6938.75,6936.5,6936.75,1054
2026-01-23 06:50:00,6936.75,6937.75,6935.0,6936.0,1021
2026-01-23 06:55:00,6935.75,6935.75,6931.75,6933.5,1353
2026-01-23 07:00:00,6933.25,6934.5,6932.5,6933.5,1244
2026-01-23 07:05:00,6933.5,6937.5,6933.25,6936.25,1103
2026-01-23 07:10:00,6936.25,6938.25,6935.25,6935.75,951
2026-01-23 07:15:00,6935.75,6936.5,6934.0,6934.0,936
2026-01-23 07:20:00,6934.25,6937.0,6933.75,6935.75,1032
2026-01-23 07:25:00,6935.75,6937.5,6935.5,6937.25,1062
2026-01-23 07:30:00,6937.25,6939.0,6931.0,6932.75,1874
2026-01-23 07:35:00,6932.75,6935.75,6931.75,6935.25,1345
2026-01-23 07:40:00,6935.5,6939.75,6934.5,6939.25,1276
2026-01-23 07:45:00,6939.25,6941.5,6938.5,6941.5,1460
2026-01-23 07:50:00,6941.5,6942.5,6939.75,6940.0,1322
2026-01-23 07:55:00,6940.0,6941.5,6939.0,6940.5,680
2026-01-23 08:00:00,6940.5,6940.5,6938.0,6940.0,1478
2026-01-23 08:05:00,6939.75,6940.25,6937.25,6937.25,1057
2026-01-23 08:10:00,6937.25,6940.0,6937.0,6938.5,1120
2026-01-23 08:15:00,6938.5,6939.5,6935.0,6936.0,1352
2026-01-23 08:20:00,6936.0,6936.25,6933.75,6935.0,1285
2026-01-23 08:25:00,6934.75,6934.75,6928.0,6928.25,2131
2026-01-23 08:30:00,6928.25,6932.5,6928.0,6929.75,1918
2026-01-23 08:35:00,6929.75,6932.5,6928.5,6931.75,2636
2026-01-23 08:40:00,6931.75,6934.0,6930.5,6930.75,1766
2026-01-23 08:45:00,6930.75,6932.25,6929.0,6931.25,1499
2026-01-23 08:50:00,6931.0,6931.5,6926.0,6926.5,2323
2026-01-23 08:55:00,6926.5,6929.0,6925.75,6928.0,1558
2026-01-23 09:00:00,6927.75,6929.25,6924.75,6928.0,2844
2026-01-23 09:05:00,6928.0,6930.5,6927.75,6930.25,1875
2026-01-23 09:10:00,6930.0,6930.25,6925.75,6927.75,2068
2026-01-23 09:15:00,6927.5,6930.75,6926.5,6930.5,2315
2026-01-23 09:20:00,6930.5,6931.75,6928.75,6931.25,2574
2026-01-23 09:25:00,6931.25,6936.5,6930.75,6935.0,7254
2026-01-23 09:30:00,6935.0,6940.5,6929.5,6930.75,32427
2026-01-23 09:35:00,6931.0,6935.0,6925.75,6927.75,19052
2026-01-23 09:40:00,6928.0,6935.5,6925.0,6933.0,16938
2026-01-23 09:45:00,6933.25,6938.0,6926.25,6927.0,17620
2026-01-23 09:50:00,6926.75,6935.0,6926.25,6933.0,16598
2026-01-23 09:55:00,6933.0,6942.0,6932.25,6941.5,15019
2026-01-23 10:00:00,6941.75,6948.25,6941.25,6946.5,21792
2026-01-23 10:05:00,6946.75,6947.25,6942.75,6945.0,16025
2026-01-23 10:10:00,6944.75,6946.0,6938.5,6940.0,13743
2026-01-23 10:15:00,6939.75,6943.75,6937.0,6937.75,16794
2026-01-23 10:20:00,6937.75,6951.5,6936.5,6949.0,21404
2026-01-23 10:25:00,6949.0,6952.5,6945.0,6946.75,15576
2026-01-23 10:30:00,6947.0,6949.75,6945.75,6949.0,10989
2026-01-23 10:35:00,6949.0,6952.0,6948.75,6951.5,8924
2026-01-23 10:40:00,6951.5,6952.75,6950.0,6950.5,8408
2026-01-23 10:45:00,6950.75,6957.75,6949.0,6957.25,14502
2026-01-23 10:50:00,6957.25,6959.0,6954.5,6958.5,10331
2026-01-23 10:55:00,6958.75,6961.25,6957.5,6958.75,11923
2026-01-23 11:00:00,6958.75,6964.0,6958.75,6962.25,13439
2026-01-23 11:05:00,6962.5,6962.75,6956.25,6960.5,14049
2026-01-23 11:10:00,6960.5,6961.75,6958.75,6960.0,8944
2026-01-23 11:15:00,6960.25,6962.25,6957.75,6961.0,9504
2026-01-23 11:20:00,6961.0,6961.0,6956.5,6958.5,9358
2026-01-23 11:25:00,6958.25,6959.75,6953.25,6955.0,10567
2026-01-23 11:30:00,6954.75,6957.25,6948.25,6950.5,16636
2026-01-23 11:35:00,6950.75,6960.0,6949.0,6958.75,13583
2026-01-23 11:40:00,6958.5,6960.5,6955.25,6958.75,11212
2026-01-23 11:45:00,6958.5,6960.5,6954.25,6958.75,9669
2026-01-23 11:50:00,6958.75,6959.75,6952.75,6955.0,8199
2026-01-23 11:55:00,6955.0,6955.25,6950.75,6951.75,10166
2026-01-23 12:00:00,6951.75,6955.5,6947.5,6954.5,13955
2026-01-23 12:05:00,6954.5,6955.5,6951.5,6953.0,7219
2026-01-23 12:10:00,6953.25,6956.75,6952.25,6956.75,6796
2026-01-23 12:15:00,6956.75,6957.25,6952.25,6954.25,7628
2026-01-23 12:20:00,6954.5,6955.5,6952.0,6952.25,6837
2026-01-23 12:25:00,6952.0,6958.0,6952.0,6956.5,7379
2026-01-23 12:30:00,6956.25,6957.25,6950.5,6951.75,8402
2026-01-23 12:35:00,6951.5,6954.75,6951.25,6952.75,7023
2026-01-23 12:40:00,6952.75,6953.0,6941.25,6942.0,18407
2026-01-23 12:45:00,6942.25,6945.0,6938.5,6942.5,18201
2026-01-23 12:50:00,6942.5,6943.25,6933.5,6935.25,17348
2026-01-23 12:55:00,6935.25,6939.0,6931.0,6933.5,17603
2026-01-23 13:00:00,6933.5,6938.5,6932.25,6937.0,18327
2026-01-23 13:05:00,6937.0,6942.0,6932.5,6942.0,13417
2026-01-23 13:10:00,6942.0,6944.25,6937.75,6938.5,10501
2026-01-23 13:15:00,6938.5,6944.25,6937.75,6941.5,9569
2026-01-23 13:20:00,6941.5,6943.75,6938.0,6941.75,7078
2026-01-23 13:25:00,6942.0,6945.25,6941.5,6943.0,7339
2026-01-23 13:30:00,6943.25,6945.25,6938.0,6939.25,8821
2026-01-23 13:35:00,6939.5,6947.0,6939.25,6945.0,8379
2026-01-23 13:40:00,6945.25,6945.5,6940.75,6941.25,6161
2026-01-23 13:45:00,6941.25,6943.5,6937.5,6942.25,7426
2026-01-23 13:50:00,6942.0,6944.25,6939.75,6941.75,5045
2026-01-23 13:55:00,6942.0,6945.25,6941.0,6943.5,5043
2026-01-23 14:00:00,6943.75,6950.0,6943.25,6949.0,10555
2026-01-23 14:05:00,6949.0,6952.5,6948.25,6951.5,9036
2026-01-23 14:10:00,6951.5,6952.5,6948.0,6949.25,7076
2026-01-23 14:15:00,6949.25,6952.25,6948.5,6951.25,5765
2026-01-23 14:20:00,6951.25,6956.25,6950.5,6954.5,9558
2026-01-23 14:25:00,6954.25,6955.75,6949.5,6949.75,7191
2026-01-23 14:30:00,6949.5,6953.0,6948.5,6950.0,6739
2026-01-23 14:35:00,6950.25,6952.25,6945.5,6946.5,7408
2026-01-23 14:40:00,6946.75,6950.25,6943.5,6948.75,7984
2026-01-23 14:45:00,6949.0,6950.0,6946.0,6946.0,4806
2026-01-23 14:50:00,6946.0,6949.5,6945.5,6947.75,5501
2026-01-23 14:55:00,6948.0,6951.0,6947.75,6949.5,5984
2026-01-23 15:00:00,6949.5,6950.0,6946.25,6946.25,7434
2026-01-23 15:05:00,6946.5,6948.0,6942.5,6942.5,9259
2026-01-23 15:10:00,6942.5,6947.0,6939.25,6945.5,12098
2026-01-23 15:15:00,6945.5,6949.75,6945.5,6948.0,7650
2026-01-23 15:20:00,6947.75,6948.0,6944.25,6945.0,7452
2026-01-23 15:25:00,6945.0,6945.75,6942.25,6942.5,7270
2026-01-23 15:30:00,6942.5,6943.25,6939.5,6942.5,12720
2026-01-23 15:35:00,6942.5,6943.75,6939.75,6943.5,9197
2026-01-23 15:40:00,6943.25,6947.5,6943.25,6946.25,9414
2026-01-23 15:45:00,6946.0,6948.25,6945.25,6948.0,8514
2026-01-23 15:50:00,6948.0,6948.5,6942.25,6944.75,19358
2026-01-23 15:55:00,6944.5,6950.25,6942.25,6945.5,70914
2026-01-23 16:00:00,6945.75,6946.0,6940.25,6940.75,24533
2026-01-23 16:05:00,6941.0,6941.0,6939.0,6939.25,5404
2026-01-23 16:10:00,6939.0,6940.0,6937.5,6938.25,3868
2026-01-23 16:15:00,6938.25,6938.25,6933.5,6933.75,3956
2026-01-23 16:20:00,6933.5,6936.25,6932.25,6935.75,2479
2026-01-23 16:25:00,6935.75,6935.75,6933.5,6934.25,1738
2026-01-23 16:30:00,6934.0,6935.5,6933.75,6935.25,1819
2026-01-23 16:35:00,6935.25,6936.75,6935.25,6935.5,1148
2026-01-23 16:40:00,6935.5,6935.75,6934.0,6935.25,946
2026-01-23 16:45:00,6935.25,6935.5,6934.0,6935.25,1203
2026-01-23 16:50:00,6935.0,6935.5,6932.75,6934.0,1555
2026-01-23 16:55:00,6934.25,6934.75,6933.5,6933.75,836
2026-01-25 18:10:00,6894.0,6900.75,6893.5,6900.5,1048
2026-01-25 18:15:00,6900.5,6903.5,6898.5,6902.75,1316
2026-01-25 18:20:00,6902.75,6910.0,6901.5,6902.25,3247
2026-01-25 18:25:00,6902.5,6909.5,6902.5,6908.75,1386
2026-01-25 18:30:00,6909.0,6910.75,6906.25,6906.75,1447
2026-01-25 18:35:00,6906.75,6907.25,6901.75,6902.5,982
2026-01-25 18:40:00,6902.5,6906.5,6901.0,6901.25,1172
2026-01-25 18:45:00,6901.5,6910.0,6900.5,6909.0,1514
2026-01-25 18:50:00,6909.0,6912.0,6906.5,6907.75,1264
2026-01-25 18:55:00,6907.75,6916.5,6907.75,6914.25,1792
2026-01-25 19:00:00,6914.5,6919.5,6911.5,6916.75,2121
2026-01-25 19:05:00,6916.75,6922.0,6916.75,6920.25,1658
2026-01-25 19:10:00,6920.25,6923.0,6918.75,6919.75,1608
2026-01-25 19:15:00,6919.75,6922.75,6918.25,6919.0,1237
2026-01-25 19:20:00,6919.0,6922.25,6919.0,6920.75,967
2026-01-25 19:25:00,6920.75,6924.75,6920.25,6924.0,1560
2026-01-25 19:30:00,6923.75,6925.0,6919.5,6920.0,1389
2026-01-25 19:35:00,6920.0,6921.0,6917.75,6917.75,1014
2026-01-25 19:40:00,6917.75,6919.25,6916.5,6919.25,786
2026-01-25 19:45:00,6919.0,6919.25,6916.75,6918.0,609
2026-01-25 19:50:00,6918.0,6919.25,6917.0,6919.0,440
2026-01-25 19:55:00,6919.0,6921.5,6916.5,6919.5,942
2026-01-25 20:00:00,6919.5,6929.75,6917.25,6928.75,2694
2026-01-25 20:05:00,6929.0,6930.0,6924.25,6924.5,2001
2026-01-25 20:10:00,6924.0,6926.25,6923.0,6923.5,960
2026-01-25 20:15:00,6923.5,6927.0,6923.5,6925.75,948
2026-01-25 20:20:00,6926.0,6933.25,6925.5,6930.75,2341
2026-01-25 20:25:00,6930.5,6932.25,6929.25,6930.25,1101
2026-01-25 20:30:00,6930.0,6931.0,6927.75,6928.0,843
2026-01-25 20:35:00,6928.25,6928.5,6926.75,6928.25,635
2026-01-25 20:40:00,6928.25,6929.75,6927.5,6929.0,698
2026-01-25 20:45:00,6928.75,6931.5,6928.0,6930.25,844
2026-01-25 20:50:00,6930.25,6933.25,6927.75,6931.75,977
2026-01-25 20:55:00,6931.75,6932.75,6929.5,6930.0,686
2026-01-25 21:00:00,6930.0,6931.5,6929.0,6930.75,566
2026-01-25 21:05:00,6930.75,6931.75,6929.25,6930.0,537
2026-01-25 21:10:00,6930.25,6932.75,6930.0,6931.5,512
2026-01-25 21:15:00,6931.25,6933.0,6929.75,6929.75,535
2026-01-25 21:20:00,6930.25,6932.75,6929.0,6929.75,922
2026-01-25 21:25:00,6929.75,6930.75,6928.75,6930.25,620
2026-01-25 21:30:00,6930.5,6930.5,6927.25,6928.75,722
2026-01-25 21:35:00,6928.75,6929.0,6926.25,6926.75,630
2026-01-25 21:40:00,6926.75,6927.5,6923.75,6924.25,688
2026-01-25 21:45:00,6924.5,6924.5,6920.25,6923.0,1381
2026-01-25 21:50:00,6923.0,6924.5,6921.25,6922.25,695
2026-01-25 21:55:00,6922.25,6923.5,6921.75,6923.0,319
2026-01-25 22:00:00,6923.0,6928.0,6923.0,6928.0,859
2026-01-25 22:05:00,6927.75,6931.75,6927.75,6930.5,1144
2026-01-25 22:10:00,6930.75,6931.25,6929.25,6929.25,282
2026-01-25 22:15:00,6929.5,6930.25,6927.75,6928.25,457
2026-01-25 22:20:00,6928.5,6928.5,6925.5,6928.0,843
2026-01-25 22:25:00,6928.0,6929.25,6926.75,6927.5,663
2026-01-25 22:30:00,6927.75,6928.25,6925.5,6926.25,622
2026-01-25 22:35:00,6926.25,6928.25,6926.0,6927.5,485
2026-01-25 22:40:00,6927.75,6929.5,6926.5,6927.0,381
2026-01-25 22:45:00,6927.25,6928.25,6926.25,6927.25,525
2026-01-25 22:50:00,6927.25,6927.75,6925.75,6927.25,488
2026-01-25 22:55:00,6927.25,6928.5,6926.25,6927.0,424
2026-01-25 23:00:00,6927.0,6927.0,6925.0,6926.0,275
2026-01-25 23:05:00,6926.0,6926.5,6925.0,6925.5,390
2026-01-25 23:10:00,6925.5,6926.25,6924.75,6925.25,393
2026-01-25 23:15:00,6925.25,6927.0,6925.0,6926.25,409
2026-01-25 23:20:00,6926.25,6929.0,6926.25,6927.0,453
2026-01-25 23:25:00,6927.25,6930.25,6927.25,6930.0,386
2026-01-25 23:30:00,6930.25,6931.5,6925.75,6927.0,857
2026-01-25 23:35:00,6926.75,6929.0,6925.5,6927.0,415
2026-01-25 23:40:00,6927.0,6927.0,6924.25,6925.5,351
2026-01-25 23:45:00,6925.5,6927.0,6924.5,6925.5,260
2026-01-25 23:50:00,6925.5,6927.0,6924.75,6927.0,252
2026-01-25 23:55:00,6927.0,6928.25,6926.25,6927.5,147
2026-01-26 00:00:00,6926.75,6927.75,6926.25,6927.0,324
2026-01-26 00:05:00,6927.0,6927.5,6925.75,6926.25,254
2026-01-26 00:10:00,6926.0,6927.0,6925.5,6925.75,241
2026-01-26 00:15:00,6925.75,6929.0,6925.75,6928.75,383
2026-01-26 00:20:00,6928.75,6930.0,6928.0,6928.5,365
2026-01-26 00:25:00,6928.75,6932.5,6927.0,6931.5,864
2026-01-26 00:30:00,6931.25,6934.0,6930.25,6933.5,539
2026-01-26 00:35:00,6933.5,6934.0,6931.25,6932.0,576
2026-01-26 00:40:00,6932.0,6932.75,6931.25,6932.0,275
2026-01-26 00:45:00,6932.0,6932.0,6930.5,6931.75,256
2026-01-26 00:50:00,6931.75,6933.5,6931.75,6933.0,319
2026-01-26 00:55:00,6933.0,6933.75,6932.0,6933.25,339
2026-01-26 01:00:00,6933.5,6936.5,6933.25,6935.75,1052
2026-01-26 01:05:00,6935.75,6936.5,6934.5,6935.0,494
2026-01-26 01:10:00,6935.25,6936.5,6934.0,6936.25,302
2026-01-26 01:15:00,6936.25,6938.75,6936.25,6937.5,639
2026-01-26 01:20:00,6937.75,6938.25,6937.0,6937.75,290
2026-01-26 01:25:00,6937.75,6939.0,6937.5,6937.5,371
2026-01-26 01:30:00,6937.75,6938.0,6934.25,6934.75,523
2026-01-26 01:35:00,6934.5,6935.5,6933.5,6934.25,364
2026-01-26 01:40:00,6934.5,6934.5,6932.75,6933.75,489
2026-01-26 01:45:00,6933.75,6936.0,6933.25,6935.0,499
2026-01-26 01:50:00,6934.75,6938.25,6934.75,6935.5,559
2026-01-26 01:55:00,6935.75,6937.0,6933.5,6934.0,812
2026-01-26 02:00:00,6934.0,6936.75,6933.25,6935.0,760
2026-01-26 02:05:00,6935.0,6936.25,6935.0,6936.0,261
2026-01-26 02:10:00,6936.0,6937.5,6935.5,6937.5,327
2026-01-26 02:15:00,6937.5,6938.5,6935.75,6936.5,476
2026-01-26 02:20:00,6936.25,6939.25,6935.75,6938.75,391
2026-01-26 02:25:00,6939.0,6939.75,6938.5,6939.0,361
2026-01-26 02:30:00,6939.25,6939.25,6936.25,6937.25,408
2026-01-26 02:35:00,6937.5,6939.25,6937.5,6938.5,205
2026-01-26 02:40:00,6938.75,6940.5,6938.5,6939.25,789
2026-01-26 02:45:00,6939.25,6941.0,6938.0,6938.75,662
2026-01-26 02:50:00,6938.75,6942.25,6938.5,6941.5,1415
2026-01-26 02:55:00,6941.25,6943.0,6940.25,6940.75,1160
2026-01-26 03:00:00,6941.0,6943.75,6940.75,6943.25,1076
2026-01-26 03:05:00,6943.5,6944.75,6943.0,6943.75,1045
2026-01-26 03:10:00,6943.75,6944.25,6941.25,6943.5,978
2026-01-26 03:15:00,6943.5,6944.0,6941.75,6943.25,876
2026-01-26 03:20:00,6943.25,6948.75,6942.75,6948.5,1488
2026-01-26 03:25:00,6948.5,6949.25,6946.75,6947.0,1294
2026-01-26 03:30:00,6946.75,6949.25,6946.0,6946.25,1060
2026-01-26 03:35:00,6946.5,6948.75,6945.25,6948.0,841
2026-01-26 03:40:00,6947.75,6948.0,6945.75,6947.0,637
2026-01-26 03:45:00,6947.0,6947.5,6945.5,6946.0,632
2026-01-26 03:50:00,6946.0,6948.25,6946.0,6947.75,570
2026-01-26 03:55:00,6947.75,6949.0,6946.75,6948.0,570
2026-01-26 04:00:00,6948.0,6948.25,6945.75,6947.25,946
2026-01-26 04:05:00,6947.25,6950.25,6947.25,6949.5,893
2026-01-26 04:10:00,6949.25,6949.5,6945.25,6945.75,1246
2026-01-26 04:15:00,6946.0,6947.25,6944.75,6946.5,1011
2026-01-26 04:20:00,6946.75,6946.75,6943.75,6945.5,1545
2026-01-26 04:25:00,6945.5,6945.5,6943.25,6943.5,911
2026-01-26 04:30:00,6943.5,6944.0,6935.5,6936.5,1994
2026-01-26 04:35:00,6936.25,6936.5,6931.5,6931.75,1947
2026-01-26 04:40:00,6931.75,6933.75,6928.0,6928.5,2041
2026-01-26 04:45:00,6928.5,6930.25,6924.5,6925.0,2101
2026-01-26 04:50:00,6924.75,6925.25,6921.75,6925.0,2557
2026-01-26 04:55:00,6924.75,6928.75,6924.75,6928.25,1766
2026-01-26 05:00:00,6928.25,6930.5,6927.25,6929.0,1118
2026-01-26 05:05:00,6929.25,6931.5,6927.5,6928.0,885
2026-01-26 05:10:00,6927.75,6932.0,6927.5,6931.75,932
2026-01-26 05:15:00,6931.5,6933.0,6931.0,6931.75,851
2026-01-26 05:20:00,6931.5,6932.75,6928.75,6932.0,1142
2026-01-26 05:25:00,6931.75,6934.75,6930.75,6934.0,1011
2026-01-26 05:30:00,6933.75,6937.75,6932.75,6935.5,1150
2026-01-26 05:35:00,6935.75,6938.75,6935.75,6937.5,805
2026-01-26 05:40:00,6937.75,6938.25,6935.0,6936.0,552
2026-01-26 05:45:00,6936.0,6937.75,6935.75,6936.5,460
2026-01-26 05:50:00,6936.25,6937.5,6935.5,6936.0,475
2026-01-26 05:55:00,6935.75,6936.75,6934.25,6934.25,657
2026-01-26 06:00:00,6934.5,6936.0,6933.5,6933.75,814
2026-01-26 06:05:00,6934.25,6936.0,6933.5,6933.75,735
2026-01-26 06:10:00,6934.0,6934.5,6932.25,6934.25,464
2026-01-26 06:15:00,6934.25,6935.0,6933.75,6934.25,390
2026-01-26 06:20:00,6934.25,6935.25,6934.25,6934.75,536
2026-01-26 06:25:00,6934.5,6935.0,6933.0,6933.75,591
2026-01-26 06:30:00,6933.75,6936.75,6933.5,6935.25,732
2026-01-26 06:35:00,6935.25,6936.0,6934.5,6934.5,437
2026-01-26 06:40:00,6934.75,6935.25,6932.75,6933.5,535
2026-01-26 06:45:00,6933.75,6934.0,6932.25,6932.75,417
2026-01-26 06:50:00,6933.0,6935.5,6932.5,6934.5,647
2026-01-26 06:55:00,6934.75,6937.5,6934.5,6936.75,543
2026-01-26 07:00:00,6936.5,6942.75,6936.25,6942.0,1840
2026-01-26 07:05:00,6941.75,6944.75,6940.75,6943.0,1368
2026-01-26 07:10:00,6943.0,6944.75,6942.5,6943.75,867
2026-01-26 07:15:00,6943.75,6944.0,6941.0,6941.25,1038
2026-01-26 07:20:00,6941.25,6942.25,6939.25,6939.5,864
2026-01-26 07:25:00,6939.5,6941.25,6939.25,6941.0,548
2026-01-26 07:30:00,6940.75,6942.0,6939.0,6940.25,1143
2026-01-26 07:35:00,6940.25,6941.0,6939.5,6940.25,1075
2026-01-26 07:40:00,6940.0,6940.25,6938.0,6938.75,794
2026-01-26 07:45:00,6938.75,6940.5,6938.0,6938.75,727
2026-01-26 07:50:00,6938.75,6941.75,6938.25,6940.25,659
2026-01-26 07:55:00,6940.25,6941.5,6940.0,6940.75,1246
2026-01-26 08:00:00,6940.75,6943.25,6939.25,6941.25,1739
2026-01-26 08:05:00,6941.25,6944.5,6940.25,6944.5,1039
2026-01-26 08:10:00,6944.25,6945.75,6943.75,6945.75,1344
2026-01-26 08:15:00,6945.5,6947.75,6945.5,6946.75,1706
2026-01-26 08:20:00,6946.75,6948.25,6945.0,6945.25,1002
2026-01-26 08:25:00,6945.25,6945.25,6942.75,6943.5,1319
2026-01-26 08:30:00,6943.5,6944.5,6942.25,6942.75,993
2026-01-26 08:35:00,6942.5,6942.75,6939.25,6940.75,2130
2026-01-26 08:40:00,6941.0,6942.5,6937.5,6942.0,1498
2026-01-26 08:45:00,6942.0,6947.5,6941.5,6947.25,2178
2026-01-26 08:50:00,6947.0,6950.0,6947.0,6948.5,1561
2026-01-26 08:55:00,6948.75,6952.5,6948.0,6951.75,2062
2026-01-26 09:00:00,6951.75,6955.25,6951.5,6952.25,3785
2026-01-26 09:05:00,6952.25,6955.0,6951.75,6953.5,1972
2026-01-26 09:10:00,6953.5,6954.5,6951.5,6952.25,2205
2026-01-26 09:15:00,6952.5,6953.75,6952.0,6952.25,1635
2026-01-26 09:20:00,6952.25,6953.5,6951.0,6953.25,2869
2026-01-26 09:25:00,6953.5,6958.0,6953.25,6958.0,5699
2026-01-26 09:30:00,6957.75,6966.5,6952.0,6966.25,33606
2026-01-26 09:35:00,6966.0,6973.25,6966.0,6970.75,22911
2026-01-26 09:40:00,6970.75,6976.5,6968.0,6975.5,22868
2026-01-26 09:45:00,6975.75,6979.25,6975.0,6975.5,19353
2026-01-26 09:50:00,6975.75,6980.0,6974.25,6977.5,17085
2026-01-26 09:55:00,6977.5,6980.0,6975.75,6976.5,13677
2026-01-26 10:00:00,6976.25,6977.5,6973.75,6975.75,15602
2026-01-26 10:05:00,6975.75,6977.5,6973.0,6973.25,9441
2026-01-26 10:10:00,6973.25,6980.5,6971.0,6979.5,15838
2026-01-26 10:15:00,6979.5,6985.25,6978.5,6984.5,15640
2026-01-26 10:20:00,6984.75,6988.0,6984.75,6987.5,15786
2026-01-26 10:25:00,6987.5,6987.5,6978.75,6979.25,16443
2026-01-26 10:30:00,6979.0,6984.5,6977.25,6982.25,17041
2026-01-26 10:35:00,6982.0,6984.0,6980.0,6981.5,8802
2026-01-26 10:40:00,6981.5,6981.75,6976.0,6976.75,13590
2026-01-26 10:45:00,6976.75,6985.0,6976.75,6983.25,10819
2026-01-26 10:50:00,6983.25,6987.25,6982.75,6985.25,9882
2026-01-26 10:55:00,6985.5,6987.0,6982.5,6983.75,8995
2026-01-26 11:00:00,6983.75,6984.5,6981.25,6983.0,14103
2026-01-26 11:05:00,6983.0,6983.5,6980.0,6982.25,9914
2026-01-26 11:10:00,6982.25,6983.25,6980.25,6982.0,6650
2026-01-26 11:15:00,6981.75,6982.5,6977.5,6978.5,9611
2026-01-26 11:20:00,6978.25,6984.0,6975.75,6983.25,11876
2026-01-26 11:25:00,6983.25,6986.5,6982.25,6985.0,9922
2026-01-26 11:30:00,6985.0,6987.5,6983.25,6983.5,10703
2026-01-26 11:35:00,6983.5,6986.25,6982.25,6984.25,8584
2026-01-26 11:40:00,6984.0,6985.0,6982.25,6982.75,5918
2026-01-26 11:45:00,6982.75,6985.0,6981.5,6983.5,7432
2026-01-26 11:50:00,6983.5,6985.75,6982.75,6984.75,5655
2026-01-26 11:55:00,6985.0,6986.25,6983.5,6984.75,5098
2026-01-26 12:00:00,6985.0,6990.5,6984.0,6989.5,9217
2026-01-26 12:05:00,6989.5,6991.0,6988.25,6988.5,6583
2026-01-26 12:10:00,6988.5,6989.75,6986.75,6989.0,6811
2026-01-26 12:15:00,6988.75,6990.5,6988.0,6988.75,4937
2026-01-26 12:20:00,6988.75,6990.5,6988.25,6989.5,4994
2026-01-26 12:25:00,6989.25,6990.25,6988.5,6989.0,4533
2026-01-26 12:30:00,6988.75,6989.5,6986.0,6987.75,5785
2026-01-26 12:35:00,6987.75,6989.0,6986.75,6988.25,4485
2026-01-26 12:40:00,6988.0,6989.75,6987.25,6989.5,4209
2026-01-26 12:45:00,6989.5,6989.5,6984.75,6985.5,6819
2026-01-26 12:50:00,6985.5,6987.75,6984.0,6986.25,6391
2026-01-26 12:55:00,6986.5,6987.5,6984.75,6986.0,4177
2026-01-26 13:00:00,6986.0,6987.25,6984.25,6985.5,4537
2026-01-26 13:05:00,6985.75,6986.0,6982.75,6983.75,7375
2026-01-26 13:10:00,6983.5,6985.0,6983.5,6984.25,4230
2026-01-26 13:15:00,6984.0,6988.5,6983.0,6988.0,6090
2026-01-26 13:20:00,6988.0,6991.0,6987.5,6990.5,5993
2026-01-26 13:25:00,6990.5,6993.0,6988.75,6991.75,7470
2026-01-26 13:30:00,6991.5,6995.5,6991.25,6994.25,12554
2026-01-26 13:35:00,6994.25,6994.5,6990.25,6990.5,6752
2026-01-26 13:40:00,6990.75,6991.25,6988.5,6989.0,7283
2026-01-26 13:45:00,6989.25,6989.25,6987.0,6989.0,7276
2026-01-26 13:50:00,6989.0,6990.75,6988.25,6990.5,4481
2026-01-26 13:55:00,6990.25,6990.75,6988.25,6989.75,3980
2026-01-26 14:00:00,6989.5,6991.0,6988.5,6989.5,6238
2026-01-26 14:05:00,6989.75,6992.25,6988.75,6991.5,4144
2026-01-26 14:10:00,6991.5,6993.5,6991.25,6991.75,6432
2026-01-26 14:15:00,6991.75,6992.75,6990.75,6992.0,4323
2026-01-26 14:20:00,6992.0,6992.0,6988.25,6989.0,5921
2026-01-26 14:25:00,6989.25,6992.5,6988.5,6992.25,5507
2026-01-26 14:30:00,6992.0,6993.25,6990.25,6991.0,7031
2026-01-26 14:35:00,6991.25,6992.0,6989.25,6991.25,5747
2026-01-26 14:40:00,6991.5,6993.75,6990.75,6992.25,4841
2026-01-26 14:45:00,6992.5,6993.25,6990.25,6991.25,5688
2026-01-26 14:50:00,6991.0,6992.25,6989.5,6990.0,3757
2026-01-26 14:55:00,6990.0,6992.0,6989.0,6989.5,5632
2026-01-26 15:00:00,6989.5,6991.0,6987.75,6991.0,6615
2026-01-26 15:05:00,6991.0,6991.25,6989.5,6990.5,4937
2026-01-26 15:10:00,6990.25,6991.0,6989.0,6990.0,4968
2026-01-26 15:15:00,6990.0,6990.25,6987.75,6988.5,5388
2026-01-26 15:20:00,6988.5,6990.75,6988.0,6990.0,9020
2026-01-26 15:25:00,6989.75,6990.0,6988.5,6989.0,4216
2026-01-26 15:30:00,6989.0,6991.5,6988.75,6990.5,4840
2026-01-26 15:35:00,6990.5,6991.5,6989.75,6989.75,5422
2026-01-26 15:40:00,6990.0,6990.5,6987.5,6989.0,9389
2026-01-26 15:45:00,6989.25,6991.0,6988.25,6989.75,7447
2026-01-26 15:50:00,6989.75,6989.75,6982.0,6983.5,30542
2026-01-26 15:55:00,6983.5,6984.0,6979.5,6980.75,75138
2026-01-26 16:00:00,6980.5,6981.75,6978.75,6979.5,20750
2026-01-26 16:05:00,6979.25,6980.5,6978.25,6978.75,6211
2026-01-26 16:10:00,6979.0,6980.25,6977.5,6980.0,5651
2026-01-26 16:15:00,6980.0,6981.75,6979.75,6981.25,2378
2026-01-26 16:20:00,6981.0,6982.0,6980.5,6981.25,1266
2026-01-26 16:25:00,6981.5,6983.0,6981.25,6982.5,1623
2026-01-26 16:30:00,6982.25,6982.25,6981.0,6981.0,859
2026-01-26 16:35:00,6981.0,6981.25,6980.25,6981.0,795
2026-01-26 16:40:00,6980.75,6982.0,6980.75,6981.75,762
2026-01-26 16:45:00,6981.5,6981.5,6979.75,6980.75,1279
2026-01-26 16:50:00,6980.75,6981.5,6980.0,6980.0,1013
2026-01-26 16:55:00,6980.25,6981.0,6976.25,6977.0,2880
2026-01-26 18:00:00,6977.0,6977.25,6972.5,6972.75,0
2026-01-26 18:05:00,6972.75,6977.5,6972.0,6976.5,936
2026-01-26 18:10:00,6976.5,6978.75,6976.5,6977.75,860
2026-01-26 18:15:00,6977.5,6982.25,6977.0,6980.0,1389
2026-01-26 18:20:00,6980.25,6983.5,6980.0,6982.25,863
2026-01-26 18:25:00,6982.5,6982.5,6977.5,6978.0,1503
2026-01-26 18:30:00,6977.75,6978.5,6976.75,6977.5,728
2026-01-26 18:35:00,6977.5,6978.0,6977.0,6977.75,261
2026-01-26 18:40:00,6977.75,6979.75,6977.5,6978.75,521
2026-01-26 18:45:00,6979.0,6980.0,6978.5,6979.5,576
2026-01-26 18:50:00,6979.5,6980.5,6979.25,6980.0,1086
2026-01-26 18:55:00,6980.0,6981.25,6979.75,6981.25,589
2026-01-26 19:00:00,6981.25,6981.25,6977.5,6977.75,966
2026-01-26 19:05:00,6978.0,6979.75,6977.5,6979.25,348
2026-01-26 19:10:00,6979.5,6981.25,6979.25,6979.5,503
2026-01-26 19:15:00,6979.75,6982.0,6979.5,6981.75,397
2026-01-26 19:20:00,6981.75,6982.5,6981.25,6982.0,385
2026-01-26 19:25:00,6982.0,6982.25,6980.75,6981.25,263
2026-01-26 19:30:00,6981.0,6982.75,6980.25,6982.25,337
2026-01-26 19:35:00,6982.5,6983.5,6981.75,6982.75,423
2026-01-26 19:40:00,6982.5,6983.5,6982.0,6982.25,352
2026-01-26 19:45:00,6982.25,6983.0,6981.75,6982.75,296
2026-01-26 19:50:00,6982.75,6983.25,6982.25,6983.0,433
2026-01-26 19:55:00,6983.0,6984.0,6982.75,6983.5,488
2026-01-26 20:00:00,6983.25,6983.75,6981.75,6983.5,600
2026-01-26 20:05:00,6983.5,6984.0,6983.0,6983.75,310
2026-01-26 20:10:00,6984.0,6985.25,6983.75,6984.75,586
2026-01-26 20:15:00,6985.0,6985.75,6983.75,6985.5,545
2026-01-26 20:20:00,6985.25,6985.5,6984.5,6985.0,360
2026-01-26 20:25:00,6985.0,6986.5,6985.0,6985.75,440
2026-01-26 20:30:00,6985.5,6986.75,6985.25,6986.75,813
2026-01-26 20:35:00,6986.75,6987.25,6986.0,6986.0,429
2026-01-26 20:40:00,6986.25,6987.25,6985.75,6986.75,992
2026-01-26 20:45:00,6986.5,6988.25,6985.75,6988.0,826
2026-01-26 20:50:00,6987.75,6988.25,6987.0,6987.75,407
2026-01-26 20:55:00,6987.5,6988.0,6986.75,6987.5,250
2026-01-26 21:00:00,6987.25,6989.25,6987.25,6989.25,519
2026-01-26 21:05:00,6989.25,6992.0,6989.25,6991.25,952
2026-01-26 21:10:00,6991.5,6992.5,6991.25,6991.5,635
2026-01-26 21:15:00,6991.75,6992.75,6991.75,6992.75,462
2026-01-26 21:20:00,6992.5,6994.25,6992.25,6993.5,964
2026-01-26 21:25:00,6993.75,6993.75,6992.75,6993.0,366
2026-01-26 21:30:00,6993.0,6993.25,6991.75,6993.0,658
2026-01-26 21:35:00,6993.0,6994.75,6991.75,6994.75,823
2026-01-26 21:40:00,6994.75,6995.0,6994.0,6994.5,567
2026-01-26 21:45:00,6994.75,6994.75,6993.5,6994.25,293
2026-01-26 21:50:00,6994.0,6995.0,6994.0,6994.25,385
2026-01-26 21:55:00,6994.25,6997.5,6994.25,6997.0,1482
2026-01-26 22:00:00,6996.75,6997.0,6996.25,6997.0,592
2026-01-26 22:05:00,6997.0,6997.75,6996.75,6997.5,367
2026-01-26 22:10:00,6997.75,6997.75,6996.25,6996.5,401
2026-01-26 22:15:00,6996.5,6997.25,6996.0,6996.75,244
2026-01-26 22:20:00,6996.75,6997.75,6996.75,6997.0,460
2026-01-26 22:25:00,6997.0,6997.0,6996.5,6996.5,306
2026-01-26 22:30:00,6996.75,6997.5,6996.25,6997.25,611
2026-01-26 22:35:00,6997.0,6998.25,6996.75,6998.0,737
2026-01-26 22:40:00,6998.0,6998.25,6997.75,6997.75,332
2026-01-26 22:45:00,6997.75,6998.0,6996.5,6998.0,467
2026-01-26 22:50:00,6997.75,6998.0,6997.25,6998.0,438
2026-01-26 22:55:00,6998.0,6999.0,6997.75,6998.25,459
2026-01-26 23:00:00,6998.5,6998.75,6998.0,6998.25,380
2026-01-26 23:05:00,6998.25,7002.0,6998.25,7001.25,1765
2026-01-26 23:10:00,7001.25,7003.5,7001.25,7001.75,1969
2026-01-26 23:15:00,7001.5,7002.5,7001.25,7001.25,448
2026-01-26 23:20:00,7001.5,7002.0,7000.75,7000.75,246
2026-01-26 23:25:00,7000.75,7001.0,6999.5,7000.75,641
2026-01-26 23:30:00,7000.75,7001.5,7000.5,7000.75,252
2026-01-26 23:35:00,7000.75,7001.25,7000.5,7001.0,185
2026-01-26 23:40:00,7001.0,7001.0,7000.5,7000.75,312
2026-01-26 23:45:00,7001.0,7001.0,7000.5,7000.5,181
2026-01-26 23:50:00,7000.75,7001.25,7000.5,7001.0,164
2026-01-26 23:55:00,7001.25,7001.25,7000.75,7000.75,110
2026-01-27 00:05:00,6998.75,6998.75,6998.0,6998.25,868
2026-01-27 00:10:00,6998.0,6998.5,6997.0,6998.25,407
2026-01-27 00:15:00,6998.25,6998.5,6997.5,6998.0,211
2026-01-27 00:20:00,6997.75,6998.5,6997.25,6998.0,201
2026-01-27 00:25:00,6998.25,6998.25,6997.75,6998.0,313
2026-01-27 00:30:00,6998.25,7000.5,6998.25,6999.25,851
2026-01-27 00:35:00,6999.25,7000.0,6999.25,6999.25,214
2026-01-27 00:40:00,6999.25,7001.5,6999.25,7001.25,324
2026-01-27 00:45:00,7001.25,7002.0,7001.0,7001.75,503
2026-01-27 00:50:00,7002.0,7002.75,7001.75,7002.75,525
2026-01-27 00:55:00,7002.75,7003.25,7002.5,7002.75,573
2026-01-27 01:00:00,7002.75,7004.75,7002.75,7004.5,1124
2026-01-27 01:05:00,7004.75,7006.5,7004.5,7005.75,1284
2026-01-27 01:10:00,7005.5,7005.75,7004.0,7005.0,549
2026-01-27 01:15:00,7005.0,7005.5,7005.0,7005.0,272
2026-01-27 01:20:00,7004.75,7005.25,7003.75,7004.75,516
2026-01-27 01:25:00,7004.75,7005.5,7004.25,7005.0,442
2026-01-27 01:30:00,7005.0,7005.25,7003.25,7003.25,452
2026-01-27 01:35:00,7003.5,7004.0,7002.0,7002.5,621
2026-01-27 01:40:00,7002.25,7003.0,7001.0,7001.5,390
2026-01-27 01:45:00,7001.75,7002.25,7001.0,7001.75,291
2026-01-27 01:50:00,7001.5,7002.0,7000.25,7000.5,364
2026-01-27 01:55:00,7000.75,7001.0,7000.25,7000.75,357
2026-01-27 02:00:00,7000.75,7003.0,7000.75,7002.0,791
2026-01-27 02:05:00,7002.25,7002.5,7000.75,7002.25,395
2026-01-27 02:10:00,7002.0,7002.25,7001.5,7001.5,338
2026-01-27 02:15:00,7001.75,7002.25,7001.0,7001.25,258
2026-01-27 02:20:00,7001.25,7001.5,6999.5,7000.75,586
2026-01-27 02:25:00,7000.5,7001.0,7000.5,7001.0,191
2026-01-27 02:30:00,7000.75,7002.0,7000.25,7001.75,312
2026-01-27 02:35:00,7002.0,7003.25,7001.5,7003.0,462
2026-01-27 02:40:00,7003.25,7004.0,7002.75,7003.0,504
2026-01-27 02:45:00,7002.75,7003.0,6999.0,6999.75,765
2026-01-27 02:50:00,7000.0,7001.5,6999.5,7001.25,344
2026-01-27 02:55:00,7001.0,7002.75,7000.75,7002.0,406
2026-01-27 03:00:00,7002.0,7003.0,7000.75,7001.0,1405
2026-01-27 03:05:00,7001.0,7002.25,6999.75,7001.25,711
2026-01-27 03:10:00,7001.5,7002.0,6998.0,7000.0,1179
2026-01-27 03:15:00,7000.25,7002.5,6999.0,6999.5,793
2026-01-27 03:20:00,6999.5,7000.5,6996.5,6997.25,1005
2026-01-27 03:25:00,6997.5,6998.5,6996.5,6997.0,738
2026-01-27 03:30:00,6997.0,6998.0,6995.5,6995.5,1029
2026-01-27 03:35:00,6995.5,6996.25,6994.25,6994.75,1071
2026-01-27 03:40:00,6994.75,6997.5,6994.75,6996.25,823
2026-01-27 03:45:00,6996.5,6998.0,6996.0,6997.0,524
2026-01-27 03:50:00,6996.75,6999.0,6996.75,6997.75,705
2026-01-27 03:55:00,6997.75,6998.0,6997.0,6997.25,738
2026-01-27 04:00:00,6997.25,6998.5,6995.5,6998.25,997
2026-01-27 04:05:00,6998.25,6999.25,6997.0,6998.25,882
2026-01-27 04:10:00,6998.25,6998.75,6996.0,6996.75,674
2026-01-27 04:15:00,6996.5,6998.75,6996.25,6996.25,757
2026-01-27 04:20:00,6996.25,6998.75,6996.25,6998.0,610
2026-01-27 04:25:00,6998.0,6998.25,6997.0,6997.0,386
2026-01-27 04:30:00,6997.0,6997.25,6996.0,6996.25,587
2026-01-27 04:35:00,6996.5,6998.25,6996.25,6997.5,716
2026-01-27 04:40:00,6997.75,6998.5,6997.25,6997.5,499
2026-01-27 04:45:00,6997.5,6998.25,6996.75,6997.25,427
2026-01-27 04:50:00,6997.0,6998.25,6995.75,6996.5,988
2026-01-27 04:55:00,6996.5,6996.75,6994.75,6995.5,1113
2026-01-27 05:00:00,6995.25,6997.75,6995.0,6997.75,747
2026-01-27 05:05:00,6998.0,6998.25,6997.0,6997.25,601
2026-01-27 05:10:00,6997.5,6998.75,6997.0,6997.5,589
2026-01-27 05:15:00,6997.5,6999.25,6997.5,6999.0,458
2026-01-27 05:20:00,6999.0,6999.0,6997.5,6998.0,364
2026-01-27 05:25:00,6998.0,6999.75,6998.0,6999.0,797
2026-01-27 05:30:00,6999.0,6999.25,6998.75,6999.25,333
2026-01-27 05:35:00,6999.0,6999.5,6998.5,6999.25,506
2026-01-27 05:40:00,6999.25,6999.5,6998.5,6998.75,431
2026-01-27 05:45:00,6999.0,6999.75,6998.75,6999.5,313
2026-01-27 05:50:00,6999.25,7000.0,6998.75,6998.75,570
2026-01-27 05:55:00,6999.0,7000.5,6997.5,6999.0,1427
2026-01-27 06:00:00,6999.0,6999.5,6997.0,6998.5,1086
2026-01-27 06:05:00,6998.5,6998.75,6997.25,6998.0,638
2026-01-27 06:10:00,6998.25,6999.25,6998.0,6998.75,360
2026-01-27 06:15:00,6998.5,6998.75,6997.0,6997.25,579
2026-01-27 06:20:00,6997.5,6999.25,6997.0,6997.5,591
2026-01-27 06:25:00,6997.75,6998.5,6997.5,6998.5,390
2026-01-27 06:30:00,6998.25,7001.5,6998.0,7001.5,1529
2026-01-27 06:35:00,7001.75,7003.0,7000.25,7000.75,1374
2026-01-27 06:40:00,7000.5,7002.5,7000.5,7002.25,997
2026-01-27 06:45:00,7002.25,7003.0,7001.25,7002.25,734
2026-01-27 06:50:00,7002.5,7003.5,7002.0,7002.25,904
2026-01-27 06:55:00,7002.25,7002.75,7001.5,7002.25,1163
2026-01-27 07:00:00,7002.0,7002.25,6999.25,6999.25,1490
2026-01-27 07:05:00,6999.25,6999.5,6998.5,6999.0,1096
2026-01-27 07:10:00,6999.25,6999.5,6998.0,6998.25,983
2026-01-27 07:15:00,6998.25,6998.25,6997.0,6997.75,869
2026-01-27 07:20:00,6998.0,6999.0,6997.25,6997.75,681
2026-01-27 07:25:00,6997.75,6998.25,6995.0,6995.5,1984
2026-01-27 07:30:00,6995.5,6997.5,6994.5,6996.5,1900
2026-01-27 07:35:00,6996.5,6999.5,6996.5,6998.5,935
2026-01-27 07:40:00,6998.25,6999.25,6997.25,6997.75,749
2026-01-27 07:45:00,6997.5,6999.25,6997.0,6997.5,1184
2026-01-27 07:50:00,6997.75,6998.5,6996.5,6997.75,1083
2026-01-27 07:55:00,6997.75,6998.0,6996.75,6997.25,841
2026-01-27 08:00:00,6997.0,6999.25,6997.0,6998.0,1384
2026-01-27 08:05:00,6997.75,6999.25,6997.25,6998.0,982
2026-01-27 08:10:00,6998.0,6999.75,6997.25,6999.25,1155
2026-01-27 08:15:00,6999.0,6999.5,6997.25,6997.25,896
2026-01-27 08:20:00,6997.5,6998.75,6996.5,6998.25,841
2026-01-27 08:25:00,6998.5,6998.5,6996.5,6997.0,578
2026-01-27 08:30:00,6997.0,6997.0,6995.5,6996.75,1267
2026-01-27 08:35:00,6997.0,6998.75,6996.5,6998.5,1277
2026-01-27 08:40:00,6998.75,6998.75,6997.0,6997.5,985
2026-01-27 08:45:00,6997.5,6998.75,6994.75,6994.75,1847
2026-01-27 08:50:00,6994.75,6996.25,6994.0,6996.0,1745
2026-01-27 08:55:00,6995.75,6996.25,6994.25,6995.0,1235
2026-01-27 09:00:00,6995.0,6997.25,6995.0,6996.75,1591
2026-01-27 09:05:00,6996.75,6997.75,6995.25,6996.0,1885
2026-01-27 09:10:00,6995.75,6996.5,6994.5,6994.75,1477
2026-01-27 09:15:00,6994.75,6996.75,6992.5,6992.5,3311
2026-01-27 09:20:00,6992.5,6993.75,6992.0,6993.75,2083
2026-01-27 09:25:00,6993.75,6996.25,6993.0,6994.25,5944
2026-01-27 09:30:00,6994.0,6996.0,6991.0,6995.0,31819
2026-01-27 09:35:00,6995.0,6996.25,6988.25,6988.25,17109
2026-01-27 09:40:00,6988.5,6996.75,6988.25,6993.75,19172
2026-01-27 09:45:00,6993.75,6998.5,6993.75,6997.75,13940
2026-01-27 09:50:00,6997.5,7006.5,6997.5,7005.5,21857
2026-01-27 09:55:00,7005.5,7007.75,7004.25,7005.0,16664
2026-01-27 10:00:00,7005.25,7007.5,7003.5,7004.25,17976
2026-01-27 10:05:00,7004.25,7005.5,6998.0,7005.25,22216
2026-01-27 10:10:00,7005.5,7006.75,7002.5,7004.25,13622
2026-01-27 10:15:00,7004.25,7006.0,7002.25,7005.5,10845
2026-01-27 10:20:00,7005.5,7007.25,7002.75,7004.25,10105
2026-01-27 10:25:00,7004.25,7004.25,7000.5,7000.75,11580
2026-01-27 10:30:00,7000.5,7006.25,6999.75,7006.0,11287
2026-01-27 10:35:00,7006.0,7010.0,7005.5,7008.5,14727
2026-01-27 10:40:00,7008.5,7012.25,7008.0,7011.5,10692
2026-01-27 10:45:00,7011.5,7014.75,7011.25,7013.25,14783
2026-01-27 10:50:00,7013.25,7013.5,7011.5,7012.5,10616
2026-01-27 10:55:00,7012.5,7013.25,7010.5,7013.25,7981
2026-01-27 11:00:00,7013.25,7015.0,7013.0,7014.25,9962
2026-01-27 11:05:00,7014.0,7015.75,7013.0,7014.0,8767
2026-01-27 11:10:00,7014.0,7016.0,7013.75,7015.25,7277
2026-01-27 11:15:00,7015.25,7018.0,7014.25,7017.75,8722
2026-01-27 11:20:00,7017.5,7018.0,7015.75,7017.25,8513
2026-01-27 11:25:00,7017.0,7017.5,7015.0,7015.0,7514
2026-01-27 11:30:00,7015.0,7017.5,7014.5,7016.0,7657
2026-01-27 11:35:00,7015.75,7018.25,7015.25,7017.25,5807
2026-01-27 11:40:00,7017.5,7018.5,7016.5,7016.5,7544
2026-01-27 11:45:00,7016.75,7017.5,7015.25,7016.75,8273
2026-01-27 11:50:00,7017.0,7017.0,7014.25,7014.75,6034
2026-01-27 11:55:00,7014.75,7015.75,7013.0,7013.0,7347
2026-01-27 12:00:00,7013.0,7014.5,7012.5,7013.75,7598
2026-01-27 12:05:00,7013.75,7014.25,7011.75,7012.75,10212
2026-01-27 12:10:00,7012.5,7012.75,7010.5,7010.75,6113
2026-01-27 12:15:00,7010.5,7010.75,7006.5,7008.25,14668
2026-01-27 12:20:00,7008.0,7010.75,7007.75,7009.5,8254
2026-01-27 12:25:00,7009.5,7014.25,7009.0,7012.75,8151
2026-01-27 12:30:00,7012.75,7013.75,7010.0,7010.5,5502
2026-01-27 12:35:00,7010.25,7011.0,7008.5,7010.25,6499
2026-01-27 12:40:00,7010.0,7012.5,7008.75,7009.75,7365
2026-01-27 12:45:00,7009.5,7011.0,7008.5,7010.25,6160
2026-01-27 12:50:00,7009.75,7010.75,7008.0,7008.5,4869
2026-01-27 12:55:00,7008.5,7008.75,7006.75,7007.0,5500
2026-01-27 13:00:00,7007.0,7007.5,7001.5,7003.75,11325
2026-01-27 13:05:00,7003.75,7004.75,7002.0,7003.75,8074
2026-01-27 13:10:00,7003.5,7007.5,7002.5,7007.25,7396
2026-01-27 13:15:00,7007.0,7010.0,7006.75,7009.75,6223
2026-01-27 13:20:00,7010.0,7012.75,7009.5,7012.25,6094
2026-01-27 13:25:00,7012.5,7012.5,7009.5,7010.75,5299
2026-01-27 13:30:00,7010.75,7014.5,7010.75,7013.0,6801
2026-01-27 13:35:00,7013.0,7013.25,7011.0,7011.5,3775
2026-01-27 13:40:00,7011.5,7012.25,7010.0,7010.5,4669
2026-01-27 13:45:00,7010.75,7012.75,7010.25,7012.0,3793
2026-01-27 13:50:00,7012.0,7013.5,7012.0,7013.0,3479
2026-01-27 13:55:00,7013.0,7015.25,7012.5,7013.25,6390
2026-01-27 14:00:00,7013.5,7013.5,7011.25,7012.25,6372
2026-01-27 14:05:00,7012.25,7013.0,7010.5,7011.75,4161
2026-01-27 14:10:00,7011.75,7013.75,7010.75,7012.75,3743
2026-01-27 14:15:00,7012.75,7013.75,7012.25,7013.0,3860
2026-01-27 14:20:00,7012.75,7014.25,7012.75,7013.75,3164
2026-01-27 14:25:00,7014.0,7015.25,7013.5,7014.75,3858
2026-01-27 14:30:00,7014.75,7017.0,7014.75,7015.25,6155
2026-01-27 14:35:00,7015.25,7015.5,7014.25,7015.25,4281
2026-01-27 14:40:00,7015.25,7015.25,7013.5,7014.75,4369
2026-01-27 14:45:00,7015.0,7015.0,7013.25,7014.75,3514
2026-01-27 14:50:00,7014.75,7015.25,7013.5,7014.5,3623
2026-01-27 14:55:00,7014.75,7014.75,7013.5,7013.75,3233
2026-01-27 15:00:00,7014.0,7015.25,7013.25,7014.75,3789
2026-01-27 15:05:00,7014.75,7014.75,7013.25,7014.5,4175
2026-01-27 15:10:00,7014.5,7017.25,7014.25,7017.0,6500
2026-01-27 15:15:00,7016.75,7017.25,7015.0,7016.0,5388
2026-01-27 15:20:00,7016.0,7016.75,7014.75,7014.75,4662
2026-01-27 15:25:00,7014.75,7014.75,7012.5,7013.25,6857
2026-01-27 15:30:00,7013.25,7014.0,7011.25,7014.0,7906
2026-01-27 15:35:00,7013.75,7013.75,7012.25,7013.25,4816
2026-01-27 15:40:00,7013.25,7013.5,7011.25,7012.5,8639
2026-01-27 15:45:00,7012.5,7014.5,7011.0,7014.25,9542
2026-01-27 15:50:00,7014.25,7015.25,7009.25,7009.75,19048
2026-01-27 15:55:00,7009.75,7010.75,7007.0,7008.75,74936
2026-01-27 16:00:00,7008.75,7009.75,7006.25,7007.5,20793
2026-01-27 16:05:00,7007.5,7009.0,7006.5,7006.75,6146
2026-01-27 16:10:00,7006.75,7007.75,7005.5,7006.75,3746
2026-01-27 16:15:00,7007.0,7010.75,7006.75,7010.25,2622
2026-01-27 16:20:00,7010.0,7010.25,7007.25,7007.25,1747
2026-01-27 16:25:00,7007.25,7008.5,7006.25,7008.25,1217
2026-01-27 16:30:00,7008.25,7009.25,7008.0,7008.75,929
2026-01-27 16:35:00,7009.0,7010.75,7009.0,7010.75,801
2026-01-27 16:40:00,7010.5,7012.0,7010.25,7011.25,1427
2026-01-27 16:45:00,7011.25,7011.75,7010.0,7010.5,1203
2026-01-27 16:50:00,7010.5,7011.0,7009.75,7010.0,720
2026-01-27 16:55:00,7009.75,7010.25,7009.0,7009.5,896
2026-01-27 18:00:00,7010.25,7015.0,7009.25,7013.25,0
2026-01-27 18:05:00,7013.5,7014.0,7011.0,7013.0,699
2026-01-27 18:10:00,7013.0,7014.75,7013.0,7014.5,347
2026-01-27 18:15:00,7014.25,7014.5,7012.5,7013.0,442
2026-01-27 18:20:00,7013.0,7013.0,7011.5,7012.75,337
2026-01-27 18:25:00,7012.75,7013.5,7012.75,7013.5,289
2026-01-27 18:30:00,7013.5,7013.75,7013.0,7013.25,174
2026-01-27 18:35:00,7013.25,7013.25,7012.0,7012.25,137
2026-01-27 18:40:00,7012.5,7013.25,7012.25,7013.25,205
2026-01-27 18:45:00,7013.25,7013.25,7012.75,7013.25,252
2026-01-27 18:50:00,7013.0,7013.25,7013.0,7013.0,165
2026-01-27 18:55:00,7012.75,7013.0,7012.5,7012.75,248
2026-01-27 19:00:00,7012.75,7013.5,7012.5,7013.0,417
2026-01-27 19:05:00,7013.0,7015.0,7012.5,7014.75,463
2026-01-27 19:10:00,7014.75,7017.75,7014.5,7017.25,940
2026-01-27 19:15:00,7017.0,7018.25,7016.75,7017.75,1027
2026-01-27 19:20:00,7017.75,7018.25,7017.25,7017.5,389
2026-01-27 19:25:00,7017.75,7019.75,7017.75,7019.25,884
2026-01-27 19:30:00,7019.0,7023.5,7019.0,7023.0,2384
2026-01-27 19:35:00,7023.0,7025.5,7022.75,7025.25,1972
2026-01-27 19:40:00,7025.0,7026.5,7023.75,7026.0,1012
2026-01-27 19:45:00,7026.25,7026.25,7023.25,7024.5,801
2026-01-27 19:50:00,7024.25,7025.0,7022.5,7023.5,738
2026-01-27 19:55:00,7023.5,7024.75,7022.75,7024.5,482
2026-01-27 20:00:00,7024.75,7026.5,7024.5,7025.75,1198
2026-01-27 20:05:00,7025.75,7027.0,7025.0,7026.75,692
2026-01-27 20:10:00,7026.75,7027.5,7026.75,7026.75,841
2026-01-27 20:15:00,7027.0,7027.0,7025.25,7025.25,844
2026-01-27 20:20:00,7025.25,7026.5,7025.0,7026.0,457
2026-01-27 20:25:00,7025.75,7026.5,7025.75,7026.5,358
2026-01-27 20:30:00,7026.5,7026.75,7025.0,7025.5,674
2026-01-27 20:35:00,7025.25,7025.25,7024.25,7025.0,572
2026-01-27 20:40:00,7025.0,7025.5,7023.5,7023.75,869
2026-01-27 20:45:00,7023.75,7025.25,7023.25,7024.75,681
2026-01-27 20:50:00,7024.75,7025.0,7023.0,7023.25,699
2026-01-27 20:55:00,7023.0,7023.75,7022.5,7023.5,721
2026-01-27 21:00:00,7023.5,7025.0,7023.0,7023.5,763
2026-01-27 21:05:00,7023.5,7026.5,7023.5,7026.0,974
2026-01-27 21:10:00,7026.25,7026.25,7025.0,7025.25,755
2026-01-27 21:15:00,7025.25,7026.0,7024.25,7026.0,926
2026-01-27 21:20:00,7025.75,7026.25,7025.25,7026.25,372
2026-01-27 21:25:00,7026.0,7026.25,7025.0,7025.0,420
2026-01-27 21:30:00,7025.0,7026.25,7024.75,7025.75,374
2026-01-27 21:35:00,7025.75,7027.25,7025.75,7026.5,771
2026-01-27 21:40:00,7026.25,7026.5,7024.75,7025.5,298
2026-01-27 21:45:00,7025.5,7026.75,7025.0,7026.0,531
2026-01-27 21:50:00,7025.75,7027.0,7025.5,7026.0,505
2026-01-27 21:55:00,7025.75,7026.5,7025.5,7026.0,351
2026-01-27 22:00:00,7025.75,7027.0,7025.5,7026.75,360
2026-01-27 22:05:00,7026.75,7027.0,7026.25,7026.5,255
2026-01-27 22:10:00,7026.5,7026.75,7026.0,7026.5,444
2026-01-27 22:15:00,7026.5,7027.25,7026.25,7026.5,355
2026-01-27 22:20:00,7026.5,7026.75,7026.0,7026.5,319
2026-01-27 22:25:00,7026.25,7026.25,7024.0,7024.75,768
2026-01-27 22:30:00,7025.0,7025.75,7023.75,7025.0,543
2026-01-27 22:35:00,7025.0,7026.25,7025.0,7025.5,378
2026-01-27 22:40:00,7025.5,7025.5,7024.0,7024.0,254
2026-01-27 22:45:00,7024.25,7025.5,7023.75,7024.75,675
2026-01-27 22:50:00,7025.0,7025.25,7024.5,7024.75,271
2026-01-27 22:55:00,7025.0,7025.0,7023.75,7024.25,339
2026-01-27 23:00:00,7024.25,7025.75,7024.25,7025.5,492
2026-01-27 23:05:00,7025.25,7027.5,7025.25,7027.5,632
2026-01-27 23:10:00,7027.5,7027.5,7026.5,7027.0,424
2026-01-27 23:15:00,7027.0,7027.75,7026.5,7027.25,368
2026-01-27 23:20:00,7027.0,7027.25,7026.5,7027.0,281
2026-01-27 23:25:00,7027.25,7027.75,7026.75,7027.5,221
2026-01-27 23:30:00,7027.5,7027.75,7026.75,7027.25,181
2026-01-27 23:35:00,7027.25,7027.25,7026.25,7026.75,366
2026-01-27 23:40:00,7027.0,7027.0,7026.25,7026.75,205
2026-01-27 23:45:00,7026.75,7026.75,7025.75,7026.5,218
2026-01-27 23:50:00,7026.5,7026.75,7026.25,7026.5,201
2026-01-27 23:55:00,7026.5,7027.0,7026.5,7027.0,97
2026-01-28 00:05:00,7028.0,7028.5,7028.0,7028.25,832
2026-01-28 00:10:00,7028.25,7029.0,7028.25,7028.75,452
2026-01-28 00:15:00,7028.75,7029.5,7028.5,7028.75,320
2026-01-28 00:20:00,7028.75,7029.75,7028.75,7029.0,371
2026-01-28 00:25:00,7029.0,7029.25,7028.25,7028.75,402
2026-01-28 00:30:00,7029.0,7029.5,7028.5,7029.0,283
2026-01-28 00:35:00,7029.25,7031.0,7029.0,7030.75,761
2026-01-28 00:40:00,7030.5,7031.0,7030.0,7030.75,517
2026-01-28 00:45:00,7030.75,7031.75,7030.75,7031.5,510
2026-01-28 00:50:00,7031.5,7032.0,7031.25,7031.75,499
2026-01-28 00:55:00,7031.5,7032.25,7031.25,7031.75,677
2026-01-28 01:00:00,7031.75,7041.5,7031.75,7035.25,8911
2026-01-28 01:05:00,7035.25,7035.75,7033.5,7033.75,954
2026-01-28 01:10:00,7034.0,7036.5,7033.25,7036.25,753
2026-01-28 01:15:00,7036.0,7038.75,7035.0,7038.25,1167
2026-01-28 01:20:00,7038.25,7038.75,7036.25,7036.75,764
2026-01-28 01:25:00,7036.75,7038.25,7034.75,7036.0,994
2026-01-28 01:30:00,7036.25,7043.0,7036.0,7039.75,3732
2026-01-28 01:35:00,7039.5,7041.0,7038.5,7038.75,1264
2026-01-28 01:40:00,7038.75,7038.75,7036.5,7037.0,768
2026-01-28 01:45:00,7036.75,7037.0,7035.5,7036.5,667
2026-01-28 01:50:00,7036.5,7039.25,7036.25,7036.5,606
2026-01-28 01:55:00,7036.5,7036.75,7034.5,7034.5,820
2026-01-28 02:00:00,7034.75,7035.0,7033.0,7034.0,1192
2026-01-28 02:05:00,7034.25,7036.0,7033.5,7035.75,536
2026-01-28 02:10:00,7035.75,7037.0,7034.25,7036.75,846
2026-01-28 02:15:00,7036.75,7037.0,7033.75,7035.75,1085
2026-01-28 02:20:00,7035.75,7036.25,7034.0,7034.25,558
2026-01-28 02:25:00,7034.5,7035.5,7033.0,7034.25,548
2026-01-28 02:30:00,7034.0,7034.0,7031.75,7032.75,886
2026-01-28 02:35:00,7032.75,7033.0,7030.75,7032.75,1212
2026-01-28 02:40:00,7032.75,7035.75,7032.5,7035.5,1169
2026-01-28 02:45:00,7035.75,7037.5,7034.25,7036.75,1100
2026-01-28 02:50:00,7037.0,7037.25,7035.75,7036.25,410
2026-01-28 02:55:00,7036.25,7037.0,7034.75,7036.75,636
2026-01-28 03:00:00,7036.75,7039.0,7035.0,7037.25,2026
2026-01-28 03:05:00,7037.25,7037.5,7033.25,7033.25,959
2026-01-28 03:10:00,7033.5,7034.75,7032.5,7033.0,731
2026-01-28 03:15:00,7033.25,7034.0,7029.0,7029.75,1224
2026-01-28 03:20:00,7029.75,7035.5,7029.0,7034.5,1182
2026-01-28 03:25:00,7034.5,7034.75,7032.25,7032.5,897
2026-01-28 03:30:00,7032.25,7033.75,7031.75,7033.25,914
2026-01-28 03:35:00,7033.5,7033.75,7032.5,7032.75,742
2026-01-28 03:40:00,7032.75,7032.75,7031.0,7031.0,967
2026-01-28 03:45:00,7030.75,7031.0,7026.75,7027.0,1916
2026-01-28 03:50:00,7027.0,7028.75,7026.0,7028.25,1665
2026-01-28 03:55:00,7028.0,7028.75,7026.0,7027.25,959
2026-01-28 04:00:00,7027.5,7028.75,7027.0,7028.75,1346
2026-01-28 04:05:00,7028.75,7030.75,7026.5,7030.5,1242
2026-01-28 04:10:00,7030.5,7031.75,7028.75,7029.0,1028
2026-01-28 04:15:00,7029.25,7030.5,7028.25,7028.75,696
2026-01-28 04:20:00,7028.75,7029.25,7026.0,7027.75,1171
2026-01-28 04:25:00,7028.0,7029.25,7027.0,7028.25,961
2026-01-28 04:30:00,7028.25,7029.0,7027.0,7028.5,886
2026-01-28 04:35:00,7028.5,7031.25,7028.25,7029.5,731
2026-01-28 04:40:00,7029.75,7030.5,7028.75,7030.25,551
2026-01-28 04:45:00,7030.25,7031.5,7029.25,7029.5,532
2026-01-28 04:50:00,7029.75,7033.0,7029.75,7031.25,745
2026-01-28 04:55:00,7031.25,7032.75,7031.25,7031.5,500
2026-01-28 05:00:00,7031.75,7031.75,7029.5,7031.5,802
2026-01-28 05:05:00,7031.25,7033.5,7029.5,7032.5,753
2026-01-28 05:10:00,7032.75,7033.25,7031.0,7031.0,495
2026-01-28 05:15:00,7031.0,7031.5,7030.0,7030.25,513
2026-01-28 05:20:00,7030.0,7032.5,7029.5,7029.75,876
2026-01-28 05:25:00,7029.75,7032.0,7029.75,7031.75,367
2026-01-28 05:30:00,7031.75,7032.25,7031.25,7031.5,467
2026-01-28 05:35:00,7031.75,7033.75,7031.75,7033.25,847
2026-01-28 05:40:00,7033.25,7035.5,7033.0,7034.5,815
2026-01-28 05:45:00,7034.75,7035.25,7033.25,7033.75,708
2026-01-28 05:50:00,7033.75,7035.25,7033.75,7034.25,485
2026-01-28 05:55:00,7034.25,7036.5,7034.25,7035.5,909
2026-01-28 06:00:00,7035.5,7035.5,7031.25,7031.75,1363
2026-01-28 06:05:00,7032.0,7033.0,7031.0,7032.25,797
2026-01-28 06:10:00,7032.25,7032.5,7030.25,7031.0,673
2026-01-28 06:15:00,7031.0,7032.0,7029.25,7030.0,509
2026-01-28 06:20:00,7029.75,7030.75,7028.75,7030.25,889
2026-01-28 06:25:00,7030.25,7033.5,7030.0,7033.25,1267
2026-01-28 06:30:00,7033.25,7034.5,7033.0,7034.0,617
2026-01-28 06:35:00,7034.25,7034.5,7033.25,7034.0,443
2026-01-28 06:40:00,7034.25,7034.75,7032.75,7033.0,498
2026-01-28 06:45:00,7033.0,7033.5,7031.75,7032.75,508
2026-01-28 06:50:00,7032.75,7035.25,7032.25,7033.75,1005
2026-01-28 06:55:00,7033.5,7034.5,7032.75,7033.0,626
2026-01-28 07:00:00,7033.25,7033.5,7031.75,7032.5,1191
2026-01-28 07:05:00,7032.25,7032.75,7031.25,7032.75,496
2026-01-28 07:10:00,7032.75,7033.5,7022.25,7027.75,6661
2026-01-28 07:15:00,7028.0,7028.5,7023.0,7023.75,1705
2026-01-28 07:20:00,7024.0,7027.5,7022.25,7024.25,1560
2026-01-28 07:25:00,7024.0,7027.25,7024.0,7025.0,1208
2026-01-28 07:30:00,7025.0,7026.25,7023.0,7023.75,1823
2026-01-28 07:35:00,7023.75,7026.0,7023.25,7025.75,1250
2026-01-28 07:40:00,7025.75,7028.0,7024.75,7026.25,1544
2026-01-28 07:45:00,7026.5,7028.75,7025.75,7026.25,1413
2026-01-28 07:50:00,7026.25,7027.0,7024.25,7026.25,1113
2026-01-28 07:55:00,7026.25,7027.25,7022.75,7022.75,899
2026-01-28 08:00:00,7023.0,7027.0,7022.75,7024.75,1281
2026-01-28 08:05:00,7024.75,7026.0,7023.0,7023.0,1329
2026-01-28 08:10:00,7023.0,7023.25,7018.25,7019.5,2788
2026-01-28 08:15:00,7019.25,7024.5,7019.0,7024.5,1703
2026-01-28 08:20:00,7024.75,7024.75,7021.25,7022.0,1321
2026-01-28 08:25:00,7022.0,7022.25,7019.75,7020.5,1545
2026-01-28 08:30:00,7020.5,7022.0,7019.0,7020.5,1429
2026-01-28 08:35:00,7020.25,7021.5,7019.0,7020.0,1497
2026-01-28 08:40:00,7019.75,7021.25,7017.5,7018.0,2581
2026-01-28 08:45:00,7018.0,7020.75,7018.0,7020.5,1286
2026-01-28 08:50:00,7020.5,7022.75,7019.75,7020.5,2080
2026-01-28 08:55:00,7020.25,7022.5,7018.5,7022.25,1554
2026-01-28 09:00:00,7022.25,7023.25,7020.0,7020.25,2081
2026-01-28 09:05:00,7020.25,7020.5,7018.0,7018.5,1570
2026-01-28 09:10:00,7018.5,7021.25,7018.25,7019.0,1720
2026-01-28 09:15:00,7019.0,7020.5,7018.5,7019.5,1647
2026-01-28 09:20:00,7019.75,7022.75,7019.5,7022.0,2494
2026-01-28 09:25:00,7022.0,7023.5,7021.0,7022.75,5799
2026-01-28 09:30:00,7022.5,7029.5,7022.0,7025.75,30199
2026-01-28 09:35:00,7025.75,7027.5,7021.5,7023.5,16521
2026-01-28 09:40:00,7023.75,7029.75,7023.0,7029.0,16047
2026-01-28 09:45:00,7029.0,7031.0,7021.25,7024.0,19232
2026-01-28 09:50:00,7024.0,7029.75,7023.25,7029.5,15030
2026-01-28 09:55:00,7029.25,7029.5,7023.0,7023.75,12369
2026-01-28 10:00:00,7023.5,7025.75,7020.25,7022.5,15859
2026-01-28 10:05:00,7022.75,7023.0,7016.75,7018.5,18833
2026-01-28 10:10:00,7018.25,7018.75,7013.25,7013.5,18593
2026-01-28 10:15:00,7013.5,7020.25,7012.5,7017.5,17627
2026-01-28 10:20:00,7017.5,7023.25,7017.0,7021.25,13156
2026-01-28 10:25:00,7021.0,7021.5,7017.0,7017.25,10493
2026-01-28 10:30:00,7017.25,7020.25,7013.5,7013.5,12571
2026-01-28 10:35:00,7013.5,7019.5,7013.25,7018.25,10390
2026-01-28 10:40:00,7018.25,7018.5,7009.75,7010.25,13771
2026-01-28 10:45:00,7010.25,7012.75,7009.25,7010.5,11962
2026-01-28 10:50:00,7010.5,7011.0,7008.25,7010.0,11249
2026-01-28 10:55:00,7010.0,7011.75,7007.25,7007.5,9225
2026-01-28 11:00:00,7007.5,7013.25,7007.5,7012.75,10686
2026-01-28 11:05:00,7012.75,7015.5,7011.0,7013.5,8752
2026-01-28 11:10:00,7013.5,7015.25,7010.5,7012.25,7722
2026-01-28 11:15:00,7012.0,7013.25,7009.25,7009.25,6938
2026-01-28 11:20:00,7009.5,7011.0,7006.5,7010.0,9120
2026-01-28 11:25:00,7009.75,7013.75,7008.25,7013.5,9287
2026-01-28 11:30:00,7013.5,7013.5,7005.25,7005.75,12562
2026-01-28 11:35:00,7006.0,7007.5,7004.25,7005.75,9869
2026-01-28 11:40:00,7005.75,7005.75,7000.0,7000.5,14039
2026-01-28 11:45:00,7000.5,7004.0,7000.25,7003.0,10248
2026-01-28 11:50:00,7002.75,7003.25,6997.0,6998.25,12531
2026-01-28 11:55:00,6998.0,7001.75,6997.75,6999.25,8407
2026-01-28 12:00:00,6999.25,7004.25,6999.0,7002.5,8933
2026-01-28 12:05:00,7002.5,7004.0,6999.75,7002.5,7691
2026-01-28 12:10:00,7002.75,7007.5,7002.25,7006.5,8071
2026-01-28 12:15:00,7006.75,7008.25,7004.0,7007.75,6068
2026-01-28 12:20:00,7007.75,7008.75,7000.5,7000.5,9320
2026-01-28 12:25:00,7000.5,7001.25,6998.75,7000.5,7552
2026-01-28 12:30:00,7000.5,7000.5,6997.0,6997.5,6892
2026-01-28 12:35:00,6997.75,7000.25,6997.75,6998.75,5717
2026-01-28 12:40:00,6998.75,7002.0,6998.0,7000.5,8991
2026-01-28 12:45:00,7000.25,7003.0,6999.0,7001.5,6502
2026-01-28 12:50:00,7001.5,7006.25,7001.5,7006.25,5996
2026-01-28 12:55:00,7006.25,7006.5,7000.25,7000.5,7867
2026-01-28 13:00:00,7000.5,7002.75,6997.5,7002.25,7974
2026-01-28 13:05:00,7002.25,7004.5,7002.0,7002.75,5684
2026-01-28 13:10:00,7002.75,7004.0,7000.0,7003.75,4679
2026-01-28 13:15:00,7003.75,7005.75,7003.0,7005.0,4811
2026-01-28 13:20:00,7005.25,7006.5,7003.75,7004.75,4056
2026-01-28 13:25:00,7004.5,7005.25,7002.5,7003.5,4377
2026-01-28 13:30:00,7003.75,7004.75,7001.75,7002.25,4936
2026-01-28 13:35:00,7002.25,7005.0,7000.75,7000.75,4859
2026-01-28 13:40:00,7001.0,7003.75,7000.75,7002.0,3870
2026-01-28 13:45:00,7002.25,7002.5,6999.5,7001.0,4377
2026-01-28 13:50:00,7001.0,7003.75,7000.5,7001.5,4815
2026-01-28 13:55:00,7001.5,7004.5,7000.75,7002.5,3680
2026-01-28 14:00:00,7003.0,7008.75,6992.25,7002.0,16099
2026-01-28 14:05:00,7001.75,7004.5,6998.5,7002.75,7767
2026-01-28 14:10:00,7002.5,7005.25,7000.0,7001.0,6000
2026-01-28 14:15:00,7001.0,7002.5,6997.5,7001.75,5899
2026-01-28 14:20:00,7001.75,7005.25,6997.5,7004.25,6076
2026-01-28 14:25:00,7004.25,7005.5,6993.25,6993.75,7868
2026-01-28 14:30:00,6993.5,7012.75,6991.25,7003.0,27716
2026-01-28 14:35:00,7003.0,7007.25,6998.5,6998.75,13051
2026-01-28 14:40:00,6999.0,7001.5,6993.5,6999.0,16556
2026-01-28 14:45:00,6999.0,7009.5,6997.25,7006.25,15653
2026-01-28 14:50:00,7006.25,7010.75,7003.75,7008.75,13235
2026-01-28 14:55:00,7008.75,7009.25,7000.5,7001.25,10906
2026-01-28 15:00:00,7001.25,7009.0,6999.75,7007.25,10205
2026-01-28 15:05:00,7007.25,7012.25,7006.75,7011.5,10086
2026-01-28 15:10:00,7011.5,7014.25,7009.5,7009.75,12041
2026-01-28 15:15:00,7009.75,7011.75,7007.5,7011.25,8129
2026-01-28 15:20:00,7011.25,7015.0,7009.25,7013.0,8805
2026-01-28 15:25:00,7013.0,7013.0,7006.0,7006.25,9064
2026-01-28 15:30:00,7006.25,7007.75,7003.0,7003.0,11234
2026-01-28 15:35:00,7003.0,7008.5,7002.25,7007.0,11670
2026-01-28 15:40:00,7007.0,7007.5,7002.5,7003.25,9334
2026-01-28 15:45:00,7003.0,7006.75,7001.25,7001.75,11520
2026-01-28 15:50:00,7001.75,7012.0,6999.25,7009.75,26577
2026-01-28 15:55:00,7010.0,7014.0,7002.75,7006.75,64475
2026-01-28 16:00:00,7006.75,7011.25,6977.25,6988.5,37411
2026-01-28 16:05:00,6988.5,7005.0,6983.25,7004.75,13487
2026-01-28 16:10:00,7005.0,7011.0,7002.75,7010.25,7916
2026-01-28 16:15:00,7010.0,7013.75,7008.0,7013.5,4302
2026-01-28 16:20:00,7013.5,7019.25,7012.0,7017.5,4807
2026-01-28 16:25:00,7017.5,7021.75,7017.0,7021.5,3637
2026-01-28 16:30:00,7021.25,7023.0,7017.0,7019.5,4154
2026-01-28 16:35:00,7019.75,7020.25,7017.75,7018.25,2395
2026-01-28 16:40:00,7018.0,7020.0,7016.5,7018.25,2413
2026-01-28 16:45:00,7018.5,7022.0,7016.75,7018.5,2745
2026-01-28 16:50:00,7018.5,7019.25,7014.25,7014.75,1821
2026-01-28 16:55:00,7014.75,7018.5,7014.5,7016.75,2700
2026-01-28 18:00:00,7021.5,7022.0,7015.25,7016.75,0
2026-01-28 18:05:00,7016.75,7016.75,7009.0,7009.75,1424
2026-01-28 18:10:00,7009.75,7010.75,6997.0,6997.5,2099
2026-01-28 18:15:00,6997.25,7008.25,6997.0,7006.75,1843
2026-01-28 18:20:00,7006.75,7012.5,7006.25,7009.75,1204
2026-01-28 18:25:00,7009.75,7010.25,7002.0,7005.25,1387
2026-01-28 18:30:00,7005.5,7005.75,7003.0,7004.5,709
2026-01-28 18:35:00,7004.75,7006.0,7001.5,7002.0,690
2026-01-28 18:40:00,7002.25,7005.25,7000.0,7001.25,1221
2026-01-28 18:45:00,7001.25,7006.5,7001.25,7006.25,1113
2026-01-28 18:50:00,7006.5,7007.5,7002.5,7006.0,2017
2026-01-28 18:55:00,7006.25,7007.5,6994.5,6996.0,3165
2026-01-28 19:00:00,6996.0,6998.75,6985.75,6988.25,4353
2026-01-28 19:05:00,6988.25,6995.25,6986.5,6993.25,2133
2026-01-28 19:10:00,6993.0,6997.75,6992.25,6993.75,1454
2026-01-28 19:15:00,6993.5,6996.0,6990.25,6992.25,1265
2026-01-28 19:20:00,6992.25,6997.25,6991.0,6996.25,990
2026-01-28 19:25:00,6996.25,6999.0,6994.25,6999.0,774
2026-01-28 19:30:00,6999.25,6999.25,6993.25,6995.0,1175
2026-01-28 19:35:00,6995.25,6996.5,6991.75,6994.75,942
2026-01-28 19:40:00,6995.0,6995.25,6992.5,6993.5,511
2026-01-28 19:45:00,6993.25,6994.5,6992.0,6993.0,508
2026-01-28 19:50:00,6993.25,6995.5,6992.75,6995.25,877
2026-01-28 19:55:00,6995.0,6999.25,6995.0,6999.0,1314
2026-01-28 20:00:00,6999.25,6999.75,6996.5,6998.25,1733
2026-01-28 20:05:00,6998.25,6999.75,6997.0,6998.0,915
2026-01-28 20:10:00,6998.0,6999.75,6995.75,6997.75,1369
2026-01-28 20:15:00,6997.5,6998.25,6993.5,6994.25,1115
2026-01-28 20:20:00,6994.5,6996.25,6990.75,6991.25,1312
2026-01-28 20:25:00,6991.0,6993.0,6987.0,6992.0,2038
2026-01-28 20:30:00,6992.0,6994.5,6989.5,6990.0,1654
2026-01-28 20:35:00,6990.25,6993.0,6988.75,6990.25,1015
2026-01-28 20:40:00,6990.5,6993.0,6990.25,6991.25,705
2026-01-28 20:45:00,6991.25,6993.75,6990.0,6991.5,917
2026-01-28 20:50:00,6991.5,6993.5,6990.75,6993.25,725
2026-01-28 20:55:00,6993.5,6995.0,6992.25,6994.75,569
2026-01-28 21:00:00,6994.75,6998.75,6993.5,6998.25,1261
2026-01-28 21:05:00,6998.25,6998.75,6995.75,6997.5,755
2026-01-28 21:10:00,6997.5,6998.25,6995.0,6997.0,754
2026-01-28 21:15:00,6997.0,6999.25,6997.0,6998.0,719
2026-01-28 21:20:00,6998.25,7003.5,6996.75,7003.0,1625
2026-01-28 21:25:00,7003.25,7005.75,7001.25,7005.0,1745
2026-01-28 21:30:00,7005.25,7005.75,7004.0,7004.75,839
2026-01-28 21:35:00,7004.5,7005.75,7004.0,7004.5,750
2026-01-28 21:40:00,7004.75,7004.75,7003.0,7003.75,601
2026-01-28 21:45:00,7003.5,7003.5,7001.0,7001.0,711
2026-01-28 21:50:00,7001.25,7003.25,7001.25,7002.5,417
2026-01-28 21:55:00,7002.5,7006.25,7001.75,7003.0,1806
2026-01-28 22:00:00,7003.0,7006.25,7003.0,7004.75,814
2026-01-28 22:05:00,7005.0,7005.75,7003.75,7004.0,439
2026-01-28 22:10:00,7004.0,7006.25,7003.25,7006.0,835
2026-01-28 22:15:00,7006.0,7008.0,7006.0,7008.0,703
2026-01-28 22:20:00,7008.0,7009.0,7007.75,7008.0,404
2026-01-28 22:25:00,7007.75,7008.0,7006.25,7006.75,475
2026-01-28 22:30:00,7006.75,7008.5,7006.75,7008.25,383
2026-01-28 22:35:00,7008.25,7008.5,7005.75,7006.0,443
2026-01-28 22:40:00,7006.25,7009.5,7006.25,7009.5,552
2026-01-28 22:45:00,7009.25,7009.75,7007.0,7008.25,502
2026-01-28 22:50:00,7008.5,7008.75,7006.5,7007.0,598
2026-01-28 22:55:00,7007.0,7008.75,7007.0,7008.75,319
2026-01-28 23:00:00,7008.75,7009.0,7008.25,7008.75,396
2026-01-28 23:05:00,7008.75,7009.25,7008.0,7008.75,351
2026-01-28 23:10:00,7008.5,7009.5,7008.0,7009.25,313
2026-01-28 23:15:00,7009.0,7012.25,7009.0,7012.25,797
2026-01-28 23:20:00,7012.25,7013.5,7010.75,7011.75,800
2026-01-28 23:25:00,7011.75,7012.0,7011.0,7011.25,438
2026-01-28 23:30:00,7011.5,7013.25,7011.5,7013.0,426
2026-01-28 23:35:00,7013.0,7013.75,7012.5,7013.5,256
2026-01-28 23:40:00,7013.75,7014.5,7013.25,7013.25,314
2026-01-28 23:45:00,7013.25,7014.0,7013.0,7013.75,297
2026-01-28 23:50:00,7013.75,7016.0,7013.25,7016.0,566
2026-01-28 23:55:00,7015.75,7015.75,7015.25,7015.5,148
2026-01-29 00:05:00,7014.0,7014.0,7013.75,7014.0,901
2026-01-29 00:10:00,7013.75,7014.25,7012.25,7013.75,426
2026-01-29 00:15:00,7013.75,7015.5,7013.75,7015.25,259
2026-01-29 00:20:00,7015.25,7016.0,7014.75,7014.75,347
2026-01-29 00:25:00,7014.5,7016.75,7014.25,7016.25,416
2026-01-29 00:30:00,7016.25,7017.75,7016.25,7017.0,496
2026-01-29 00:35:00,7017.0,7019.0,7017.0,7018.25,448
2026-01-29 00:40:00,7018.25,7019.5,7018.25,7019.5,395
2026-01-29 00:45:00,7019.5,7019.5,7018.5,7019.0,295
2026-01-29 00:50:00,7018.75,7019.75,7018.5,7019.75,301
2026-01-29 00:55:00,7019.75,7019.75,7016.25,7017.75,586
2026-01-29 01:00:00,7017.75,7020.75,7017.5,7020.75,605
2026-01-29 01:05:00,7020.75,7022.0,7020.5,7022.0,569
2026-01-29 01:10:00,7022.0,7022.75,7021.75,7022.75,682
2026-01-29 01:15:00,7023.0,7023.75,7022.0,7022.25,534
2026-01-29 01:20:00,7022.0,7022.5,7021.25,7021.5,578
2026-01-29 01:25:00,7021.25,7021.5,7019.25,7020.75,740
2026-01-29 01:30:00,7020.75,7022.75,7020.0,7021.5,477
2026-01-29 01:35:00,7021.75,7022.0,7019.5,7020.5,421
2026-01-29 01:40:00,7020.5,7021.25,7018.5,7019.25,441
2026-01-29 01:45:00,7019.5,7020.25,7017.25,7019.25,598
2026-01-29 01:50:00,7019.25,7019.25,7017.25,7017.75,247
2026-01-29 01:55:00,7018.0,7020.25,7017.75,7020.0,253
2026-01-29 02:00:00,7019.75,7021.75,7019.0,7020.0,510
2026-01-29 02:05:00,7019.75,7020.25,7018.75,7019.75,161
2026-01-29 02:10:00,7019.75,7021.5,7018.75,7020.25,399
2026-01-29 02:15:00,7020.0,7020.25,7018.0,7018.5,414
2026-01-29 02:20:00,7018.5,7019.5,7017.5,7018.25,472
2026-01-29 02:25:00,7018.0,7021.75,7018.0,7021.75,1011
2026-01-29 02:30:00,7021.75,7024.25,7021.0,7023.75,1052
2026-01-29 02:35:00,7023.75,7027.5,7023.75,7027.0,1443
2026-01-29 02:40:00,7027.0,7029.0,7026.5,7028.25,1564
2026-01-29 02:45:00,7028.25,7029.5,7027.0,7027.5,1353
2026-01-29 02:50:00,7027.75,7029.0,7026.75,7027.0,951
2026-01-29 02:55:00,7026.75,7027.25,7025.25,7026.5,716
2026-01-29 03:00:00,7026.5,7027.75,7019.0,7020.25,2734
2026-01-29 03:05:00,7020.25,7024.25,7019.5,7022.25,1681
2026-01-29 03:10:00,7022.25,7028.75,7022.25,7027.75,1948
2026-01-29 03:15:00,7027.75,7029.5,7027.0,7028.75,1169
2026-01-29 03:20:00,7028.75,7029.0,7024.25,7025.5,984
2026-01-29 03:25:00,7025.5,7027.25,7023.5,7027.0,921
2026-01-29 03:30:00,7027.0,7028.0,7025.0,7026.0,1418
2026-01-29 03:35:00,7025.75,7027.25,7023.75,7025.0,1274
2026-01-29 03:40:00,7025.25,7028.25,7025.0,7028.25,1269
2026-01-29 03:45:00,7028.25,7028.75,7024.25,7024.25,1193
2026-01-29 03:50:00,7024.0,7024.5,7022.25,7024.0,1364
2026-01-29 03:55:00,7024.0,7026.0,7023.75,7024.75,1643
2026-01-29 04:00:00,7024.75,7028.5,7024.5,7026.5,1823
2026-01-29 04:05:00,7026.75,7027.75,7025.25,7027.75,867
2026-01-29 04:10:00,7027.75,7029.0,7026.5,7027.25,892
2026-01-29 04:15:00,7027.25,7027.5,7024.5,7026.75,773
2026-01-29 04:20:00,7026.5,7029.25,7025.75,7028.5,1437
2026-01-29 04:25:00,7028.5,7028.75,7024.75,7025.25,767
2026-01-29 04:30:00,7025.25,7026.75,7023.75,7025.75,921
2026-01-29 04:35:00,7025.75,7029.25,7025.5,7028.25,1074
2026-01-29 04:40:00,7028.0,7028.25,7026.5,7027.0,769
2026-01-29 04:45:00,7026.75,7027.25,7025.0,7025.25,826
2026-01-29 04:50:00,7025.5,7026.0,7020.75,7021.5,1019
2026-01-29 04:55:00,7021.5,7022.5,7018.75,7019.25,1035
2026-01-29 05:00:00,7019.0,7020.0,7017.75,7018.25,1188
2026-01-29 05:05:00,7018.0,7020.0,7017.75,7019.5,702
2026-01-29 05:10:00,7019.5,7021.25,7018.0,7018.5,1273
2026-01-29 05:15:00,7018.5,7020.75,7018.25,7020.75,618
2026-01-29 05:20:00,7020.5,7021.75,7019.0,7021.75,664
2026-01-29 05:25:00,7021.75,7023.5,7021.25,7021.5,1019
2026-01-29 05:30:00,7021.5,7022.0,7019.75,7021.75,700
2026-01-29 05:35:00,7021.5,7022.25,7020.25,7020.75,646
2026-01-29 05:40:00,7020.75,7021.0,7018.75,7019.75,780
2026-01-29 05:45:00,7019.75,7020.25,7018.75,7019.75,500
2026-01-29 05:50:00,7019.75,7020.75,7018.0,7018.0,868
2026-01-29 05:55:00,7017.75,7018.0,7012.75,7013.75,1603
2026-01-29 06:00:00,7014.0,7015.25,7010.0,7012.25,1671
2026-01-29 06:05:00,7012.25,7016.25,7010.0,7015.25,1257
2026-01-29 06:10:00,7015.0,7017.0,7014.25,7015.25,792
2026-01-29 06:15:00,7015.25,7016.0,7013.5,7014.75,1033
2026-01-29 06:20:00,7015.0,7019.25,7015.0,7018.5,1237
2026-01-29 06:25:00,7018.75,7019.0,7016.5,7017.5,724
2026-01-29 06:30:00,7017.25,7022.0,7017.25,7020.0,2326
2026-01-29 06:35:00,7020.0,7021.25,7017.5,7018.5,1474
2026-01-29 06:40:00,7018.25,7020.25,7018.25,7019.75,693
2026-01-29 06:45:00,7019.75,7021.0,7018.75,7018.75,1040
2026-01-29 06:50:00,7019.0,7019.25,7016.75,7017.25,1194
2026-01-29 06:55:00,7017.5,7020.5,7017.5,7019.5,917
2026-01-29 07:00:00,7019.5,7021.25,7018.75,7019.75,1643
2026-01-29 07:05:00,7019.75,7023.5,7019.75,7023.0,1053
2026-01-29 07:10:00,7023.25,7023.75,7022.0,7022.25,787
2026-01-29 07:15:00,7022.5,7023.25,7022.0,7023.25,812
2026-01-29 07:20:00,7023.25,7024.0,7020.5,7022.0,1270
2026-01-29 07:25:00,7021.75,7023.0,7020.5,7022.75,770
2026-01-29 07:30:00,7022.5,7022.75,7021.25,7021.25,742
2026-01-29 07:35:00,7021.5,7022.0,7015.0,7015.25,1226
2026-01-29 07:40:00,7015.25,7018.0,7014.5,7016.25,1246
2026-01-29 07:45:00,7016.5,7019.25,7016.25,7018.0,649
2026-01-29 07:50:00,7017.75,7019.25,7013.25,7017.0,1920
2026-01-29 07:55:00,7017.25,7019.5,7016.0,7019.0,968
2026-01-29 08:00:00,7018.75,7020.0,7017.0,7018.75,1182
2026-01-29 08:05:00,7018.75,7022.25,7018.5,7021.5,1486
2026-01-29 08:10:00,7021.75,7021.75,7019.75,7020.5,849
2026-01-29 08:15:00,7020.5,7020.75,7015.0,7016.25,2308
2026-01-29 08:20:00,7016.0,7018.25,7015.5,7018.25,1072
2026-01-29 08:25:00,7018.25,7020.75,7017.5,7020.0,1682
2026-01-29 08:30:00,7020.25,7022.75,7017.0,7022.0,1617
2026-01-29 08:35:00,7022.0,7024.25,7021.75,7022.5,1665
2026-01-29 08:40:00,7022.5,7026.75,7022.25,7025.25,2070
2026-01-29 08:45:00,7025.25,7026.25,7024.0,7024.5,1515
2026-01-29 08:50:00,7024.25,7024.75,7021.25,7022.25,1504
2026-01-29 08:55:00,7022.25,7023.75,7022.25,7023.5,959
2026-01-29 09:00:00,7023.5,7023.75,7016.5,7017.0,2689
2026-01-29 09:05:00,7017.0,7018.75,7015.25,7016.5,2729
2026-01-29 09:10:00,7016.75,7017.5,7013.0,7014.0,2480
2026-01-29 09:15:00,7013.75,7016.25,7012.75,7014.5,3112
2026-01-29 09:20:00,7014.5,7015.75,7013.75,7015.5,1903
2026-01-29 09:25:00,7015.75,7015.75,7012.75,7015.0,8000
2026-01-29 09:30:00,7015.0,7021.5,7007.75,7010.25,44209
2026-01-29 09:35:00,7010.25,7010.75,6999.25,7004.75,32645
2026-01-29 09:40:00,7005.0,7006.75,6982.5,6983.0,36182
2026-01-29 09:45:00,6983.0,6991.25,6973.0,6987.75,44214
2026-01-29 09:50:00,6987.75,6987.75,6972.25,6980.75,32193
2026-01-29 09:55:00,6980.5,6984.0,6965.5,6966.5,29587
2026-01-29 10:00:00,6966.5,6967.25,6946.75,6954.5,52069
2026-01-29 10:05:00,6954.5,6959.25,6949.75,6951.75,37502
2026-01-29 10:10:00,6951.5,6959.5,6940.0,6942.0,42713
2026-01-29 10:15:00,6942.0,6952.25,6941.75,6945.5,34711
2026-01-29 10:20:00,6945.75,6958.25,6943.0,6951.75,37411
2026-01-29 10:25:00,6951.75,6958.5,6938.75,6940.0,32287
2026-01-29 10:30:00,6940.25,6943.5,6929.0,6930.75,42266
2026-01-29 10:35:00,6931.0,6931.75,6923.5,6926.0,34941
2026-01-29 10:40:00,6926.25,6926.25,6913.25,6915.75,39599
2026-01-29 10:45:00,6916.0,6923.25,6913.5,6915.5,35353
2026-01-29 10:50:00,6915.5,6915.75,6902.75,6904.0,32853
2026-01-29 10:55:00,6904.0,6919.5,6902.25,6910.75,36042
2026-01-29 11:00:00,6911.0,6913.25,6901.75,6902.25,32636
2026-01-29 11:05:00,6902.25,6908.75,6898.25,6907.5,28460
2026-01-29 11:10:00,6907.75,6926.75,6902.75,6926.25,37254
2026-01-29 11:15:00,6926.5,6932.25,6924.0,6930.5,29586
2026-01-29 11:20:00,6930.5,6937.0,6923.0,6928.5,29624
2026-01-29 11:25:00,6928.5,6934.0,6924.5,6929.5,19971
2026-01-29 11:30:00,6929.25,6937.25,6928.75,6932.0,21802
2026-01-29 11:35:00,6931.75,6937.25,6929.0,6934.25,16258
2026-01-29 11:40:00,6934.25,6940.75,6932.0,6935.25,23179
2026-01-29 11:45:00,6935.0,6940.75,6931.75,6937.75,22266
2026-01-29 11:50:00,6937.5,6940.5,6932.5,6935.25,16094
2026-01-29 11:55:00,6935.5,6939.25,6932.5,6937.5,13005
2026-01-29 12:00:00,6937.25,6948.75,6936.75,6945.5,18080
2026-01-29 12:05:00,6945.5,6949.25,6944.0,6946.5,15433
2026-01-29 12:10:00,6946.5,6958.75,6946.0,6956.25,14438
2026-01-29 12:15:00,6956.5,6959.5,6953.75,6958.5,16256
2026-01-29 12:20:00,6958.75,6964.5,6957.5,6962.0,17076
2026-01-29 12:25:00,6962.0,6964.0,6957.5,6960.75,11987
2026-01-29 12:30:00,6960.75,6964.25,6958.75,6961.75,12034
2026-01-29 12:35:00,6961.75,6967.75,6961.25,6962.5,12250
2026-01-29 12:40:00,6962.25,6962.5,6952.25,6958.0,18237
2026-01-29 12:45:00,6957.75,6958.0,6947.75,6952.0,15596
2026-01-29 12:50:00,6952.0,6952.75,6937.75,6939.0,19741
2026-01-29 12:55:00,6939.0,6945.0,6937.75,6939.5,14958
2026-01-29 13:00:00,6939.5,6950.5,6937.5,6948.25,14681
2026-01-29 13:05:00,6948.25,6958.0,6947.75,6953.5,14316
2026-01-29 13:10:00,6953.5,6962.25,6953.5,6959.5,13288
2026-01-29 13:15:00,6959.25,6960.0,6954.25,6955.75,11928
2026-01-29 13:20:00,6956.0,6959.5,6952.75,6958.0,8310
2026-01-29 13:25:00,6957.75,6961.0,6953.5,6960.25,8047
2026-01-29 13:30:00,6960.25,6960.25,6952.25,6957.75,11826
2026-01-29 13:35:00,6957.5,6964.0,6956.5,6963.75,10821
2026-01-29 13:40:00,6963.5,6968.75,6962.0,6963.75,12394
2026-01-29 13:45:00,6963.5,6964.5,6959.75,6963.75,8704
2026-01-29 13:50:00,6963.75,6966.0,6960.75,6962.0,7257
2026-01-29 13:55:00,6962.0,6964.75,6956.0,6956.5,8537
2026-01-29 14:00:00,6956.25,6962.5,6952.75,6960.75,14562
2026-01-29 14:05:00,6960.75,6968.5,6960.25,6966.0,8689
2026-01-29 14:10:00,6965.75,6969.25,6964.25,6966.25,6643
2026-01-29 14:15:00,6966.25,6973.25,6964.75,6969.25,12274
2026-01-29 14:20:00,6969.25,6971.0,6967.75,6970.75,5668
2026-01-29 14:25:00,6970.75,6972.25,6969.25,6971.5,6781
2026-01-29 14:30:00,6971.25,6973.0,6962.75,6964.25,17200
2026-01-29 14:35:00,6964.25,6970.0,6963.75,6966.25,8385
2026-01-29 14:40:00,6966.25,6969.25,6966.0,6968.25,6395
2026-01-29 14:45:00,6968.25,6969.75,6962.75,6963.75,6875
2026-01-29 14:50:00,6964.0,6968.0,6963.75,6967.75,6761
2026-01-29 14:55:00,6967.75,6969.25,6961.25,6962.0,8746
2026-01-29 15:00:00,6962.0,6967.25,6961.25,6965.25,8584
2026-01-29 15:05:00,6965.0,6970.5,6964.25,6969.25,8576
2026-01-29 15:10:00,6969.5,6970.0,6966.25,6966.5,7422
2026-01-29 15:15:00,6966.5,6968.25,6964.75,6968.25,7020
2026-01-29 15:20:00,6968.25,6969.5,6966.0,6969.25,6543
2026-01-29 15:25:00,6969.25,6971.25,6966.0,6966.5,11534
2026-01-29 15:30:00,6966.5,6970.25,6964.5,6970.25,10077
2026-01-29 15:35:00,6970.25,6979.75,6969.0,6977.25,17555
2026-01-29 15:40:00,6977.25,6979.5,6974.75,6977.25,15707
2026-01-29 15:45:00,6977.25,6980.0,6975.5,6979.25,12763
2026-01-29 15:50:00,6979.5,6988.25,6979.5,6987.75,32701
2026-01-29 15:55:00,6987.75,6999.0,6986.5,6990.0,94316
2026-01-29 16:00:00,6990.0,6995.75,6989.0,6992.25,23088
2026-01-29 16:05:00,6992.25,6993.25,6988.5,6990.75,7879
2026-01-29 16:10:00,6990.75,6991.5,6987.5,6989.5,5073
2026-01-29 16:15:00,6989.25,6990.0,6988.25,6989.25,2267
2026-01-29 16:20:00,6989.25,6989.25,6986.5,6987.5,1295
2026-01-29 16:25:00,6987.75,6992.0,6985.25,6989.0,2277
2026-01-29 16:30:00,6989.75,7002.5,6989.75,6993.0,10134
2026-01-29 16:35:00,6993.0,6995.0,6991.5,6994.0,2441
2026-01-29 16:40:00,6994.0,6994.75,6988.75,6990.75,2626
2026-01-29 16:45:00,6991.0,6992.0,6988.75,6990.0,1962
2026-01-29 16:50:00,6990.0,6992.0,6987.75,6991.5,2228
2026-01-29 16:55:00,6991.5,6994.25,6989.75,6989.75,2316
2026-01-29 18:00:00,6992.75,6994.25,6982.75,6983.25,0
2026-01-29 18:05:00,6983.25,6992.25,6983.25,6984.0,2065
2026-01-29 18:10:00,6984.0,6984.5,6973.5,6974.25,2265
2026-01-29 18:15:00,6974.25,6978.75,6973.25,6977.75,1410
2026-01-29 18:20:00,6978.0,6983.75,6975.5,6983.25,902
2026-01-29 18:25:00,6983.25,6988.0,6968.5,6981.75,3678
2026-01-29 18:30:00,6981.25,6991.75,6981.0,6990.75,2188
2026-01-29 18:35:00,6990.5,6995.0,6989.5,6993.0,1278
2026-01-29 18:40:00,6992.5,6994.0,6991.25,6993.0,557
2026-01-29 18:45:00,6993.0,6994.25,6988.0,6990.75,872
2026-01-29 18:50:00,6990.5,6990.75,6987.25,6988.5,411
2026-01-29 18:55:00,6988.25,6988.75,6985.25,6986.5,532
2026-01-29 19:00:00,6986.5,6990.0,6985.25,6989.75,998
2026-01-29 19:05:00,6989.5,6989.5,6985.5,6986.5,692
2026-01-29 19:10:00,6986.5,6986.75,6981.5,6984.25,1289
2026-01-29 19:15:00,6984.25,6987.5,6982.5,6983.25,1235
2026-01-29 19:20:00,6983.5,6984.0,6977.5,6980.25,1908
2026-01-29 19:25:00,6980.5,6982.25,6974.5,6978.5,2257
2026-01-29 19:30:00,6978.75,6991.0,6977.0,6979.5,3447
2026-01-29 19:35:00,6979.5,6981.5,6976.0,6980.0,1160
2026-01-29 19:40:00,6980.25,6982.75,6975.75,6976.25,916
2026-01-29 19:45:00,6976.5,6978.5,6974.75,6977.5,876
2026-01-29 19:50:00,6977.5,6978.75,6976.5,6976.5,397
2026-01-29 19:55:00,6976.75,6980.75,6976.5,6977.0,791
2026-01-29 20:00:00,6977.25,6977.75,6972.0,6974.5,1442
2026-01-29 20:05:00,6974.5,6976.25,6973.25,6974.5,1274
2026-01-29 20:10:00,6974.75,6975.25,6970.0,6971.25,1467
2026-01-29 20:15:00,6971.0,6972.0,6970.25,6971.25,1174
2026-01-29 20:20:00,6971.5,6972.0,6967.0,6968.75,1639
2026-01-29 20:25:00,6968.5,6971.5,6966.5,6968.0,1230
2026-01-29 20:30:00,6967.75,6968.75,6964.5,6966.0,1253
2026-01-29 20:35:00,6966.0,6966.25,6959.5,6959.75,1725
2026-01-29 20:40:00,6959.75,6960.0,6952.0,6957.0,3077
2026-01-29 20:45:00,6957.0,6960.0,6954.25,6957.75,1549
2026-01-29 20:50:00,6957.75,6964.75,6957.75,6964.25,1428
2026-01-29 20:55:00,6964.0,6964.75,6960.5,6962.75,1395
2026-01-29 21:00:00,6962.75,6963.75,6959.0,6960.0,1420
2026-01-29 21:05:00,6959.75,6964.5,6957.75,6959.25,2130
2026-01-29 21:10:00,6959.5,6961.0,6956.0,6957.25,1857
2026-01-29 21:15:00,6957.5,6960.75,6952.25,6952.25,2499
2026-01-29 21:20:00,6952.5,6953.0,6945.25,6948.0,3928
2026-01-29 21:25:00,6948.0,6950.75,6945.25,6945.5,1639
2026-01-29 21:30:00,6945.5,6949.25,6943.25,6947.5,1965
2026-01-29 21:35:00,6947.5,6952.75,6947.0,6950.0,1398
2026-01-29 21:40:00,6949.75,6952.75,6947.75,6950.0,1085
2026-01-29 21:45:00,6950.25,6952.5,6949.5,6950.5,853
2026-01-29 21:50:00,6951.0,6957.75,6951.0,6957.25,2279
2026-01-29 21:55:00,6957.25,6961.25,6957.0,6961.0,2115
2026-01-29 22:00:00,6961.0,6967.25,6960.75,6965.5,2693
2026-01-29 22:05:00,6965.5,6970.75,6965.5,6970.25,1446
2026-01-29 22:10:00,6970.0,6970.25,6967.5,6969.0,613
2026-01-29 22:20:00,6992.75,6992.75,6961.0,6963.75,3440
2026-01-29 22:25:00,6964.0,6966.5,6962.25,6965.0,1126
2026-01-29 22:30:00,6965.0,6971.25,6964.25,6970.0,1646
2026-01-29 22:35:00,6970.25,6971.5,6968.75,6969.0,1092
2026-01-29 22:40:00,6968.5,6968.75,6965.5,6967.0,720
2026-01-29 22:45:00,6967.25,6970.0,6967.0,6969.75,1071
2026-01-29 22:50:00,6969.5,6971.75,6966.0,6967.25,1291
2026-01-29 22:55:00,6967.25,6968.75,6966.0,6966.25,777
2026-01-29 23:00:00,6966.25,6968.5,6965.25,6966.5,649
2026-01-29 23:05:00,6966.75,6969.75,6965.75,6969.5,615
2026-01-29 23:10:00,6969.75,6971.75,6969.75,6971.75,477
2026-01-29 23:15:00,6971.75,6973.25,6971.25,6972.75,653
2026-01-29 23:20:00,6973.0,6973.5,6971.5,6971.5,590
2026-01-29 23:25:00,6971.25,6971.25,6967.0,6970.5,706
2026-01-29 23:30:00,6970.25,6973.25,6969.5,6972.0,591
2026-01-29 23:35:00,6971.75,6973.25,6971.25,6971.75,479
2026-01-29 23:40:00,6971.75,6972.0,6969.75,6970.0,487
2026-01-29 23:45:00,6970.25,6971.0,6969.25,6969.5,336
2026-01-29 23:50:00,6969.25,6969.5,6966.75,6968.25,660
2026-01-29 23:55:00,6968.25,6968.25,6964.25,6964.75,612
2026-01-30 00:05:00,6970.0,6970.0,6968.25,6968.75,1541
2026-01-30 00:10:00,6968.75,6968.75,6964.0,6965.75,622
2026-01-30 00:15:00,6965.5,6966.5,6962.5,6963.75,725
2026-01-30 00:20:00,6964.0,6966.5,6963.5,6964.75,453
2026-01-30 00:25:00,6964.5,6966.5,6963.0,6964.75,459
2026-01-30 00:30:00,6964.75,6965.0,6961.5,6962.25,597
2026-01-30 00:35:00,6962.0,6964.75,6961.5,6962.75,515
2026-01-30 00:40:00,6962.5,6964.25,6959.5,6960.0,863
2026-01-30 00:45:00,6960.0,6962.5,6959.0,6960.75,524
2026-01-30 00:50:00,6960.75,6961.0,6958.75,6959.25,506
2026-01-30 00:55:00,6959.5,6960.5,6956.5,6956.5,709
2026-01-30 01:00:00,6956.75,6958.0,6953.75,6953.75,947
2026-01-30 01:05:00,6953.5,6955.25,6952.25,6954.5,805
2026-01-30 01:10:00,6954.5,6954.5,6950.25,6952.25,825
2026-01-30 01:15:00,6952.75,6952.75,6947.0,6947.75,1028
2026-01-30 01:20:00,6947.5,6950.75,6946.0,6947.75,1000
2026-01-30 01:25:00,6947.75,6949.25,6940.5,6946.0,2001
2026-01-30 01:30:00,6945.5,6949.0,6943.75,6944.5,1139
2026-01-30 01:35:00,6944.5,6951.5,6944.25,6949.5,1013
2026-01-30 01:40:00,6949.75,6950.25,6946.5,6947.25,572
2026-01-30 01:45:00,6947.0,6947.0,6943.75,6944.5,674
2026-01-30 01:50:00,6944.25,6948.25,6944.0,6948.0,1087
2026-01-30 01:55:00,6948.0,6948.75,6935.0,6937.5,3915
2026-01-30 02:00:00,6937.5,6943.25,6936.5,6940.75,1568
2026-01-30 02:05:00,6940.75,6948.0,6940.0,6948.0,969
2026-01-30 02:10:00,6947.75,6949.75,6946.0,6946.25,993
2026-01-30 02:15:00,6946.5,6946.75,6941.75,6944.5,784
2026-01-30 02:20:00,6944.25,6945.0,6941.75,6943.75,1259
2026-01-30 02:25:00,6943.75,6943.75,6939.25,6940.25,1411
2026-01-30 02:30:00,6940.25,6943.75,6938.25,6941.75,1139
2026-01-30 02:35:00,6941.25,6943.5,6934.75,6936.25,1446
2026-01-30 02:40:00,6936.25,6937.5,6931.5,6937.0,1613
2026-01-30 02:45:00,6937.0,6938.0,6931.75,6937.5,1238
2026-01-30 02:50:00,6937.75,6938.75,6933.75,6934.5,978
2026-01-30 02:55:00,6934.25,6936.25,6928.25,6930.25,2076
2026-01-30 03:00:00,6930.25,6934.5,6927.25,6934.25,3247
2026-01-30 03:05:00,6934.25,6935.75,6926.0,6928.25,2937
2026-01-30 03:10:00,6928.25,6938.5,6927.5,6937.25,1926
2026-01-30 03:15:00,6937.5,6940.25,6933.25,6937.0,1857
2026-01-30 03:20:00,6936.75,6942.25,6936.75,6940.75,1752
2026-01-30 03:25:00,6940.5,6943.25,6937.5,6938.25,1307
2026-01-30 03:30:00,6938.0,6938.25,6926.5,6928.0,2409
2026-01-30 03:35:00,6928.0,6933.25,6926.25,6931.75,1971
2026-01-30 03:40:00,6931.75,6933.5,6929.0,6933.5,1031
2026-01-30 03:45:00,6933.25,6939.0,6930.5,6938.25,1561
2026-01-30 03:50:00,6938.0,6943.0,6935.25,6942.75,1243
2026-01-30 03:55:00,6942.75,6945.75,6940.25,6941.0,2088
2026-01-30 04:00:00,6941.0,6943.75,6938.75,6943.25,1963
2026-01-30 04:05:00,6943.5,6945.0,6937.0,6938.75,1549
2026-01-30 04:10:00,6938.5,6938.75,6931.5,6933.0,1314
2026-01-30 04:15:00,6932.75,6935.75,6930.0,6934.75,1325
2026-01-30 04:20:00,6934.75,6936.5,6931.75,6932.0,1157
2026-01-30 04:25:00,6931.75,6933.75,6929.25,6932.0,1064
2026-01-30 04:30:00,6932.0,6933.5,6929.5,6930.5,1371
2026-01-30 04:35:00,6930.5,6935.75,6928.5,6929.5,987
2026-01-30 04:40:00,6929.25,6931.75,6928.25,6929.5,931
2026-01-30 04:45:00,6929.5,6929.5,6920.25,6920.5,3620
2026-01-30 04:50:00,6920.5,6924.0,6917.5,6923.5,2417
2026-01-30 04:55:00,6923.5,6930.5,6923.5,6926.5,2707
2026-01-30 05:00:00,6926.25,6935.25,6926.0,6930.0,2126
2026-01-30 05:05:00,6929.75,6932.25,6927.75,6928.75,982
2026-01-30 05:10:00,6928.75,6934.25,6927.5,6933.5,1097
2026-01-30 05:15:00,6933.5,6935.0,6931.75,6933.5,813
2026-01-30 05:20:00,6933.5,6936.0,6932.5,6935.5,1215
2026-01-30 05:25:00,6935.25,6935.5,6929.75,6932.0,1305
2026-01-30 05:30:00,6932.0,6940.0,6932.0,6938.0,1561
2026-01-30 05:35:00,6938.25,6943.25,6938.25,6939.75,1428
2026-01-30 05:40:00,6939.75,6941.0,6936.0,6940.25,1700
2026-01-30 05:45:00,6940.75,6942.25,6938.0,6940.25,2144
2026-01-30 05:50:00,6940.5,6943.75,6938.5,6940.0,877
2026-01-30 05:55:00,6940.0,6940.0,6937.5,6938.75,664
2026-01-30 06:00:00,6939.0,6947.0,6938.0,6944.25,1692
2026-01-30 06:05:00,6944.5,6945.25,6942.0,6944.5,1025
2026-01-30 06:10:00,6944.5,6948.75,6944.5,6948.25,1450
2026-01-30 06:15:00,6948.25,6950.75,6947.5,6947.5,1854
2026-01-30 06:20:00,6947.5,6952.5,6947.5,6952.25,1287
2026-01-30 06:25:00,6952.25,6953.0,6950.5,6952.75,1024
2026-01-30 06:30:00,6952.75,6959.25,6952.0,6958.25,3405
2026-01-30 06:35:00,6958.5,6959.25,6956.5,6958.25,1107
2026-01-30 06:40:00,6958.25,6961.0,6957.75,6958.25,1200
2026-01-30 06:45:00,6958.25,6958.75,6949.75,6952.5,2446
2026-01-30 06:50:00,6952.5,6968.25,6952.5,6967.5,4420
2026-01-30 06:55:00,6967.5,6970.75,6966.25,6968.5,2578
2026-01-30 07:00:00,6968.75,6975.75,6968.5,6975.25,3675
2026-01-30 07:05:00,6975.5,6975.75,6965.5,6965.75,2920
2026-01-30 07:10:00,6965.75,6969.5,6965.0,6967.0,1291
2026-01-30 07:15:00,6967.0,6969.0,6965.25,6966.5,1050
2026-01-30 07:20:00,6966.5,6970.5,6963.25,6969.75,1999
2026-01-30 07:25:00,6970.0,6970.0,6965.25,6965.75,2266
2026-01-30 07:30:00,6965.75,6968.5,6965.75,6966.5,994
2026-01-30 07:35:00,6966.5,6972.0,6965.0,6965.25,1264
2026-01-30 07:40:00,6965.0,6968.5,6962.0,6962.25,1530
2026-01-30 07:45:00,6962.25,6966.75,6960.75,6962.5,1930
2026-01-30 07:50:00,6962.25,6963.75,6956.0,6958.25,2240
2026-01-30 07:55:00,6958.5,6962.0,6958.0,6961.5,1691
2026-01-30 08:00:00,6961.25,6965.0,6959.5,6965.0,1397
2026-01-30 08:05:00,6964.75,6968.0,6963.75,6964.75,1588
2026-01-30 08:10:00,6964.75,6970.25,6964.5,6968.5,1269
2026-01-30 08:15:00,6968.75,6970.25,6965.25,6965.75,923
2026-01-30 08:20:00,6966.0,6966.5,6961.25,6962.0,1438
2026-01-30 08:25:00,6962.0,6966.0,6958.25,6963.5,1952
2026-01-30 08:30:00,6964.25,6964.25,6947.25,6954.75,6047
2026-01-30 08:35:00,6954.75,6958.25,6951.25,6955.5,1765
2026-01-30 08:40:00,6955.5,6962.5,6953.0,6962.0,2513
2026-01-30 08:45:00,6962.0,6962.5,6955.75,6956.0,2506
2026-01-30 08:50:00,6956.0,6959.0,6954.75,6957.0,1904
2026-01-30 08:55:00,6957.0,6958.75,6955.25,6957.0,1758
2026-01-30 09:00:00,6957.0,6962.25,6955.0,6960.25,4619
2026-01-30 09:05:00,6960.5,6964.25,6960.0,6961.0,3447
2026-01-30 09:10:00,6961.0,6965.75,6959.0,6964.0,3145
2026-01-30 09:15:00,6964.0,6966.75,6962.0,6963.5,2944
2026-01-30 09:20:00,6963.5,6965.25,6961.0,6961.75,3168
2026-01-30 09:25:00,6961.75,6967.5,6961.0,6966.25,6761
2026-01-30 09:30:00,6966.25,6981.75,6961.0,6979.0,45243
2026-01-30 09:35:00,6979.25,6983.75,6971.75,6983.75,29618
2026-01-30 09:40:00,6984.0,6985.5,6974.25,6974.75,21244
2026-01-30 09:45:00,6975.0,6978.25,6966.25,6974.5,27389
2026-01-30 09:50:00,6974.5,6981.5,6967.75,6971.5,21742
2026-01-30 09:55:00,6971.5,6978.0,6960.25,6965.25,20197
2026-01-30 10:00:00,6965.0,6974.75,6964.5,6965.5,20747
2026-01-30 10:05:00,6965.75,6983.5,6965.25,6981.75,27178
2026-01-30 10:10:00,6982.0,6989.0,6976.0,6983.0,27355
2026-01-30 10:15:00,6983.0,6986.5,6979.25,6980.75,19336
2026-01-30 10:20:00,6980.75,6984.5,6974.0,6975.5,18966
2026-02-02 13:50:00,7013.5,7013.75,7013.0,7013.0,523910
2026-02-02 13:55:00,7013.25,7014.75,7012.25,7013.0,4369
2026-02-02 14:00:00,7012.75,7015.0,7011.5,7014.75,6933
2026-02-02 14:05:00,7014.75,7015.75,7014.0,7015.0,4373
2026-02-02 14:10:00,7015.0,7016.75,7015.0,7015.0,5251
2026-02-02 14:15:00,7015.25,7016.5,7014.25,7015.0,4463
2026-02-02 14:20:00,7015.0,7016.25,7014.0,7015.5,4452
2026-02-02 14:25:00,7015.75,7016.25,7014.25,7015.75,4304
2026-02-02 14:30:00,7016.0,7016.0,7011.0,7013.5,7908
2026-02-02 14:35:00,7013.5,7013.5,7010.25,7010.5,5333
2026-02-02 14:40:00,7010.5,7013.75,7009.5,7013.25,6857
2026-02-02 14:45:00,7013.25,7015.25,7011.25,7011.5,5567
2026-02-02 14:50:00,7011.5,7012.25,7009.5,7010.75,5768
2026-02-02 14:55:00,7010.5,7015.75,7001.25,7003.0,18082
2026-02-02 15:00:00,7003.0,7010.5,6998.25,7008.0,31164
2026-02-02 15:05:00,7007.75,7012.5,7007.5,7010.75,9371
2026-02-02 15:10:00,7010.75,7012.5,7005.5,7005.75,8476
2026-02-02 15:15:00,7005.5,7008.75,7002.25,7006.5,11843
2026-02-02 15:20:00,7006.5,7010.0,7006.0,7009.75,8633
2026-02-02 15:25:00,7009.75,7010.0,7004.5,7005.75,7770
2026-02-02 15:30:00,7005.5,7007.0,7004.0,7004.0,8020
2026-02-02 15:35:00,7004.0,7004.75,7001.25,7002.0,9372
2026-02-02 15:40:00,7002.0,7003.25,7000.0,7000.75,11376
2026-02-02 15:45:00,7000.5,7005.75,6999.75,7004.0,11423
2026-02-02 15:50:00,7004.0,7005.5,6998.5,7002.0,23371
2026-02-02 15:55:00,7002.0,7005.75,7001.0,7003.0,66935
2026-02-02 16:00:00,7003.0,7004.0,6997.5,7001.25,19908
2026-02-02 16:05:00,7001.0,7007.25,6999.0,7006.5,11776
2026-02-02 16:10:00,7006.5,7007.0,7004.25,7004.5,3794
2026-02-02 16:15:00,7004.5,7006.0,7003.0,7003.75,1931
2026-02-02 16:20:00,7003.75,7006.0,7002.0,7005.0,1867
2026-02-02 16:25:00,7005.0,7005.75,7004.25,7004.25,979
2026-02-02 16:30:00,7004.25,7006.0,7004.0,7005.25,1711
2026-02-02 16:35:00,7005.0,7005.75,7002.0,7002.75,1086
2026-02-02 16:40:00,7002.5,7003.75,7002.25,7002.5,882
2026-02-02 16:45:00,7002.75,7004.75,7002.0,7004.5,788
2026-02-02 16:50:00,7004.5,7004.5,7002.0,7002.75,1615
2026-02-02 16:55:00,7002.75,7004.75,7002.0,7003.25,1176
2026-02-02 18:00:00,7004.25,7011.75,7002.5,7010.0,0
2026-02-02 18:05:00,7010.25,7016.75,7010.25,7014.0,1585
2026-02-02 18:10:00,7014.0,7014.75,7011.0,7011.75,706
2026-02-02 18:15:00,7012.0,7014.75,7012.0,7013.0,634
2026-02-02 18:20:00,7013.0,7013.75,7012.5,7013.75,390
2026-02-02 18:25:00,7014.0,7015.5,7011.5,7014.5,805
2026-02-02 18:30:00,7014.75,7016.75,7013.5,7016.75,789
2026-02-02 18:35:00,7017.0,7022.25,7017.0,7022.0,1553
2026-02-02 18:40:00,7021.75,7021.75,7017.0,7018.25,1202
2026-02-02 18:45:00,7018.0,7019.0,7015.5,7016.5,680
2026-02-02 18:50:00,7016.5,7017.5,7015.25,7016.25,543
2026-02-02 18:55:00,7016.25,7016.75,7014.75,7015.25,428
2026-02-02 19:00:00,7015.25,7016.5,7013.0,7014.25,837
2026-02-02 19:05:00,7014.25,7016.0,7013.75,7014.5,425
2026-02-02 19:10:00,7014.5,7016.25,7009.25,7014.5,1281
2026-02-02 19:15:00,7014.5,7017.75,7014.0,7017.0,792
2026-02-02 19:20:00,7017.0,7021.25,7016.75,7020.25,1223
2026-02-02 19:25:00,7020.25,7023.25,7020.25,7020.75,1161
2026-02-02 19:30:00,7020.75,7021.75,7020.0,7020.25,626
2026-02-02 19:35:00,7020.5,7021.0,7020.0,7020.75,362
2026-02-02 19:40:00,7020.5,7020.5,7017.25,7018.75,753
2026-02-02 19:45:00,7018.75,7018.75,7017.5,7017.5,373
2026-02-02 19:50:00,7017.75,7018.75,7015.75,7017.75,521
2026-02-02 19:55:00,7018.0,7018.75,7016.75,7018.25,426
2026-02-02 20:00:00,7018.25,7019.75,7017.25,7019.5,909
2026-02-02 20:05:00,7019.5,7020.5,7018.75,7019.75,580
2026-02-02 20:10:00,7020.0,7022.25,7020.0,7021.5,699
2026-02-02 20:15:00,7021.75,7023.0,7021.25,7021.5,965
2026-02-02 20:20:00,7021.75,7023.5,7021.0,7021.0,1023
2026-02-02 20:25:00,7021.0,7021.5,7020.0,7020.5,687
2026-02-02 20:30:00,7020.5,7020.75,7017.75,7018.75,677
2026-02-02 20:35:00,7019.0,7019.25,7017.5,7017.5,383
2026-02-02 20:40:00,7017.5,7019.75,7017.0,7019.5,914
2026-02-02 20:45:00,7019.5,7019.5,7015.25,7015.5,763
2026-02-02 20:50:00,7015.75,7017.75,7015.0,7017.25,529
2026-02-02 20:55:00,7017.0,7018.25,7016.0,7017.25,595
2026-02-02 21:00:00,7017.25,7017.25,7013.5,7014.0,766
2026-02-02 21:05:00,7013.75,7014.75,7013.25,7014.25,422
2026-02-02 21:10:00,7014.0,7014.0,7011.5,7012.5,1025
2026-02-02 21:15:00,7012.75,7016.5,7012.25,7016.25,663
2026-02-02 21:20:00,7016.0,7017.0,7014.25,7014.5,499
2026-02-02 21:25:00,7014.25,7014.25,7011.75,7012.0,556
2026-02-02 21:30:00,7012.0,7012.75,7010.75,7011.0,609
2026-02-02 21:35:00,7011.0,7011.75,7008.75,7010.25,820
2026-02-02 21:40:00,7010.0,7011.0,7008.0,7010.0,791
2026-02-02 21:45:00,7009.75,7010.75,7008.25,7010.25,654
2026-02-02 21:50:00,7010.0,7012.25,7009.75,7011.0,583
2026-02-02 21:55:00,7011.25,7014.0,7011.25,7012.75,658
2026-02-02 22:00:00,7012.5,7013.5,7011.25,7012.75,387
2026-02-02 22:05:00,7012.75,7016.25,7012.5,7014.5,717
2026-02-02 22:10:00,7014.75,7015.25,7012.0,7012.25,385
2026-02-02 22:15:00,7012.25,7013.5,7010.5,7012.5,499
2026-02-02 22:20:00,7012.5,7015.0,7012.5,7015.0,230
2026-02-02 22:25:00,7015.0,7016.0,7014.0,7014.75,529
2026-02-02 22:30:00,7014.5,7015.5,7013.0,7014.25,499
2026-02-02 22:35:00,7014.25,7016.25,7014.0,7015.5,371
2026-02-02 22:40:00,7015.5,7018.5,7015.25,7018.25,779
2026-02-02 22:45:00,7018.25,7018.75,7016.75,7017.5,689
2026-02-02 22:50:00,7017.5,7017.75,7016.0,7017.0,324
2026-02-02 22:55:00,7017.0,7018.75,7016.75,7017.25,603
2026-02-02 23:00:00,7017.5,7020.75,7017.25,7020.0,616
2026-02-02 23:05:00,7020.0,7020.25,7019.25,7019.75,324
2026-02-02 23:10:00,7019.5,7019.5,7017.25,7018.5,278
2026-02-02 23:15:00,7018.75,7018.75,7017.5,7018.25,261
2026-02-02 23:20:00,7018.5,7018.75,7017.25,7017.25,281
2026-02-02 23:25:00,7017.5,7018.25,7016.5,7018.0,258
2026-02-02 23:30:00,7018.25,7021.75,7018.25,7020.25,788
2026-02-02 23:35:00,7020.5,7021.25,7019.5,7020.75,460
2026-02-02 23:40:00,7020.75,7022.0,7020.5,7021.25,314
2026-02-02 23:45:00,7021.5,7022.0,7020.75,7021.75,211
2026-02-02 23:50:00,7022.0,7023.0,7021.5,7022.25,627
2026-02-02 23:55:00,7022.0,7022.5,7021.75,7021.75,221
2026-02-03 00:05:00,7017.25,7018.0,7017.25,7017.25,1255
2026-02-03 00:10:00,7017.0,7017.5,7015.75,7017.0,645
2026-02-03 00:15:00,7017.0,7018.25,7016.5,7017.0,339
2026-02-03 00:20:00,7016.75,7020.0,7016.5,7019.5,440
2026-02-03 00:25:00,7019.75,7020.25,7018.0,7018.25,270
2026-02-03 00:30:00,7018.5,7019.5,7017.5,7019.5,296
2026-02-03 00:35:00,7019.25,7020.75,7019.25,7019.75,391
2026-02-03 00:40:00,7019.75,7020.25,7019.0,7019.75,295
2026-02-03 00:45:00,7020.0,7023.5,7019.75,7023.0,618
2026-02-03 00:50:00,7023.0,7023.0,7020.5,7022.0,534
2026-02-03 00:55:00,7022.0,7022.25,7021.0,7021.25,247
2026-02-03 01:00:00,7021.5,7021.75,7019.0,7020.0,477
2026-02-03 01:05:00,7020.0,7022.0,7019.75,7022.0,336
2026-02-03 01:10:00,7022.0,7023.25,7022.0,7023.0,452
2026-02-03 01:15:00,7023.0,7024.0,7022.5,7023.5,570
2026-02-03 01:20:00,7023.5,7023.5,7022.5,7023.0,366
2026-02-03 01:25:00,7023.0,7024.0,7021.5,7021.5,710
2026-02-03 01:30:00,7021.25,7023.75,7020.5,7023.75,643
2026-02-03 01:35:00,7023.5,7023.75,7021.25,7022.75,885
2026-02-03 01:40:00,7022.75,7024.5,7022.0,7023.75,490
2026-02-03 01:45:00,7023.75,7023.75,7021.5,7022.5,355
2026-02-03 01:50:00,7022.75,7023.5,7022.0,7023.25,251
2026-02-03 01:55:00,7023.0,7023.25,7021.75,7021.75,159
2026-02-03 02:00:00,7021.75,7023.75,7021.5,7022.0,652
2026-02-03 02:05:00,7022.0,7023.0,7021.0,7022.25,541
2026-02-03 02:10:00,7022.25,7024.0,7022.0,7022.75,370
2026-02-03 02:15:00,7022.75,7023.5,7019.25,7020.0,596
2026-02-03 02:20:00,7020.0,7020.75,7019.5,7019.75,505
2026-02-03 02:25:00,7019.5,7021.0,7019.0,7020.75,541
2026-02-03 02:30:00,7020.5,7023.0,7019.5,7022.5,402
2026-02-03 02:35:00,7022.25,7023.5,7021.75,7023.25,284
2026-02-03 02:40:00,7023.25,7024.0,7022.5,7023.75,550
2026-02-03 02:45:00,7023.75,7025.75,7023.25,7025.5,1497
2026-02-03 02:50:00,7025.25,7025.75,7024.0,7025.0,770
2026-02-03 02:55:00,7024.75,7025.75,7023.25,7023.5,666
2026-02-03 03:00:00,7023.5,7023.5,7019.5,7022.75,2250
2026-02-03 03:05:00,7022.75,7025.75,7020.0,7025.5,2140
2026-02-03 03:10:00,7025.25,7027.25,7025.0,7026.5,2172
2026-02-03 03:15:00,7026.5,7027.0,7024.75,7025.75,1225
2026-02-03 03:20:00,7025.75,7027.0,7024.0,7026.25,797
2026-02-03 03:25:00,7026.5,7026.75,7022.5,7022.5,1005
2026-02-03 03:30:00,7022.5,7023.25,7020.5,7021.0,1187
2026-02-03 03:35:00,7020.75,7022.25,7018.5,7020.0,976
2026-02-03 03:40:00,7019.5,7021.5,7018.75,7020.75,646
2026-02-03 03:45:00,7020.5,7020.75,7019.0,7019.0,905
2026-02-03 03:50:00,7018.75,7019.25,7016.75,7017.25,1071
2026-02-03 03:55:00,7017.5,7018.0,7016.0,7017.5,803
2026-02-03 04:00:00,7017.5,7021.25,7017.5,7019.25,1293
2026-02-03 04:05:00,7019.25,7023.25,7019.25,7019.75,891
2026-02-03 04:10:00,7019.5,7019.5,7017.0,7017.25,733
2026-02-03 04:15:00,7017.5,7019.25,7016.5,7019.0,783
2026-02-03 04:20:00,7019.0,7019.25,7015.75,7015.75,1024
2026-02-03 04:25:00,7016.0,7016.75,7014.5,7015.0,1252
2026-02-03 04:30:00,7015.25,7017.25,7014.0,7016.0,873
2026-02-03 04:35:00,7015.75,7016.0,7012.25,7012.75,980
2026-02-03 04:40:00,7013.0,7015.5,7012.75,7014.5,810
2026-02-03 04:45:00,7014.5,7015.25,7013.25,7015.0,626
2026-02-03 04:50:00,7015.0,7016.0,7013.75,7013.75,649
2026-02-03 04:55:00,7013.5,7014.5,7012.0,7014.25,1139
2026-02-03 05:00:00,7014.5,7017.25,7014.25,7016.75,790
2026-02-03 05:05:00,7017.0,7018.0,7016.75,7017.25,655
2026-02-03 05:10:00,7017.5,7018.25,7016.0,7016.25,550
2026-02-03 05:15:00,7016.25,7017.25,7014.5,7015.75,634
2026-02-03 05:20:00,7015.5,7016.0,7014.25,7014.25,477
2026-02-03 05:25:00,7014.25,7015.25,7013.5,7014.5,495
2026-02-03 05:30:00,7014.5,7014.5,7012.75,7012.75,491
2026-02-03 05:35:00,7012.75,7013.25,7011.25,7011.5,655
2026-02-03 05:40:00,7011.5,7012.0,7010.25,7010.75,1255
2026-02-03 05:45:00,7010.75,7011.75,7010.25,7011.0,449
2026-02-03 05:50:00,7011.25,7012.75,7010.75,7012.5,597
2026-02-03 05:55:00,7012.5,7012.5,7011.0,7011.25,618
2026-02-03 06:00:00,7011.25,7012.25,7009.0,7009.5,1032
2026-02-03 06:05:00,7009.5,7010.75,7008.75,7009.0,520
2026-02-03 06:10:00,7009.0,7012.5,7008.5,7011.75,745
2026-02-03 06:15:00,7011.5,7012.0,7010.0,7011.0,792
2026-02-03 06:20:00,7011.25,7013.5,7011.25,7012.0,625
2026-02-03 06:25:00,7011.75,7012.5,7010.25,7010.75,456
2026-02-03 06:30:00,7010.5,7010.5,7006.75,7008.5,1504
2026-02-03 06:35:00,7008.5,7009.25,7007.25,7008.0,524
2026-02-03 06:40:00,7008.0,7011.0,7008.0,7010.5,688
2026-02-03 06:45:00,7010.75,7012.0,7009.25,7009.75,580
2026-02-03 06:50:00,7009.5,7009.5,7007.0,7009.0,697
2026-02-03 06:55:00,7009.0,7012.0,7009.0,7010.75,1263
2026-02-03 07:00:00,7010.75,7013.5,7008.0,7010.25,1648
2026-02-03 07:05:00,7010.0,7014.0,7010.0,7013.75,773
2026-02-03 07:10:00,7013.75,7016.25,7013.25,7016.25,1214
2026-02-03 07:15:00,7016.5,7017.5,7015.0,7017.5,1251
2026-02-03 07:20:00,7017.25,7018.25,7015.5,7017.0,1294
2026-02-03 07:25:00,7017.0,7020.5,7016.75,7019.75,1753
2026-02-03 07:30:00,7019.75,7022.0,7019.25,7020.75,1147
2026-02-03 07:35:00,7021.0,7021.75,7020.0,7021.5,923
2026-02-03 07:40:00,7021.5,7022.25,7020.75,7021.5,827
2026-02-03 07:45:00,7021.5,7023.25,7021.0,7022.75,1292
2026-02-03 07:50:00,7022.75,7023.25,7020.25,7021.0,1416
2026-02-03 07:55:00,7020.5,7021.5,7019.5,7020.0,745
2026-02-03 08:00:00,7020.25,7020.25,7018.25,7018.75,1396
2026-02-03 08:05:00,7018.5,7020.75,7018.0,7020.5,1379
2026-02-03 08:10:00,7020.25,7021.5,7018.5,7018.75,1186
2026-02-03 08:15:00,7018.75,7020.75,7018.25,7019.75,981
2026-02-03 08:20:00,7019.75,7019.75,7016.0,7017.0,1316
2026-02-03 08:25:00,7017.0,7020.25,7017.0,7020.0,969
2026-02-03 08:30:00,7020.0,7021.5,7018.0,7020.0,1908
2026-02-03 08:35:00,7020.25,7020.25,7017.0,7018.25,1022
2026-02-03 08:40:00,7018.25,7018.75,7015.75,7016.0,1004
2026-02-03 08:45:00,7016.0,7018.0,7015.75,7017.75,971
2026-02-03 08:50:00,7017.5,7017.5,7015.0,7016.5,1589
2026-02-03 08:55:00,7016.25,7017.5,7015.0,7015.25,1558
2026-02-03 09:00:00,7015.25,7016.75,7014.0,7014.75,1662
2026-02-03 09:05:00,7014.75,7014.75,7012.0,7012.25,1708
2026-02-03 09:10:00,7012.25,7013.25,7011.5,7012.0,1983
2026-02-03 09:15:00,7012.0,7012.0,7009.0,7010.0,2824
2026-02-03 09:20:00,7010.0,7012.0,7010.0,7010.75,2012
2026-02-03 09:25:00,7010.75,7012.0,7007.5,7009.5,5780
2026-02-03 09:30:00,7009.5,7017.0,7003.5,7008.0,37403
2026-02-03 09:35:00,7008.0,7012.25,7001.0,7004.25,25249
2026-02-03 09:40:00,7004.5,7010.5,6995.75,6998.75,34567
2026-02-03 09:45:00,6999.0,7008.75,6997.25,7007.75,23809
2026-02-03 09:50:00,7007.25,7008.0,6996.25,6996.25,20632
2026-02-03 09:55:00,6996.0,6997.5,6980.0,6981.5,34409
2026-02-03 10:00:00,6981.75,6984.25,6968.0,6975.5,50845
2026-02-03 10:05:00,6975.25,6980.75,6967.0,6976.25,32667
2026-02-03 10:10:00,6976.25,6976.75,6962.5,6966.0,33014
2026-02-03 10:15:00,6965.75,6975.0,6964.5,6971.25,27404
2026-02-03 10:20:00,6971.0,6976.0,6955.5,6956.0,32132
2026-02-03 10:25:00,6956.0,6971.5,6954.25,6968.25,31478
2026-02-03 10:30:00,6968.25,6972.5,6962.0,6962.5,27406
2026-02-03 10:35:00,6962.5,6967.5,6957.0,6967.25,22658
2026-02-03 10:40:00,6967.0,6969.0,6959.75,6960.0,19671
2026-02-03 10:45:00,6959.75,6974.25,6955.75,6974.0,28644
2026-02-03 10:50:00,6974.0,6979.25,6966.5,6975.0,26215
2026-02-03 10:55:00,6974.75,6981.0,6974.25,6978.0,18631
2026-02-03 11:00:00,6978.0,6978.75,6969.25,6969.75,19189
2026-02-03 11:05:00,6969.75,6973.5,6967.25,6968.25,14824
2026-02-03 11:10:00,6968.25,6973.25,6965.0,6966.75,16685
2026-02-03 11:15:00,6966.75,6970.5,6963.25,6965.0,16066
2026-02-03 11:20:00,6965.0,6967.0,6953.25,6955.25,19460
2026-02-03 11:25:00,6955.5,6963.0,6953.0,6954.25,20700
2026-02-03 11:30:00,6954.5,6958.25,6950.25,6957.0,22459
2026-02-03 11:35:00,6957.25,6960.75,6952.25,6955.25,18010
2026-02-03 11:40:00,6955.5,6958.0,6953.25,6956.0,13928
2026-02-03 11:45:00,6956.0,6960.75,6952.75,6957.75,13425
2026-02-03 11:50:00,6957.75,6957.75,6949.0,6954.25,15886
2026-02-03 11:55:00,6954.0,6956.75,6952.25,6952.75,11632
2026-02-03 12:00:00,6953.0,6953.75,6949.5,6951.25,15883
2026-02-03 12:05:00,6951.25,6952.25,6946.5,6951.75,14934
2026-02-03 12:10:00,6951.75,6953.25,6932.25,6937.25,41118
2026-02-03 12:15:00,6937.5,6945.5,6935.5,6938.75,25623
2026-02-03 12:20:00,6938.75,6945.75,6936.5,6944.75,15650
2026-02-03 12:25:00,6944.5,6948.0,6934.25,6934.5,13858
2026-02-03 12:30:00,6934.5,6935.5,6927.75,6927.75,22040
2026-02-03 12:35:00,6928.0,6930.5,6925.25,6927.5,15957
2026-02-03 12:40:00,6927.25,6927.25,6920.0,6922.25,19977
2026-02-03 12:45:00,6922.25,6929.5,6920.75,6927.0,18502
2026-02-03 12:50:00,6927.0,6933.75,6920.75,6925.5,18068
2026-02-03 12:55:00,6925.5,6927.25,6922.5,6923.0,13496
2026-02-03 13:00:00,6923.0,6927.0,6920.75,6921.25,12227
2026-02-03 13:05:00,6921.25,6931.5,6920.0,6925.75,23794
2026-02-03 13:10:00,6925.75,6926.0,6910.25,6913.25,22034
2026-02-03 13:15:00,6913.25,6918.75,6911.5,6918.25,16934
2026-02-03 13:20:00,6918.25,6919.75,6912.75,6912.75,15059
2026-02-03 13:25:00,6912.75,6914.25,6908.25,6909.75,15309
2026-02-03 13:30:00,6909.5,6910.25,6903.0,6906.25,19198
2026-02-03 13:35:00,6906.25,6910.25,6903.5,6910.0,12406
2026-02-03 13:40:00,6910.0,6910.0,6902.5,6903.75,11270
2026-02-03 13:45:00,6903.75,6905.0,6900.0,6903.5,12981
2026-02-03 13:50:00,6903.25,6903.5,6899.5,6900.25,10316
2026-02-03 13:55:00,6900.5,6906.0,6894.0,6894.5,17593
2026-02-03 14:00:00,6894.5,6898.25,6889.0,6891.5,23844
2026-02-03 14:05:00,6891.25,6894.25,6886.25,6888.25,17072
2026-02-03 14:10:00,6888.25,6910.75,6887.25,6910.0,30710
2026-02-03 14:15:00,6910.0,6916.25,6908.0,6913.75,24778
2026-02-03 14:20:00,6913.75,6918.5,6912.0,6912.75,18924
2026-02-03 14:25:00,6912.75,6915.0,6903.25,6908.25,25771
2026-02-03 14:30:00,6908.25,6915.0,6904.25,6905.25,24700
2026-02-03 14:35:00,6905.25,6911.5,6904.5,6909.25,13015
2026-02-03 14:40:00,6909.25,6913.25,6905.75,6907.5,16375
2026-02-03 14:45:00,6907.5,6908.5,6901.25,6901.25,15585
2026-02-03 14:50:00,6901.75,6908.5,6897.25,6906.25,20042
2026-02-03 14:55:00,6906.25,6917.0,6905.75,6914.5,18620
2026-02-03 15:00:00,6914.25,6916.75,6909.25,6909.5,15216
2026-02-03 15:05:00,6909.75,6913.75,6908.75,6913.25,11433
2026-02-03 15:10:00,6913.25,6917.0,6910.0,6916.75,11605
2026-02-03 15:15:00,6916.5,6922.25,6912.0,6918.5,16077
2026-02-03 15:20:00,6918.5,6921.25,6913.75,6921.0,13576
2026-02-03 15:25:00,6921.0,6924.5,6920.75,6921.75,13314
2026-02-03 15:30:00,6921.75,6935.0,6921.25,6934.5,21945
2026-02-03 15:35:00,6934.75,6938.5,6931.75,6937.25,19122
2026-02-03 15:40:00,6937.25,6937.25,6928.5,6932.25,19443
2026-02-03 15:45:00,6932.25,6935.5,6930.5,6935.0,13676
2026-02-03 15:50:00,6935.25,6941.25,6934.25,6940.25,23725
2026-02-03 15:55:00,6940.25,6944.25,6939.0,6941.0,76724
2026-02-03 16:00:00,6941.0,6945.25,6938.0,6944.5,27456
2026-02-03 16:05:00,6944.25,6945.0,6940.25,6942.5,6431
2026-02-03 16:10:00,6942.25,6943.75,6940.25,6941.75,5378
2026-02-03 16:15:00,6941.75,6946.0,6931.75,6934.25,9057
2026-02-03 16:20:00,6934.0,6939.0,6932.5,6937.5,2955
2026-02-03 16:25:00,6937.5,6940.75,6936.75,6940.25,2610
2026-02-03 16:30:00,6940.0,6940.5,6935.75,6935.75,2029
2026-02-03 16:35:00,6935.75,6937.75,6934.5,6934.75,1585
2026-02-03 16:40:00,6935.0,6939.25,6934.75,6937.5,2503
2026-02-03 16:45:00,6937.5,6938.25,6934.75,6935.0,1104
2026-02-03 16:50:00,6935.0,6936.0,6933.5,6935.0,1970
2026-02-03 16:55:00,6935.0,6938.75,6935.0,6938.75,1398
2026-02-03 18:00:00,6934.0,6938.25,6933.5,6937.75,0
2026-02-03 18:05:00,6937.75,6938.0,6931.25,6934.5,1165
2026-02-03 18:10:00,6934.75,6941.75,6934.5,6941.5,962
2026-02-03 18:15:00,6941.25,6944.5,6941.0,6941.0,1188
2026-02-03 18:20:00,6941.0,6941.25,6936.5,6938.25,683
2026-02-03 18:25:00,6938.5,6940.0,6933.75,6935.25,806
2026-02-03 18:30:00,6935.25,6936.25,6933.5,6934.5,475
2026-02-03 18:35:00,6934.75,6936.5,6933.75,6936.5,353
2026-02-03 18:40:00,6936.5,6937.75,6935.0,6937.5,342
2026-02-03 18:45:00,6937.5,6940.0,6935.0,6939.25,762
2026-02-03 18:50:00,6939.25,6940.75,6938.5,6940.5,342
2026-02-03 18:55:00,6940.5,6943.25,6939.0,6942.5,1003
2026-02-03 19:00:00,6942.75,6943.75,6935.25,6938.75,1368
2026-02-03 19:05:00,6938.75,6941.0,6937.5,6939.0,843
2026-02-03 19:10:00,6939.0,6939.0,6936.0,6937.0,754
2026-02-03 19:15:00,6937.25,6942.25,6937.25,6941.75,761
2026-02-03 19:20:00,6941.75,6942.5,6939.5,6940.0,382
2026-02-03 19:25:00,6939.75,6941.75,6936.75,6938.5,752
2026-02-03 19:30:00,6938.25,6941.75,6938.0,6941.5,522
2026-02-03 19:35:00,6941.5,6942.25,6939.5,6940.25,460
2026-02-03 19:40:00,6940.25,6940.25,6937.0,6937.75,430
2026-02-03 19:45:00,6937.75,6939.25,6935.5,6936.5,449
2026-02-03 19:50:00,6936.25,6938.0,6933.5,6934.25,674
2026-02-03 19:55:00,6934.25,6937.0,6934.0,6934.0,512
2026-02-03 20:00:00,6934.25,6944.0,6934.25,6943.5,1662
2026-02-03 20:05:00,6943.5,6943.75,6938.0,6940.0,943
2026-02-03 20:10:00,6940.25,6945.0,6940.25,6944.25,1028
2026-02-03 20:15:00,6944.25,6945.75,6943.0,6944.5,1121
2026-02-03 20:20:00,6944.5,6946.5,6944.25,6946.0,650
2026-02-03 20:25:00,6945.75,6946.0,6944.5,6945.25,628
2026-02-03 20:30:00,6945.25,6947.0,6944.5,6945.5,1073
2026-02-03 20:35:00,6945.5,6946.25,6941.5,6941.75,1042
2026-02-03 20:40:00,6941.75,6943.0,6941.5,6942.75,501
2026-02-03 20:45:00,6943.0,6945.5,6940.5,6941.25,728
2026-02-03 20:50:00,6941.5,6943.25,6940.75,6942.25,593
2026-02-03 20:55:00,6942.25,6945.5,6941.75,6944.5,576
2026-02-03 21:00:00,6944.5,6947.0,6944.5,6946.25,1271
2026-02-03 21:05:00,6946.5,6951.25,6946.25,6951.0,1996
2026-02-03 21:10:00,6950.75,6950.75,6947.75,6948.25,778
2026-02-03 21:15:00,6948.5,6949.75,6945.75,6945.75,763
2026-02-03 21:20:00,6946.0,6946.0,6944.0,6945.0,495
2026-02-03 21:25:00,6945.0,6946.25,6941.25,6943.5,697
2026-02-03 21:30:00,6943.0,6945.25,6942.75,6944.5,357
2026-02-03 21:35:00,6944.5,6945.5,6943.25,6943.25,405
2026-02-03 21:40:00,6943.25,6943.75,6939.75,6943.5,1023
2026-02-03 21:45:00,6943.5,6944.75,6942.5,6943.25,296
2026-02-03 21:50:00,6943.25,6943.25,6939.75,6943.0,975
2026-02-03 21:55:00,6943.0,6944.25,6941.75,6942.5,389
2026-02-03 22:00:00,6942.75,6943.75,6940.5,6941.5,440
2026-02-03 22:05:00,6941.75,6943.0,6940.75,6942.5,359
2026-02-03 22:10:00,6942.25,6946.0,6942.25,6944.5,647
2026-02-03 22:15:00,6944.25,6945.25,6941.25,6942.5,1022
2026-02-03 22:20:00,6942.5,6944.5,6940.75,6943.5,706
2026-02-03 22:25:00,6943.5,6946.0,6942.75,6944.25,599
2026-02-03 22:30:00,6944.0,6947.5,6944.0,6947.25,618
2026-02-03 22:35:00,6947.0,6949.5,6945.75,6949.0,561
2026-02-03 22:40:00,6949.0,6949.5,6946.25,6946.25,409
2026-02-03 22:45:00,6946.0,6946.5,6942.5,6943.75,1007
2026-02-03 22:50:00,6944.0,6945.5,6943.0,6945.0,427
2026-02-03 22:55:00,6945.0,6947.25,6945.0,6946.75,379
2026-02-03 23:00:00,6946.75,6947.75,6946.25,6946.75,329
2026-02-03 23:05:00,6946.75,6947.75,6945.25,6946.0,293
2026-02-03 23:10:00,6946.25,6948.25,6946.25,6946.75,275
2026-02-03 23:15:00,6946.5,6947.0,6945.5,6946.75,287
2026-02-03 23:20:00,6946.5,6946.75,6944.25,6944.75,382
2026-02-03 23:25:00,6945.0,6945.5,6944.0,6945.25,330
2026-02-03 23:30:00,6945.25,6946.75,6945.25,6946.75,253
2026-02-03 23:35:00,6946.5,6947.0,6945.75,6946.75,256
2026-02-03 23:40:00,6946.5,6948.5,6946.5,6947.25,472
2026-02-03 23:45:00,6947.25,6947.75,6946.5,6946.5,169
2026-02-03 23:50:00,6946.5,6947.5,6945.25,6946.25,315
2026-02-03 23:55:00,6946.0,6946.0,6944.5,6945.0,250
2026-02-04 00:05:00,6944.5,6944.5,6943.5,6944.25,781
2026-02-04 00:10:00,6944.5,6945.0,6943.5,6943.75,336
2026-02-04 00:15:00,6944.0,6946.0,6944.0,6945.5,249
2026-02-04 00:20:00,6945.5,6946.5,6945.25,6946.0,234
2026-02-04 00:25:00,6946.0,6946.75,6945.25,6945.5,208
2026-02-04 00:30:00,6945.75,6945.75,6942.0,6943.25,708
2026-02-04 00:35:00,6943.5,6944.25,6942.5,6944.0,252
2026-02-04 00:40:00,6944.0,6945.75,6943.75,6945.25,225
2026-02-04 00:45:00,6945.25,6946.5,6945.0,6946.25,216
2026-02-04 00:50:00,6946.25,6947.25,6945.75,6945.75,305
2026-02-04 00:55:00,6945.75,6948.75,6945.5,6948.75,784
2026-02-04 01:00:00,6948.75,6949.75,6947.0,6949.5,506
2026-02-04 01:05:00,6949.75,6951.5,6949.25,6949.5,793
2026-02-04 01:10:00,6949.5,6953.0,6949.5,6952.0,922
2026-02-04 01:15:00,6952.0,6952.25,6949.5,6949.5,362
2026-02-04 01:20:00,6949.25,6950.0,6947.25,6948.75,678
2026-02-04 01:25:00,6948.75,6951.0,6948.75,6950.75,499
2026-02-04 01:30:00,6950.75,6952.5,6949.5,6952.5,807
2026-02-04 01:35:00,6952.5,6954.75,6952.25,6954.25,816
2026-02-04 01:40:00,6954.25,6956.0,6954.0,6955.5,1034
2026-02-04 01:45:00,6955.5,6959.25,6955.5,6958.5,1558
2026-02-04 01:50:00,6958.25,6958.25,6955.25,6956.0,1182
2026-02-04 01:55:00,6956.0,6956.25,6954.25,6955.25,852
2026-02-04 02:00:00,6955.25,6956.75,6954.25,6956.75,659
2026-02-04 02:05:00,6956.75,6957.25,6955.0,6956.25,508
2026-02-04 02:10:00,6956.5,6959.5,6956.5,6958.5,1170
2026-02-04 02:15:00,6958.25,6959.0,6957.25,6957.75,353
2026-02-04 02:20:00,6957.75,6959.5,6957.5,6959.0,484
2026-02-04 02:25:00,6958.75,6959.25,6957.5,6958.25,345
2026-02-04 02:30:00,6958.0,6958.5,6955.5,6958.0,858
2026-02-04 02:35:00,6958.0,6959.5,6957.75,6959.25,432
2026-02-04 02:40:00,6959.0,6960.0,6958.75,6959.5,512
2026-02-04 02:45:00,6959.25,6959.75,6958.0,6959.0,743
2026-02-04 02:50:00,6959.25,6961.0,6959.0,6960.25,598
2026-02-04 02:55:00,6960.5,6960.75,6958.25,6959.0,595
2026-02-04 03:00:00,6958.75,6960.0,6950.25,6951.0,2672
2026-02-04 03:05:00,6951.0,6956.5,6950.75,6956.25,2097
2026-02-04 03:10:00,6956.25,6959.75,6955.75,6958.5,1680
2026-02-04 03:15:00,6958.5,6958.75,6954.75,6955.5,1148
2026-02-04 03:20:00,6955.25,6955.5,6947.5,6947.75,2117
2026-02-04 03:25:00,6947.75,6950.0,6942.5,6943.25,3024
2026-02-04 03:30:00,6943.0,6947.75,6941.0,6944.75,2184
2026-02-04 03:35:00,6945.0,6947.5,6943.0,6943.5,1150
2026-02-04 03:40:00,6943.5,6950.5,6942.75,6950.0,1243
2026-02-04 03:45:00,6950.25,6950.5,6947.0,6947.5,1097
2026-02-04 03:50:00,6947.5,6948.75,6944.75,6946.0,1344
2026-02-04 03:55:00,6946.0,6946.75,6943.5,6946.25,1384
2026-02-04 04:00:00,6946.25,6950.25,6943.5,6947.5,2195
2026-02-04 04:05:00,6947.5,6949.5,6946.25,6946.5,906
2026-02-04 04:10:00,6946.25,6947.5,6941.5,6942.5,1278
2026-02-04 04:15:00,6942.25,6943.25,6937.0,6938.5,2580
2026-02-04 04:20:00,6938.75,6939.5,6934.25,6935.5,2163
2026-02-04 04:25:00,6935.75,6938.5,6934.0,6937.75,1831
2026-02-04 04:30:00,6938.0,6940.5,6937.0,6938.0,1431
2026-02-04 04:35:00,6938.0,6939.25,6934.75,6938.0,1505
2026-02-04 04:40:00,6938.0,6939.75,6932.5,6935.5,1830
2026-02-04 04:45:00,6935.75,6939.0,6935.5,6937.0,1125
2026-02-04 04:50:00,6936.75,6938.75,6934.75,6937.5,1046
2026-02-04 04:55:00,6937.5,6942.0,6937.25,6940.75,1067
2026-02-04 05:00:00,6941.0,6946.25,6938.75,6946.25,1990
2026-02-04 05:05:00,6946.0,6948.25,6945.25,6945.5,1156
2026-02-04 05:10:00,6945.5,6946.5,6943.75,6944.75,1039
2026-02-04 05:15:00,6944.5,6948.5,6944.25,6948.0,1042
2026-02-04 05:20:00,6948.25,6949.25,6947.0,6947.75,1465
2026-02-04 05:25:00,6947.75,6949.5,6946.25,6948.75,2225
2026-02-04 05:30:00,6948.75,6954.0,6948.75,6953.5,1807
2026-02-04 05:35:00,6953.5,6954.25,6949.0,6949.75,1220
2026-02-04 05:40:00,6949.75,6950.25,6947.75,6949.75,972
2026-02-04 05:45:00,6949.75,6949.75,6947.75,6949.0,661
2026-02-04 05:50:00,6949.0,6952.25,6949.0,6951.0,855
2026-02-04 05:55:00,6951.0,6951.75,6949.5,6950.25,780
2026-02-04 06:00:00,6950.25,6952.0,6949.5,6951.0,908
2026-02-04 06:05:00,6951.0,6951.75,6948.75,6948.75,944
2026-02-04 06:10:00,6948.75,6949.75,6947.5,6949.25,831
2026-02-04 06:15:00,6949.25,6952.0,6948.0,6951.25,1010
2026-02-04 06:20:00,6951.5,6952.0,6950.0,6952.0,696
2026-02-04 06:25:00,6952.0,6953.0,6949.75,6951.0,826
2026-02-04 06:30:00,6951.0,6953.75,6949.75,6953.5,841
2026-02-04 06:35:00,6953.25,6956.0,6953.0,6954.75,1180
2026-02-04 06:40:00,6954.75,6955.0,6952.5,6952.75,901
2026-02-04 06:45:00,6953.0,6962.5,6953.0,6962.25,3984
2026-02-04 06:50:00,6962.5,6965.75,6960.75,6962.75,2502
2026-02-04 06:55:00,6962.75,6964.0,6960.75,6961.0,1621
2026-02-04 07:00:00,6961.25,6965.0,6959.75,6960.5,1717
2026-02-04 07:05:00,6960.25,6960.5,6955.0,6958.25,1524
2026-02-04 07:10:00,6958.0,6959.75,6956.75,6959.75,645
2026-02-04 07:15:00,6959.75,6961.0,6958.5,6959.5,1008
2026-02-04 07:20:00,6959.5,6960.0,6956.75,6956.75,955
2026-02-04 07:25:00,6957.25,6957.25,6953.5,6955.25,1310
2026-02-04 07:30:00,6955.25,6958.5,6955.25,6958.25,763
2026-02-04 07:35:00,6958.5,6958.5,6950.75,6952.0,1294
2026-02-04 07:40:00,6952.25,6954.0,6950.25,6953.5,1184
2026-02-04 07:45:00,6953.5,6957.0,6951.5,6953.25,1485
2026-02-04 07:50:00,6953.0,6955.0,6950.5,6952.5,1543
2026-02-04 07:55:00,6952.25,6954.25,6951.0,6952.25,1121
2026-02-04 08:00:00,6952.25,6953.25,6948.25,6948.25,2373
2026-02-04 08:05:00,6948.25,6950.0,6946.75,6947.5,1823
2026-02-04 08:10:00,6947.5,6950.25,6946.5,6949.0,1529
2026-02-04 08:15:00,6949.25,6953.0,6948.0,6951.25,1755
2026-02-04 08:20:00,6951.5,6953.75,6947.25,6950.5,1500
2026-02-04 08:25:00,6950.25,6953.5,6950.25,6952.0,1265
2026-02-04 08:30:00,6951.75,6959.0,6948.5,6954.75,3184
2026-02-04 08:35:00,6954.75,6955.75,6950.5,6952.5,4893
2026-02-04 08:40:00,6952.5,6957.5,6951.75,6954.25,1910
2026-02-04 08:45:00,6954.25,6954.25,6945.25,6945.75,3715
2026-02-04 08:50:00,6945.75,6950.0,6944.75,6945.75,2696
2026-02-04 08:55:00,6945.75,6948.25,6945.75,6946.5,1733
2026-02-04 09:00:00,6946.25,6946.5,6942.0,6942.5,3722
2026-02-04 09:05:00,6942.5,6944.0,6940.75,6942.25,3416
2026-02-04 09:10:00,6942.25,6946.0,6942.25,6945.25,3364
2026-02-04 09:15:00,6945.5,6946.25,6943.5,6944.25,2396
2026-02-04 09:20:00,6944.0,6946.0,6941.5,6944.25,2977
2026-02-04 09:25:00,6944.25,6950.0,6944.25,6949.5,7398
2026-02-04 09:30:00,6949.25,6950.25,6935.5,6941.5,47134
2026-02-04 09:35:00,6941.75,6956.5,6937.0,6951.75,40058
2026-02-04 09:40:00,6951.75,6958.5,6943.75,6952.5,26364
2026-02-04 09:45:00,6952.5,6960.75,6946.25,6956.0,28567
2026-02-04 09:50:00,6955.75,6957.25,6935.25,6947.5,34897
2026-02-04 09:55:00,6947.75,6949.5,6924.0,6928.0,26258
2026-02-04 10:00:00,6928.0,6928.0,6910.5,6918.25,44569
2026-02-04 10:05:00,6918.25,6937.75,6918.25,6935.25,41128
2026-02-04 10:10:00,6935.5,6942.0,6930.0,6934.5,39513
2026-02-04 10:15:00,6934.75,6939.0,6929.0,6932.75,29807
2026-02-04 10:20:00,6932.75,6949.0,6931.5,6945.5,35016
2026-02-04 10:25:00,6945.5,6955.0,6940.0,6944.75,26528
2026-02-04 10:30:00,6944.75,6947.0,6927.25,6929.0,29947
2026-02-04 10:35:00,6928.75,6946.5,6918.75,6934.25,45783
2026-02-04 10:40:00,6934.25,6948.25,6931.75,6941.5,33998
2026-02-04 10:45:00,6941.5,6943.5,6930.25,6932.5,23425
2026-02-04 10:50:00,6932.25,6937.25,6928.25,6933.75,19709
2026-02-04 10:55:00,6933.5,6939.0,6927.5,6931.5,20773
2026-02-04 11:00:00,6931.5,6934.75,6915.75,6916.25,27843
2026-02-04 11:05:00,6916.25,6922.5,6911.25,6913.75,22711
2026-02-04 11:10:00,6913.5,6929.0,6911.0,6924.0,25189
2026-02-04 11:15:00,6924.25,6928.25,6910.75,6913.25,21077
2026-02-04 11:20:00,6913.0,6924.0,6909.25,6923.0,22599
2026-02-04 11:25:00,6923.25,6930.25,6919.75,6928.75,21690
2026-02-04 11:30:00,6928.75,6930.25,6917.0,6917.25,18363
2026-02-04 11:35:00,6917.5,6921.0,6912.75,6913.25,17670
2026-02-04 11:40:00,6913.25,6914.25,6899.0,6899.5,20956
2026-02-04 11:45:00,6899.5,6900.5,6890.0,6893.5,25516
2026-02-04 11:50:00,6893.5,6899.75,6888.5,6899.5,26222
2026-02-04 11:55:00,6899.75,6913.25,6898.75,6911.25,26160
2026-02-04 12:00:00,6911.0,6916.5,6908.25,6913.25,21935
2026-02-04 12:05:00,6913.25,6915.75,6907.75,6910.0,18182
2026-02-04 12:10:00,6909.75,6914.5,6903.75,6913.25,17180
2026-02-04 12:15:00,6913.0,6915.0,6902.25,6902.25,12924
2026-02-04 12:20:00,6902.25,6906.0,6899.25,6900.5,13759
2026-02-04 12:25:00,6900.5,6902.0,6877.25,6882.25,48272
2026-02-04 12:30:00,6882.0,6893.25,6876.75,6881.5,38823
2026-02-04 12:35:00,6881.25,6881.75,6869.5,6869.5,22784
2026-02-04 12:40:00,6869.5,6876.75,6865.25,6876.0,29163
2026-02-04 12:45:00,6876.0,6878.0,6866.25,6868.75,22903
2026-02-04 12:50:00,6868.5,6877.75,6862.5,6876.5,27864
2026-02-04 12:55:00,6876.5,6883.75,6876.25,6882.0,20664
2026-02-04 13:00:00,6882.0,6884.0,6871.0,6878.25,18215
2026-02-04 13:05:00,6878.25,6885.75,6868.25,6869.0,18949
2026-02-04 13:10:00,6868.75,6877.0,6868.25,6873.75,14987
2026-02-04 13:15:00,6873.75,6877.0,6868.75,6870.0,12217
2026-02-04 13:20:00,6870.25,6881.0,6869.0,6880.5,15185
2026-02-04 13:25:00,6880.75,6895.5,6880.75,6893.25,22195
2026-02-04 13:30:00,6893.25,6894.0,6876.25,6880.75,21859
2026-02-04 13:35:00,6881.0,6887.25,6879.5,6885.25,12816
2026-02-04 13:40:00,6885.25,6896.0,6883.0,6886.0,18087
2026-02-04 13:45:00,6886.0,6889.5,6882.0,6883.25,12428
2026-02-04 13:50:00,6883.25,6891.0,6877.0,6890.25,15253
2026-02-04 13:55:00,6889.75,6900.5,6889.25,6891.5,19247
2026-02-04 14:00:00,6891.75,6894.25,6885.25,6886.0,20355
2026-02-04 14:05:00,6886.0,6889.75,6878.75,6888.25,23134
2026-02-04 14:10:00,6888.5,6891.75,6886.5,6888.0,10238
2026-02-04 14:15:00,6887.75,6898.25,6887.25,6893.0,12301
2026-02-04 14:20:00,6893.0,6896.75,6886.75,6892.5,14515
2026-02-04 14:25:00,6892.25,6899.0,6889.75,6898.75,13511
2026-02-04 14:30:00,6898.75,6908.75,6898.25,6907.5,21868
2026-02-04 14:35:00,6907.5,6910.0,6903.25,6905.75,14060
2026-02-04 14:40:00,6905.75,6915.25,6905.0,6911.0,16045
2026-02-04 14:45:00,6911.25,6929.0,6908.5,6918.25,37896
2026-02-04 14:50:00,6918.0,6930.25,6916.0,6922.5,23119
2026-02-04 14:55:00,6922.5,6928.75,6920.5,6928.25,19025
2026-02-04 15:00:00,6928.25,6930.25,6919.25,6923.5,19145
2026-02-04 15:05:00,6923.5,6926.0,6922.25,6925.0,10689
2026-02-04 15:10:00,6925.0,6926.5,6912.75,6920.5,17271
2026-02-04 15:15:00,6920.5,6922.5,6916.0,6919.5,11954
2026-02-04 15:20:00,6919.5,6925.0,6916.25,6923.25,13295
2026-02-04 15:25:00,6923.5,6927.25,6919.75,6920.75,11716
2026-02-04 15:30:00,6920.75,6926.25,6918.25,6924.25,13486
2026-02-04 15:35:00,6924.25,6928.25,6921.5,6927.5,10311
2026-02-04 15:40:00,6927.5,6928.75,6922.75,6923.5,6867
2026-02-04 15:45:00,6923.5,6928.5,6920.0,6927.25,7150
2026-02-04 15:50:00,6927.75,6930.5,6908.75,6910.5,20348
2026-02-04 15:55:00,6910.25,6911.0,6901.75,6906.5,51495
2026-02-04 16:00:00,6906.5,6922.5,6892.25,6898.0,24274
2026-02-04 16:05:00,6898.5,6918.0,6898.0,6914.75,11762
2026-02-04 16:10:00,6915.0,6925.5,6910.25,6923.25,10775
2026-02-04 16:15:00,6923.5,6924.25,6912.0,6919.75,4746
2026-02-04 16:20:00,6920.0,6920.25,6913.0,6919.0,3159
2026-02-04 16:25:00,6919.0,6923.0,6915.0,6920.5,2200
2026-02-04 16:30:00,6920.5,6940.0,6919.25,6939.5,6238
2026-02-04 16:35:00,6939.5,6941.5,6934.5,6936.75,4581
2026-02-04 16:40:00,6936.75,6938.75,6931.75,6935.75,2881
2026-02-04 16:45:00,6935.75,6939.0,6933.25,6935.5,3144
2026-02-04 16:50:00,6935.5,6937.25,6932.0,6935.5,2975
2026-02-04 16:55:00,6935.5,6935.5,6928.25,6928.5,2735
2026-02-04 18:00:00,6915.5,6923.75,6914.5,6923.25,0
2026-02-04 18:05:00,6923.25,6926.0,6917.75,6922.0,1983
2026-02-04 18:10:00,6922.0,6926.0,6921.0,6921.0,737
2026-02-04 18:15:00,6921.25,6925.5,6921.25,6922.5,484
2026-02-04 18:20:00,6922.75,6924.75,6920.25,6920.75,532
2026-02-04 18:25:00,6920.5,6924.5,6919.5,6924.25,657
2026-02-04 18:30:00,6924.25,6928.75,6923.5,6924.75,1207
2026-02-04 18:35:00,6925.0,6925.75,6919.25,6920.0,760
2026-02-04 18:40:00,6920.25,6921.75,6918.25,6920.0,529
2026-02-04 18:45:00,6920.25,6923.5,6919.5,6921.75,618
2026-02-04 18:50:00,6922.0,6924.75,6920.75,6921.25,543
2026-02-04 18:55:00,6921.25,6921.25,6913.5,6918.5,1116
2026-02-04 19:00:00,6918.25,6918.25,6911.5,6914.75,1178
2026-02-04 19:05:00,6914.75,6918.0,6913.75,6916.75,871
2026-02-04 19:10:00,6916.75,6919.25,6916.0,6917.5,781
2026-02-04 19:15:00,6917.5,6922.25,6917.5,6922.25,879
2026-02-04 19:20:00,6922.25,6924.75,6921.0,6924.0,631
2026-02-04 19:25:00,6924.25,6928.5,6924.0,6927.0,1006
2026-02-04 19:30:00,6927.0,6928.0,6925.0,6926.5,494
2026-02-04 19:35:00,6926.5,6928.5,6925.0,6928.25,575
2026-02-04 19:40:00,6928.25,6930.25,6928.25,6929.0,529
2026-02-04 19:45:00,6928.75,6930.0,6928.0,6929.0,479
2026-02-04 19:50:00,6929.25,6929.5,6925.0,6925.5,577
2026-02-04 19:55:00,6925.5,6927.75,6924.0,6924.5,705
2026-02-04 20:00:00,6924.75,6927.5,6923.5,6926.5,992
2026-02-04 20:05:00,6926.5,6932.75,6926.5,6932.25,944
2026-02-04 20:10:00,6932.25,6933.25,6931.0,6932.0,773
2026-02-04 20:15:00,6931.75,6934.25,6930.75,6931.75,1010
2026-02-04 20:20:00,6932.0,6932.0,6925.0,6925.5,954
2026-02-04 20:25:00,6925.25,6930.25,6924.5,6928.5,800
2026-02-04 20:30:00,6928.5,6931.25,6927.5,6929.0,864
2026-02-04 20:35:00,6929.0,6933.5,6928.75,6932.5,681
2026-02-04 20:40:00,6932.5,6935.25,6930.25,6933.0,852
2026-02-04 20:45:00,6933.5,6934.75,6930.5,6931.25,683
2026-02-04 20:50:00,6931.0,6934.0,6930.0,6930.5,610
2026-02-04 20:55:00,6930.5,6932.25,6929.25,6931.0,782
2026-02-04 21:00:00,6931.0,6932.75,6925.0,6926.0,992
2026-02-04 21:05:00,6926.25,6927.25,6920.75,6921.5,1367
2026-02-04 21:10:00,6921.25,6922.0,6908.25,6908.5,2860
2026-02-04 21:15:00,6908.5,6911.0,6898.75,6908.75,4559
2026-02-04 21:20:00,6908.5,6916.75,6907.0,6913.0,2008
2026-02-04 21:25:00,6913.0,6915.75,6910.75,6915.25,1284
2026-02-04 21:30:00,6915.25,6918.25,6914.0,6915.5,1847
2026-02-04 21:35:00,6916.0,6921.75,6915.5,6917.5,1705
2026-02-04 21:40:00,6917.75,6919.25,6916.25,6917.75,873
2026-02-04 21:45:00,6917.5,6918.5,6909.75,6910.75,1672
2026-02-04 21:50:00,6910.75,6911.5,6904.0,6905.75,2463
2026-02-04 21:55:00,6905.5,6905.75,6895.5,6896.75,2596
2026-02-04 22:00:00,6897.0,6904.75,6894.0,6902.75,2510
2026-02-04 22:05:00,6903.25,6904.25,6898.25,6903.5,1452
2026-02-04 22:10:00,6903.5,6906.75,6901.75,6905.0,1558
2026-02-04 22:15:00,6904.5,6905.5,6900.25,6903.5,836
2026-02-04 22:20:00,6903.5,6909.25,6902.5,6907.0,1675
2026-02-04 22:25:00,6907.0,6909.0,6903.25,6905.0,776
2026-02-04 22:30:00,6905.25,6906.25,6897.75,6901.0,1611
2026-02-04 22:35:00,6900.75,6901.75,6896.25,6898.0,1079
2026-02-04 22:40:00,6898.0,6902.25,6898.0,6902.0,1053
2026-02-04 22:45:00,6901.5,6901.5,6895.5,6897.25,886
2026-02-04 22:50:00,6897.25,6897.25,6889.0,6891.25,1913
2026-02-04 22:55:00,6891.5,6895.0,6889.25,6891.0,1189
2026-02-04 23:00:00,6891.5,6898.75,6891.5,6893.5,1200
2026-02-04 23:05:00,6893.5,6895.5,6891.25,6894.5,864
2026-02-04 23:10:00,6894.75,6896.5,6893.5,6894.0,684
2026-02-04 23:15:00,6894.25,6895.0,6891.0,6892.0,939
2026-02-04 23:20:00,6892.25,6894.75,6889.25,6891.25,843
2026-02-04 23:25:00,6891.5,6893.5,6888.0,6893.5,985
2026-02-04 23:30:00,6893.75,6898.25,6891.75,6897.25,777
2026-02-04 23:35:00,6897.5,6898.25,6895.75,6896.25,594
2026-02-04 23:40:00,6896.25,6904.75,6896.25,6904.25,1673
2026-02-04 23:45:00,6904.0,6905.5,6903.0,6903.5,919
2026-02-04 23:50:00,6903.75,6906.75,6903.75,6904.5,858
2026-02-04 23:55:00,6904.5,6905.25,6903.0,6903.5,290
2026-02-05 00:05:00,6899.25,6899.75,6898.75,6899.75,1657
2026-02-05 00:10:00,6899.5,6903.5,6898.25,6898.75,484
2026-02-05 00:15:00,6898.75,6900.0,6894.75,6896.5,982
2026-02-05 00:20:00,6896.5,6896.5,6893.75,6896.5,629
2026-02-05 00:25:00,6896.25,6902.5,6896.0,6901.5,770
2026-02-05 00:30:00,6901.75,6903.5,6898.25,6899.0,777
2026-02-05 00:35:00,6899.25,6906.0,6899.25,6905.5,663
2026-02-05 00:40:00,6905.5,6909.0,6903.25,6905.75,982
2026-02-05 00:45:00,6906.0,6907.25,6901.5,6902.0,702
2026-02-05 00:50:00,6902.25,6904.25,6899.5,6901.25,579
2026-02-05 00:55:00,6900.75,6901.25,6899.0,6900.25,409
2026-02-05 01:00:00,6900.5,6903.25,6900.0,6901.75,696
2026-02-05 01:05:00,6901.75,6905.5,6900.75,6904.5,541
2026-02-05 01:10:00,6904.0,6907.25,6903.0,6905.75,622
2026-02-05 01:15:00,6906.25,6909.5,6904.75,6905.75,799
2026-02-05 01:20:00,6905.5,6907.25,6902.0,6903.75,1026
2026-02-05 01:25:00,6903.75,6906.25,6902.75,6905.75,472
2026-02-05 01:30:00,6905.0,6908.5,6903.75,6907.25,745
2026-02-05 01:35:00,6907.25,6908.25,6904.25,6908.0,511
2026-02-05 01:40:00,6908.25,6910.75,6907.75,6909.25,835
2026-02-05 01:45:00,6909.5,6913.75,6909.5,6911.0,1044
2026-02-05 01:50:00,6911.25,6912.0,6910.5,6911.25,360
2026-02-05 01:55:00,6910.75,6913.5,6910.0,6913.0,534
2026-02-05 02:00:00,6913.0,6915.5,6911.75,6914.0,1110
2026-02-05 02:05:00,6914.0,6915.25,6911.5,6912.75,693
2026-02-05 02:10:00,6912.5,6914.75,6911.5,6911.75,679
2026-02-05 02:15:00,6911.5,6913.5,6911.0,6911.75,552
2026-02-05 02:20:00,6912.0,6914.0,6910.25,6912.5,739
2026-02-05 02:25:00,6912.5,6916.75,6912.25,6915.5,952
2026-02-05 02:30:00,6915.25,6917.0,6914.5,6916.0,833
2026-02-05 02:35:00,6916.0,6916.25,6912.0,6912.25,485
2026-02-05 02:40:00,6912.25,6912.5,6910.0,6911.75,644
2026-02-05 02:45:00,6911.25,6915.0,6911.25,6914.0,541
2026-02-05 02:50:00,6913.75,6916.5,6910.5,6915.0,973
2026-02-05 02:55:00,6915.5,6915.75,6907.25,6908.25,1045
2026-02-05 03:00:00,6908.0,6916.25,6907.75,6914.25,2385
2026-02-05 03:05:00,6914.75,6920.5,6912.75,6919.25,2203
2026-02-05 03:10:00,6919.25,6921.0,6915.25,6919.0,2112
2026-02-05 03:15:00,6919.25,6923.75,6918.75,6922.75,1475
2026-02-05 03:20:00,6922.75,6923.0,6917.5,6918.0,1303
2026-02-05 03:25:00,6918.25,6922.0,6914.5,6918.0,2266
2026-02-05 03:30:00,6917.5,6922.25,6916.0,6916.25,1982
2026-02-05 03:35:00,6916.0,6916.0,6911.75,6914.75,1786
2026-02-05 03:40:00,6914.75,6919.5,6914.25,6916.5,1833
2026-02-05 03:45:00,6916.0,6916.0,6911.5,6913.0,1433
2026-02-05 03:50:00,6912.75,6912.75,6901.5,6903.0,3096
2026-02-05 03:55:00,6903.0,6907.5,6900.75,6901.0,2993
2026-02-05 04:00:00,6901.25,6907.75,6899.25,6901.0,2520
2026-02-05 04:05:00,6900.75,6902.25,6896.25,6899.5,2564
2026-02-05 04:10:00,6900.5,6901.5,6895.5,6899.25,1332
2026-02-05 04:15:00,6899.0,6901.0,6895.5,6899.25,1792
2026-02-05 04:20:00,6899.5,6907.25,6899.5,6906.5,1973
2026-02-05 04:25:00,6906.5,6913.75,6906.5,6913.25,2017
2026-02-05 04:30:00,6913.25,6918.5,6912.5,6915.25,1848
2026-02-05 04:35:00,6915.5,6916.0,6907.75,6908.75,1277
2026-02-05 04:40:00,6909.0,6910.0,6905.25,6905.5,1116
2026-02-05 04:45:00,6905.75,6906.75,6900.75,6903.0,1166
2026-02-05 04:50:00,6903.0,6908.25,6902.75,6907.0,1383
2026-02-05 04:55:00,6907.25,6909.75,6905.0,6905.25,1018
2026-02-05 05:00:00,6905.5,6908.75,6904.25,6906.25,1104
2026-02-05 05:05:00,6906.0,6906.75,6903.25,6906.25,1052
2026-02-05 05:10:00,6906.5,6915.75,6906.5,6915.75,1564
2026-02-05 05:15:00,6915.5,6917.25,6913.25,6915.0,1364
2026-02-05 05:20:00,6915.25,6917.75,6913.5,6916.25,1027
2026-02-05 05:25:00,6916.25,6918.25,6916.0,6917.25,1370
2026-02-05 05:30:00,6917.5,6918.0,6910.5,6911.25,1585
2026-02-05 05:35:00,6911.25,6911.5,6904.5,6905.25,1458
2026-02-05 05:40:00,6905.5,6911.25,6904.25,6906.25,864
2026-02-05 05:45:00,6906.5,6910.5,6906.0,6909.25,787
2026-02-05 05:50:00,6909.25,6910.75,6906.0,6906.5,519
2026-02-05 05:55:00,6906.5,6908.5,6905.75,6908.0,711
2026-02-05 06:00:00,6908.0,6908.75,6904.75,6905.5,1028
2026-02-05 06:05:00,6905.75,6910.25,6904.75,6910.25,757
2026-02-05 06:10:00,6910.0,6910.75,6907.5,6909.5,1110
2026-02-05 06:15:00,6909.75,6913.0,6909.5,6910.5,1154
2026-02-05 06:20:00,6910.5,6916.5,6910.0,6913.25,1075
2026-02-05 06:25:00,6913.25,6914.75,6909.25,6909.25,1159
2026-02-05 06:30:00,6909.25,6911.0,6904.5,6906.5,2052
2026-02-05 06:35:00,6906.5,6911.5,6906.25,6909.75,1030
2026-02-05 06:40:00,6909.75,6913.0,6907.25,6910.75,1126
2026-02-05 06:45:00,6910.75,6914.0,6909.0,6912.5,1804
2026-02-05 06:50:00,6912.75,6914.25,6910.75,6912.75,1115
2026-02-05 06:55:00,6912.75,6915.5,6912.5,6915.0,1523
2026-02-05 07:00:00,6914.75,6919.75,6910.0,6918.75,2993
2026-02-05 07:05:00,6918.75,6920.75,6914.5,6915.5,2116
2026-02-05 07:10:00,6915.25,6918.0,6913.0,6917.75,1165
2026-02-05 07:15:00,6917.75,6919.25,6906.25,6906.5,2470
2026-02-05 07:20:00,6906.5,6906.5,6885.75,6886.0,6954
2026-02-05 07:25:00,6886.5,6892.75,6882.0,6887.0,5281
2026-02-05 07:30:00,6886.75,6890.0,6874.5,6876.25,7778
2026-02-05 07:35:00,6876.25,6879.75,6868.75,6875.0,7272
2026-02-05 07:40:00,6875.0,6876.25,6860.75,6868.25,8488
2026-02-05 07:45:00,6868.25,6871.5,6856.25,6859.25,10636
2026-02-05 07:50:00,6859.25,6870.75,6859.25,6868.25,6378
2026-02-05 07:55:00,6868.0,6872.25,6861.25,6870.5,5470
2026-02-05 08:00:00,6870.25,6873.75,6863.5,6865.5,5212
2026-02-05 08:05:00,6865.25,6876.5,6863.5,6876.25,4495
2026-02-05 08:10:00,6876.25,6877.25,6867.5,6868.5,3542
2026-02-05 08:15:00,6869.0,6873.75,6865.75,6866.25,3833
2026-02-05 08:20:00,6866.0,6872.25,6865.75,6870.0,2667
2026-02-05 08:25:00,6869.75,6870.5,6863.5,6868.0,3005
2026-02-05 08:30:00,6868.0,6876.75,6860.5,6874.0,7897
2026-02-05 08:35:00,6874.0,6880.5,6868.25,6868.5,4434
2026-02-05 08:40:00,6868.75,6871.25,6865.75,6866.5,2968
2026-02-05 08:45:00,6866.5,6868.0,6861.25,6862.75,3522
2026-02-05 08:50:00,6862.75,6866.0,6855.25,6862.5,6317
2026-02-05 08:55:00,6862.75,6864.25,6856.75,6857.25,3396
2026-02-05 09:00:00,6857.25,6868.75,6850.0,6864.75,12744
2026-02-05 09:05:00,6864.75,6866.75,6859.25,6860.0,4589
2026-02-05 09:10:00,6860.0,6861.75,6855.5,6856.0,4753
2026-02-05 09:15:00,6856.0,6858.5,6848.75,6851.5,6997
2026-02-05 09:20:00,6851.25,6855.75,6847.0,6853.75,7698
2026-02-05 09:25:00,6853.75,6856.5,6849.25,6853.5,11655
2026-02-05 09:30:00,6853.5,6853.5,6831.5,6852.0,67072
2026-02-05 09:35:00,6852.0,6870.75,6844.75,6869.0,48116
2026-02-05 09:40:00,6869.25,6877.75,6857.0,6873.75,48239
2026-02-05 09:45:00,6873.75,6877.0,6865.25,6873.75,32094
2026-02-05 09:50:00,6873.5,6881.25,6858.25,6862.5,31914
2026-02-05 09:55:00,6862.5,6866.75,6846.75,6850.0,35453
2026-02-05 10:00:00,6850.25,6858.5,6833.25,6837.5,45222
2026-02-05 10:05:00,6837.5,6839.25,6827.0,6832.5,39123
2026-02-05 10:10:00,6832.25,6835.75,6811.25,6812.25,41802
2026-02-05 10:15:00,6812.25,6829.25,6810.5,6825.0,44226
2026-02-05 10:20:00,6824.75,6827.5,6812.5,6816.0,32229
2026-02-05 10:25:00,6816.0,6826.0,6805.0,6810.0,36837
2026-02-05 10:30:00,6810.0,6818.0,6802.75,6804.75,34719
2026-02-05 10:35:00,6804.75,6823.0,6803.5,6821.25,35645
2026-02-05 10:40:00,6821.0,6828.75,6814.5,6822.75,34060
2026-02-05 10:45:00,6822.5,6826.25,6805.0,6807.5,25295
2026-02-05 10:50:00,6807.5,6821.5,6807.5,6811.0,30935
2026-02-05 10:55:00,6811.0,6817.25,6804.25,6817.25,20690
2026-02-05 11:00:00,6817.0,6820.25,6808.25,6808.75,23603
2026-02-05 11:05:00,6808.75,6812.0,6802.75,6803.5,14653
2026-02-05 11:10:00,6803.25,6814.5,6801.5,6802.25,16591
2026-02-05 11:15:00,6802.25,6827.25,6802.25,6825.25,22715
2026-02-05 11:20:00,6825.0,6836.5,6824.25,6834.75,26878
2026-02-05 11:25:00,6834.75,6842.0,6831.0,6840.5,24733
2026-02-05 11:30:00,6840.5,6848.75,6838.25,6847.25,30031
2026-02-05 11:35:00,6847.5,6851.5,6843.0,6844.5,19354
2026-02-05 11:40:00,6844.5,6850.25,6840.0,6843.5,19342
2026-02-05 11:45:00,6843.5,6844.5,6833.25,6844.0,17311
2026-02-05 11:50:00,6844.25,6857.0,6844.0,6854.0,24930
2026-02-05 11:55:00,6854.25,6859.5,6847.5,6856.0,19562
2026-02-05 12:00:00,6856.0,6857.5,6839.25,6843.25,18349
2026-02-05 12:05:00,6843.25,6849.0,6841.0,6843.0,12386
2026-02-05 12:10:00,6843.0,6846.5,6836.5,6843.75,13667
2026-02-05 12:15:00,6844.0,6846.0,6839.75,6841.25,9917
2026-02-05 12:20:00,6841.25,6854.75,6833.5,6854.75,15217
2026-02-05 12:25:00,6854.75,6863.5,6854.75,6859.0,16904
2026-02-05 12:30:00,6859.0,6863.0,6851.75,6852.75,15197
2026-02-05 12:35:00,6852.5,6860.75,6851.0,6858.25,10215
2026-02-05 12:40:00,6858.0,6866.75,6856.5,6861.25,13111
2026-02-05 12:45:00,6861.25,6870.25,6853.25,6854.5,16047
2026-02-05 12:50:00,6854.75,6861.0,6849.25,6852.5,15132
2026-02-05 12:55:00,6852.75,6854.0,6845.5,6848.5,9560
2026-02-05 13:00:00,6848.5,6857.0,6847.5,6850.5,14642
2026-02-05 13:05:00,6850.25,6850.25,6844.75,6847.0,10785
2026-02-05 13:10:00,6846.5,6849.75,6841.5,6845.5,10866
2026-02-05 13:15:00,6845.5,6848.0,6840.0,6841.75,8512
2026-02-05 13:20:00,6841.5,6843.25,6832.5,6835.5,10863
2026-02-05 13:25:00,6835.75,6839.75,6833.0,6835.5,10083
2026-02-05 13:30:00,6835.25,6844.0,6834.5,6838.25,9226
2026-02-05 13:35:00,6838.0,6838.5,6831.5,6833.5,6500
2026-02-05 13:40:00,6833.5,6837.0,6828.5,6834.0,9462
2026-02-05 13:45:00,6833.75,6836.5,6827.5,6829.0,8154
2026-02-05 13:50:00,6829.0,6829.0,6821.25,6823.75,9602
2026-02-05 13:55:00,6824.0,6830.0,6820.5,6826.75,10760
2026-02-05 14:00:00,6826.75,6837.5,6823.75,6833.5,12923
2026-02-05 14:05:00,6833.25,6840.75,6832.5,6839.75,9999
2026-02-05 14:10:00,6839.75,6852.75,6839.25,6849.75,13889
2026-02-05 14:15:00,6849.75,6855.5,6848.25,6855.5,10332
2026-02-05 14:20:00,6855.75,6859.0,6853.75,6856.25,10080
2026-02-05 14:25:00,6856.25,6856.5,6845.0,6846.5,11797
2026-02-05 14:30:00,6846.5,6846.75,6829.25,6838.25,16362
2026-02-05 14:35:00,6838.25,6840.75,6833.0,6834.0,9492
2026-02-05 14:40:00,6834.25,6836.5,6830.0,6832.25,8844
2026-02-05 14:45:00,6832.25,6836.0,6829.75,6831.75,6450
2026-02-05 14:50:00,6832.0,6835.5,6827.5,6831.5,8583
2026-02-05 14:55:00,6831.75,6835.25,6830.0,6834.5,8718
2026-02-05 15:00:00,6834.5,6839.75,6830.5,6838.25,11344
2026-02-05 15:05:00,6838.25,6851.75,6836.0,6850.25,12405
2026-02-05 15:10:00,6850.0,6852.75,6841.0,6842.25,13259
2026-02-05 15:15:00,6842.25,6843.0,6829.75,6831.25,13347
2026-02-05 15:20:00,6831.0,6832.5,6821.25,6823.25,15371
2026-02-05 15:25:00,6823.25,6824.5,6820.0,6821.75,14749
2026-02-05 15:30:00,6821.5,6825.5,6815.75,6816.5,15614
2026-02-05 15:35:00,6816.75,6821.0,6814.25,6820.75,11528
2026-02-05 15:40:00,6821.0,6827.25,6812.5,6815.0,16707
2026-02-05 15:45:00,6815.0,6816.75,6808.75,6813.25,17108
2026-02-05 15:50:00,6813.5,6818.5,6805.5,6814.5,22238
2026-02-05 15:55:00,6814.75,6824.5,6813.25,6818.0,70296
2026-02-05 16:00:00,6817.75,6829.0,6804.75,6806.0,38169
2026-02-05 16:05:00,6806.25,6811.5,6800.0,6810.0,14869
2026-02-05 16:10:00,6810.0,6820.25,6809.75,6815.75,9598
2026-02-05 16:15:00,6815.5,6817.0,6801.0,6802.5,6640
2026-02-05 16:20:00,6802.75,6806.25,6800.25,6803.5,5603
2026-02-05 16:25:00,6803.5,6809.25,6803.25,6805.25,3724
2026-02-05 16:30:00,6805.5,6805.75,6791.75,6792.25,3674
2026-02-05 16:35:00,6792.5,6796.5,6788.5,6789.5,4808
2026-02-05 16:40:00,6789.5,6791.5,6786.0,6789.5,4222
2026-02-05 16:45:00,6789.75,6793.5,6785.25,6785.5,3450
2026-02-05 16:50:00,6785.75,6790.5,6785.5,6790.0,3709
2026-02-05 16:55:00,6790.25,6791.75,6785.0,6788.75,3602
2026-02-05 18:00:00,6785.5,6793.0,6781.0,6792.75,0
2026-02-05 18:05:00,6792.75,6794.5,6788.25,6790.25,1577
2026-02-05 18:10:00,6790.25,6790.75,6784.5,6788.5,1379
2026-02-05 18:15:00,6788.75,6790.75,6782.25,6782.75,1399
2026-02-05 18:20:00,6782.75,6782.75,6774.0,6777.0,2572
2026-02-05 18:25:00,6777.25,6787.5,6777.25,6787.25,1477
2026-02-05 18:30:00,6787.0,6789.25,6780.25,6780.5,1604
2026-02-05 18:35:00,6780.75,6781.5,6773.25,6775.75,1845
2026-02-05 18:40:00,6775.5,6777.75,6773.25,6774.25,1442
2026-02-05 18:45:00,6774.25,6775.0,6767.75,6772.75,2996
2026-02-05 18:50:00,6772.5,6774.0,6765.25,6766.25,2206
2026-02-05 18:55:00,6766.0,6772.75,6763.75,6771.25,1654
2026-02-05 19:00:00,6771.25,6772.25,6760.0,6761.0,3102
2026-02-05 19:05:00,6760.75,6764.5,6756.25,6758.25,3001
2026-02-05 19:10:00,6758.5,6763.0,6756.25,6757.75,2174
2026-02-05 19:15:00,6757.5,6766.25,6751.5,6764.25,3311
2026-02-05 19:20:00,6764.25,6775.0,6763.0,6773.75,3537
2026-02-05 19:25:00,6773.5,6778.0,6772.5,6775.25,3014
2026-02-05 19:30:00,6775.25,6778.75,6772.5,6777.75,1934
2026-02-05 19:35:00,6777.75,6782.25,6777.5,6778.75,1987
2026-02-05 19:40:00,6778.75,6781.25,6774.0,6777.75,1561
2026-02-05 19:45:00,6777.5,6780.75,6774.0,6775.25,1495
2026-02-05 19:50:00,6774.75,6778.0,6771.75,6776.25,1747
2026-02-05 19:55:00,6776.0,6784.25,6776.0,6782.5,1616
2026-02-05 20:00:00,6782.5,6788.25,6782.5,6786.25,2571
2026-02-05 20:05:00,6786.25,6789.5,6783.5,6784.75,1774
2026-02-05 20:10:00,6784.25,6784.5,6777.5,6777.5,1839
2026-02-05 20:15:00,6778.0,6780.5,6770.25,6770.75,2495
2026-02-05 20:20:00,6770.75,6776.0,6768.75,6774.25,1742
2026-02-05 20:25:00,6774.5,6776.25,6770.5,6774.25,1400
2026-02-05 20:30:00,6774.25,6783.25,6774.25,6782.0,1601
2026-02-05 20:35:00,6781.75,6789.0,6781.5,6788.75,1472
2026-02-05 20:40:00,6789.0,6795.25,6788.5,6795.0,2592
2026-02-05 20:45:00,6795.0,6799.75,6792.0,6797.75,2705
2026-02-05 20:50:00,6797.5,6802.25,6796.75,6801.25,2061
2026-02-05 20:55:00,6801.25,6804.75,6800.5,6803.25,1350
2026-02-05 21:00:00,6803.5,6810.0,6802.75,6809.25,2510
2026-02-05 21:05:00,6809.5,6810.25,6804.5,6808.75,2420
2026-02-05 21:10:00,6808.75,6809.5,6805.25,6807.5,1254
2026-02-05 21:15:00,6807.25,6810.75,6803.25,6807.25,1876
2026-02-05 21:20:00,6807.5,6807.75,6802.0,6805.75,1627
2026-02-05 21:25:00,6805.5,6809.0,6804.0,6808.75,998
2026-02-05 21:30:00,6808.5,6810.0,6803.75,6809.0,1188
2026-02-05 21:35:00,6809.0,6810.5,6805.25,6807.75,1505
2026-02-05 21:40:00,6807.5,6808.75,6804.25,6806.0,1057
2026-02-05 21:45:00,6806.0,6807.0,6798.25,6805.25,2247
2026-02-05 21:50:00,6805.75,6808.0,6803.75,6805.5,779
2026-02-05 21:55:00,6805.75,6806.75,6803.75,6804.5,430
2026-02-05 22:00:00,6804.25,6807.75,6801.75,6807.0,1159
2026-02-05 22:05:00,6807.0,6808.5,6803.0,6805.0,1226
2026-02-05 22:10:00,6805.0,6805.25,6800.5,6802.25,946
2026-02-05 22:15:00,6802.25,6803.5,6797.75,6799.25,1371
2026-02-05 22:20:00,6799.5,6802.0,6795.5,6797.75,1192
2026-02-05 22:25:00,6798.5,6801.5,6797.5,6799.75,899
2026-02-05 22:30:00,6800.0,6805.25,6799.0,6803.0,1420
2026-02-05 22:35:00,6803.0,6805.75,6796.5,6796.75,2101
2026-02-05 22:40:00,6796.75,6797.25,6790.0,6791.75,1494
2026-02-05 22:45:00,6791.75,6796.5,6791.5,6796.0,926
2026-02-05 22:50:00,6796.0,6802.0,6795.75,6801.25,876
2026-02-05 22:55:00,6801.25,6802.25,6799.75,6801.25,521
2026-02-05 23:00:00,6801.25,6801.25,6796.75,6797.25,777
2026-02-05 23:05:00,6797.0,6799.75,6794.75,6795.25,790
2026-02-05 23:10:00,6795.25,6799.25,6795.0,6797.5,676
2026-02-05 23:15:00,6797.5,6799.0,6795.5,6797.0,523
2026-02-05 23:20:00,6797.0,6797.25,6793.5,6794.75,672
2026-02-05 23:25:00,6794.75,6796.5,6793.75,6794.25,577
2026-02-05 23:30:00,6794.75,6795.25,6788.75,6792.0,1342
2026-02-05 23:35:00,6791.75,6792.25,6785.75,6786.5,1613
2026-02-05 23:40:00,6786.75,6789.0,6784.75,6788.5,902
2026-02-05 23:45:00,6788.75,6790.5,6786.5,6787.5,755
2026-02-05 23:50:00,6787.5,6788.5,6783.75,6784.25,1001
2026-02-05 23:55:00,6784.25,6786.5,6782.25,6786.0,839
2026-02-06 00:05:00,6784.5,6784.75,6783.75,6784.5,1725
2026-02-06 00:10:00,6784.5,6789.0,6782.25,6789.0,878
2026-02-06 00:15:00,6788.75,6790.75,6786.5,6786.75,664
2026-02-06 00:20:00,6787.0,6792.0,6786.5,6790.25,1083
2026-02-06 00:25:00,6790.5,6793.0,6788.75,6792.75,799
2026-02-06 00:30:00,6792.75,6801.5,6792.25,6801.0,1934
2026-02-06 00:35:00,6801.0,6805.75,6801.0,6804.75,1066
2026-02-06 00:40:00,6805.0,6807.25,6804.0,6806.5,740
2026-02-06 00:45:00,6806.5,6806.5,6804.0,6805.0,466
2026-02-06 00:50:00,6805.5,6813.0,6805.5,6813.0,1404
2026-02-06 00:55:00,6813.25,6813.5,6810.0,6810.25,834
2026-02-06 01:00:00,6810.25,6815.75,6809.5,6812.0,1086
2026-02-06 01:05:00,6812.0,6815.25,6810.25,6812.0,1036
2026-02-06 01:10:00,6811.75,6814.75,6811.0,6812.75,616
2026-02-06 01:15:00,6812.75,6813.75,6810.25,6812.0,717
2026-02-06 01:20:00,6812.0,6815.5,6811.25,6813.25,518
2026-02-06 01:25:00,6813.5,6814.5,6809.5,6813.25,955
2026-02-06 01:30:00,6813.0,6816.25,6810.25,6811.0,849
2026-02-06 01:35:00,6810.75,6811.75,6806.75,6806.75,791
2026-02-06 01:40:00,6806.75,6807.75,6805.25,6807.0,631
2026-02-06 01:45:00,6807.0,6807.75,6804.0,6807.0,549
2026-02-06 01:50:00,6807.0,6807.5,6803.75,6806.5,676
2026-02-06 01:55:00,6806.5,6807.25,6803.75,6805.25,583
2026-02-06 02:00:00,6805.0,6805.75,6799.0,6800.25,1247
2026-02-06 02:05:00,6800.25,6804.25,6799.75,6801.0,959
2026-02-06 02:10:00,6801.0,6801.5,6797.5,6801.25,772
2026-02-06 02:15:00,6801.5,6804.25,6800.25,6801.25,579
2026-02-06 02:20:00,6801.5,6808.5,6801.25,6804.0,1230
2026-02-06 02:25:00,6804.0,6811.0,6804.0,6809.75,1031
2026-02-06 02:30:00,6809.75,6811.25,6808.5,6811.25,799
2026-02-06 02:35:00,6811.0,6811.25,6806.5,6808.25,1141
2026-02-06 02:40:00,6808.25,6808.5,6805.5,6806.25,534
2026-02-06 02:45:00,6805.5,6808.0,6805.5,6806.25,187
2026-02-06 02:50:00,6805.5,6807.75,6805.25,6806.75,1493
2026-02-06 02:55:00,6806.5,6809.5,6806.5,6809.5,1007
2026-02-06 03:00:00,6809.5,6810.25,6796.75,6802.5,3201
2026-02-06 03:05:00,6802.75,6809.5,6802.5,6809.25,1946
2026-02-06 03:10:00,6809.5,6816.5,6808.5,6813.5,2453
2026-02-06 03:15:00,6813.25,6817.75,6808.5,6809.5,2469
2026-02-06 03:20:00,6809.25,6815.25,6809.0,6812.5,1130
2026-02-06 03:25:00,6812.25,6815.5,6807.75,6807.75,1917
2026-02-06 03:30:00,6807.75,6811.5,6806.5,6807.25,2011
2026-02-06 03:35:00,6807.25,6812.25,6807.0,6811.0,1910
2026-02-06 03:40:00,6810.25,6817.5,6805.25,6812.75,3449
2026-02-06 03:45:00,6812.75,6813.25,6805.75,6812.75,1473
2026-02-06 03:50:00,6813.0,6820.75,6812.5,6815.75,2080
2026-02-06 03:55:00,6816.0,6819.0,6815.25,6816.25,1069
2026-02-06 04:00:00,6816.25,6817.5,6812.25,6813.5,1862
2026-02-06 04:05:00,6813.5,6823.75,6811.5,6822.5,2984
2026-02-06 04:10:00,6822.25,6831.5,6821.0,6830.75,3175
2026-02-06 04:15:00,6830.75,6832.25,6824.0,6828.75,4532
2026-02-06 04:20:00,6829.0,6836.25,6826.25,6834.5,6105
2026-02-06 04:25:00,6834.5,6839.0,6833.25,6838.0,2764
2026-02-06 04:30:00,6837.75,6847.5,6837.75,6845.75,5189
2026-02-06 04:35:00,6845.75,6848.75,6844.0,6848.0,4018
2026-02-06 04:40:00,6848.0,6848.75,6844.75,6848.25,3870
2026-02-06 04:45:00,6848.0,6848.0,6841.75,6843.75,2840
2026-02-06 04:50:00,6843.5,6846.5,6843.25,6845.75,1497
2026-02-06 04:55:00,6846.0,6846.0,6841.75,6843.25,1727
2026-02-06 05:00:00,6843.0,6843.25,6838.25,6838.75,1671
2026-02-06 05:05:00,6838.75,6841.75,6837.0,6841.5,2021
2026-02-06 05:10:00,6841.25,6842.5,6838.0,6839.75,1293
2026-02-06 05:15:00,6839.75,6841.25,6838.25,6840.25,1057
2026-02-06 05:20:00,6840.25,6844.25,6837.25,6838.25,1903
2026-02-06 05:25:00,6838.25,6838.75,6835.5,6836.75,1646
2026-02-06 05:30:00,6836.75,6839.75,6835.0,6839.25,1336
2026-02-06 05:35:00,6839.25,6842.25,6839.0,6842.0,988
2026-02-06 05:40:00,6842.0,6846.25,6842.0,6843.75,1711
2026-02-06 05:45:00,6843.75,6846.25,6841.75,6845.75,928
2026-02-06 05:50:00,6845.75,6847.75,6845.0,6847.25,1202
2026-02-06 05:55:00,6847.5,6850.0,6847.25,6849.25,1610
2026-02-06 06:00:00,6849.0,6856.75,6848.5,6854.25,3561
2026-02-06 06:05:00,6854.25,6857.0,6852.25,6854.25,2042
2026-02-06 06:10:00,6854.25,6859.0,6854.25,6858.5,1777
2026-02-06 06:15:00,6858.5,6859.75,6856.5,6858.5,1617
2026-02-06 06:20:00,6858.5,6861.75,6857.5,6858.0,2228
2026-02-06 06:25:00,6857.75,6858.75,6855.5,6856.75,1440
2026-02-06 06:30:00,6856.5,6860.0,6853.25,6857.25,2598
2026-02-06 06:35:00,6857.25,6865.0,6857.0,6862.75,3380
2026-02-06 06:40:00,6862.5,6865.5,6862.25,6862.75,2480
2026-02-06 06:45:00,6862.5,6864.0,6860.75,6862.25,1624
2026-02-06 06:50:00,6862.25,6864.75,6860.0,6864.0,1989
2026-02-06 06:55:00,6864.0,6870.0,6863.75,6865.75,4150
2026-02-06 07:00:00,6865.5,6866.75,6862.5,6864.75,2933
2026-02-06 07:05:00,6865.0,6867.5,6861.5,6862.0,2550
2026-02-06 07:10:00,6861.75,6862.0,6856.0,6856.5,3236
2026-02-06 07:15:00,6856.25,6861.75,6853.25,6857.75,3020
2026-02-06 07:20:00,6857.25,6859.25,6855.5,6857.5,2111
2026-02-06 07:25:00,6857.25,6857.5,6854.25,6855.25,1830
2026-02-06 07:30:00,6855.0,6861.25,6853.5,6854.25,2321
2026-02-06 07:35:00,6854.0,6855.5,6851.5,6852.25,3301
2026-02-06 07:40:00,6852.25,6857.75,6851.25,6854.5,2324
2026-02-06 07:45:00,6854.75,6857.5,6853.5,6854.0,1725
2026-02-06 07:50:00,6853.75,6854.0,6845.5,6846.75,2449
2026-02-06 07:55:00,6847.0,6852.75,6846.75,6850.0,2151
2026-02-06 08:00:00,6850.25,6852.75,6848.5,6849.0,2182
2026-02-06 08:05:00,6848.75,6851.0,6846.75,6848.75,2165
2026-02-06 08:10:00,6848.75,6855.75,6846.75,6854.75,2348
2026-02-06 08:15:00,6854.75,6858.75,6850.25,6858.5,2386
2026-02-06 08:20:00,6858.25,6864.0,6857.75,6862.75,3618
2026-02-06 08:25:00,6863.0,6863.75,6857.25,6858.25,2132
2026-02-06 08:30:00,6858.25,6864.5,6858.0,6859.75,2860
2026-02-06 08:35:00,6859.75,6863.5,6849.5,6859.25,6025
2026-02-06 08:40:00,6859.0,6861.75,6854.5,6856.0,4087
2026-02-06 08:45:00,6855.75,6858.75,6855.25,6858.25,2342
2026-02-06 08:50:00,6858.0,6859.0,6852.25,6855.25,2439
2026-02-06 08:55:00,6855.25,6858.25,6853.25,6857.0,3405
2026-02-06 09:00:00,6856.75,6858.25,6854.0,6856.75,3022
2026-02-06 09:05:00,6856.75,6861.75,6856.0,6859.0,4215
2026-02-06 09:10:00,6858.75,6859.75,6856.0,6858.25,2679
2026-02-06 09:15:00,6858.5,6861.25,6856.0,6861.0,2695
2026-02-06 09:20:00,6861.25,6861.75,6857.5,6858.0,3059
2026-02-06 09:25:00,6857.75,6861.0,6852.75,6856.25,9965
2026-02-06 09:30:00,6856.25,6863.25,6850.25,6857.0,26017
2026-02-06 09:35:00,6883.5,6892.5,6877.0,6889.0,78653
2026-02-06 09:40:00,6888.75,6897.5,6881.25,6897.25,43007
2026-02-06 09:45:00,6897.5,6900.5,6891.5,6897.25,39931
2026-02-06 09:50:00,6897.25,6907.25,6895.0,6895.5,31591
2026-02-06 09:55:00,6895.5,6896.0,6887.5,6890.25,28938
2026-02-06 10:00:00,6890.0,6893.25,6879.0,6882.75,33748
2026-02-06 10:05:00,6882.75,6891.5,6875.75,6881.75,32890
2026-02-06 10:10:00,6881.75,6897.0,6878.5,6879.25,34000
2026-02-06 10:15:00,6879.25,6892.5,6872.75,6889.75,32095
2026-02-06 10:20:00,6890.0,6899.75,6880.75,6885.5,33754
2026-02-06 10:25:00,6885.5,6900.0,6883.0,6898.5,23479
2026-02-06 10:30:00,6898.5,6903.75,6891.0,6902.5,23134
2026-02-06 10:45:00,6908.75,6912.75,6900.25,6901.25,65286
2026-02-06 10:50:00,6901.25,6902.0,6885.5,6887.0,27248
2026-02-06 10:55:00,6887.0,6899.25,6885.25,6898.25,10481
2026-02-06 11:00:00,6908.75,6908.75,6907.25,6908.5,33410
2026-02-06 11:05:00,6912.5,6913.5,6912.5,6913.0,25509
2026-02-06 11:10:00,6913.5,6916.0,6911.0,6915.75,14706
2026-02-06 11:15:00,6915.75,6917.25,6910.0,6913.0,15030
2026-02-06 11:20:00,6913.0,6919.25,6912.0,6914.75,15698
2026-02-06 11:25:00,6914.75,6915.25,6907.75,6913.0,16538
2026-02-06 11:30:00,6913.25,6919.0,6912.25,6919.0,13110
2026-02-06 11:35:00,6919.0,6922.25,6917.0,6919.5,15696
2026-02-06 11:40:00,6919.5,6922.25,6916.0,6919.25,11542
2026-02-06 11:45:00,6919.25,6921.5,6917.25,6920.25,8767
2026-02-06 11:50:00,6920.25,6922.25,6918.75,6920.0,8136
2026-02-06 11:55:00,6919.75,6920.0,6911.0,6916.5,13556
2026-02-06 12:00:00,6916.5,6920.25,6913.5,6920.25,12730
2026-02-06 12:05:00,6920.25,6926.25,6920.0,6923.5,11797
2026-02-06 12:10:00,6923.75,6926.25,6919.0,6921.5,11773
2026-02-06 12:15:00,6921.5,6924.75,6918.0,6922.5,9444
2026-02-06 12:20:00,6922.5,6922.75,6919.5,6922.0,7596
2026-02-06 12:25:00,6922.0,6927.25,6921.5,6927.0,8513
2026-02-06 12:30:00,6927.0,6931.0,6926.75,6929.0,12261
2026-02-06 12:35:00,6928.75,6929.0,6920.5,6922.25,11383
2026-02-06 12:40:00,6922.25,6927.25,6921.75,6927.0,6558
2026-02-06 12:45:00,6927.25,6932.25,6927.25,6931.0,10739
2026-02-06 12:50:00,6931.25,6937.5,6929.5,6932.75,14978
2026-02-06 12:55:00,6932.75,6934.25,6931.5,6933.25,6353
2026-02-06 13:00:00,6933.0,6935.5,6932.75,6934.75,3127
2026-02-06 13:05:00,6937.0,6937.25,6931.25,6933.0,15176
2026-02-06 13:10:00,6933.25,6935.5,6931.75,6932.5,6771
2026-02-06 13:15:00,6932.5,6934.25,6928.25,6933.75,7603
2026-02-06 13:20:00,6933.75,6936.75,6930.75,6931.25,8314
2026-02-06 13:25:00,6931.0,6932.0,6928.0,6931.75,7590
2026-02-06 13:30:00,6931.75,6934.5,6931.0,6931.75,7423
2026-02-06 13:35:00,6931.75,6936.25,6931.5,6935.25,5392
2026-02-06 13:40:00,6935.25,6936.75,6934.0,6935.25,5182
2026-02-06 13:45:00,6935.25,6937.75,6935.0,6937.5,6122
2026-02-06 13:50:00,6937.25,6938.75,6935.5,6935.75,7196
2026-02-06 13:55:00,6935.75,6936.5,6931.5,6932.25,6874
2026-02-06 14:00:00,6932.5,6936.0,6931.5,6935.75,7374
2026-02-06 14:05:00,6935.75,6936.5,6933.25,6934.25,5555
2026-02-06 14:10:00,6934.5,6935.5,6931.0,6931.25,5116
2026-02-06 14:15:00,6931.0,6933.0,6929.5,6931.25,6785
2026-02-06 14:20:00,6931.0,6937.5,6930.75,6936.25,6718
2026-02-06 14:25:00,6936.5,6937.25,6934.75,6937.25,5792
2026-02-06 14:30:00,6937.25,6938.0,6934.0,6934.5,8299
2026-02-06 14:35:00,6934.25,6936.0,6933.5,6934.5,5110
2026-02-06 14:40:00,6934.25,6934.25,6931.25,6932.0,8706
2026-02-06 14:45:00,6932.0,6940.0,6932.0,6938.75,9049
2026-02-06 14:50:00,6938.5,6939.75,6936.25,6937.75,7128
2026-02-06 14:55:00,6937.75,6938.0,6935.0,6935.5,6961
2026-02-06 15:00:00,6935.5,6938.75,6933.0,6937.25,8531
2026-02-06 15:05:00,6937.5,6940.25,6936.75,6938.0,6578
2026-02-06 15:10:00,6938.0,6938.25,6936.25,6936.75,4977
2026-02-06 15:15:00,6936.75,6940.0,6936.5,6939.5,6310
2026-02-06 15:20:00,6939.5,6943.5,6939.25,6942.0,13143
2026-02-06 15:25:00,6942.0,6943.0,6939.0,6939.5,8719
2026-02-06 15:30:00,6939.5,6942.75,6937.75,6940.75,11399
2026-02-06 15:35:00,6940.75,6942.5,6939.0,6942.25,7691
2026-02-06 15:40:00,6942.25,6949.75,6942.0,6949.75,17173
2026-02-06 15:45:00,6949.75,6953.75,6949.25,6952.5,18552
2026-02-06 15:50:00,6952.25,6965.5,6951.0,6962.5,47278
2026-02-06 15:55:00,6962.5,6963.0,6947.75,6949.0,99562
2026-02-06 16:00:00,6949.0,6952.25,6943.75,6948.25,35291
2026-02-06 16:05:00,6948.0,6950.25,6945.75,6946.0,6588
2026-02-06 16:10:00,6946.25,6947.75,6944.0,6946.5,6743
2026-02-06 16:15:00,6946.5,6947.25,6944.0,6945.5,3385
2026-02-06 16:20:00,6945.5,6947.0,6943.5,6944.25,2284
2026-02-06 16:35:00,6945.0,6945.0,6944.0,6944.0,4592
2026-02-06 16:40:00,6944.0,6945.75,6943.25,6945.75,1665
2026-02-06 16:45:00,6945.5,6945.5,6943.0,6943.25,1204
2026-02-06 16:50:00,6943.5,6945.25,6942.0,6944.0,1681
2026-02-06 16:55:00,6943.75,6952.75,6943.25,6952.75,2300
2026-02-08 18:10:00,6971.0,6972.75,6969.0,6971.25,1011
2026-02-08 18:15:00,6971.25,6974.75,6969.5,6972.0,1391
2026-02-08 18:20:00,6972.0,6972.75,6970.5,6972.5,606
2026-02-08 18:25:00,6972.5,6974.75,6967.5,6968.25,1130
2026-02-08 18:30:00,6968.25,6970.75,6966.0,6969.0,1407
2026-02-08 18:35:00,6969.0,6975.75,6969.0,6973.75,1970
2026-02-08 18:40:00,6973.5,6974.5,6970.75,6974.0,670
2026-02-08 18:45:00,6974.25,6977.0,6973.25,6976.0,1917
2026-02-08 18:50:00,6976.5,6978.0,6974.25,6974.75,773
2026-02-08 18:55:00,6974.5,6976.0,6970.75,6973.0,903
2026-02-08 19:00:00,6972.75,6979.5,6971.75,6979.25,2336
2026-02-08 19:05:00,6979.25,6979.75,6976.5,6979.0,1261
2026-02-08 19:10:00,6979.0,6979.25,6973.25,6977.0,1440
2026-02-08 19:15:00,6977.25,6977.5,6971.25,6974.75,1432
2026-02-08 19:20:00,6974.75,6979.25,6974.75,6976.25,1088
2026-02-08 19:25:00,6976.0,6976.75,6971.0,6971.25,1054
2026-02-08 19:30:00,6971.5,6977.25,6969.5,6976.25,1305
2026-02-08 19:35:00,6976.5,6976.75,6973.0,6973.5,666
2026-02-08 19:40:00,6973.25,6974.25,6971.75,6972.5,632
2026-02-08 19:45:00,6972.25,6973.0,6968.0,6969.75,927
2026-02-08 19:50:00,6969.5,6971.0,6968.0,6968.5,787
2026-02-08 19:55:00,6968.5,6971.75,6968.0,6969.75,726
2026-02-08 20:00:00,6969.75,6970.0,6966.5,6967.0,988
2026-02-08 20:05:00,6967.0,6968.75,6964.5,6968.5,1557
2026-02-08 20:10:00,6968.25,6968.75,6965.25,6965.75,834
2026-02-08 20:15:00,6966.0,6967.75,6964.25,6967.75,835
2026-02-08 20:20:00,6967.25,6968.75,6965.75,6967.5,963
2026-02-08 20:25:00,6967.5,6968.25,6964.75,6964.75,552
2026-02-08 20:30:00,6964.75,6968.25,6964.75,6967.0,710
2026-02-08 20:35:00,6966.5,6967.5,6961.75,6962.0,1421
2026-02-08 20:40:00,6962.0,6964.75,6962.0,6963.25,597
2026-02-08 20:45:00,6963.5,6964.25,6959.25,6962.5,1396
2026-02-08 20:50:00,6962.5,6963.0,6959.0,6961.25,1105
2026-02-08 20:55:00,6961.25,6962.5,6958.0,6961.5,983
2026-02-08 21:00:00,6961.25,6962.0,6958.25,6961.75,965
2026-02-08 21:05:00,6961.75,6966.5,6960.25,6965.75,1212
2026-02-08 21:10:00,6965.5,6967.25,6962.25,6962.5,839
2026-02-08 21:15:00,6962.5,6962.75,6961.0,6961.5,440
2026-02-08 21:20:00,6961.5,6964.5,6961.0,6961.75,721
2026-02-08 21:25:00,6961.75,6962.5,6958.0,6960.5,1099
2026-02-08 21:30:00,6960.5,6965.0,6960.5,6964.25,477
2026-02-08 21:35:00,6964.5,6966.75,6964.25,6965.5,554
2026-02-08 21:40:00,6965.25,6967.5,6964.75,6966.5,847
2026-02-08 21:45:00,6966.75,6967.25,6965.25,6966.75,304
2026-02-08 21:50:00,6966.75,6966.75,6964.5,6965.0,319
2026-02-08 21:55:00,6965.25,6967.0,6960.75,6961.75,725
2026-02-08 22:00:00,6962.0,6964.0,6961.5,6961.5,421
2026-02-08 22:05:00,6961.5,6962.75,6960.5,6961.5,279
2026-02-08 22:10:00,6961.5,6961.75,6959.5,6960.75,508
2026-02-08 22:15:00,6960.75,6962.5,6958.75,6959.5,563
2026-02-08 22:20:00,6959.75,6962.0,6959.25,6961.25,340
2026-02-08 22:25:00,6961.0,6962.0,6958.75,6959.0,385
2026-02-08 22:30:00,6959.0,6961.5,6957.5,6961.0,724
2026-02-08 22:35:00,6961.25,6961.25,6956.75,6958.5,747
2026-02-08 22:40:00,6958.5,6961.0,6957.75,6960.25,744
2026-02-08 22:45:00,6960.5,6961.0,6957.75,6960.0,589
2026-02-08 22:50:00,6959.75,6962.0,6959.75,6960.25,494
2026-02-08 22:55:00,6960.25,6960.5,6957.0,6957.25,605
2026-02-08 23:00:00,6957.25,6962.5,6957.0,6962.25,696
2026-02-08 23:05:00,6962.0,6962.75,6961.25,6962.5,468
2026-02-08 23:10:00,6962.5,6962.75,6961.5,6961.75,266
2026-02-08 23:15:00,6961.75,6962.25,6960.75,6962.0,410
2026-02-08 23:20:00,6962.0,6962.0,6959.75,6961.5,548
2026-02-08 23:25:00,6961.5,6962.75,6961.0,6961.5,277
2026-02-08 23:30:00,6961.5,6961.75,6958.5,6959.5,472
2026-02-08 23:35:00,6959.5,6959.75,6958.5,6959.5,468
2026-02-08 23:40:00,6959.5,6961.5,6959.25,6960.5,383
2026-02-08 23:45:00,6960.25,6961.5,6959.5,6960.75,293
2026-02-08 23:50:00,6960.75,6961.25,6957.5,6958.25,511
2026-02-08 23:55:00,6958.25,6959.75,6958.25,6958.75,346
2026-02-09 00:00:00,6958.75,6959.25,6957.75,6958.0,501
2026-02-09 00:05:00,6957.75,6958.75,6957.0,6958.5,459
2026-02-09 00:10:00,6958.25,6960.0,6957.5,6959.5,602
2026-02-09 00:15:00,6959.75,6962.5,6959.75,6961.75,504
2026-02-09 00:20:00,6961.75,6964.25,6961.5,6963.0,514
2026-02-09 00:25:00,6963.0,6963.5,6960.75,6961.25,548
2026-02-09 00:30:00,6961.5,6963.25,6960.0,6962.5,613
2026-02-09 00:35:00,6962.75,6964.25,6962.0,6962.5,518
2026-02-09 00:40:00,6962.5,6962.5,6959.5,6960.0,484
2026-02-09 00:45:00,6960.0,6961.0,6958.75,6960.75,396
2026-02-09 00:50:00,6960.5,6964.0,6960.0,6963.5,373
2026-02-09 00:55:00,6963.5,6964.0,6962.5,6963.0,339
2026-02-09 01:00:00,6963.25,6963.75,6953.5,6957.25,4367
2026-02-09 01:05:00,6957.0,6961.0,6956.75,6960.25,1323
2026-02-09 01:10:00,6960.0,6961.5,6958.0,6960.0,773
2026-02-09 01:15:00,6959.25,6959.75,6954.0,6955.0,1341
2026-02-09 01:20:00,6955.0,6956.75,6953.75,6956.0,789
2026-02-09 01:25:00,6956.25,6957.5,6954.5,6954.75,651
2026-02-09 01:30:00,6955.0,6959.0,6954.5,6957.5,804
2026-02-09 01:35:00,6957.25,6960.75,6957.0,6960.25,533
2026-02-09 01:40:00,6960.5,6960.5,6957.75,6958.0,423
2026-02-09 01:45:00,6957.75,6960.0,6956.0,6958.5,786
2026-02-09 01:50:00,6958.5,6960.25,6956.75,6958.75,702
2026-02-09 01:55:00,6959.0,6959.0,6953.25,6955.0,686
2026-02-09 02:00:00,6955.0,6955.5,6953.25,6954.25,729
2026-02-09 02:05:00,6954.25,6956.5,6953.75,6954.75,460
2026-02-09 02:10:00,6955.0,6955.5,6952.25,6952.75,631
2026-02-09 02:15:00,6952.75,6955.75,6952.5,6954.5,1653
2026-02-09 02:20:00,6954.5,6955.0,6950.5,6952.25,833
2026-02-09 02:25:00,6952.25,6952.5,6949.0,6950.0,914
2026-02-09 02:30:00,6949.5,6950.0,6947.0,6947.5,1078
2026-02-09 02:35:00,6947.5,6949.25,6947.5,6949.25,439
2026-02-09 02:40:00,6949.0,6952.5,6949.0,6951.25,676
2026-02-09 02:45:00,6951.25,6954.0,6951.25,6953.75,548
2026-02-09 02:50:00,6954.0,6957.0,6953.75,6954.75,861
2026-02-09 02:55:00,6954.75,6954.75,6952.25,6953.25,936
2026-02-09 03:00:00,6953.5,6959.5,6952.25,6958.5,1903
2026-02-09 03:05:00,6958.25,6968.0,6957.5,6961.75,2839
2026-02-09 03:10:00,6961.75,6965.5,6961.5,6964.0,1469
2026-02-09 03:15:00,6963.5,6964.5,6959.75,6963.0,1600
2026-02-09 03:20:00,6962.75,6963.5,6958.5,6959.25,848
2026-02-09 03:25:00,6959.25,6962.25,6958.25,6959.0,1217
2026-02-09 03:30:00,6959.0,6959.25,6953.0,6956.25,1441
2026-02-09 03:35:00,6956.25,6960.5,6956.0,6959.5,1007
2026-02-09 03:40:00,6959.5,6960.5,6957.75,6958.0,965
2026-02-09 03:45:00,6958.0,6960.5,6956.75,6959.0,742
2026-02-09 03:50:00,6959.0,6959.75,6957.5,6958.75,568
2026-02-09 03:55:00,6958.75,6959.25,6955.75,6956.25,634
2026-02-09 04:00:00,6956.25,6959.75,6955.25,6958.25,1363
2026-02-09 04:05:00,6958.25,6960.0,6957.25,6958.5,965
2026-02-09 04:10:00,6958.25,6958.5,6954.75,6955.25,575
2026-02-09 04:15:00,6955.5,6957.5,6954.75,6957.25,759
2026-02-09 04:20:00,6957.5,6958.25,6954.75,6955.25,941
2026-02-09 04:25:00,6955.0,6958.0,6953.5,6955.75,767
2026-02-09 04:30:00,6955.75,6957.0,6953.0,6954.0,589
2026-02-09 04:35:00,6954.0,6954.5,6950.0,6950.75,1155
2026-02-09 04:40:00,6951.0,6951.75,6948.75,6951.75,1797
2026-02-09 04:45:00,6951.75,6953.0,6948.5,6949.0,997
2026-02-09 04:50:00,6948.75,6950.25,6947.25,6947.75,1342
2026-02-09 04:55:00,6947.75,6947.75,6941.25,6943.75,2352
2026-02-09 05:00:00,6944.0,6944.75,6938.75,6939.0,1299
2026-02-09 05:05:00,6939.0,6942.75,6937.25,6941.75,1422
2026-02-09 05:10:00,6941.75,6943.25,6939.5,6939.5,709
2026-02-09 05:15:00,6939.5,6939.75,6934.0,6935.5,1950
2026-02-09 05:20:00,6935.5,6938.75,6934.5,6934.75,1028
2026-02-09 05:25:00,6934.75,6936.25,6933.25,6933.5,1098
2026-02-09 05:30:00,6933.75,6934.0,6926.0,6927.25,3182
2026-02-09 05:35:00,6927.0,6927.5,6923.0,6924.5,3147
2026-02-09 05:40:00,6924.5,6927.0,6921.0,6924.25,1848
2026-02-09 05:45:00,6924.0,6929.25,6923.0,6929.0,1800
2026-02-09 05:50:00,6928.75,6936.75,6928.75,6934.0,2841
2026-02-09 05:55:00,6934.0,6937.25,6932.5,6935.75,1151
2026-02-09 06:00:00,6935.75,6937.25,6934.0,6935.25,1136
2026-02-09 06:05:00,6935.0,6936.25,6931.0,6936.25,1016
2026-02-09 06:10:00,6936.0,6938.25,6934.0,6934.0,852
2026-02-09 06:15:00,6933.75,6935.75,6931.25,6932.0,753
2026-02-09 06:20:00,6932.0,6934.5,6930.75,6932.5,672
2026-02-09 06:25:00,6932.5,6939.25,6932.25,6938.25,1108
2026-02-09 06:30:00,6938.25,6939.5,6934.5,6936.25,764
2026-02-09 06:35:00,6936.0,6938.0,6935.5,6936.5,488
2026-02-09 06:40:00,6936.5,6937.0,6933.75,6935.25,755
2026-02-09 06:45:00,6935.25,6936.0,6932.25,6934.75,900
2026-02-09 06:50:00,6934.5,6937.75,6934.5,6937.0,920
2026-02-09 06:55:00,6937.5,6938.25,6934.5,6934.75,1431
2026-02-09 07:00:00,6935.0,6936.5,6928.25,6932.75,2680
2026-02-09 07:05:00,6932.75,6941.25,6932.5,6940.5,1552
2026-02-09 07:10:00,6940.5,6943.0,6940.0,6942.25,1769
2026-02-09 07:15:00,6942.5,6942.5,6937.0,6941.25,1214
2026-02-09 07:20:00,6941.25,6942.75,6940.25,6941.75,894
2026-02-09 07:25:00,6941.5,6943.75,6940.75,6942.75,991
2026-02-09 07:30:00,6943.0,6943.75,6940.5,6943.0,1252
2026-02-09 07:35:00,6943.0,6945.0,6942.25,6944.5,813
2026-02-09 07:40:00,6944.5,6945.5,6939.25,6940.75,1933
2026-02-09 07:45:00,6940.5,6944.25,6939.25,6942.0,1211
2026-02-09 07:50:00,6942.0,6944.25,6941.75,6942.75,777
2026-02-09 07:55:00,6942.5,6946.0,6940.75,6946.0,1241
2026-02-09 08:00:00,6945.75,6949.25,6945.5,6948.0,1916
2026-02-09 08:05:00,6948.0,6952.5,6947.75,6952.5,3425
2026-02-09 08:10:00,6952.5,6954.25,6950.25,6951.0,1951
2026-02-09 08:15:00,6951.0,6951.0,6947.0,6947.75,1532
2026-02-09 08:20:00,6947.75,6954.0,6947.5,6952.25,2194
2026-02-09 08:25:00,6952.25,6952.5,6946.5,6947.75,2181
2026-02-09 08:30:00,6947.75,6948.25,6943.5,6943.75,2394
2026-02-09 08:35:00,6944.0,6944.5,6942.0,6943.75,2390
2026-02-09 08:40:00,6943.75,6944.5,6941.75,6943.25,1815
2026-02-09 08:45:00,6943.0,6944.5,6940.5,6942.75,1753
2026-02-09 08:50:00,6942.75,6942.75,6937.25,6937.75,3484
2026-02-09 08:55:00,6937.75,6940.0,6937.5,6938.0,1901
2026-02-09 09:00:00,6938.25,6940.75,6937.25,6937.75,2298
2026-02-09 09:05:00,6937.75,6938.25,6934.75,6936.0,2873
2026-02-09 09:10:00,6936.0,6937.0,6932.75,6936.25,4674
2026-02-09 09:15:00,6936.25,6937.5,6930.75,6931.0,3787
2026-02-09 09:20:00,6931.0,6933.5,6929.5,6933.0,3790
2026-02-09 09:25:00,6933.25,6937.5,6933.25,6935.5,6006
2026-02-09 09:30:00,6935.5,6942.75,6924.25,6939.75,45436
2026-02-09 09:35:00,6939.75,6952.5,6935.0,6952.5,36129
2026-02-09 09:40:00,6952.75,6957.0,6949.25,6953.0,26619
2026-02-09 09:45:00,6953.25,6957.5,6946.0,6953.5,27163
2026-02-09 09:50:00,6953.75,6954.0,6939.0,6945.75,21815
2026-02-09 09:55:00,6946.0,6950.0,6943.5,6945.25,17590
2026-02-09 10:00:00,6945.0,6954.0,6943.0,6953.75,18271
2026-02-09 10:05:00,6954.0,6960.75,6953.0,6957.25,18261
2026-02-09 10:10:00,6957.0,6959.5,6952.75,6959.25,15715
2026-02-09 10:15:00,6959.25,6968.0,6959.0,6968.0,16342
2026-02-09 10:20:00,6968.0,6970.75,6963.0,6964.75,17303
2026-02-09 10:25:00,6964.5,6965.5,6958.25,6960.75,15373
2026-02-09 10:30:00,6960.75,6974.25,6960.5,6974.0,16111
2026-02-09 10:35:00,6973.75,6979.0,6973.25,6975.25,16898
2026-02-09 10:40:00,6975.0,6977.5,6974.5,6976.75,10704
2026-02-09 10:45:00,6977.0,6979.5,6973.5,6979.25,11664
2026-02-09 10:50:00,6979.25,6981.5,6977.0,6979.75,10916
2026-02-09 10:55:00,6979.75,6986.0,6979.25,6983.75,11849
2026-02-09 11:00:00,6983.75,6987.75,6983.5,6987.0,12846
2026-02-09 11:05:00,6987.0,6987.25,6982.25,6983.25,9939
2026-02-09 11:10:00,6983.25,6986.0,6982.0,6984.5,9736
2026-02-09 11:15:00,6984.5,6986.25,6982.0,6982.5,8362
2026-02-09 11:20:00,6982.5,6986.5,6982.0,6986.5,7327
2026-02-09 11:25:00,6986.25,6989.25,6984.75,6988.25,8898
2026-02-09 11:30:00,6988.25,6989.25,6986.0,6987.25,7505
2026-02-09 11:35:00,6987.25,6987.25,6984.0,6987.0,7140
2026-02-09 11:40:00,6987.0,6991.75,6986.75,6991.25,9423
2026-02-09 11:45:00,6991.25,6994.75,6991.0,6993.5,10075
2026-02-09 11:50:00,6993.5,6996.75,6992.25,6995.25,8709
2026-02-09 11:55:00,6995.25,6997.5,6995.0,6995.5,6601
2026-02-09 12:00:00,6995.5,6997.75,6993.5,6996.5,6857
2026-02-09 12:05:00,6996.5,6997.0,6994.25,6995.25,6025
2026-02-09 12:10:00,6995.25,6998.0,6994.75,6996.25,6650
2026-02-09 12:15:00,6996.0,6997.5,6995.5,6996.75,4650
2026-02-09 12:20:00,6996.75,6996.75,6993.5,6994.75,6153
2026-02-09 12:25:00,6994.5,6995.25,6992.5,6993.0,6459
2026-02-09 12:30:00,6993.0,6994.5,6991.25,6993.0,6607
2026-02-09 12:35:00,6993.0,6996.5,6991.75,6992.25,5808
2026-02-09 12:40:00,6992.25,6992.5,6989.5,6991.0,6284
2026-02-09 12:45:00,6991.0,6991.5,6988.5,6990.75,6182
2026-02-09 12:50:00,6991.0,6991.0,6989.0,6990.0,4735
2026-02-09 12:55:00,6990.25,6990.5,6986.25,6987.0,5789
2026-02-09 13:00:00,6987.25,6991.0,6985.0,6988.5,8955
2026-02-09 13:05:00,6988.75,6991.0,6986.75,6990.0,5211
2026-02-09 13:10:00,6990.25,6991.0,6988.0,6990.25,4716
2026-02-09 13:15:00,6990.5,6991.0,6988.25,6990.0,4114
2026-02-09 13:20:00,6990.0,6991.75,6977.0,6987.25,24241
2026-02-09 13:25:00,6987.25,6987.75,6982.5,6983.75,8248
2026-02-09 13:30:00,6983.75,6989.75,6981.5,6988.0,8681
2026-02-09 13:35:00,6988.0,6990.5,6986.75,6990.0,5183
2026-02-09 13:40:00,6989.75,6993.25,6988.75,6991.75,7283
2026-02-09 13:45:00,6991.5,6993.75,6989.25,6989.75,5176
2026-02-09 13:50:00,6989.75,6991.25,6988.25,6989.0,4290
2026-02-09 13:55:00,6989.25,6990.25,6986.5,6988.25,4814
2026-02-09 14:00:00,6988.25,6992.5,6986.5,6992.0,6385
2026-02-09 14:05:00,6992.25,6992.5,6988.25,6989.5,5694
2026-02-09 14:10:00,6989.25,6995.0,6989.25,6994.0,7561
2026-02-09 14:15:00,6994.0,6995.75,6993.25,6995.0,5566
2026-02-09 14:20:00,6995.0,6999.25,6994.5,6998.25,8033
2026-02-09 14:25:00,6998.5,7000.5,6997.75,6999.0,7570
2026-02-09 14:30:00,6999.0,7000.25,6997.25,6997.75,6613
2026-02-09 14:35:00,6997.75,6999.25,6997.0,6998.25,3916
2026-02-09 14:40:00,6998.5,6998.5,6996.5,6997.5,4512
2026-02-09 14:45:00,6997.5,6998.25,6996.25,6997.75,5756
2026-02-09 14:50:00,6997.75,6998.75,6995.75,6997.0,5787
2026-02-09 14:55:00,6997.0,6997.5,6994.75,6995.5,5447
2026-02-09 15:00:00,6995.75,6998.25,6994.75,6996.5,7333
2026-02-09 15:05:00,6996.25,6998.75,6996.0,6996.25,5240
2026-02-09 15:10:00,6996.5,6997.5,6995.5,6995.5,5370
2026-02-09 15:15:00,6995.5,6995.75,6991.75,6992.5,8503
2026-02-09 15:20:00,6992.75,6993.0,6989.25,6990.5,8863
2026-02-09 15:25:00,6990.5,6991.0,6984.5,6987.0,12216
2026-02-09 15:30:00,6987.0,6987.25,6982.25,6982.25,13099
2026-02-09 15:35:00,6982.0,6987.25,6980.0,6987.0,12923
2026-02-09 15:40:00,6987.0,6989.75,6984.0,6987.5,12832
2026-02-09 15:45:00,6987.5,6990.0,6987.5,6990.0,10229
2026-02-09 15:50:00,6989.75,6991.75,6982.0,6984.5,20784
2026-02-09 15:55:00,6984.5,6989.75,6980.25,6980.25,65685
2026-02-09 16:00:00,6980.5,6984.5,6980.0,6982.25,19403
2026-02-09 16:05:00,6982.25,6984.5,6981.0,6984.25,6061
2026-02-09 16:10:00,6984.25,6986.75,6983.25,6986.0,7021
2026-02-09 16:15:00,6986.25,6986.5,6982.25,6983.75,1679
2026-02-09 16:20:00,6983.5,6984.25,6983.0,6984.0,1032
2026-02-09 16:25:00,6983.75,6984.5,6982.75,6984.25,1138
2026-02-09 16:30:00,6984.0,6985.0,6983.75,6984.75,897
2026-02-09 16:35:00,6984.75,6985.25,6983.75,6984.5,593
2026-02-09 16:40:00,6984.5,6985.5,6984.25,6985.5,692
2026-02-09 16:45:00,6985.5,6986.25,6984.75,6985.25,904
2026-02-09 16:50:00,6985.0,6985.5,6984.5,6984.75,656
2026-02-09 16:55:00,6984.75,6985.0,6982.5,6984.0,1231
2026-02-09 18:00:00,6985.0,6988.75,6984.0,6988.75,0
2026-02-09 18:05:00,6988.75,6989.5,6985.75,6986.75,472
2026-02-09 18:10:00,6986.75,6986.75,6980.5,6982.75,1035
2026-02-09 18:15:00,6982.75,6983.5,6980.5,6983.0,613
2026-02-09 18:20:00,6983.0,6983.5,6980.5,6981.25,472
2026-02-09 18:25:00,6981.0,6983.5,6980.5,6982.0,442
2026-02-09 18:30:00,6982.0,6982.0,6979.25,6980.75,787
2026-02-09 18:35:00,6980.75,6982.25,6980.0,6981.5,335
2026-02-09 18:40:00,6981.5,6985.0,6981.25,6983.25,747
2026-02-09 18:45:00,6983.25,6983.25,6978.0,6978.5,1164
2026-02-09 18:50:00,6978.25,6979.5,6976.0,6979.0,1280
2026-02-09 18:55:00,6979.0,6979.25,6977.0,6978.75,452
2026-02-09 19:00:00,6978.75,6981.75,6978.5,6980.5,948
2026-02-09 19:05:00,6980.5,6980.75,6976.25,6976.75,846
2026-02-09 19:10:00,6976.5,6976.75,6974.0,6974.25,1060
2026-02-09 19:15:00,6974.5,6977.75,6974.5,6976.25,544
2026-02-09 19:20:00,6976.25,6977.0,6974.25,6974.75,419
2026-02-09 19:25:00,6974.5,6976.75,6974.5,6976.0,592
2026-02-09 19:30:00,6976.0,6977.5,6975.75,6976.75,555
2026-02-09 19:35:00,6977.0,6977.25,6974.5,6975.5,373
2026-02-09 19:40:00,6975.5,6975.75,6974.25,6974.75,392
2026-02-09 19:45:00,6974.5,6975.75,6974.25,6975.0,373
2026-02-09 19:50:00,6975.25,6979.5,6974.5,6978.25,753
2026-02-09 19:55:00,6978.25,6979.75,6977.75,6978.25,511
2026-02-09 20:00:00,6978.25,6979.5,6977.75,6978.5,540
2026-02-09 20:05:00,6978.25,6979.5,6977.25,6978.5,390
2026-02-09 20:10:00,6978.75,6979.0,6977.0,6978.75,603
2026-02-09 20:15:00,6978.75,6979.25,6976.25,6977.0,686
2026-02-09 20:20:00,6976.75,6980.25,6976.75,6979.5,657
2026-02-09 20:25:00,6979.25,6979.75,6975.5,6976.25,554
2026-02-09 20:30:00,6976.25,6976.25,6973.75,6974.75,991
2026-02-09 20:35:00,6974.5,6980.5,6973.5,6980.25,1007
2026-02-09 20:40:00,6980.25,6981.0,6978.5,6980.0,870
2026-02-09 20:45:00,6980.25,6983.25,6978.5,6983.0,932
2026-02-09 20:50:00,6982.75,6983.0,6979.75,6980.25,653
2026-02-09 20:55:00,6980.0,6980.75,6977.25,6980.5,683
2026-02-09 21:00:00,6980.75,6981.0,6978.0,6979.0,571
2026-02-09 21:05:00,6979.0,6980.5,6978.75,6978.75,311
2026-02-09 21:10:00,6978.75,6979.75,6977.0,6978.75,647
2026-02-09 21:15:00,6979.0,6980.75,6977.75,6978.25,477
2026-02-09 21:20:00,6978.0,6979.25,6977.0,6977.0,393
2026-02-09 21:25:00,6977.25,6978.75,6976.5,6978.5,350
2026-02-09 21:30:00,6978.75,6979.25,6976.75,6977.0,506
2026-02-09 21:35:00,6977.0,6977.25,6973.0,6975.25,1264
2026-02-09 21:40:00,6975.0,6976.75,6974.5,6976.5,358
2026-02-09 21:45:00,6976.5,6976.75,6975.5,6975.5,258
2026-02-09 21:50:00,6975.5,6978.25,6975.0,6977.5,572
2026-02-09 21:55:00,6977.5,6977.75,6976.0,6976.5,357
2026-02-09 22:00:00,6976.5,6976.75,6974.25,6974.5,563
2026-02-09 22:05:00,6974.5,6974.75,6972.5,6973.0,690
2026-02-09 22:10:00,6973.25,6974.0,6973.0,6973.25,313
2026-02-09 22:15:00,6973.25,6973.75,6972.25,6973.25,654
2026-02-09 22:20:00,6973.5,6975.75,6973.25,6975.5,641
2026-02-09 22:25:00,6975.75,6976.75,6974.5,6974.75,427
2026-02-09 22:30:00,6974.75,6977.5,6974.5,6977.5,525
2026-02-09 22:35:00,6977.5,6978.75,6977.0,6977.75,489
2026-02-09 22:40:00,6977.75,6978.5,6975.75,6976.25,585
2026-02-09 22:45:00,6976.25,6978.25,6975.75,6978.25,396
2026-02-09 22:50:00,6978.25,6978.5,6977.25,6977.75,307
2026-02-09 22:55:00,6977.75,6978.0,6976.5,6976.75,207
2026-02-09 23:00:00,6976.5,6978.75,6976.5,6978.25,425
2026-02-09 23:05:00,6978.5,6979.5,6978.25,6979.0,567
2026-02-09 23:10:00,6979.25,6981.0,6979.25,6979.75,534
2026-02-09 23:15:00,6979.75,6980.25,6978.5,6980.25,441
2026-02-09 23:20:00,6980.0,6981.0,6980.0,6980.25,328
2026-02-09 23:25:00,6980.25,6980.5,6979.75,6980.5,207
2026-02-09 23:30:00,6980.5,6981.0,6979.0,6981.0,389
2026-02-09 23:35:00,6981.0,6981.75,6980.5,6980.75,312
2026-02-09 23:40:00,6980.5,6981.25,6980.0,6981.0,201
2026-02-09 23:45:00,6981.0,6983.0,6980.5,6982.25,461
2026-02-09 23:50:00,6982.25,6983.25,6981.75,6983.0,321
2026-02-09 23:55:00,6982.75,6984.25,6982.5,6984.0,395
2026-02-10 00:05:00,6983.0,6983.5,6983.0,6983.0,895
2026-02-10 00:10:00,6983.25,6983.25,6982.5,6982.5,261
2026-02-10 00:15:00,6982.75,6982.75,6981.25,6982.0,360
2026-02-10 00:20:00,6981.75,6981.75,6979.0,6979.25,710
2026-02-10 00:25:00,6979.5,6980.25,6978.25,6979.0,569
2026-02-10 00:30:00,6979.0,6985.25,6978.25,6984.5,747
2026-02-10 00:35:00,6984.75,6986.25,6984.25,6984.5,543
2026-02-10 00:40:00,6984.75,6985.0,6982.0,6982.75,580
2026-02-10 00:45:00,6982.5,6984.0,6982.0,6983.25,337
2026-02-10 00:50:00,6983.25,6985.5,6983.25,6985.0,398
2026-02-10 00:55:00,6985.0,6986.0,6984.5,6984.75,258
2026-02-10 01:00:00,6985.0,6985.0,6983.5,6984.25,388
2026-02-10 01:05:00,6984.5,6984.5,6982.5,6982.75,363
2026-02-10 01:10:00,6982.5,6982.5,6980.5,6981.25,431
2026-02-10 01:15:00,6981.25,6981.5,6979.0,6979.5,474
2026-02-10 01:20:00,6979.75,6981.25,6978.25,6980.0,606
2026-02-10 01:25:00,6980.0,6980.25,6978.5,6978.5,188
2026-02-10 01:30:00,6978.5,6980.0,6976.25,6976.75,521
2026-02-10 01:35:00,6976.75,6977.0,6974.75,6975.25,302
2026-02-10 01:40:00,6975.25,6977.25,6975.25,6975.75,636
2026-02-10 01:45:00,6975.75,6977.25,6974.5,6976.75,572
2026-02-10 01:50:00,6976.75,6977.5,6974.5,6975.5,452
2026-02-10 01:55:00,6975.5,6977.75,6975.25,6977.75,386
2026-02-10 02:00:00,6978.0,6981.25,6977.0,6980.75,983
2026-02-10 02:05:00,6980.75,6982.5,6980.5,6981.5,362
2026-02-10 02:10:00,6981.75,6982.75,6980.5,6980.75,427
2026-02-10 02:15:00,6980.75,6983.25,6979.5,6983.0,455
2026-02-10 02:20:00,6983.0,6984.0,6982.25,6983.0,458
2026-02-10 02:25:00,6982.75,6983.0,6981.75,6982.25,296
2026-02-10 02:30:00,6982.0,6982.5,6981.0,6981.5,333
2026-02-10 02:35:00,6981.5,6984.0,6981.5,6982.25,501
2026-02-10 02:40:00,6982.0,6983.25,6981.5,6983.0,295
2026-02-10 02:45:00,6982.75,6983.0,6981.75,6981.75,282
2026-02-10 02:50:00,6981.75,6984.0,6981.75,6983.5,351
2026-02-10 02:55:00,6983.5,6985.0,6983.25,6984.75,594
2026-02-10 03:00:00,6985.0,6986.0,6979.25,6982.5,2231
2026-02-10 03:05:00,6982.25,6984.75,6981.75,6983.75,1226
2026-02-10 03:10:00,6983.75,6987.75,6983.25,6986.75,1017
2026-02-10 03:15:00,6986.5,6986.75,6982.0,6982.5,1277
2026-02-10 03:20:00,6982.75,6986.75,6981.0,6986.0,840
2026-02-10 03:25:00,6986.25,6987.25,6983.5,6983.5,750
2026-02-10 03:30:00,6983.25,6985.25,6982.25,6983.75,727
2026-02-10 03:35:00,6983.75,6986.75,6982.75,6986.75,848
2026-02-10 03:40:00,6986.75,6987.25,6982.75,6983.0,910
2026-02-10 03:45:00,6983.0,6986.75,6982.0,6986.25,666
2026-02-10 03:50:00,6986.0,6987.25,6984.75,6986.0,783
2026-02-10 03:55:00,6985.75,6985.75,6984.0,6985.5,641
2026-02-10 04:00:00,6985.25,6990.75,6985.25,6990.5,1090
2026-02-10 04:05:00,6990.25,6992.75,6989.75,6992.75,1023
2026-02-10 04:10:00,6992.75,6993.25,6991.75,6992.5,738
2026-02-10 04:15:00,6992.75,6997.5,6992.75,6996.25,1506
2026-02-10 04:20:00,6996.5,6996.75,6995.5,6996.5,532
2026-02-10 04:25:00,6996.5,6997.0,6995.5,6996.0,594
2026-02-10 04:30:00,6996.0,6996.0,6993.5,6994.75,880
2026-02-10 04:35:00,6994.75,6996.0,6993.25,6995.25,654
2026-02-10 04:40:00,6995.0,6995.5,6993.5,6994.0,504
2026-02-10 04:45:00,6994.0,6994.0,6989.75,6991.0,840
2026-02-10 04:50:00,6991.25,6991.25,6986.75,6988.5,989
2026-02-10 04:55:00,6988.5,6989.0,6987.75,6989.0,448
2026-02-10 05:00:00,6988.75,6989.25,6985.0,6986.5,885
2026-02-10 05:05:00,6986.75,6989.0,6985.5,6988.25,816
2026-02-10 05:10:00,6988.0,6989.75,6987.5,6989.5,1056
2026-02-10 05:15:00,6989.5,6990.0,6985.75,6988.0,1384
2026-02-10 05:20:00,6988.0,6989.25,6987.0,6988.0,945
2026-02-10 05:25:00,6988.0,6989.5,6988.0,6988.5,1126
2026-02-10 05:30:00,6988.5,6988.75,6985.25,6988.5,1130
2026-02-10 05:35:00,6988.25,6989.0,6987.5,6988.5,854
2026-02-10 05:40:00,6988.25,6988.75,6986.75,6987.75,454
2026-02-10 05:45:00,6987.75,6990.0,6987.5,6989.75,647
2026-02-10 05:50:00,6989.75,6992.5,6989.75,6990.75,790
2026-02-10 05:55:00,6990.75,6991.5,6988.25,6989.25,768
2026-02-10 06:00:00,6989.0,6989.0,6985.5,6988.0,910
2026-02-10 06:05:00,6987.75,6988.0,6985.25,6985.5,598
2026-02-10 06:10:00,6985.5,6987.75,6984.5,6986.5,537
2026-02-10 06:15:00,6986.5,6987.5,6986.25,6987.25,290
2026-02-10 06:20:00,6987.0,6990.0,6987.0,6989.0,456
2026-02-10 06:25:00,6989.25,6990.25,6988.25,6988.5,791
2026-02-10 06:30:00,6988.5,6990.5,6988.0,6989.0,780
2026-02-10 06:35:00,6989.25,6990.5,6988.25,6990.5,602
2026-02-10 06:40:00,6990.25,6991.25,6989.5,6989.5,517
2026-02-10 06:45:00,6989.5,6990.75,6989.5,6990.25,459
2026-02-10 06:50:00,6990.5,6992.0,6990.5,6992.0,820
2026-02-10 06:55:00,6991.75,6992.5,6991.5,6991.75,972
2026-02-10 07:00:00,6991.75,6995.0,6991.5,6994.5,1193
2026-02-10 07:05:00,6994.5,6995.0,6991.75,6992.0,764
2026-02-10 07:10:00,6991.75,6993.25,6991.5,6993.0,612
2026-02-10 07:15:00,6993.0,6994.5,6992.75,6993.0,725
2026-02-10 07:20:00,6993.0,6994.5,6991.5,6993.75,723
2026-02-10 07:25:00,6993.5,6995.25,6993.5,6995.0,577
2026-02-10 07:30:00,6995.25,6996.5,6993.5,6993.5,982
2026-02-10 07:35:00,6993.5,6993.5,6988.0,6989.0,1454
2026-02-10 07:40:00,6989.0,6989.25,6983.0,6985.25,1723
2026-02-10 07:45:00,6985.25,6986.0,6980.5,6984.5,2222
2026-02-10 07:50:00,6984.5,6985.0,6979.0,6979.5,1649
2026-02-10 07:55:00,6979.5,6981.5,6977.5,6977.75,1470
2026-02-10 08:00:00,6978.0,6978.5,6974.5,6977.0,2504
2026-02-10 08:05:00,6977.0,6977.25,6971.25,6972.75,3236
2026-02-10 08:10:00,6972.75,6976.0,6970.5,6975.5,2419
2026-02-10 08:15:00,6975.5,6979.5,6972.75,6977.25,2266
2026-02-10 08:20:00,6977.0,6980.25,6977.0,6978.75,1953
2026-02-10 08:25:00,6978.5,6979.75,6977.75,6978.75,1461
2026-02-10 08:30:00,6978.5,6983.0,6972.5,6981.5,4801
2026-02-10 08:35:00,6981.5,6982.25,6976.75,6978.75,3042
2026-02-10 08:40:00,6978.5,6981.5,6978.5,6979.75,1972
2026-02-10 08:45:00,6980.0,6983.75,6979.5,6981.0,2310
2026-02-10 08:50:00,6980.75,6983.5,6980.0,6981.5,1329
2026-02-10 08:55:00,6981.5,6984.25,6980.75,6984.0,1761
2026-02-10 09:00:00,6984.0,6986.75,6983.75,6985.75,2837
2026-02-10 09:05:00,6986.0,6987.25,6985.0,6987.0,1863
2026-02-10 09:10:00,6987.25,6987.75,6985.25,6987.0,1465
2026-02-10 09:15:00,6987.25,6990.25,6987.0,6989.25,3244
2026-02-10 09:20:00,6989.25,6990.25,6988.25,6989.5,2257
2026-02-10 09:25:00,6989.75,6991.0,6988.5,6990.0,4923
2026-02-10 09:30:00,6989.75,6996.25,6988.5,6991.0,33203
2026-02-10 09:35:00,6991.0,6992.0,6977.5,6984.25,26144
2026-02-10 09:40:00,6984.5,6985.0,6975.0,6980.5,22313
2026-02-10 09:45:00,6980.5,6983.25,6976.75,6980.0,19582
2026-02-10 09:50:00,6980.0,6994.5,6979.5,6994.25,20730
2026-02-10 09:55:00,6994.5,7002.25,6992.5,6998.0,22938
2026-02-10 10:00:00,6998.25,6999.0,6995.5,6998.75,15378
2026-02-10 10:05:00,6998.75,7005.0,6996.0,7002.75,17770
2026-02-10 10:10:00,7002.5,7004.25,6987.25,6994.75,22364
2026-02-10 10:15:00,6994.75,7001.25,6990.0,7000.75,21894
2026-02-10 10:20:00,7001.0,7004.5,6994.5,6995.0,15693
2026-02-10 10:25:00,6995.0,7001.25,6993.5,6999.75,13146
2026-02-10 10:30:00,6999.75,7006.5,6997.0,6999.75,17500
2026-02-10 10:35:00,7000.0,7000.25,6994.0,6996.5,12355
2026-02-10 10:40:00,6996.75,7002.5,6996.5,7001.25,10835
2026-02-10 10:45:00,7001.25,7002.75,6995.5,6998.0,11384
2026-02-10 10:50:00,6998.0,6999.25,6993.5,6997.25,10346
2026-02-10 10:55:00,6997.5,6998.0,6989.5,6994.5,14335
2026-02-10 11:00:00,6994.5,6997.25,6991.75,6994.25,9353
2026-02-10 11:05:00,6994.25,6994.75,6986.5,6986.5,12578
2026-02-10 11:10:00,6986.75,6992.25,6986.75,6989.75,9471
2026-02-10 11:15:00,6989.5,6994.0,6983.75,6990.5,13250
2026-02-10 11:20:00,6990.5,6991.5,6981.5,6986.0,15649
2026-02-10 11:25:00,6986.0,6991.75,6984.5,6988.75,10482
2026-02-10 11:30:00,6988.5,6989.5,6985.25,6986.25,11529
2026-02-10 11:35:00,6986.25,6990.0,6986.0,6989.0,8596
2026-02-10 11:40:00,6988.75,6992.25,6986.5,6987.25,10050
2026-02-10 11:45:00,6987.0,6994.75,6986.25,6987.0,12261
2026-02-10 11:50:00,6987.0,6989.75,6983.5,6989.5,10820
2026-02-10 11:55:00,6989.25,6991.75,6987.25,6988.5,6694
2026-02-10 12:00:00,6988.5,6989.5,6982.75,6985.5,8077
2026-02-10 12:05:00,6985.5,6992.5,6985.25,6992.0,8469
2026-02-10 12:10:00,6991.75,6996.25,6991.75,6995.5,8212
2026-02-10 12:15:00,6995.75,6997.5,6994.0,6996.75,7020
2026-02-10 12:20:00,6996.75,6997.0,6990.25,6992.0,9090
2026-02-10 12:25:00,6992.0,6995.0,6991.5,6993.5,4833
2026-02-10 12:30:00,6993.25,6994.75,6991.25,6993.0,5180
2026-02-10 12:35:00,6992.75,6993.5,6989.0,6991.75,5536
2026-02-10 12:40:00,6992.0,6996.5,6991.75,6995.5,4806
2026-02-10 12:45:00,6995.5,6998.75,6995.5,6995.75,5213
2026-02-10 12:50:00,6996.0,6998.25,6994.75,6996.25,4708
2026-02-10 12:55:00,6996.5,6996.75,6994.0,6995.25,3935
2026-02-10 13:00:00,6995.5,6995.5,6991.0,6993.0,5523
2026-02-10 13:05:00,6992.75,6993.0,6988.25,6989.0,6945
2026-02-10 13:10:00,6988.75,6990.0,6986.0,6986.5,7272
2026-02-10 13:15:00,6986.5,6987.25,6978.75,6981.75,13273
2026-02-10 13:20:00,6981.5,6984.75,6977.25,6982.25,13888
2026-02-10 13:25:00,6982.0,6982.25,6974.25,6975.0,11324
2026-02-10 13:30:00,6974.75,6977.25,6970.5,6973.25,17068
2026-02-10 13:35:00,6973.25,6979.25,6972.25,6977.5,13781
2026-02-10 13:40:00,6977.5,6979.0,6975.75,6976.5,6662
2026-02-10 13:45:00,6976.5,6977.0,6970.75,6971.75,8459
2026-02-10 13:50:00,6972.0,6973.75,6969.0,6969.75,9260
2026-02-10 13:55:00,6969.75,6978.75,6969.0,6977.0,13177
2026-02-10 14:00:00,6977.0,6979.5,6974.5,6975.5,9598
2026-02-10 14:05:00,6975.25,6977.75,6973.0,6974.75,7522
2026-02-10 14:10:00,6974.75,6978.5,6974.0,6977.25,5511
2026-02-10 14:15:00,6977.25,6977.5,6971.75,6973.5,5733
2026-02-10 14:20:00,6973.75,6979.0,6973.5,6978.5,5930
2026-02-10 14:25:00,6978.5,6979.75,6975.75,6979.25,5695
2026-02-10 14:30:00,6979.5,6982.25,6977.25,6977.75,8421
2026-02-10 14:35:00,6977.75,6980.5,6977.5,6979.5,4914
2026-02-10 14:40:00,6979.75,6980.75,6974.25,6975.75,6279
2026-02-10 14:45:00,6976.0,6979.5,6975.25,6978.25,6143
2026-02-10 14:50:00,6978.25,6978.5,6974.25,6975.5,4787
2026-02-10 14:55:00,6975.5,6979.75,6975.5,6978.5,5030
2026-02-10 15:00:00,6978.5,6980.5,6974.25,6975.0,7132
2026-02-10 15:05:00,6975.0,6976.75,6973.25,6975.75,6220
2026-02-10 15:10:00,6975.5,6976.0,6971.5,6972.75,7162
2026-02-10 15:15:00,6972.5,6978.0,6972.5,6977.0,6784
2026-02-10 15:20:00,6977.0,6979.25,6974.25,6974.25,7020
2026-02-10 15:25:00,6974.25,6976.0,6971.75,6973.75,6872
2026-02-10 15:30:00,6973.5,6976.25,6970.75,6972.0,10144
2026-02-10 15:35:00,6972.0,6973.0,6969.0,6970.0,8675
2026-02-10 15:40:00,6970.0,6972.75,6969.25,6971.0,11828
2026-02-10 15:45:00,6971.0,6975.0,6970.25,6974.25,8955
2026-02-10 15:50:00,6974.5,6974.75,6962.5,6964.0,34688
2026-02-10 15:55:00,6963.75,6965.0,6957.0,6961.25,85422
2026-02-10 16:00:00,6961.25,6966.0,6959.25,6965.75,24893
2026-02-10 16:05:00,6965.75,6966.5,6964.25,6966.0,4243
2026-02-10 16:10:00,6966.0,6967.0,6965.0,6966.25,3006
2026-02-10 16:15:00,6966.5,6967.0,6964.5,6964.75,1606
2026-02-10 16:20:00,6964.75,6965.75,6963.75,6965.0,1619
2026-02-10 16:25:00,6965.0,6965.75,6964.5,6964.75,942
2026-02-10 16:30:00,6964.75,6966.5,6964.75,6965.5,1090
2026-02-10 16:35:00,6965.5,6967.25,6965.0,6966.5,929
2026-02-10 16:40:00,6966.5,6968.75,6966.25,6968.5,1445
2026-02-10 16:45:00,6968.25,6969.0,6967.75,6968.75,990
2026-02-10 16:50:00,6968.75,6970.75,6968.75,6970.25,1452
2026-02-10 16:55:00,6970.25,6970.75,6969.75,6970.5,992
2026-02-10 18:00:00,6971.5,6974.0,6969.75,6973.75,0
2026-02-10 18:05:00,6973.25,6975.75,6972.0,6973.75,788
2026-02-10 18:10:00,6973.75,6974.5,6972.0,6974.5,384
2026-02-10 18:15:00,6974.5,6975.5,6973.75,6974.5,478
2026-02-10 18:20:00,6975.0,6976.0,6974.5,6975.0,454
2026-02-10 18:25:00,6975.0,6975.75,6974.25,6974.5,340
2026-02-10 18:30:00,6974.25,6975.25,6973.75,6974.25,415
2026-02-10 18:35:00,6974.25,6974.5,6973.25,6974.25,363
2026-02-10 18:40:00,6974.5,6975.25,6973.75,6975.0,239
2026-02-10 18:45:00,6974.75,6976.25,6974.5,6974.75,319
2026-02-10 18:50:00,6974.75,6975.75,6974.0,6974.25,340
2026-02-10 18:55:00,6974.25,6975.25,6974.0,6974.75,368
2026-02-10 19:00:00,6974.75,6977.0,6974.5,6976.0,681
2026-02-10 19:05:00,6976.0,6976.5,6975.5,6976.0,203
2026-02-10 19:10:00,6976.25,6977.25,6975.75,6976.0,346
2026-02-10 19:15:00,6976.25,6976.75,6974.5,6975.25,319
2026-02-10 19:20:00,6975.25,6976.25,6974.0,6976.0,373
2026-02-10 19:25:00,6975.75,6976.75,6975.5,6975.75,265
2026-02-10 19:30:00,6975.75,6976.75,6975.5,6976.5,288
2026-02-10 19:35:00,6976.75,6978.0,6976.75,6977.5,296
2026-02-10 19:40:00,6977.25,6977.75,6977.25,6977.5,259
2026-02-10 19:45:00,6977.75,6977.75,6976.75,6977.25,153
2026-02-10 19:50:00,6977.25,6977.5,6977.0,6977.25,147
2026-02-10 19:55:00,6977.25,6978.75,6977.25,6977.75,295
2026-02-10 20:00:00,6977.5,6980.5,6977.5,6979.5,820
2026-02-10 20:05:00,6979.5,6980.75,6979.25,6980.25,552
2026-02-10 20:10:00,6980.25,6981.5,6979.75,6980.75,460
2026-02-10 20:15:00,6980.5,6981.5,6979.75,6980.25,455
2026-02-10 20:20:00,6980.0,6980.25,6979.0,6979.75,347
2026-02-10 20:25:00,6979.5,6980.25,6979.0,6979.75,230
2026-02-10 20:30:00,6979.5,6980.5,6979.5,6979.75,776
2026-02-10 20:35:00,6979.75,6980.25,6979.25,6979.5,726
2026-02-10 20:40:00,6979.5,6981.75,6979.5,6981.0,391
2026-02-10 20:45:00,6981.0,6983.25,6981.0,6983.25,665
2026-02-10 20:50:00,6983.0,6983.75,6982.25,6982.25,452
2026-02-10 20:55:00,6982.25,6983.0,6981.25,6981.5,428
2026-02-10 21:00:00,6981.25,6981.75,6980.5,6981.0,712
2026-02-10 21:05:00,6980.75,6981.5,6980.5,6980.5,356
2026-02-10 21:10:00,6980.5,6981.75,6980.5,6981.25,384
2026-02-10 21:15:00,6981.0,6982.0,6980.75,6981.75,299
2026-02-10 21:20:00,6981.75,6983.0,6981.75,6982.5,276
2026-02-10 21:25:00,6982.25,6982.5,6980.75,6981.75,390
2026-02-10 21:30:00,6981.5,6982.25,6981.0,6981.75,361
2026-02-10 21:35:00,6981.75,6982.0,6981.0,6981.0,227
2026-02-10 21:40:00,6980.75,6981.0,6979.25,6980.25,402
2026-02-10 21:45:00,6980.25,6981.25,6980.25,6981.0,261
2026-02-10 21:50:00,6980.75,6982.5,6980.75,6982.5,244
2026-02-10 21:55:00,6982.25,6983.0,6982.0,6982.0,265
2026-02-10 22:00:00,6981.75,6982.5,6981.5,6981.5,335
2026-02-10 22:05:00,6981.25,6981.75,6980.5,6981.0,237
2026-02-10 22:10:00,6981.25,6981.5,6980.75,6981.0,133
2026-02-10 22:15:00,6980.75,6981.5,6979.5,6979.75,326
2026-02-10 22:20:00,6979.5,6981.0,6979.0,6981.0,303
2026-02-10 22:25:00,6981.0,6983.0,6981.0,6982.5,286
2026-02-10 22:30:00,6982.5,6983.0,6982.0,6982.0,160
2026-02-10 22:35:00,6982.0,6982.5,6981.25,6982.25,337
2026-02-10 22:40:00,6982.25,6984.25,6982.0,6984.0,495
2026-02-10 22:45:00,6983.75,6985.5,6983.75,6984.25,587
2026-02-10 22:50:00,6984.25,6985.5,6984.0,6985.25,328
2026-02-10 22:55:00,6985.25,6986.0,6984.75,6985.25,387
2026-02-10 23:00:00,6985.0,6985.5,6984.75,6985.0,161
2026-02-10 23:05:00,6985.0,6985.75,6984.75,6985.0,175
2026-02-10 23:10:00,6984.75,6984.75,6983.0,6983.75,416
2026-02-10 23:15:00,6983.5,6984.25,6983.0,6984.0,245
2026-02-10 23:20:00,6984.0,6984.75,6983.0,6983.25,238
2026-02-10 23:25:00,6983.25,6983.75,6981.5,6981.75,347
2026-02-10 23:30:00,6981.75,6982.0,6980.5,6980.75,382
2026-02-10 23:35:00,6980.5,6981.0,6977.25,6977.5,595
2026-02-10 23:40:00,6977.5,6979.25,6977.5,6979.0,325
2026-02-10 23:45:00,6979.25,6980.5,6979.0,6980.25,289
2026-02-10 23:50:00,6980.0,6980.75,6979.75,6979.75,224
2026-02-10 23:55:00,6979.75,6980.25,6979.0,6979.5,245
2026-02-11 00:05:00,6981.25,6981.5,6981.0,6981.5,690
2026-02-11 00:10:00,6981.25,6982.0,6980.75,6981.25,346
2026-02-11 00:15:00,6981.0,6983.0,6981.0,6981.5,319
2026-02-11 00:20:00,6981.25,6981.5,6980.0,6981.0,250
2026-02-11 00:25:00,6980.75,6980.75,6978.75,6979.25,314
2026-02-11 00:30:00,6979.0,6979.5,6977.0,6978.0,544
2026-02-11 00:35:00,6978.0,6979.25,6977.75,6978.75,297
2026-02-11 00:40:00,6978.5,6978.5,6975.75,6976.25,510
2026-02-11 00:45:00,6976.0,6976.25,6975.0,6975.5,417
2026-02-11 00:50:00,6975.5,6977.0,6975.5,6976.75,207
2026-02-11 00:55:00,6976.5,6976.5,6975.75,6976.25,226
2026-02-11 01:00:00,6976.25,6980.5,6976.25,6980.0,601
2026-02-11 01:05:00,6979.75,6980.75,6979.25,6980.0,488
2026-02-11 01:10:00,6979.75,6979.75,6976.0,6976.5,317
2026-02-11 01:15:00,6976.25,6976.5,6974.25,6974.75,666
2026-02-11 01:20:00,6974.75,6977.0,6974.0,6976.75,458
2026-02-11 01:25:00,6976.5,6977.0,6974.25,6974.5,327
2026-02-11 01:30:00,6974.5,6975.5,6973.75,6974.0,292
2026-02-11 01:35:00,6974.25,6976.25,6973.75,6976.0,262
2026-02-11 01:40:00,6976.0,6976.75,6975.25,6975.5,185
2026-02-11 01:45:00,6975.5,6975.5,6974.0,6975.0,315
2026-02-11 01:50:00,6975.0,6975.25,6973.75,6975.25,374
2026-02-11 01:55:00,6975.0,6975.25,6973.5,6974.0,252
2026-02-11 02:00:00,6974.0,6975.75,6973.5,6975.25,560
2026-02-11 02:05:00,6975.25,6976.25,6973.75,6974.0,297
2026-02-11 02:10:00,6974.0,6974.0,6971.0,6971.25,813
2026-02-11 02:15:00,6971.25,6973.75,6971.25,6973.25,376
2026-02-11 02:20:00,6973.25,6976.75,6973.25,6976.75,379
2026-02-11 02:25:00,6977.0,6977.5,6976.25,6976.75,447
2026-02-11 02:30:00,6976.75,6977.0,6973.25,6974.25,422
2026-02-11 02:35:00,6974.0,6974.5,6972.75,6973.25,337
2026-02-11 02:40:00,6973.0,6975.25,6972.75,6974.75,257
2026-02-11 02:45:00,6974.75,6977.0,6974.5,6975.5,749
2026-02-11 02:50:00,6975.5,6975.5,6974.5,6974.75,382
2026-02-11 02:55:00,6974.5,6974.75,6973.0,6974.25,478
2026-02-11 03:00:00,6974.25,6975.75,6972.75,6975.0,1239
2026-02-11 03:05:00,6974.75,6975.0,6969.25,6969.5,1238
2026-02-11 03:10:00,6969.75,6971.0,6967.0,6967.25,1134
2026-02-11 03:15:00,6967.5,6968.25,6963.75,6964.0,1200
2026-02-11 03:20:00,6963.75,6967.0,6963.75,6966.75,1015
2026-02-11 03:25:00,6966.5,6971.5,6966.5,6969.25,1188
2026-02-11 03:30:00,6969.25,6974.25,6969.25,6973.5,886
2026-02-11 03:35:00,6973.5,6975.75,6973.5,6973.75,655
2026-02-11 03:40:00,6973.75,6974.5,6971.75,6974.25,863
2026-02-11 03:45:00,6974.25,6975.0,6973.25,6973.25,540
2026-02-11 03:50:00,6973.25,6974.25,6973.0,6973.75,560
2026-02-11 03:55:00,6973.75,6974.5,6972.5,6972.75,594
2026-02-11 04:00:00,6972.5,6976.25,6971.25,6974.75,975
2026-02-11 04:05:00,6975.0,6977.25,6975.0,6977.0,771
2026-02-11 04:10:00,6977.0,6978.0,6974.75,6975.5,941
2026-02-11 04:15:00,6975.75,6976.25,6972.5,6973.5,1189
2026-02-11 04:20:00,6973.5,6974.5,6971.5,6972.75,716
2026-02-11 04:25:00,6972.75,6975.5,6972.25,6975.0,396
2026-02-11 04:30:00,6975.25,6975.5,6970.5,6971.25,769
2026-02-11 04:35:00,6971.0,6972.5,6967.5,6968.0,927
2026-02-11 04:40:00,6968.0,6968.75,6966.5,6968.25,855
2026-02-11 04:45:00,6968.5,6969.75,6967.25,6967.75,1058
2026-02-11 04:50:00,6967.75,6970.25,6966.75,6969.5,819
2026-02-11 04:55:00,6969.5,6970.25,6965.75,6965.75,836
2026-02-11 05:00:00,6966.0,6966.0,6953.0,6955.5,6665
2026-02-11 05:05:00,6955.75,6958.25,6953.5,6955.75,3374
2026-02-11 05:10:00,6955.75,6960.25,6955.75,6957.25,1924
2026-02-11 05:15:00,6957.25,6959.5,6957.25,6958.5,739
2026-02-11 05:20:00,6958.5,6962.25,6957.75,6961.25,902
2026-02-11 05:25:00,6961.25,6963.25,6959.25,6961.5,987
2026-02-11 05:30:00,6961.25,6961.5,6959.25,6960.0,753
2026-02-11 05:35:00,6960.0,6962.0,6958.5,6961.75,758
2026-02-11 05:40:00,6961.5,6962.25,6961.0,6961.75,833
2026-02-11 05:45:00,6962.0,6962.25,6958.25,6958.75,861
2026-02-11 05:50:00,6958.5,6959.5,6957.25,6958.75,1228
2026-02-11 05:55:00,6959.0,6964.75,6959.0,6964.25,1164
2026-02-11 06:00:00,6964.25,6968.5,6964.25,6968.25,1328
2026-02-11 06:05:00,6968.25,6968.75,6966.5,6967.25,952
2026-02-11 06:10:00,6967.25,6967.75,6966.75,6967.0,542
2026-02-11 06:15:00,6967.0,6971.25,6967.0,6970.25,1027
2026-02-11 06:20:00,6970.25,6972.0,6969.5,6970.5,1003
2026-02-11 06:25:00,6970.5,6973.25,6970.5,6972.75,756
2026-02-11 06:30:00,6972.5,6972.75,6970.75,6971.25,927
2026-02-11 06:35:00,6971.25,6972.0,6969.25,6970.0,643
2026-02-11 06:40:00,6969.75,6969.75,6964.0,6966.25,2619
2026-02-11 06:45:00,6966.25,6969.75,6963.75,6966.5,1632
2026-02-11 06:50:00,6966.25,6969.0,6966.0,6968.25,922
2026-02-11 06:55:00,6968.0,6968.0,6963.25,6963.75,915
2026-02-11 07:00:00,6963.5,6968.75,6963.0,6966.0,3519
2026-02-11 07:05:00,6966.0,6969.5,6965.0,6969.0,844
2026-02-11 07:10:00,6969.0,6971.25,6967.75,6970.5,993
2026-02-11 07:15:00,6970.25,6970.5,6967.75,6968.0,573
2026-02-11 07:20:00,6968.0,6971.0,6968.0,6970.0,659
2026-02-11 07:25:00,6970.0,6970.25,6967.25,6967.75,649
2026-02-11 07:30:00,6967.75,6969.0,6966.0,6967.25,1497
2026-02-11 07:35:00,6967.5,6969.0,6966.0,6968.75,1055
2026-02-11 07:40:00,6969.0,6969.0,6966.25,6968.0,693
2026-02-11 07:45:00,6967.75,6968.5,6966.0,6968.0,1001
2026-02-11 07:50:00,6968.0,6968.5,6964.5,6964.5,684
2026-02-11 07:55:00,6964.75,6968.0,6964.25,6967.5,886
2026-02-11 08:00:00,6967.5,6968.75,6966.5,6968.0,944
2026-02-11 08:05:00,6968.25,6970.25,6968.0,6968.25,1074
2026-02-11 08:10:00,6968.5,6970.25,6967.25,6970.0,739
2026-02-11 08:15:00,6969.75,6975.25,6969.75,6975.0,2542
2026-02-11 08:20:00,6975.0,6975.25,6971.25,6972.75,1574
2026-02-11 08:25:00,6973.0,6974.0,6971.75,6972.25,1815
2026-02-11 08:30:00,6972.75,6997.0,6972.0,6995.75,17214
2026-02-11 08:35:00,6995.75,6996.0,6990.25,6992.0,6260
2026-02-11 08:40:00,6992.25,6992.75,6987.0,6989.75,5652
2026-02-11 08:45:00,6989.75,6999.75,6989.75,6997.25,8079
2026-02-11 08:50:00,6997.5,7001.75,6993.0,7000.75,6619
2026-02-11 08:55:00,7000.5,7006.25,7000.25,7004.75,8172
2026-02-11 09:00:00,7004.75,7005.25,7000.75,7002.75,5378
2026-02-11 09:05:00,7002.5,7003.5,7000.5,7001.0,3107
2026-02-11 09:10:00,7001.0,7002.0,6999.5,7001.5,3029
2026-02-11 09:15:00,7001.25,7002.0,6998.75,7001.25,2581
2026-02-11 09:20:00,7001.25,7003.0,7000.5,7002.75,2128
2026-02-11 09:25:00,7002.75,7007.5,7002.75,7003.75,7338
2026-02-11 09:30:00,7004.0,7011.5,7000.0,7001.0,40706
2026-02-11 09:35:00,7001.0,7003.0,6992.25,6993.0,31197
2026-02-11 09:40:00,6993.0,6998.5,6991.5,6994.0,28250
2026-02-11 09:45:00,6994.0,7004.0,6993.0,6996.5,24730
2026-02-11 09:50:00,6996.25,6997.75,6988.75,6991.25,22806
2026-02-11 09:55:00,6991.25,6994.75,6977.25,6981.0,27770
2026-02-11 10:00:00,6981.25,6987.5,6973.75,6976.5,28634
2026-02-11 10:05:00,6976.75,6977.75,6966.0,6966.25,25997
2026-02-11 10:10:00,6966.25,6967.0,6947.75,6956.75,43263
2026-02-11 10:15:00,6956.75,6958.75,6946.0,6947.0,31627
2026-02-11 10:20:00,6947.25,6948.25,6932.75,6935.25,37512
2026-02-11 10:25:00,6935.0,6944.0,6931.0,6936.5,36102
2026-02-11 10:30:00,6936.25,6947.25,6934.75,6946.75,33321
2026-02-11 10:35:00,6946.5,6953.25,6941.75,6952.25,25965
2026-02-11 10:40:00,6952.25,6956.75,6946.5,6951.5,23214
2026-02-11 10:45:00,6951.25,6956.25,6943.0,6944.0,24035
2026-02-11 10:50:00,6944.0,6965.0,6941.75,6964.25,27605
2026-02-11 10:55:00,6964.0,6965.75,6961.0,6963.0,19019
2026-02-11 11:00:00,6962.75,6966.25,6955.25,6957.5,19646
2026-02-11 11:05:00,6957.5,6959.25,6953.25,6954.25,13715
2026-02-11 11:10:00,6954.25,6968.75,6953.75,6967.75,17480
2026-02-11 11:15:00,6967.75,6969.0,6963.0,6967.75,13916
2026-02-11 11:20:00,6968.0,6974.0,6966.75,6972.5,14957
2026-02-11 11:25:00,6972.5,6973.75,6957.5,6958.0,16612
2026-02-11 11:30:00,6957.75,6966.5,6954.5,6963.5,17372
2026-02-11 11:35:00,6963.75,6967.5,6959.0,6967.25,12875
2026-02-11 11:40:00,6967.5,6973.25,6966.75,6969.5,12699
2026-02-11 11:45:00,6969.75,6973.0,6964.5,6966.25,10098
2026-02-11 11:50:00,6966.25,6970.0,6963.75,6967.0,10290
2026-02-11 11:55:00,6967.25,6967.5,6959.5,6960.25,10625
2026-02-11 12:00:00,6960.0,6960.75,6953.25,6954.25,15897
2026-02-11 12:05:00,6954.25,6963.5,6954.0,6963.25,12221
2026-02-11 12:10:00,6963.25,6965.5,6959.0,6963.0,11120
2026-02-11 12:15:00,6963.0,6970.0,6960.5,6965.5,10348
2026-02-11 12:20:00,6965.25,6971.25,6961.5,6970.75,9637
2026-02-11 12:25:00,6971.0,6978.0,6971.0,6975.75,14957
2026-02-11 12:30:00,6975.75,6976.25,6970.75,6972.0,11491
2026-02-11 12:35:00,6972.0,6974.0,6969.5,6971.75,8182
2026-02-11 12:40:00,6972.0,6978.5,6972.0,6977.0,8017
2026-02-11 12:45:00,6976.75,6978.0,6972.75,6976.5,6670
2026-02-11 12:50:00,6976.5,6979.75,6973.0,6975.0,8215
2026-02-11 12:55:00,6975.0,6975.25,6965.0,6967.25,9966
2026-02-11 13:00:00,6967.25,6969.25,6962.5,6965.5,10133
2026-02-11 13:05:00,6965.5,6966.25,6959.75,6959.75,8623
2026-02-11 13:10:00,6959.75,6959.75,6954.75,6956.0,12655
2026-02-11 13:15:00,6955.75,6964.75,6953.5,6960.75,14322
2026-02-11 13:20:00,6960.5,6963.5,6958.0,6961.75,8659
2026-02-11 13:25:00,6961.5,6968.5,6960.0,6967.5,8702
2026-02-11 13:30:00,6967.5,6969.75,6962.5,6962.75,9638
2026-02-11 13:35:00,6962.5,6967.75,6961.75,6967.0,7603
2026-02-11 13:40:00,6967.0,6967.0,6961.0,6963.5,7449
2026-02-11 13:45:00,6963.75,6968.5,6963.25,6968.5,6326
2026-02-11 13:50:00,6968.5,6969.5,6959.75,6968.5,12306
2026-02-11 13:55:00,6968.5,6969.5,6965.75,6967.0,6120
2026-02-11 14:00:00,6967.0,6968.0,6963.75,6967.75,7815
2026-02-11 14:05:00,6968.0,6968.75,6960.75,6966.0,14998
2026-02-11 14:10:00,6966.0,6974.0,6964.75,6972.5,10411
2026-02-11 14:15:00,6972.25,6974.75,6971.75,6972.5,8327
2026-02-11 14:20:00,6972.5,6977.0,6972.25,6976.25,7856
2026-02-11 14:25:00,6976.5,6979.25,6975.0,6977.0,8800
2026-02-11 14:30:00,6977.0,6977.0,6972.5,6976.25,7673
2026-02-11 14:35:00,6976.25,6978.0,6975.0,6975.0,4868
2026-02-11 14:40:00,6974.75,6977.25,6973.5,6976.75,7058
2026-02-11 14:45:00,6976.75,6977.25,6963.5,6971.5,19620
2026-02-11 14:50:00,6971.5,6972.0,6968.0,6970.0,6913
2026-02-11 14:55:00,6970.0,6971.5,6967.5,6968.75,5841
2026-02-11 15:00:00,6968.5,6970.5,6967.25,6969.5,7117
2026-02-11 15:05:00,6969.5,6970.25,6966.25,6967.0,6063
2026-02-11 15:10:00,6967.25,6968.5,6965.75,6967.0,5561
2026-02-11 15:15:00,6967.25,6970.25,6965.5,6966.75,6622
2026-02-11 15:20:00,6966.75,6967.25,6962.75,6966.0,8534
2026-02-11 15:25:00,6966.0,6967.0,6961.0,6962.0,8671
2026-02-11 15:30:00,6962.0,6963.0,6958.0,6959.25,14248
2026-02-11 15:35:00,6959.25,6966.0,6958.5,6966.0,9250
2026-02-11 15:40:00,6965.75,6969.0,6963.5,6964.5,8917
2026-02-11 15:45:00,6964.5,6969.5,6964.0,6968.75,9026
2026-02-11 15:50:00,6968.75,6969.75,6961.25,6967.0,18135
2026-02-11 15:55:00,6967.0,6967.0,6955.75,6958.75,66227
2026-02-11 16:00:00,6958.75,6962.0,6958.25,6961.0,18684
2026-02-11 16:05:00,6961.0,6967.0,6961.0,6966.0,6135
2026-02-11 16:10:00,6966.0,6966.25,6962.25,6962.5,3707
2026-02-11 16:15:00,6962.75,6967.0,6962.75,6964.25,2130
2026-02-11 16:20:00,6964.0,6964.25,6962.5,6963.5,1171
2026-02-11 16:25:00,6963.25,6965.75,6963.25,6965.5,1110
2026-02-11 16:30:00,6965.5,6967.25,6965.25,6965.5,1140
2026-02-11 16:35:00,6965.5,6966.5,6965.0,6966.0,735
2026-02-11 16:40:00,6965.75,6966.25,6964.75,6965.5,990
2026-02-11 16:45:00,6965.5,6967.75,6964.25,6966.25,1813
2026-02-11 16:50:00,6966.0,6966.5,6964.75,6965.5,912
2026-02-11 16:55:00,6965.5,6966.5,6962.75,6963.0,1322
2026-02-11 18:00:00,6964.5,6968.5,6962.25,6965.0,0
2026-02-11 18:05:00,6965.25,6965.25,6960.25,6961.75,784
2026-02-11 18:10:00,6961.75,6963.0,6959.25,6959.75,813
2026-02-11 18:15:00,6959.5,6963.25,6959.25,6960.0,1296
2026-02-11 18:20:00,6960.25,6962.5,6960.25,6961.5,285
2026-02-11 18:25:00,6961.5,6961.5,6957.5,6957.75,494
2026-02-11 18:30:00,6957.75,6958.25,6953.5,6955.25,1399
2026-02-11 18:35:00,6955.25,6955.25,6952.25,6953.75,644
2026-02-11 18:45:00,6960.5,6960.5,6957.0,6957.25,1730
2026-02-11 18:50:00,6957.25,6958.5,6955.5,6957.75,501
2026-02-11 18:55:00,6957.5,6958.75,6956.0,6957.5,535
2026-02-11 19:00:00,6957.25,6960.0,6955.0,6957.75,1296
2026-02-11 19:05:00,6957.5,6961.25,6955.25,6955.75,971
2026-02-11 19:10:00,6955.75,6957.0,6955.25,6956.75,538
2026-02-11 19:15:00,6956.75,6958.5,6956.0,6956.5,464
2026-02-11 19:20:00,6956.5,6957.0,6953.25,6954.75,999
2026-02-11 19:25:00,6955.0,6956.5,6954.0,6956.0,683
2026-02-11 19:30:00,6956.25,6959.25,6956.0,6959.0,599
2026-02-11 19:35:00,6959.0,6962.75,6959.0,6960.75,810
2026-02-11 19:40:00,6961.0,6964.5,6960.75,6964.0,673
2026-02-11 19:45:00,6964.0,6964.5,6962.25,6963.0,578
2026-02-11 19:50:00,6963.25,6964.0,6962.75,6963.75,488
2026-02-11 19:55:00,6964.0,6964.25,6963.25,6963.5,393
2026-02-11 20:00:00,6963.75,6965.5,6962.75,6962.75,949
2026-02-11 20:05:00,6962.75,6965.0,6962.0,6964.75,407
2026-02-11 20:10:00,6965.0,6966.5,6964.75,6965.5,844
2026-02-11 20:15:00,6965.25,6965.25,6960.5,6962.0,567
2026-02-11 20:20:00,6961.75,6962.75,6960.0,6961.75,550
2026-02-11 20:25:00,6961.75,6968.25,6961.75,6967.0,1885
2026-02-11 20:30:00,6966.75,6969.75,6965.5,6969.25,1156
2026-02-11 20:35:00,6969.0,6973.25,6969.0,6971.75,2016
2026-02-11 20:40:00,6971.75,6974.25,6971.25,6971.5,872
2026-02-11 20:45:00,6971.75,6972.75,6969.75,6970.5,737
2026-02-11 20:50:00,6970.25,6971.25,6968.75,6969.5,609
2026-02-11 20:55:00,6969.5,6971.5,6969.25,6970.75,478
2026-02-11 21:00:00,6970.75,6973.25,6968.5,6970.25,824
2026-02-11 21:05:00,6970.0,6971.75,6969.5,6971.5,439
2026-02-11 21:10:00,6971.5,6971.75,6968.5,6968.75,475
2026-02-11 21:15:00,6968.75,6970.0,6965.5,6965.75,746
2026-02-11 21:20:00,6965.75,6969.25,6965.75,6967.25,502
2026-02-11 21:25:00,6967.25,6969.25,6966.75,6967.5,352
2026-02-11 21:30:00,6967.75,6968.75,6967.0,6968.0,464
2026-02-11 21:35:00,6968.0,6968.75,6966.5,6967.5,386
2026-02-11 21:40:00,6967.75,6968.5,6966.75,6967.25,314
2026-02-11 21:45:00,6967.25,6969.5,6966.25,6969.5,419
2026-02-11 21:50:00,6969.25,6970.0,6968.5,6970.0,431
2026-02-11 21:55:00,6969.75,6972.75,6969.75,6971.75,821
2026-02-11 22:00:00,6971.75,6973.75,6970.25,6973.25,659
2026-02-11 22:05:00,6973.25,6973.75,6972.25,6972.75,373
2026-02-11 22:10:00,6973.0,6973.75,6972.75,6973.0,393
2026-02-11 22:15:00,6972.75,6973.25,6971.5,6971.5,284
2026-02-11 22:20:00,6971.5,6973.0,6971.25,6972.0,429
2026-02-11 22:25:00,6972.0,6974.75,6970.75,6974.75,899
2026-02-11 22:30:00,6974.5,6977.5,6974.25,6977.25,1050
2026-02-11 22:35:00,6977.0,6978.0,6976.75,6977.5,456
2026-02-11 22:40:00,6977.25,6977.75,6976.25,6977.75,458
2026-02-11 22:45:00,6977.75,6978.0,6976.75,6976.75,407
2026-02-11 22:50:00,6976.75,6978.0,6976.5,6977.5,493
2026-02-11 22:55:00,6977.25,6978.0,6976.75,6977.25,417
2026-02-11 23:00:00,6977.25,6978.0,6976.5,6977.75,430
2026-02-11 23:05:00,6977.5,6978.0,6976.0,6977.25,584
2026-02-11 23:10:00,6977.25,6977.75,6976.75,6977.5,311
2026-02-11 23:15:00,6977.5,6980.75,6977.0,6978.75,1140
2026-02-11 23:20:00,6978.75,6981.75,6978.75,6981.25,1312
2026-02-11 23:25:00,6981.25,6983.25,6981.0,6982.5,862
2026-02-11 23:30:00,6982.5,6982.75,6979.0,6980.25,987
2026-02-11 23:35:00,6980.0,6980.25,6978.75,6979.5,312
2026-02-11 23:40:00,6979.25,6979.25,6978.0,6978.25,431
2026-02-11 23:45:00,6978.5,6980.5,6978.0,6980.0,501
2026-02-11 23:50:00,6980.0,6980.75,6979.25,6979.25,310
2026-02-11 23:55:00,6979.25,6980.75,6979.0,6980.25,239
2026-02-12 00:05:00,6982.0,6982.5,6981.75,6982.25,977
2026-02-12 00:10:00,6982.5,6982.75,6981.5,6982.5,403
2026-02-12 00:15:00,6982.75,6984.25,6982.25,6983.25,525
2026-02-12 00:20:00,6983.25,6984.25,6982.25,6982.5,509
2026-02-12 00:25:00,6982.25,6982.75,6981.75,6982.0,344
2026-02-12 00:30:00,6981.75,6982.0,6981.0,6981.0,320
2026-02-12 00:35:00,6981.25,6981.5,6980.5,6980.75,333
2026-02-12 00:40:00,6980.75,6983.5,6980.75,6981.75,549
2026-02-12 00:45:00,6981.75,6982.75,6981.75,6982.5,240
2026-02-12 00:50:00,6982.5,6982.75,6981.0,6982.0,448
2026-02-12 00:55:00,6981.75,6982.75,6980.75,6982.25,566
2026-02-12 01:00:00,6982.25,6982.75,6979.0,6979.25,495
2026-02-12 01:05:00,6979.5,6980.0,6978.75,6979.5,370
2026-02-12 01:10:00,6979.5,6983.0,6979.5,6981.25,561
2026-02-12 01:15:00,6981.5,6982.75,6978.75,6979.0,549
2026-02-12 01:20:00,6979.0,6979.0,6977.0,6977.75,473
2026-02-12 01:25:00,6978.0,6979.75,6977.75,6978.75,676
2026-02-12 01:30:00,6978.75,6981.0,6974.75,6975.0,1176
2026-02-12 01:35:00,6975.25,6975.75,6973.25,6974.75,916
2026-02-12 01:40:00,6974.75,6974.75,6972.5,6973.5,434
2026-02-12 01:45:00,6973.25,6975.25,6972.75,6975.25,480
2026-02-12 01:50:00,6975.25,6976.25,6974.5,6975.5,282
2026-02-12 01:55:00,6975.5,6977.0,6975.0,6976.5,431
2026-02-12 02:00:00,6976.5,6979.5,6975.5,6979.0,755
2026-02-12 02:05:00,6979.25,6979.75,6976.75,6977.25,434
2026-02-12 02:10:00,6977.25,6979.0,6977.0,6978.25,347
2026-02-12 02:15:00,6978.5,6979.5,6977.75,6979.0,355
2026-02-12 02:20:00,6979.0,6981.5,6978.0,6981.5,505
2026-02-12 02:25:00,6981.75,6982.75,6980.75,6981.25,749
2026-02-12 02:30:00,6981.5,6982.25,6980.75,6981.5,349
2026-02-12 02:35:00,6981.5,6983.0,6981.5,6982.0,383
2026-02-12 02:40:00,6982.0,6982.75,6980.5,6980.75,722
2026-02-12 02:45:00,6980.75,6981.5,6979.5,6981.5,455
2026-02-12 02:50:00,6981.5,6981.5,6980.0,6980.75,368
2026-02-12 02:55:00,6980.5,6982.25,6980.25,6981.75,467
2026-02-12 03:00:00,6981.75,6984.75,6981.75,6983.25,1793
2026-02-12 03:05:00,6983.0,6985.0,6981.0,6983.5,1505
2026-02-12 03:10:00,6983.5,6984.5,6979.0,6981.25,1144
2026-02-12 03:15:00,6981.0,6983.25,6980.75,6982.0,745
2026-02-12 03:20:00,6982.0,6982.5,6979.25,6979.25,839
2026-02-12 03:25:00,6979.25,6981.25,6978.0,6979.0,990
2026-02-12 03:30:00,6979.0,6980.25,6975.5,6976.25,1098
2026-02-12 03:35:00,6976.25,6977.5,6974.75,6975.25,951
2026-02-12 03:40:00,6975.25,6977.75,6975.0,6976.75,422
2026-02-12 03:45:00,6976.5,6978.75,6976.0,6977.5,454
2026-02-12 03:50:00,6977.25,6980.5,6977.0,6979.75,418
2026-02-12 03:55:00,6979.75,6983.5,6979.75,6981.75,758
2026-02-12 04:00:00,6981.5,6983.5,6980.5,6982.5,923
2026-02-12 04:05:00,6982.75,6983.0,6981.0,6982.5,503
2026-02-12 04:10:00,6983.0,6985.0,6982.5,6983.5,644
2026-02-12 04:15:00,6983.75,6985.75,6982.25,6982.75,1038
2026-02-12 04:20:00,6982.75,6983.75,6981.75,6982.75,652
2026-02-12 04:25:00,6982.75,6984.0,6982.0,6982.25,423
2026-02-12 04:30:00,6982.25,6983.75,6980.75,6983.25,630
2026-02-12 04:35:00,6983.0,6985.0,6982.5,6982.75,396
2026-02-12 04:40:00,6983.0,6983.25,6981.75,6981.75,461
2026-02-12 04:45:00,6981.75,6982.25,6979.0,6980.75,1032
2026-02-12 04:50:00,6980.75,6983.25,6980.75,6983.0,495
2026-02-12 04:55:00,6982.75,6984.0,6981.75,6983.5,1081
2026-02-12 05:00:00,6983.5,6986.25,6982.25,6985.25,1481
2026-02-12 05:05:00,6985.25,6985.5,6983.25,6983.25,638
2026-02-12 05:10:00,6983.5,6983.5,6978.5,6979.0,991
2026-02-12 05:15:00,6978.75,6980.5,6978.0,6979.75,600
2026-02-12 05:20:00,6979.5,6979.5,6976.25,6976.25,875
2026-02-12 05:25:00,6976.25,6978.5,6976.25,6977.75,644
2026-02-12 05:30:00,6977.75,6979.5,6977.75,6979.0,462
2026-02-12 05:35:00,6979.25,6979.25,6977.5,6978.75,523
2026-02-12 05:40:00,6978.75,6980.25,6978.25,6978.25,486
2026-02-12 05:45:00,6978.75,6979.25,6977.5,6978.0,501
2026-02-12 05:50:00,6978.0,6979.25,6977.75,6978.5,294
2026-02-12 05:55:00,6978.5,6979.5,6978.5,6979.5,337
2026-02-12 06:00:00,6979.5,6981.25,6978.75,6979.5,1274
2026-02-12 06:05:00,6979.5,6981.25,6979.0,6981.25,446
2026-02-12 06:10:00,6981.25,6983.0,6980.5,6982.0,587
2026-02-12 06:15:00,6982.0,6983.25,6981.5,6982.75,370
2026-02-12 06:20:00,6982.5,6983.25,6980.75,6981.75,398
2026-02-12 06:25:00,6981.75,6984.25,6981.5,6983.75,391
2026-02-12 06:30:00,6983.5,6984.0,6982.0,6982.25,352
2026-02-12 06:35:00,6982.0,6982.0,6979.75,6980.0,514
2026-02-12 06:40:00,6980.25,6980.25,6979.0,6979.5,497
2026-02-12 06:45:00,6979.5,6981.5,6979.25,6981.5,375
2026-02-12 06:50:00,6981.5,6983.0,6981.25,6982.5,530
2026-02-12 06:55:00,6982.5,6984.0,6981.75,6983.5,892
2026-02-12 07:00:00,6983.25,6983.5,6980.0,6980.5,1114
2026-02-12 07:05:00,6980.25,6981.75,6979.5,6981.0,676
2026-02-12 07:10:00,6981.0,6982.0,6978.75,6981.5,800
2026-02-12 07:15:00,6981.5,6982.0,6980.25,6981.75,418
2026-02-12 07:20:00,6982.0,6983.0,6981.5,6982.5,403
2026-02-12 07:25:00,6982.5,6983.25,6981.0,6983.0,564
2026-02-12 07:30:00,6983.0,6985.0,6982.5,6984.25,1099
2026-02-12 07:35:00,6984.0,6985.0,6983.25,6984.5,668
2026-02-12 07:40:00,6984.5,6986.75,6982.75,6983.25,1161
2026-02-12 07:45:00,6983.25,6983.5,6981.75,6983.5,990
2026-02-12 07:50:00,6983.25,6984.25,6979.5,6980.75,1122
2026-02-12 07:55:00,6980.5,6981.75,6979.5,6980.0,730
2026-02-12 08:00:00,6980.0,6980.25,6976.75,6976.75,1559
2026-02-12 08:05:00,6976.75,6978.25,6975.5,6978.0,1129
2026-02-12 08:10:00,6977.75,6978.25,6974.5,6974.5,1157
2026-02-12 08:15:00,6974.5,6975.75,6973.5,6975.5,1462
2026-02-12 08:20:00,6975.25,6975.75,6974.0,6975.0,1103
2026-02-12 08:25:00,6975.25,6978.0,6974.25,6977.75,1316
2026-02-12 08:30:00,6978.0,6983.25,6976.0,6982.75,2749
2026-02-12 08:35:00,6983.0,6986.75,6981.75,6985.75,2677
2026-02-12 08:40:00,6985.75,6991.5,6985.5,6988.75,3997
2026-02-12 08:45:00,6989.0,6989.25,6985.5,6987.0,1978
2026-02-12 08:50:00,6986.75,6987.0,6983.75,6985.5,1680
2026-02-12 08:55:00,6985.5,6988.5,6985.5,6986.5,1697
2026-02-12 09:00:00,6986.5,6986.75,6982.25,6983.0,2766
2026-02-12 09:05:00,6983.25,6985.0,6982.5,6984.75,1411
2026-02-12 09:10:00,6984.75,6985.25,6981.0,6981.25,2219
2026-02-12 09:15:00,6981.25,6982.5,6980.25,6981.5,2194
2026-02-12 09:20:00,6981.5,6982.75,6980.0,6980.75,1718
2026-02-12 09:25:00,6981.0,6982.5,6979.5,6981.5,4380
2026-02-12 09:30:00,6981.25,6989.25,6979.75,6988.75,37425
2026-02-12 09:35:00,6988.75,6990.0,6982.5,6987.25,23345
2026-02-12 09:40:00,6987.25,6992.75,6978.75,6979.25,32825
2026-02-12 09:45:00,6979.25,6982.75,6970.0,6972.25,33981
2026-02-12 09:50:00,6972.0,6979.0,6969.5,6976.5,24253
2026-02-12 09:55:00,6976.25,6976.5,6962.0,6967.25,23176
2026-02-12 10:00:00,6967.0,6975.25,6962.25,6965.25,27088
2026-02-12 10:05:00,6965.25,6971.25,6960.25,6963.0,21417
2026-02-12 10:10:00,6962.75,6973.0,6961.0,6972.5,21036
2026-02-12 10:15:00,6972.5,6975.0,6966.75,6967.0,17734
2026-02-12 10:20:00,6966.75,6976.0,6964.0,6969.25,18097
2026-02-12 10:25:00,6969.25,6972.5,6965.75,6969.5,12461
2026-02-12 10:30:00,6969.75,6974.0,6958.0,6958.25,17660
2026-02-12 10:35:00,6958.25,6960.25,6948.25,6950.25,24356
2026-02-12 10:40:00,6950.25,6952.0,6941.75,6942.5,26129
2026-02-12 10:45:00,6942.25,6947.75,6940.75,6943.75,21726
2026-02-12 10:50:00,6943.75,6946.75,6933.5,6933.5,21191
2026-02-12 10:55:00,6933.75,6935.0,6924.25,6925.0,32458
2026-02-12 11:00:00,6925.0,6926.25,6917.75,6919.75,41518
2026-02-12 11:05:00,6919.75,6921.0,6906.5,6908.5,39085
2026-02-12 11:10:00,6908.5,6909.75,6898.5,6901.5,42818
2026-02-12 11:15:00,6901.25,6903.0,6889.25,6893.25,39098
2026-02-12 11:20:00,6893.25,6894.75,6881.75,6888.0,48680
2026-02-12 11:25:00,6888.0,6889.0,6873.5,6874.0,43290
2026-02-12 11:30:00,6874.0,6888.75,6873.0,6883.25,52756
2026-02-12 11:35:00,6883.25,6896.25,6882.0,6893.75,38349
2026-02-12 11:40:00,6893.75,6896.5,6885.25,6887.25,28491
2026-02-12 11:45:00,6887.25,6891.5,6878.5,6883.25,27344
2026-02-12 11:50:00,6883.25,6887.25,6876.75,6880.25,25045
2026-02-12 11:55:00,6880.0,6885.5,6879.5,6884.5,19090
2026-02-12 12:00:00,6884.5,6884.75,6871.75,6882.25,28527
2026-02-12 12:05:00,6882.25,6889.25,6874.0,6886.5,23420
2026-02-12 12:10:00,6886.5,6886.5,6874.25,6876.25,18787
2026-02-12 12:15:00,6876.25,6879.5,6872.75,6873.25,17916
2026-02-12 12:20:00,6873.25,6888.25,6873.25,6886.75,20625
2026-02-12 12:25:00,6886.75,6890.75,6876.75,6879.25,21761
2026-02-12 12:30:00,6879.5,6886.25,6876.75,6885.0,17101
2026-02-12 12:35:00,6885.0,6894.0,6884.75,6886.5,17945
2026-02-12 12:40:00,6886.5,6892.0,6883.25,6889.25,14590
2026-02-12 12:45:00,6889.25,6892.0,6879.0,6882.5,16151
2026-02-12 12:50:00,6882.5,6887.25,6873.25,6875.25,17073
2026-02-12 12:55:00,6875.25,6878.0,6867.0,6867.75,18268
2026-02-12 13:00:00,6867.75,6874.25,6862.25,6869.25,26103
2026-02-12 13:05:00,6869.25,6879.25,6868.75,6871.5,16319
2026-02-12 13:10:00,6871.75,6873.75,6868.5,6871.0,11365
2026-02-12 13:15:00,6871.0,6871.25,6862.25,6864.25,13229
2026-02-12 13:20:00,6864.0,6875.75,6864.0,6873.75,12944
2026-02-12 13:25:00,6873.5,6875.5,6860.0,6869.5,26795
2026-02-12 13:30:00,6869.75,6873.75,6865.75,6871.5,19364
2026-02-12 13:35:00,6871.75,6880.5,6870.0,6880.5,15066
2026-02-12 13:40:00,6880.5,6887.5,6876.75,6886.5,16079
2026-02-12 13:45:00,6886.75,6888.75,6883.25,6884.0,13160
2026-02-12 13:50:00,6884.0,6891.5,6881.75,6888.5,13515
2026-02-12 13:55:00,6888.5,6890.75,6881.0,6885.0,17137
2026-02-12 14:00:00,6885.25,6889.5,6881.25,6883.0,14726
2026-02-12 14:05:00,6882.75,6887.5,6882.5,6882.75,10076
2026-02-12 14:10:00,6882.75,6884.5,6874.0,6879.5,14800
2026-02-12 14:15:00,6879.5,6889.75,6879.5,6888.5,12646
2026-02-12 14:20:00,6888.75,6892.25,6887.0,6890.0,12567
2026-02-12 14:25:00,6890.0,6891.0,6878.25,6879.75,17801
2026-02-12 14:30:00,6879.5,6889.0,6879.5,6886.25,12779
2026-02-12 14:35:00,6886.5,6891.75,6885.25,6891.25,10106
2026-02-12 14:40:00,6891.25,6893.75,6886.0,6888.25,12833
2026-02-12 14:45:00,6888.5,6896.0,6888.5,6895.75,13278
2026-02-12 14:50:00,6895.25,6898.0,6891.0,6891.75,15616
2026-02-12 14:55:00,6891.75,6896.25,6886.0,6889.75,19414
2026-02-12 15:00:00,6890.0,6893.0,6887.75,6892.25,11306
2026-02-12 15:05:00,6892.25,6893.75,6884.5,6885.5,10167
2026-02-12 15:10:00,6885.5,6887.25,6880.0,6886.5,13226
2026-02-12 15:15:00,6886.5,6886.75,6878.5,6879.5,11653
2026-02-12 15:20:00,6879.25,6879.5,6873.5,6875.5,16207
2026-02-12 15:25:00,6875.5,6876.0,6869.0,6870.25,14497
2026-02-12 15:30:00,6870.0,6872.0,6863.25,6867.25,20340
2026-02-12 15:35:00,6867.5,6869.75,6865.25,6867.25,12887
2026-02-12 15:40:00,6867.25,6871.75,6862.25,6864.75,16740
2026-02-12 15:45:00,6865.0,6865.75,6854.0,6856.75,24214
2026-02-12 15:50:00,6856.75,6856.75,6842.0,6855.5,52060
2026-02-12 15:55:00,6855.5,6856.5,6847.5,6850.75,94376
2026-02-12 16:00:00,6850.75,6852.0,6846.75,6850.75,30361
2026-02-12 16:05:00,6851.0,6855.75,6849.0,6854.75,9524
2026-02-12 16:10:00,6854.5,6857.0,6853.5,6856.0,5557
2026-02-12 16:15:00,6856.0,6857.5,6854.0,6857.0,3619
2026-02-12 16:20:00,6856.75,6858.5,6856.25,6857.75,2380
2026-02-12 16:25:00,6858.0,6859.75,6856.5,6859.5,1541
2026-02-12 16:30:00,6859.5,6863.0,6859.0,6862.25,2409
2026-02-12 16:35:00,6862.25,6864.0,6862.0,6862.0,1700
2026-02-12 16:40:00,6862.0,6863.0,6860.75,6861.75,2332
2026-02-12 16:45:00,6862.0,6863.25,6860.25,6863.25,2334
2026-02-12 16:50:00,6863.25,6865.0,6863.0,6863.5,1872
2026-02-12 16:55:00,6863.5,6863.5,6860.75,6861.75,2072
2026-02-12 18:00:00,6865.5,6865.5,6856.5,6858.5,0
2026-02-12 18:05:00,6858.25,6864.0,6855.0,6863.5,1856
2026-02-12 18:10:00,6863.75,6865.5,6862.25,6862.5,894
2026-02-12 18:15:00,6862.5,6867.0,6861.75,6862.5,1156
2026-02-12 18:20:00,6862.5,6863.5,6860.25,6861.75,931
2026-02-12 18:25:00,6861.75,6864.25,6861.5,6864.0,675
2026-02-12 18:30:00,6864.25,6865.75,6852.25,6856.75,3734
2026-02-12 18:35:00,6856.75,6859.0,6847.25,6849.5,3243
2026-02-12 18:40:00,6849.75,6854.0,6847.25,6853.0,1468
2026-02-12 18:45:00,6853.25,6858.25,6851.5,6857.5,1284
2026-02-12 18:50:00,6857.5,6862.0,6857.5,6861.5,1324
2026-02-12 18:55:00,6861.25,6863.25,6859.75,6860.75,1098
2026-02-12 19:00:00,6860.5,6868.5,6856.5,6866.5,3179
2026-02-12 19:05:00,6866.0,6868.75,6864.5,6865.75,1309
2026-02-12 19:10:00,6866.0,6867.5,6862.75,6864.0,1130
2026-02-12 19:15:00,6863.75,6864.75,6860.75,6861.75,944
2026-02-12 19:20:00,6861.5,6864.0,6854.25,6855.5,3450
2026-02-12 19:25:00,6855.5,6856.0,6849.5,6852.5,1996
2026-02-12 19:30:00,6852.25,6854.75,6851.0,6851.5,1136
2026-02-12 19:35:00,6851.75,6853.0,6849.5,6852.25,961
2026-02-12 19:40:00,6852.25,6853.75,6845.25,6846.0,1965
2026-02-12 19:45:00,6846.0,6847.5,6840.25,6843.75,2525
2026-02-12 19:50:00,6843.5,6846.0,6840.75,6842.25,1892
2026-02-12 19:55:00,6842.5,6847.0,6842.25,6844.75,1427
2026-02-12 20:00:00,6844.75,6852.75,6844.75,6852.5,1824
2026-02-12 20:05:00,6852.5,6859.25,6851.25,6858.0,2426
2026-02-12 20:10:00,6857.75,6859.25,6856.5,6858.5,1103
2026-02-12 20:15:00,6858.25,6860.75,6857.0,6859.25,986
2026-02-12 20:20:00,6859.0,6859.75,6853.75,6853.75,2692
2026-02-12 20:25:00,6853.75,6858.25,6853.0,6856.75,1099
2026-02-12 20:30:00,6856.5,6858.5,6854.25,6857.75,888
2026-02-12 20:35:00,6857.5,6859.5,6855.5,6858.5,683
2026-02-12 20:40:00,6858.5,6859.5,6856.25,6857.25,601
2026-02-12 20:45:00,6856.75,6859.75,6856.0,6858.75,668
2026-02-12 20:50:00,6859.0,6861.5,6855.5,6855.5,1216
2026-02-12 20:55:00,6855.5,6856.0,6851.0,6854.5,1251
2026-02-12 21:00:00,6854.5,6862.5,6854.5,6859.75,1457
2026-02-12 21:05:00,6859.25,6861.75,6858.0,6861.25,917
2026-02-12 21:10:00,6861.5,6862.25,6860.5,6861.0,511
2026-02-12 21:15:00,6861.0,6861.25,6857.5,6858.0,879
2026-02-12 21:20:00,6858.25,6859.5,6856.25,6858.0,763
2026-02-12 21:25:00,6858.0,6859.5,6855.75,6859.25,447
2026-02-12 21:30:00,6859.25,6862.25,6859.25,6861.0,487
2026-02-12 21:35:00,6861.0,6862.25,6860.5,6861.75,283
2026-02-12 21:40:00,6861.5,6861.75,6856.5,6858.25,1104
2026-02-12 21:45:00,6858.0,6859.25,6856.25,6858.0,490
2026-02-12 21:50:00,6858.0,6859.25,6857.5,6858.0,360
2026-02-12 21:55:00,6858.0,6859.0,6857.0,6857.5,312
2026-02-12 22:00:00,6857.75,6861.0,6857.5,6860.0,582
2026-02-12 22:05:00,6860.0,6860.0,6857.25,6857.5,357
2026-02-12 22:10:00,6857.75,6858.75,6857.0,6857.25,323
2026-02-12 22:15:00,6857.25,6858.5,6855.75,6856.0,476
2026-02-12 22:20:00,6856.0,6856.25,6851.75,6852.25,1222
2026-02-12 22:25:00,6852.25,6853.75,6851.5,6853.0,636
2026-02-12 22:30:00,6852.75,6857.0,6852.5,6855.25,665
2026-02-12 22:35:00,6855.5,6856.0,6854.25,6855.5,368
2026-02-12 22:40:00,6855.5,6855.5,6852.75,6854.25,329
2026-02-12 22:45:00,6854.25,6855.0,6851.5,6852.0,530
2026-02-12 22:50:00,6852.0,6853.0,6847.75,6848.5,909
2026-02-12 22:55:00,6848.25,6848.75,6846.5,6847.0,738
2026-02-12 23:00:00,6847.25,6848.0,6845.75,6847.25,687
2026-02-12 23:05:00,6847.5,6849.25,6847.0,6848.0,446
2026-02-12 23:10:00,6848.25,6851.25,6847.75,6851.0,557
2026-02-12 23:15:00,6851.0,6858.0,6851.0,6854.25,1378
2026-02-12 23:20:00,6854.5,6855.5,6852.25,6853.75,456
2026-02-12 23:25:00,6853.75,6855.25,6853.75,6854.75,369
2026-02-12 23:30:00,6854.5,6855.0,6851.25,6851.25,441
2026-02-12 23:35:00,6851.5,6852.25,6848.75,6849.5,480
2026-02-12 23:40:00,6849.5,6851.75,6849.0,6849.5,597
2026-02-12 23:45:00,6849.75,6851.0,6848.0,6849.5,465
2026-02-12 23:50:00,6849.5,6850.75,6847.75,6848.75,557
2026-02-12 23:55:00,6848.75,6850.75,6848.5,6849.75,408
2026-02-13 00:05:00,6848.25,6850.0,6848.25,6849.5,994
2026-02-13 00:10:00,6849.5,6849.5,6846.5,6846.5,395
2026-02-13 00:15:00,6846.5,6847.0,6843.0,6844.0,1120
2026-02-13 00:20:00,6844.0,6844.25,6839.5,6839.75,1668
2026-02-13 00:25:00,6839.75,6840.75,6836.0,6836.75,1546
2026-02-13 00:30:00,6836.75,6839.25,6835.0,6838.0,1564
2026-02-13 00:35:00,6838.25,6841.5,6836.25,6836.5,1243
2026-02-13 00:40:00,6836.75,6840.5,6835.0,6838.5,1155
2026-02-13 00:45:00,6838.25,6842.25,6838.25,6841.0,889
2026-02-13 00:50:00,6841.0,6841.0,6836.0,6836.0,812
2026-02-13 00:55:00,6836.0,6840.75,6836.0,6838.0,743
2026-02-13 01:00:00,6838.0,6841.5,6836.5,6837.5,878
2026-02-13 01:05:00,6837.5,6841.0,6837.5,6839.5,473
2026-02-13 01:10:00,6840.0,6841.5,6837.75,6838.75,682
2026-02-13 01:15:00,6839.0,6841.75,6837.5,6840.75,766
2026-02-13 01:20:00,6841.0,6841.0,6835.0,6836.25,1057
2026-02-13 01:25:00,6836.25,6836.25,6830.5,6832.5,2542
2026-02-13 01:30:00,6832.5,6833.0,6827.5,6830.5,2477
2026-02-13 01:35:00,6830.5,6830.75,6824.25,6827.75,1786
2026-02-13 01:40:00,6827.5,6829.75,6826.75,6828.75,1008
2026-02-13 01:45:00,6829.25,6833.25,6828.0,6833.0,1131
2026-02-13 01:50:00,6833.0,6837.5,6833.0,6837.0,667
2026-02-13 01:55:00,6837.25,6839.75,6837.0,6838.0,770
2026-02-13 02:00:00,6838.0,6843.5,6838.0,6840.0,1566
2026-02-13 02:05:00,6840.0,6843.75,6838.5,6842.75,1248
2026-02-13 02:10:00,6843.0,6845.0,6841.75,6842.75,1031
2026-02-13 02:15:00,6843.0,6846.5,6842.75,6845.25,1086
2026-02-13 02:20:00,6845.25,6847.0,6844.0,6846.75,674
2026-02-13 02:25:00,6846.75,6847.5,6842.75,6843.0,980
2026-02-13 02:30:00,6843.0,6844.0,6841.0,6843.75,750
2026-02-13 02:35:00,6843.5,6843.75,6838.25,6839.5,1152
2026-02-13 02:40:00,6839.5,6841.0,6838.75,6839.5,706
2026-02-13 02:45:00,6839.75,6840.25,6838.75,6839.25,541
2026-02-13 02:50:00,6839.25,6841.5,6836.75,6841.5,721
2026-02-13 02:55:00,6841.25,6843.75,6839.5,6843.25,1213
2026-02-13 03:00:00,6843.5,6846.0,6838.5,6845.5,2255
2026-02-13 03:05:00,6845.75,6849.75,6845.25,6847.5,2922
2026-02-13 03:10:00,6847.5,6848.0,6839.25,6840.0,2540
2026-02-13 03:15:00,6839.75,6840.75,6827.5,6828.75,4088
2026-02-13 03:20:00,6829.0,6838.25,6828.0,6838.0,2269
2026-02-13 03:25:00,6838.0,6843.5,6838.0,6842.25,2024
2026-02-13 03:30:00,6842.0,6845.5,6838.75,6844.25,1772
2026-02-13 03:35:00,6844.25,6845.25,6837.25,6838.5,1422
2026-02-13 03:40:00,6838.5,6844.25,6838.0,6843.75,1714
2026-02-13 03:45:00,6844.0,6849.5,6844.0,6846.75,2089
2026-02-13 03:50:00,6846.75,6849.5,6845.25,6847.0,1889
2026-02-13 03:55:00,6847.0,6847.25,6843.75,6845.75,1664
2026-02-13 04:00:00,6845.75,6846.75,6837.0,6837.75,2535
2026-02-13 04:05:00,6837.5,6845.5,6837.25,6844.0,2188
2026-02-13 04:10:00,6844.25,6847.0,6842.75,6843.0,1000
2026-02-13 04:15:00,6842.75,6850.0,6842.5,6849.5,1321
2026-02-13 04:20:00,6849.5,6853.75,6849.25,6852.0,1888
2026-02-13 04:25:00,6851.75,6854.5,6851.25,6851.5,1197
2026-02-13 04:30:00,6851.5,6853.0,6849.75,6851.75,1614
2026-02-13 04:35:00,6852.0,6852.5,6850.25,6851.0,900
2026-02-13 04:40:00,6851.0,6853.75,6849.75,6850.0,1428
2026-02-13 04:45:00,6850.25,6854.25,6850.0,6852.75,1171
2026-02-13 04:50:00,6852.75,6854.5,6847.75,6848.25,1202
2026-02-13 04:55:00,6848.25,6848.5,6845.25,6846.75,3798
2026-02-13 05:00:00,6846.5,6850.0,6846.0,6848.75,1104
2026-02-13 05:05:00,6848.75,6849.75,6844.5,6844.75,1297
2026-02-13 05:10:00,6844.75,6850.5,6844.75,6850.0,1051
2026-02-13 05:15:00,6850.25,6851.0,6848.5,6851.0,907
2026-02-13 05:20:00,6851.25,6853.5,6850.75,6852.75,1359
2026-02-13 05:25:00,6852.75,6853.75,6850.0,6850.75,1013
2026-02-13 05:30:00,6851.0,6851.75,6847.25,6847.5,691
2026-02-13 05:35:00,6847.0,6848.0,6844.5,6845.0,813
2026-02-13 05:40:00,6845.25,6848.75,6844.25,6845.5,2198
2026-02-13 05:45:00,6845.5,6847.0,6843.0,6843.75,1053
2026-02-13 05:50:00,6843.75,6843.75,6838.25,6842.25,2148
2026-02-13 05:55:00,6842.25,6842.5,6837.75,6838.0,1033
2026-02-13 06:00:00,6838.25,6839.75,6833.0,6833.25,1419
2026-02-13 06:05:00,6833.0,6835.5,6829.5,6830.25,1813
2026-02-13 06:10:00,6830.25,6831.75,6828.0,6828.5,1644
2026-02-13 06:15:00,6828.25,6833.25,6825.0,6833.0,2560
2026-02-13 06:20:00,6832.5,6832.75,6824.25,6825.75,2121
2026-02-13 06:25:00,6825.75,6831.25,6824.25,6827.75,2603
2026-02-13 06:30:00,6827.5,6831.5,6820.0,6831.0,4378
2026-02-13 06:35:00,6830.75,6835.75,6830.0,6831.5,2667
2026-02-13 06:40:00,6831.75,6833.75,6827.25,6827.5,1740
2026-02-13 06:45:00,6827.75,6830.0,6824.5,6828.0,1827
2026-02-13 06:50:00,6827.75,6833.75,6826.0,6833.75,1455
2026-02-13 06:55:00,6833.75,6837.5,6833.75,6837.0,1535
2026-02-13 07:00:00,6837.0,6842.75,6833.75,6834.5,3924
2026-02-13 07:05:00,6834.75,6834.75,6830.5,6831.25,1738
2026-02-13 07:10:00,6831.0,6834.25,6828.5,6830.25,1416
2026-02-13 07:15:00,6830.0,6834.5,6827.75,6832.5,1729
2026-02-13 07:20:00,6832.5,6837.75,6831.5,6836.0,2042
2026-02-13 07:25:00,6836.0,6838.75,6834.75,6835.75,1323
2026-02-13 07:30:00,6835.75,6841.0,6834.75,6838.25,1913
2026-02-13 07:35:00,6838.25,6839.5,6835.75,6837.25,1087
2026-02-13 07:40:00,6837.25,6839.5,6836.75,6838.5,1317
2026-02-13 07:45:00,6838.5,6838.75,6833.5,6834.25,1670
2026-02-13 07:50:00,6834.25,6841.0,6834.0,6840.25,2324
2026-02-13 07:55:00,6840.5,6843.5,6829.25,6835.5,6734
2026-02-13 08:00:00,6835.25,6840.5,6833.75,6839.75,2392
2026-02-13 08:05:00,6839.5,6840.25,6825.5,6826.0,6618
2026-02-13 08:10:00,6825.5,6828.75,6822.25,6823.25,3664
2026-02-13 08:15:00,6823.25,6832.75,6821.25,6831.5,4862
2026-02-13 08:20:00,6831.75,6839.0,6828.0,6835.75,4425
2026-02-13 08:25:00,6835.75,6846.5,6835.75,6839.0,4940
2026-02-13 08:30:00,6838.5,6865.0,6838.0,6856.0,23336
2026-02-13 08:35:00,6856.0,6856.25,6846.0,6852.5,8639
2026-02-13 08:40:00,6852.25,6858.25,6849.25,6852.75,6473
2026-02-13 08:45:00,6852.5,6855.0,6842.5,6854.75,10675
2026-02-13 08:50:00,6854.75,6856.5,6851.5,6856.0,3697
2026-02-13 08:55:00,6856.0,6860.5,6850.5,6855.0,6537
2026-02-13 09:00:00,6854.75,6862.25,6854.5,6856.25,5714
2026-02-13 09:05:00,6856.25,6856.75,6845.5,6845.5,5734
2026-02-13 09:10:00,6845.75,6851.75,6844.75,6849.25,4801
2026-02-13 09:15:00,6849.25,6851.75,6845.5,6847.25,4774
2026-02-13 09:20:00,6847.0,6848.75,6845.5,6846.75,3330
2026-02-13 09:25:00,6846.75,6854.5,6846.25,6851.25,6866
2026-02-13 09:30:00,6851.25,6859.75,6843.0,6846.5,54235
2026-02-13 09:35:00,6846.5,6847.25,6832.0,6832.75,38683
2026-02-13 09:40:00,6832.75,6839.75,6808.75,6839.0,58034
2026-02-13 09:45:00,6839.0,6862.75,6838.5,6848.5,53960
2026-02-13 09:50:00,6848.75,6849.75,6831.75,6839.25,48168
2026-02-13 09:55:00,6839.0,6855.25,6830.0,6833.5,32349
2026-02-13 10:00:00,6833.25,6851.0,6832.75,6844.25,32885
2026-02-13 10:05:00,6844.25,6859.75,6834.75,6859.0,31507
2026-02-13 10:10:00,6859.25,6864.0,6847.0,6847.75,34289
2026-02-13 10:15:00,6847.75,6857.75,6839.5,6844.75,33215
2026-02-13 10:20:00,6844.75,6856.5,6839.0,6847.0,25538
2026-02-13 10:25:00,6847.0,6869.0,6846.25,6864.25,24823
2026-02-13 10:30:00,6864.25,6880.0,6863.5,6875.75,24574
2026-02-13 10:35:00,6876.0,6880.75,6862.5,6863.75,22598
2026-02-13 10:40:00,6863.25,6866.5,6850.0,6851.25,21536
2026-02-13 10:45:00,6851.25,6857.75,6842.5,6846.5,22775
2026-02-13 10:50:00,6846.75,6863.0,6845.75,6860.75,17819
2026-02-13 10:55:00,6861.0,6867.0,6857.25,6860.0,15145
2026-02-13 11:00:00,6860.25,6869.5,6859.5,6869.25,12728
2026-02-13 11:05:00,6869.0,6877.0,6868.0,6874.75,17806
2026-02-13 11:10:00,6874.75,6875.0,6861.5,6869.0,17942
2026-02-13 11:15:00,6869.25,6876.5,6865.5,6866.0,14048
2026-02-13 11:20:00,6866.25,6869.25,6852.75,6858.5,15460
2026-02-13 11:25:00,6858.25,6874.75,6856.75,6873.0,17550
2026-02-13 11:30:00,6873.0,6877.25,6863.25,6873.5,18970
2026-02-13 11:35:00,6873.5,6879.75,6867.75,6879.5,12714
2026-02-13 11:40:00,6879.25,6881.25,6874.25,6880.5,11231
2026-02-13 11:45:00,6880.5,6885.25,6877.75,6879.0,12381
2026-02-13 11:50:00,6879.25,6885.0,6877.0,6885.0,10159
2026-02-13 11:55:00,6885.0,6890.25,6882.25,6882.5,13901
2026-02-13 12:00:00,6882.5,6889.5,6879.75,6887.75,9760
2026-02-13 12:05:00,6888.0,6891.75,6885.25,6886.75,8092
2026-02-13 12:10:00,6887.0,6895.25,6886.75,6894.5,9803
2026-02-13 12:15:00,6894.5,6895.25,6883.0,6885.5,10724
2026-02-13 12:20:00,6885.5,6895.0,6884.75,6892.5,9223
2026-02-13 12:25:00,6892.75,6893.25,6887.5,6888.75,8624
2026-02-13 12:30:00,6888.5,6895.75,6887.75,6893.25,9393
2026-02-13 12:35:00,6893.5,6895.75,6890.75,6894.75,7263
2026-02-13 12:40:00,6894.75,6897.75,6892.0,6892.0,7769
2026-02-13 12:45:00,6891.75,6895.75,6889.5,6895.0,9767
2026-02-13 12:50:00,6894.75,6895.0,6888.25,6890.25,6269
2026-02-13 12:55:00,6890.25,6891.5,6883.75,6886.25,9625
2026-02-13 13:00:00,6886.25,6888.75,6878.5,6879.5,13454
2026-02-13 13:05:00,6879.5,6884.5,6875.5,6882.25,10435
2026-02-13 13:10:00,6882.25,6889.75,6882.0,6887.75,9096
2026-02-13 13:15:00,6887.5,6893.25,6884.75,6888.5,8386
2026-02-13 13:20:00,6888.25,6897.75,6888.25,6894.25,7213
2026-02-13 13:25:00,6894.25,6896.75,6884.5,6889.0,11606
2026-02-13 13:30:00,6889.0,6894.25,6886.0,6893.25,8083
2026-02-13 13:35:00,6893.0,6895.75,6887.75,6892.75,5709
2026-02-13 13:40:00,6892.75,6893.5,6883.5,6885.0,7775
2026-02-13 13:45:00,6885.0,6892.0,6884.75,6886.75,7022
2026-02-13 13:50:00,6886.75,6887.0,6879.0,6883.5,9182
2026-02-13 13:55:00,6883.5,6885.25,6878.5,6881.25,8727
2026-02-13 14:00:00,6881.75,6885.25,6879.0,6880.0,7937
2026-02-13 14:05:00,6880.0,6886.75,6879.5,6885.5,6446
2026-02-13 14:10:00,6885.5,6888.25,6881.5,6884.75,7183
2026-02-13 14:15:00,6884.75,6886.25,6880.0,6885.0,6170
2026-02-13 14:20:00,6885.0,6888.5,6882.75,6887.25,6142
2026-02-13 14:25:00,6887.5,6888.0,6876.0,6878.5,9287
2026-02-13 14:30:00,6878.25,6884.25,6877.25,6881.75,9898
2026-02-13 14:35:00,6881.75,6882.75,6872.5,6875.75,7997
2026-02-13 14:40:00,6875.5,6877.5,6867.75,6871.25,12609
2026-02-13 14:45:00,6871.5,6877.25,6869.25,6872.75,9518
2026-02-13 14:50:00,6873.0,6874.5,6865.75,6867.75,10303
2026-02-13 14:55:00,6867.5,6870.5,6856.75,6858.75,15402
2026-02-13 15:00:00,6858.75,6867.75,6858.5,6866.0,13769
2026-02-13 15:05:00,6866.0,6867.5,6861.5,6866.0,7024
2026-02-13 15:10:00,6866.0,6866.25,6855.75,6856.0,9421
2026-02-13 15:15:00,6856.0,6861.5,6853.0,6860.75,12531
2026-02-13 15:20:00,6860.5,6860.75,6851.5,6851.5,10345
2026-02-13 15:25:00,6851.5,6853.25,6838.25,6841.0,19255
2026-02-13 15:30:00,6841.0,6847.25,6836.5,6837.0,20151
2026-02-13 15:35:00,6837.25,6841.5,6835.0,6838.5,17287
2026-02-13 15:40:00,6838.5,6843.25,6832.75,6836.5,15290
2026-02-13 15:45:00,6836.75,6848.75,6835.75,6847.0,18445
2026-02-13 15:50:00,6847.0,6851.0,6838.25,6849.25,24930
2026-02-13 15:55:00,6849.25,6852.75,6842.75,6850.25,71422
2026-02-13 16:00:00,6850.25,6856.5,6847.75,6848.5,25743
2026-02-13 16:05:00,6848.25,6849.5,6845.25,6847.25,6691
2026-02-13 16:10:00,6847.5,6853.0,6846.0,6852.5,4575
2026-02-13 16:15:00,6852.75,6853.0,6849.75,6850.25,1597
2026-02-13 16:20:00,6850.0,6850.25,6845.75,6846.5,1803
2026-02-13 16:25:00,6846.5,6849.25,6845.75,6848.25,1397
2026-02-13 16:30:00,6848.25,6849.75,6847.5,6848.0,702
2026-02-13 16:35:00,6848.0,6850.0,6847.25,6848.75,979
2026-02-13 16:40:00,6848.75,6848.75,6847.0,6847.25,959
2026-02-13 16:45:00,6847.5,6848.25,6846.25,6846.75,795
2026-02-13 16:50:00,6846.5,6847.75,6845.75,6847.75,1050
2026-02-13 16:55:00,6847.5,6851.0,6845.25,6845.25,1704
2026-02-15 18:25:00,6850.5,6857.5,6850.5,6856.75,118
2026-02-15 18:30:00,6856.75,6859.25,6853.75,6854.25,599
2026-02-15 18:35:00,6854.25,6857.0,6852.0,6853.25,553
2026-02-15 18:40:00,6853.5,6857.25,6853.5,6856.75,366
2026-02-15 18:45:00,6856.5,6857.0,6854.25,6855.0,400
2026-02-15 18:50:00,6855.0,6856.5,6851.0,6853.75,537
2026-02-15 18:55:00,6854.0,6861.5,6852.0,6860.5,1315
2026-02-15 19:00:00,6860.5,6861.75,6855.75,6857.25,2451
2026-02-15 19:05:00,6857.25,6863.25,6856.25,6862.5,1101
2026-02-15 19:10:00,6862.25,6863.75,6861.25,6862.25,812
2026-02-15 19:15:00,6862.25,6863.5,6861.5,6861.75,633
2026-02-15 19:20:00,6861.75,6862.5,6861.0,6861.5,679
2026-02-15 19:25:00,6861.5,6864.25,6861.0,6863.0,634
2026-02-15 19:30:00,6863.0,6864.0,6862.0,6863.25,442
2026-02-15 19:35:00,6863.25,6864.5,6861.75,6863.0,591
2026-02-15 19:40:00,6863.0,6863.75,6862.75,6863.25,77
