time,open,high,low,close,TEMA Fast,TEMA Slow,TEMA Trend,IB High,IB Low,IB Mid,Prev VAH,Prev VAL,Prev POC,VWAP,IB Long,IB Short,VA Long,VA Short,80% Long,80% Short
1769070000.0,6936.5,6940.5,6936.0,6940.25,6939.911381749999,6937.39325275325,6926.0484067926,6891.0,6845.5,6868.25,6890.93704257018,6838.88285210448,6864.90994733733,6927.230297804819,0.0,0.0,0.0,0.0,0.0,0.0
1769070300.0,6940.25,6945.5,6939.5,6942.0,6941.997257114919,6939.58757843407,6927.64346834563,6891.0,6845.5,6868.25,6890.93704257018,6838.88285210448,6864.90994733733,6927.94094252794,0.0,0.0,0.0,0.0,0.0,0.0
1769070600.0,6942.0,6943.25,6940.0,6943.0,6943.59814388632,6941.5762877404495,6929.229049566419,6891.0,6845.5,6868.25,6890.93704257018,6838.88285210448,6864.90994733733,6928.26960856345,0.0,0.0,0.0,0.0,0.0,0.0
1769070900.0,6943.0,6945.75,6942.0,6945.75,6945.737439122509,6943.82375538591,6930.98545357834,6891.0,6845.5,6868.25,6890.93704257018,6838.88285210448,6864.90994733733,6928.699844846939,0.0,0.0,0.0,0.0,0.0,0.0
1769071200.0,6946.0,6947.75,6944.75,6946.5,6947.24001327513,6945.781413179139,6932.6926841398,6891.0,6845.5,6868.25,6890.93704257018,6838.88285210448,6864.90994733733,6929.14433253243,0.0,0.0,0.0,0.0,0.0,0.0
1769071500.0,6946.25,6947.5,6944.25,6947.0,6948.2103984149,6947.43157385968,6934.32703675775,6891.0,6845.5,6868.25,6890.93704257018,6838.88285210448,6864.90994733733,6929.451197009759,0.0,0.0,0.0,0.0,0.0,0.0
1769071800.0,6947.0,6952.25,6946.75,6949.75,6949.947699538219,6949.3831367433395,6936.12494848133,6891.0,6845.5,6868.25,6890.93704257018,6838.88285210448,6864.90994733733,6930.00675117371,0.0,0.0,0.0,0.0,0.0,0.0
1769072100.0,6949.75,6950.0,6946.5,6947.25,6949.619400732,6950.274422104059,6937.53104078829,6891.0,6845.5,6868.25,6890.93704257018,6838.88285210448,6864.90994733733,6930.2392510624295,0.0,0.0,0.0,0.0,0.0,0.0
1769072400.0,6947.0,6952.0,6946.5,6951.75,6951.404702631839,6952.02864375989,6939.2951978644,6891.0,6845.5,6868.25,6890.93704257018,6838.88285210448,6864.90994733733,6930.561752185629,0.0,0.0,0.0,0.0,0.0,0.0
1769072700.0,6951.75,6952.75,6950.25,6951.25,6952.11725907454,6953.251518143,6940.87438695459,6891.0,6845.5,6868.25,6890.93704257018,6838.88285210448,6864.90994733733,6930.8180491974,0.0,0.0,0.0,0.0,0.0,0.0
1769073000.0,6951.5,6953.75,6951.25,6953.75,6953.611525900559,6954.77960823105,6942.5905183389295,6891.0,6845.5,6868.25,6890.93704257018,6838.88285210448,6864.90994733733,6931.0954394950595,0.0,0.0,0.0,0.0,0.0,0.0
1769073300.0,6953.75,6956.0,6953.25,6955.0,6955.00173248572,6956.248017856259,6944.303671492739,6891.0,6845.5,6868.25,6890.93704257018,6838.88285210448,6864.90994733733,6931.646098030859,0.0,0.0,0.0,0.0,0.0,0.0
1769073600.0,6955.0,6955.25,6951.0,6952.5,6954.49406488282,6956.73299458961,6945.625304386839,6891.0,6845.5,6868.25,6890.93704257018,6838.88285210448,6864.90994733733,6931.966274099929,0.0,0.0,0.0,0.0,0.0,0.0
1769073900.0,6952.75,6952.75,6950.25,6951.5,6953.52353060727,6956.77942874957,6946.73696586722,6891.0,6845.5,6868.25,6890.93704257018,6838.88285210448,6864.90994733733,6932.156535319559,0.0,0.0,0.0,0.0,0.0,0.0
1769074200.0,6951.5,6954.5,6951.0,6954.25,6954.126755915119,6957.40061012132,6948.040295052439,6891.0,6845.5,6868.25,6890.93704257018,6838.88285210448,6864.90994733733,6932.45819442167,0.0,0.0,0.0,0.0,0.0,0.0
1769074500.0,6954.25,6954.5,6952.25,6953.25,6953.9299966503395,6957.568252784699,6949.13356055992,6891.0,6845.5,6868.25,6890.93704257018,6838.88285210448,6864.90994733733,6932.6404647746995,0.0,0.0,0.0,0.0,0.0,0.0
1769074800.0,6953.5,6955.25,6953.25,6954.25,6954.2106682747,6957.86207585098,6950.23756701577,6891.0,6845.5,6868.25,6890.93704257018,6838.88285210448,6864.90994733733,6932.80370979401,0.0,0.0,0.0,0.0,0.0,0.0
1769075100.0,6954.25,6955.0,6954.0,6955.0,6954.688909319179,6958.202262412389,6951.3251580193,6891.0,6845.5,6868.25,6890.93704257018,6838.88285210448,6864.90994733733,6932.93864348162,0.0,0.0,0.0,0.0,0.0,0.0
1769075400.0,6955.25,6956.0,6953.75,6954.0,6954.445057563569,6958.149222414289,6952.2160533701,6891.0,6845.5,6868.25,6890.93704257018,6838.88285210448,6864.90994733733,6933.106958128989,0.0,0.0,0.0,0.0,0.0,0.0
1769075700.0,6954.0,6954.25,6952.5,6953.0,6953.7492944164,6957.77557269269,6952.92360187303,6891.0,6845.5,6868.25,6890.93704257018,6838.88285210448,6864.90994733733,6933.2944082595095,0.0,0.0,0.0,0.0,0.0,0.0
1769076000.0,6953.25,6954.25,6952.25,6952.75,6953.15051764872,6957.32938190812,6953.53790107814,6891.0,6845.5,6868.25,6890.93704257018,6838.88285210448,6864.90994733733,6933.57450144417,0.0,0.0,0.0,0.0,0.0,0.0
1769076300.0,6953.0,6953.0,6951.0,6953.0,6952.87846654998,6956.95416142366,6954.11700593352,6891.0,6845.5,6868.25,6890.93704257018,6838.88285210448,6864.90994733733,6933.7756651070695,0.0,0.0,0.0,0.0,0.0,0.0
1769076600.0,6952.75,6953.0,6949.25,6949.75,6951.12096457562,6955.77345481875,6954.30150738195,6891.0,6845.5,6868.25,6890.93704257018,6838.88285210448,6864.90994733733,6933.972786417679,0.0,0.0,0.0,0.0,0.0,0.0
1769076900.0,6950.0,6950.5,6946.25,6947.0,6948.68072424167,6954.05919624502,6954.17083665995,6891.0,6845.5,6868.25,6890.93704257018,6838.88285210448,6864.90994733733,6934.11049052127,0.0,0.0,0.0,0.0,0.0,0.0
1769077200.0,6947.25,6952.25,6946.5,6950.0,6948.651261068399,6953.34458519249,6954.34179040641,6891.0,6845.5,6868.25,6890.93704257018,6838.88285210448,6864.90994733733,6934.733091700279,0.0,0.0,0.0,0.0,0.0,0.0
1769077500.0,6950.0,6951.75,6949.25,6950.0,6948.7179698828695,6952.7189717948395,6954.48347640577,6891.0,6845.5,6868.25,6890.93704257018,6838.88285210448,6864.90994733733,6934.8248688004,0.0,0.0,0.0,0.0,0.0,0.0
1769077800.0,6950.0,6952.0,6949.5,6951.75,6949.6912372792995,6952.6079509579695,6954.77906962111,6891.0,6845.5,6868.25,6890.93704257018,6838.88285210448,6864.90994733733,6934.91098723631,0.0,0.0,0.0,0.0,0.0,0.0
1769078100.0,6951.75,6952.5,6950.5,6951.0,6950.00591296224,6952.304538126939,6954.95955205013,6891.0,6845.5,6868.25,6890.93704257018,6838.88285210448,6864.90994733733,6935.020547153959,0.0,0.0,0.0,0.0,0.0,0.0
1769078400.0,6951.0,6951.75,6950.0,6950.75,6950.124616113119,6951.969539469819,6955.084846582,6891.0,6845.5,6868.25,6890.93704257018,6838.88285210448,6864.90994733733,6935.104789512169,0.0,0.0,0.0,0.0,0.0,0.0
1769078700.0,6950.75,6951.75,6950.0,6951.25,6950.47563927102,6951.798387238549,6955.23657959885,6891.0,6845.5,6868.25,6890.93704257018,6838.88285210448,6864.90994733733,6935.20391723307,0.0,0.0,0.0,0.0,0.0,0.0
1769079000.0,6951.25,6952.25,6950.25,6951.25,6950.723298749909,6951.641212285849,6955.361456748939,6891.0,6845.5,6868.25,6890.93704257018,6838.88285210448,6864.90994733733,6935.312367732539,0.0,0.0,0.0,0.0,0.0,0.0
1769079300.0,6951.0,6952.25,6950.75,6951.25,6950.896493049349,6951.49790546977,6955.46160014317,6891.0,6845.5,6868.25,6890.93704257018,6838.88285210448,6864.90994733733,6935.36895634104,0.0,0.0,0.0,0.0,0.0,0.0
1769079600.0,6951.0,6954.0,6950.75,6951.5,6951.13837702537,6951.43034075919,6955.564840846289,6891.0,6845.5,6868.25,6890.93704257018,6838.88285210448,6864.90994733733,6935.58533437791,0.0,0.0,0.0,0.0,0.0,0.0
1769079900.0,6951.75,6954.75,6951.75,6954.5,6952.76116716608,6952.11101517016,6955.95546692445,6891.0,6845.5,6868.25,6890.93704257018,6838.88285210448,6864.90994733733,6935.8035402530295,0.0,0.0,0.0,0.0,0.0,0.0
1769080200.0,6954.5,6954.75,6950.25,6950.5,6951.832121751169,6951.668870046679,6955.889921334029,6891.0,6845.5,6868.25,6890.93704257018,6838.88285210448,6864.90994733733,6935.906108141199,0.0,0.0,0.0,0.0,0.0,0.0
1769080500.0,6950.25,6951.75,6944.75,6949.75,6950.852500280909,6951.107617556039,6955.73633856542,6891.0,6845.5,6868.25,6890.93704257018,6838.88285210448,6864.90994733733,6936.16046310797,0.0,0.0,0.0,0.0,0.0,0.0
1769080800.0,6949.75,6950.75,6948.0,6949.75,6950.228044500969,6950.63797576601,6955.57883914549,6891.0,6845.5,6868.25,6890.93704257018,6838.88285210448,6864.90994733733,6936.236274131699,0.0,0.0,0.0,0.0,0.0,0.0
1769081100.0,6949.75,6950.0,6947.0,6949.0,6949.48055259958,6950.060919716269,6955.340629296679,6891.0,6845.5,6868.25,6890.93704257018,6838.88285210448,6864.90994733733,6936.31643832315,0.0,0.0,0.0,0.0,0.0,0.0
1769081400.0,6948.75,6953.0,6947.5,6951.0,6950.0079609409595,6950.082220960389,6955.312095978799,6891.0,6845.5,6868.25,6890.93704257018,6838.88285210448,6864.90994733733,6936.765660405539,0.0,0.0,0.0,0.0,0.0,0.0
1769081700.0,6951.0,6951.75,6946.25,6947.5,6948.665204051609,6949.23208323705,6954.910457285289,6891.0,6845.5,6868.25,6890.93704257018,6838.88285210448,6864.90994733733,6936.84262054128,0.0,0.0,0.0,0.0,0.0,0.0
1769082000.0,6947.5,6947.5,6944.0,6945.5,6946.8632476482,6948.037229675049,6954.317409645299,6891.0,6845.5,6868.25,6890.93704257018,6838.88285210448,6864.90994733733,6936.90659292606,0.0,0.0,0.0,0.0,0.0,0.0
1769082300.0,6945.5,6946.0,6944.0,6945.25,6945.64867857836,6946.99792637006,6953.72796350875,6891.0,6845.5,6868.25,6890.93704257018,6838.88285210448,6864.90994733733,6936.946425749449,0.0,0.0,0.0,0.0,0.0,0.0
1769082600.0,6945.0,6946.5,6944.0,6945.5,6945.07597757795,6946.21690310496,6953.19430932792,6891.0,6845.5,6868.25,6890.93704257018,6838.88285210448,6864.90994733733,6936.98411571978,0.0,0.0,0.0,0.0,0.0,0.0
1769082900.0,6945.5,6946.5,6944.0,6945.25,6944.6768661125,6945.5290615513595,6952.66157617468,6891.0,6845.5,6868.25,6890.93704257018,6838.88285210448,6864.90994733733,6937.0368670015,0.0,0.0,0.0,0.0,0.0,0.0
1769083200.0,6945.0,6946.75,6941.75,6943.25,6943.5327251524595,6944.48601769732,6951.94950406046,6891.0,6845.5,6868.25,6890.93704257018,6838.88285210448,6864.90994733733,6937.127990481429,0.0,0.0,0.0,0.0,0.0,0.0
1769083500.0,6943.25,6946.0,6942.75,6945.0,6943.74585794981,6944.085457721059,6951.4590295974995,6891.0,6845.5,6868.25,6890.93704257018,6838.88285210448,6864.90994733733,6937.2164257818495,0.0,0.0,0.0,0.0,0.0,0.0
1769083800.0,6945.0,6945.5,6942.5,6943.0,6942.99378223643,6943.28581117781,6950.78771586914,6891.0,6845.5,6868.25,6890.93704257018,6838.88285210448,6864.90994733733,6937.25530133867,0.0,0.0,0.0,0.0,0.0,0.0
1769084100.0,6943.25,6946.0,6943.0,6945.0,6943.569785381849,6943.15289390929,6950.362384317769,6891.0,6845.5,6868.25,6890.93704257018,6838.88285210448,6864.90994733733,6937.304955803739,0.0,0.0,0.0,0.0,0.0,0.0
1769084400.0,6944.75,6948.0,6944.25,6947.25,6945.107302292799,6943.63413653269,6950.19226559403,6891.0,6845.5,6868.25,6890.93704257018,6838.88285210448,6864.90994733733,6937.40563342457,0.0,0.0,0.0,0.0,0.0,0.0
1769084700.0,6947.0,6947.75,6946.0,6946.25,6945.64235407462,6943.812492029169,6949.92396044338,6891.0,6845.5,6868.25,6890.93704257018,6838.88285210448,6864.90994733733,6937.44543438574,0.0,0.0,0.0,0.0,0.0,0.0
1769085000.0,6946.0,6948.75,6943.5,6948.0,6946.85135949241,6944.421554783839,6949.8489622178695,6891.0,6845.5,6868.25,6890.93704257018,6838.88285210448,6864.90994733733,6937.585034758359,0.0,0.0,0.0,0.0,0.0,0.0
1769085300.0,6948.0,6948.75,6946.25,6946.25,6946.762881732439,6944.513077912669,6949.5922566809495,6891.0,6845.5,6868.25,6890.93704257018,6838.88285210448,6864.90994733733,6937.66376827101,0.0,0.0,0.0,0.0,0.0,0.0
1769085600.0,6946.0,6948.5,6946.0,6947.5,6947.297191218629,6944.920235962059,6949.47698074438,6891.0,6845.5,6868.25,6890.93704257018,6838.88285210448,6864.90994733733,6937.72869348671,0.0,0.0,0.0,0.0,0.0,0.0
1769085900.0,6947.5,6948.0,6945.5,6946.0,6946.88442205854,6944.90221954493,6949.209280630959,6891.0,6845.5,6868.25,6890.93704257018,6838.88285210448,6864.90994733733,6937.791088613149,0.0,0.0,0.0,0.0,0.0,0.0
1769086200.0,6946.0,6947.75,6944.75,6945.5,6946.35460124774,6944.7797567137195,6948.90352371431,6891.0,6845.5,6868.25,6890.93704257018,6838.88285210448,6864.90994733733,6937.8520336073,0.0,0.0,0.0,0.0,0.0,0.0
1769086500.0,6945.5,6948.25,6945.0,6947.5,6946.98111454611,6945.192282745759,6948.821167694429,6891.0,6845.5,6868.25,6890.93704257018,6838.88285210448,6864.90994733733,6937.900970971949,0.0,0.0,0.0,0.0,0.0,0.0
1769086800.0,6947.5,6951.5,6947.25,6950.75,6948.95666460898,6946.356317623409,6949.076042080749,6891.0,6845.5,6868.25,6890.93704257018,6838.88285210448,6864.90994733733,6938.06318405103,0.0,0.0,0.0,0.0,0.0,0.0
1769087100.0,6950.5,6950.75,6946.25,6947.5,6948.59781097186,6946.52040317482,6948.972702196979,6891.0,6845.5,6868.25,6890.93704257018,6838.88285210448,6864.90994733733,6938.246846667729,0.0,0.0,0.0,0.0,0.0,0.0
1769087400.0,6947.5,6948.25,6945.0,6948.25,6948.6862809308395,6946.84917213607,6948.94980007245,6891.0,6845.5,6868.25,6890.93704257018,6838.88285210448,6864.90994733733,6938.36325097963,0.0,0.0,0.0,0.0,0.0,0.0
1769087700.0,6948.25,6951.25,6948.0,6950.5,6949.801089447829,6947.68556123248,6949.156919567309,6891.0,6845.5,6868.25,6890.93704257018,6838.88285210448,6864.90994733733,6938.4881614549795,0.0,0.0,0.0,0.0,0.0,0.0
1769088000.0,6950.5,6950.5,6949.0,6950.0,6950.223034505179,6948.25448715229,6949.293732248049,6891.0,6845.5,6868.25,6890.93704257018,6838.88285210448,6864.90994733733,6938.58868977887,0.0,0.0,0.0,0.0,0.0,0.0
1769088300.0,6950.0,6951.0,6949.25,6951.0,6950.92456690919,6948.97190716131,6949.520201388589,6891.0,6845.5,6868.25,6890.93704257018,6838.88285210448,6864.90994733733,6938.716684370869,0.0,0.0,0.0,0.0,0.0,0.0
1769088600.0,6950.5,6952.75,6946.0,6949.75,6950.7028921293895,6949.2494565180095,6949.59745257301,6891.0,6845.5,6868.25,6890.93704257018,6838.88285210448,6864.90994733733,6939.053217912589,0.0,0.0,0.0,0.0,0.0,0.0
1769088900.0,6949.5,6952.0,6949.0,6951.5,6951.35796631156,6949.907378422499,6949.84604399613,6891.0,6845.5,6868.25,6890.93704257018,6838.88285210448,6864.90994733733,6939.1775931885295,0.0,0.0,0.0,0.0,0.0,0.0
1769089200.0,6951.5,6951.75,6947.5,6948.75,6950.3809445168,6949.7586283437595,6949.78882088654,6891.0,6845.5,6868.25,6890.93704257018,6838.88285210448,6864.90994733733,6939.25654996668,0.0,0.0,0.0,0.0,0.0,0.0
1769089500.0,6948.5,6957.5,6948.25,6955.5,6953.006852292379,6951.30498017401,6950.429224691439,6891.0,6845.5,6868.25,6890.93704257018,6838.88285210448,6864.90994733733,6939.58187563818,0.0,0.0,0.0,0.0,0.0,0.0
1769089800.0,6955.25,6955.75,6953.0,6954.75,6954.266310780979,6952.3840968593195,6950.94298619589,6891.0,6845.5,6868.25,6890.93704257018,6838.88285210448,6864.90994733733,6939.717489982219,0.0,0.0,0.0,0.0,0.0,0.0
1769090100.0,6954.5,6958.5,6954.25,6957.5,6956.32903306558,6953.94174708405,6951.700414708879,6891.0,6845.5,6868.25,6890.93704257018,6838.88285210448,6864.90994733733,6939.93867655693,0.0,0.0,0.0,0.0,0.0,0.0
1769090400.0,6957.5,6958.25,6953.75,6953.75,6955.71187103161,6954.272916944649,6952.0121794179195,6891.0,6845.5,6868.25,6890.93704257018,6838.88285210448,6864.90994733733,6940.1598172528,0.0,0.0,0.0,0.0,0.0,0.0
1769090700.0,6953.75,6955.0,6952.5,6954.0,6955.33309810981,6954.58190833287,6952.3226992500295,6891.0,6845.5,6868.25,6890.93704257018,6838.88285210448,6864.90994733733,6940.3349143447795,0.0,0.0,0.0,0.0,0.0,0.0
1769091000.0,6954.0,6955.75,6952.25,6954.75,6955.375108012439,6954.99676815554,6952.68363415875,6891.0,6845.5,6868.25,6890.93704257018,6838.88285210448,6864.90994733733,6940.4709898262,0.0,0.0,0.0,0.0,0.0,0.0
1769091300.0,6955.0,6958.25,6953.75,6957.75,6956.79918882719,6956.05833046641,6953.3238848317,6891.0,6845.5,6868.25,6890.93704257018,6838.88285210448,6864.90994733733,6940.643758913079,0.0,0.0,0.0,0.0,0.0,0.0
1769091600.0,6957.75,6958.0,6953.0,6953.5,6955.5643920336,6955.84922089605,6953.47422332113,6891.0,6845.5,6868.25,6890.93704257018,6838.88285210448,6864.90994733733,6940.88412166032,0.0,0.0,0.0,0.0,0.0,0.0
1769091900.0,6953.5,6958.75,6953.5,6956.25,6956.054153634809,6956.330352719049,6953.8923850846195,6891.0,6845.5,6868.25,6890.93704257018,6838.88285210448,6864.90994733733,6941.51461262432,0.0,0.0,0.0,0.0,0.0,0.0
1769092200.0,6956.0,6961.0,6951.75,6956.5,6956.44352069855,6956.761143410669,6954.30110050398,,,,6913.40016066629,6861.67003577155,6887.535098218919,6943.745413972189,0.0,0.0,0.0,0.0,0.0,0.0
1769092500.0,6956.75,6962.5,6952.0,6960.75,6958.71944341888,6958.1444459082795,6955.114300792309,,,,6913.40016066629,6861.67003577155,6887.535098218919,6945.082842070279,0.0,0.0,0.0,0.0,0.0,0.0
1769092800.0,6960.75,6964.5,6946.25,6951.25,6955.472831125129,6956.892688287659,6954.882046404599,,,,6913.40016066629,6861.67003577155,6887.535098218919,6946.004107396259,0.0,0.0,0.0,0.0,0.0,0.0
1769093100.0,6951.25,6953.5,6933.0,6935.75,6945.78654593372,6951.97271254513,6953.057441817579,,,,6913.40016066629,6861.67003577155,6887.535098218919,6945.518243437779,0.0,0.0,0.0,0.0,0.0,0.0
1769093400.0,6935.5,6944.25,6933.0,6941.75,6942.61022951113,6949.384876857869,6951.97548396714,,,,6913.40016066629,6861.67003577155,6887.535098218919,6945.08658750172,0.0,0.0,0.0,0.0,0.0,0.0
1769093700.0,6941.75,6943.0,6930.5,6936.0,6937.980472170049,6945.82144243636,6950.37089768994,,,,6913.40016066629,6861.67003577155,6887.535098218919,6944.59985658559,0.0,0.0,0.0,0.0,0.0,0.0
1769094000.0,6935.5,6937.25,6926.25,6930.0,6932.3522040648195,6941.40454917967,6948.25572284921,,,,6913.40016066629,6861.67003577155,6887.535098218919,6943.69229018232,0.0,0.0,0.0,0.0,0.0,0.0
1769094300.0,6929.75,6932.0,6925.5,6929.75,6928.9612206987595,6937.73093939901,6946.261722567419,,,,6913.40016066629,6861.67003577155,6887.535098218919,6942.96284212618,0.0,0.0,0.0,0.0,0.0,0.0
1769094600.0,6930.0,6935.0,6927.25,6930.0,6927.292699623629,6934.81385436655,6944.43381535889,,,,6913.40016066629,6861.67003577155,6887.535098218919,6942.444881638569,0.0,0.0,0.0,0.0,0.0,0.0
1769094900.0,6929.75,6936.25,6927.5,6933.25,6928.191263836289,6933.28136026557,6943.072023517379,,,,6913.40016066629,6861.67003577155,6887.535098218919,6942.0071130557,0.0,0.0,0.0,0.0,0.0,0.0
1769095200.0,6933.25,6942.0,6930.5,6930.5,6927.76119492749,6931.40838298532,6941.524776759529,,,,6913.40016066629,6861.67003577155,6887.535098218919,6941.674838975539,0.0,0.0,0.0,0.0,0.0,0.0
1769095500.0,6930.5,6942.75,6929.25,6941.0,6932.8975034676,6932.553565534819,6941.17579395662,,,,6913.40016066629,6861.67003577155,6887.535098218919,6941.544037920919,0.0,0.0,0.0,0.0,0.0,0.0
1769095800.0,6941.25,6946.0,6937.0,6945.0,6938.334441145629,6934.574109170109,6941.269885598919,6964.5,6925.5,6945.0,6913.40016066629,6861.67003577155,6887.535098218919,6941.582535345409,0.0,0.0,0.0,0.0,0.0,0.0
1769096100.0,6945.0,6948.0,6943.25,6946.5,6942.6091838946095,6936.68454771445,6941.517610117709,6964.5,6925.5,6945.0,6913.40016066629,6861.67003577155,6887.535098218919,6941.689021024429,0.0,0.0,0.0,0.0,0.0,0.0
1769096400.0,6946.75,6949.25,6942.75,6949.25,6946.64143612285,6939.16653905101,6942.037194826339,6964.5,6925.5,6945.0,6913.40016066629,6861.67003577155,6887.535098218919,6941.8089227519295,0.0,0.0,0.0,0.0,0.0,0.0
1769096700.0,6949.0,6951.75,6947.75,6948.75,6948.851047483769,6941.1332745812,6942.473273748509,6964.5,6925.5,6945.0,6913.40016066629,6861.67003577155,6887.535098218919,6941.971880086369,0.0,0.0,0.0,0.0,0.0,0.0
1769097000.0,6948.5,6948.75,6944.25,6945.25,6948.380858759199,6941.915105616759,6942.52118183703,6964.5,6925.5,6945.0,6913.40016066629,6861.67003577155,6887.535098218919,6942.0691028858,0.0,0.0,0.0,0.0,0.0,0.0
1769097300.0,6945.5,6946.75,6942.5,6943.0,6946.8084651481495,6942.0203353282295,6942.3371148816495,6964.5,6925.5,6945.0,6913.40016066629,6861.67003577155,6887.535098218919,6942.11648110148,0.0,0.0,0.0,0.0,0.0,0.0
1769097600.0,6943.0,6948.75,6942.5,6948.0,6948.10880384957,6943.36607309342,6942.68673695624,6964.5,6925.5,6945.0,6913.40016066629,6861.67003577155,6887.535098218919,6942.22993142784,0.0,0.0,0.0,0.0,0.0,0.0
1769097900.0,6948.25,6951.5,6946.75,6950.5,6950.043875839249,6945.110702000559,6943.27409342544,6964.5,6925.5,6945.0,6913.40016066629,6861.67003577155,6887.535098218919,6942.3716554111,0.0,0.0,0.0,0.0,0.0,0.0
1769098200.0,6950.75,6954.5,6949.0,6953.75,6952.73233277887,6947.36317985122,6944.15960672613,6964.5,6925.5,6945.0,6913.40016066629,6861.67003577155,6887.535098218919,6942.53821934502,0.0,0.0,0.0,0.0,0.0,0.0
1769098500.0,6953.75,6955.5,6949.0,6952.5,6953.67706462891,6948.906160294129,6944.8565995829795,6964.5,6925.5,6945.0,6913.40016066629,6861.67003577155,6887.535098218919,6942.71419060207,0.0,0.0,0.0,0.0,0.0,0.0
1769098800.0,6952.75,6955.75,6952.5,6955.25,6955.44334060365,6950.84847510086,6945.7910806910195,6964.5,6925.5,6945.0,6913.40016066629,6861.67003577155,6887.535098218919,6942.8422497317,0.0,0.0,0.0,0.0,0.0,0.0
1769099100.0,6955.0,6957.5,6954.0,6955.0,6956.26700774403,6952.366878660179,6946.635629798179,6964.5,6925.5,6945.0,6913.40016066629,6861.67003577155,6887.535098218919,6943.04151517748,0.0,0.0,0.0,0.0,0.0,0.0
1769099400.0,6954.75,6956.5,6953.25,6955.5,6956.85226171667,6953.7140961666,6947.473356281879,6964.5,6925.5,6945.0,6913.40016066629,6861.67003577155,6887.535098218919,6943.216651428709,0.0,0.0,0.0,0.0,0.0,0.0
1769099700.0,6955.5,6957.0,6953.75,6955.75,6957.17376364054,6954.852137195359,6948.27822896524,6964.5,6925.5,6945.0,6913.40016066629,6861.67003577155,6887.535098218919,6943.33160686214,0.0,0.0,0.0,0.0,0.0,0.0
1769100000.0,6956.0,6959.25,6955.0,6957.75,6958.19539820623,6956.248211367059,6949.23279465418,6964.5,6925.5,6945.0,6913.40016066629,6861.67003577155,6887.535098218919,6943.510490244799,0.0,0.0,0.0,0.0,0.0,0.0
1769100300.0,6958.0,6960.75,6957.75,6959.25,6959.42968750405,6957.729001265479,6950.27419298925,6964.5,6925.5,6945.0,6913.40016066629,6861.67003577155,6887.535098218919,6943.72211464852,0.0,0.0,0.0,0.0,0.0,0.0
1769100600.0,6959.5,6962.0,6958.25,6959.25,6960.067052437719,6958.9020017113,6951.2405279186,6964.5,6925.5,6945.0,6913.40016066629,6861.67003577155,6887.535098218919,6943.92572065031,0.0,0.0,0.0,0.0,0.0,0.0
1769100900.0,6959.5,6959.5,6953.5,6954.25,6957.88596972433,6958.5732707761,6951.619503928139,6964.5,6925.5,6945.0,6913.40016066629,6861.67003577155,6887.535098218919,6944.10063234466,0.0,0.0,0.0,0.0,0.0,0.0
1769101200.0,6954.25,6957.75,6951.0,6957.5,6957.96558666005,6959.055874181409,6952.30459413436,6964.5,6925.5,6945.0,6913.40016066629,6861.67003577155,6887.535098218919,6944.267207041409,0.0,0.0,0.0,0.0,0.0,0.0
1769101500.0,6957.5,6961.5,6955.0,6960.5,6959.406676961529,6960.1491596008,6953.248135221669,6964.5,6925.5,6945.0,6913.40016066629,6861.67003577155,6887.535098218919,6944.54849872454,0.0,0.0,0.0,0.0,0.0,0.0
1769101800.0,6960.75,6962.75,6958.75,6960.75,6960.3737148192195,6961.0620475795395,6954.147180144079,6964.5,6925.5,6945.0,6913.40016066629,6861.67003577155,6887.535098218919,6944.721642116039,0.0,0.0,0.0,0.0,0.0,0.0
1769102100.0,6960.75,6961.75,6956.5,6959.0,6960.050476169939,6961.32635628286,6954.79748067521,6964.5,6925.5,6945.0,6913.40016066629,6861.67003577155,6887.535098218919,6944.87019372704,0.0,0.0,0.0,0.0,0.0,0.0
1769102400.0,6958.75,6959.0,6954.5,6959.0,6959.76382895925,6961.489914271299,6955.396856098029,6964.5,6925.5,6945.0,6913.40016066629,6861.67003577155,6887.535098218919,6945.015231251309,0.0,0.0,0.0,0.0,0.0,0.0
1769102700.0,6959.0,6959.75,6956.25,6959.75,6959.88561724337,6961.75861055668,6956.026016754639,6964.5,6925.5,6945.0,6913.40016066629,6861.67003577155,6887.535098218919,6945.11616487414,0.0,0.0,0.0,0.0,0.0,0.0
1769103000.0,6959.75,6966.25,6959.75,6965.5,6962.72077358132,6963.359425626059,6957.1993144177195,6964.5,6925.5,6945.0,6913.40016066629,6861.67003577155,6887.535098218919,6945.41447930464,0.0,0.0,0.0,0.0,0.0,0.0
1769103300.0,6965.75,6965.75,6962.75,6963.5,6963.488551915049,6964.1320168721895,6958.076925536319,6964.5,6925.5,6945.0,6913.40016066629,6861.67003577155,6887.535098218919,6945.565674460439,0.0,0.0,0.0,0.0,0.0,0.0
1769103600.0,6963.5,6966.5,6963.25,6964.75,6964.496075348579,6965.025527600839,6959.01483688761,6964.5,6925.5,6945.0,6913.40016066629,6861.67003577155,6887.535098218919,6945.71030284001,0.0,0.0,0.0,0.0,0.0,0.0
1769103900.0,6964.75,6966.5,6963.75,6965.25,6965.2875972333395,6965.83146892477,6959.93072135807,6964.5,6925.5,6945.0,6913.40016066629,6861.67003577155,6887.535098218919,6945.822060087319,0.0,0.0,0.0,0.0,0.0,0.0
1769104200.0,6965.25,6968.0,6965.0,6966.5,6966.30390727124,6966.750569486369,6960.90306590764,6964.5,6925.5,6945.0,6913.40016066629,6861.67003577155,6887.535098218919,6946.018065210939,0.0,0.0,0.0,0.0,0.0,0.0
1769104500.0,6966.5,6968.25,6964.25,6967.0,6967.0951813414395,6967.575693001209,6961.849805428899,6964.5,6925.5,6945.0,6913.40016066629,6861.67003577155,6887.535098218919,6946.19402938363,0.0,0.0,0.0,0.0,0.0,0.0
1769104800.0,6966.75,6969.0,6962.5,6967.0,6967.49618304215,6968.197862670269,6962.72047141615,6964.5,6925.5,6945.0,6913.40016066629,6861.67003577155,6887.535098218919,6946.592298853009,0.0,0.0,0.0,0.0,0.0,0.0
1769105100.0,6967.0,6968.5,6965.0,6965.75,6967.041691648459,6968.341302836569,6963.39066726618,6964.5,6925.5,6945.0,6913.40016066629,6861.67003577155,6887.535098218919,6946.739076259,0.0,0.0,0.0,0.0,0.0,0.0
1769105400.0,6966.0,6966.0,6960.75,6962.0,6964.836121362199,6967.4689522810395,6963.61564398183,6964.5,6925.5,6945.0,6913.40016066629,6861.67003577155,6887.535098218919,6946.90631638713,0.0,0.0,0.0,0.0,0.0,0.0
1769105700.0,6962.0,6963.75,6959.75,6962.0,6963.380689021809,6966.694861074199,6963.81410548443,6964.5,6925.5,6945.0,6913.40016066629,6861.67003577155,6887.535098218919,6947.03139557483,0.0,0.0,0.0,0.0,0.0,0.0
1769106000.0,6962.25,6964.75,6961.5,6963.75,6963.30364676095,6966.44429452178,6964.16885174984,6964.5,6925.5,6945.0,6913.40016066629,6861.67003577155,6887.535098218919,6947.135598301979,0.0,0.0,0.0,0.0,0.0,0.0
1769106300.0,6963.5,6963.75,6961.25,6961.75,6962.2959234418295,6965.699060743979,6964.281314621519,6964.5,6925.5,6945.0,6913.40016066629,6861.67003577155,6887.535098218919,6947.20832493242,0.0,0.0,0.0,0.0,0.0,0.0
1769106600.0,6961.5,6965.75,6961.25,6964.25,6962.900127258549,6965.669068108919,6964.63365917554,6964.5,6925.5,6945.0,6913.40016066629,6861.67003577155,6887.535098218919,6947.31292315825,0.0,0.0,0.0,0.0,0.0,0.0
1769106900.0,6964.0,6965.25,6963.0,6965.0,6963.6835995537995,6965.79910691362,6965.02821242313,6964.5,6925.5,6945.0,6913.40016066629,6861.67003577155,6887.535098218919,6947.392214674949,0.0,0.0,0.0,0.0,0.0,0.0
1769107200.0,6965.0,6965.0,6959.75,6960.75,6962.1259073949295,6964.819792697959,6964.945128650709,6964.5,6925.5,6945.0,6913.40016066629,6861.67003577155,6887.535098218919,6947.473393903139,0.0,0.0,0.0,0.0,0.0,0.0
1769107500.0,6960.5,6963.5,6960.5,6961.75,6961.64053176091,6964.23336798465,6964.96067089304,6964.5,6925.5,6945.0,6913.40016066629,6861.67003577155,6887.535098218919,6947.5499774497,0.0,0.0,0.0,0.0,0.0,0.0
1769107800.0,6962.0,6962.5,6958.5,6959.0,6960.029536999469,6963.044640717229,6964.680569035219,6964.5,6925.5,6945.0,6913.40016066629,6861.67003577155,6887.535098218919,6947.62598268665,0.0,0.0,0.0,0.0,0.0,0.0
1769108100.0,6959.25,6959.25,6955.25,6957.25,6958.20353240398,6961.61267780026,6964.22925840189,6964.5,6925.5,6945.0,6913.40016066629,6861.67003577155,6887.535098218919,6947.70976719101,0.0,0.0,0.0,0.0,0.0,0.0
1769108400.0,6957.0,6963.25,6957.0,6963.0,6959.9277189921495,6961.85242226353,6964.39448047107,6964.5,6925.5,6945.0,6913.40016066629,6861.67003577155,6887.535098218919,6947.84417598044,0.0,0.0,0.0,0.0,0.0,0.0
1769108700.0,6963.0,6965.5,6962.0,6964.0,6961.5948663092595,6962.29609075354,6964.64233831345,6964.5,6925.5,6945.0,6913.40016066629,6861.67003577155,6887.535098218919,6947.96409873405,0.0,0.0,0.0,0.0,0.0,0.0
1769109000.0,6964.0,6966.75,6962.0,6964.0,6962.69466726812,6962.65852273927,6964.863708967509,6964.5,6925.5,6945.0,6913.40016066629,6861.67003577155,6887.535098218919,6948.05348720192,0.0,0.0,0.0,0.0,0.0,0.0
1769109300.0,6964.0,6964.75,6962.0,6963.5,6963.1560502536995,6962.82814449318,6965.008783000319,6964.5,6925.5,6945.0,6913.40016066629,6861.67003577155,6887.535098218919,6948.126416758069,0.0,0.0,0.0,0.0,0.0,0.0
1769109600.0,6963.5,6965.75,6962.75,6965.0,6964.169331004419,6963.33518424054,6965.2896919798195,6964.5,6925.5,6945.0,6913.40016066629,6861.67003577155,6887.535098218919,6948.18700263078,0.0,0.0,0.0,0.0,0.0,0.0
1769109900.0,6965.25,6965.75,6963.0,6963.5,6964.058447564789,6963.37405312167,6965.38685073283,6964.5,6925.5,6945.0,6913.40016066629,6861.67003577155,6887.535098218919,6948.24944384562,0.0,0.0,0.0,0.0,0.0,0.0
1769110200.0,6963.75,6964.25,6960.5,6960.75,6962.6130563569095,6962.714575004569,6965.18399766107,6964.5,6925.5,6945.0,6913.40016066629,6861.67003577155,6887.535098218919,6948.33434262155,0.0,0.0,0.0,0.0,0.0,0.0
1769110500.0,6960.5,6961.5,6955.5,6956.25,6959.4798134064395,6961.04505349781,6964.521542603519,6964.5,6925.5,6945.0,6913.40016066629,6861.67003577155,6887.535098218919,6948.402735852719,0.0,0.0,0.0,0.0,0.0,0.0
1769110800.0,6956.25,6958.5,6954.0,6954.5,6956.6564091233595,6959.23102915377,6963.716524402989,6964.5,6925.5,6945.0,6913.40016066629,6861.67003577155,6887.535098218919,6948.47260255287,0.0,0.0,0.0,0.0,0.0,0.0
1769111100.0,6954.75,6955.5,6952.25,6953.25,6954.330025010439,6957.43071697218,6962.831409838819,6964.5,6925.5,6945.0,6913.40016066629,6861.67003577155,6887.535098218919,6948.51797402963,0.0,0.0,0.0,0.0,0.0,0.0
1769111400.0,6953.0,6955.75,6950.75,6951.5,6952.1174189723,6955.5260404954,6961.82099740923,6964.5,6925.5,6945.0,6913.40016066629,6861.67003577155,6887.535098218919,6948.54952262369,0.0,0.0,0.0,0.0,0.0,0.0
1769111700.0,6951.25,6952.5,6944.5,6944.5,6947.44423898465,6952.2379339924,6960.1523554304895,6964.5,6925.5,6945.0,6913.40016066629,6861.67003577155,6887.535098218919,6948.526355021039,0.0,0.0,0.0,0.0,0.0,0.0
1769112000.0,6944.5,6948.5,6943.0,6947.25,6946.0037019416695,6950.24285028533,6958.88067017874,6964.5,6925.5,6945.0,6913.40016066629,6861.67003577155,6887.535098218919,6948.49102159419,0.0,0.0,0.0,0.0,0.0,0.0
1769112300.0,6947.0,6949.0,6945.25,6946.0,6944.712064323309,6948.33276097386,6957.5659568101,6964.5,6925.5,6945.0,6913.40016066629,6861.67003577155,6887.535098218919,6948.47457389573,0.0,0.0,0.0,0.0,0.0,0.0
1769112600.0,6946.0,6949.25,6945.75,6949.0,6945.58529700807,6947.5570626491,6956.651665640539,6964.5,6925.5,6945.0,6913.40016066629,6861.67003577155,6887.535098218919,6948.470969710699,0.0,0.0,0.0,0.0,0.0,0.0
1769112900.0,6949.0,6952.25,6947.75,6949.0,6946.35144471275,6946.976616444629,6955.80059560595,6964.5,6925.5,6945.0,6913.40016066629,6861.67003577155,6887.535098218919,6948.48164921634,0.0,0.0,0.0,0.0,0.0,0.0
1769113200.0,6949.0,6950.0,6945.0,6945.25,6945.1742739886495,6945.62533578201,6954.62147431167,6964.5,6925.5,6945.0,6913.40016066629,6861.67003577155,6887.535098218919,6948.46954583347,0.0,0.0,0.0,0.0,0.0,0.0
1769113500.0,6945.5,6945.5,6938.25,6938.25,6941.149155792389,6942.83053889594,6952.8022534149195,6964.5,6925.5,6945.0,6913.40016066629,6861.67003577155,6887.535098218919,6948.36124609316,0.0,0.0,0.0,0.0,0.0,0.0
1769113800.0,6938.25,6939.25,6933.75,6935.75,6937.52930753648,6939.96890650359,6950.854207963939,6964.5,6925.5,6945.0,6913.40016066629,6861.67003577155,6887.535098218919,6948.10715423662,0.0,0.0,0.0,0.0,0.0,0.0
1769114100.0,6935.75,6937.25,6932.5,6935.0,6935.073187248339,6937.4975116705,6948.968786957999,6964.5,6925.5,6945.0,6913.40016066629,6861.67003577155,6887.535098218919,6947.923905879399,0.0,0.0,0.0,0.0,0.0,0.0
1769114400.0,6935.0,6940.0,6933.25,6938.25,6935.34174669168,6936.35226506236,6947.5565698827995,6964.5,6925.5,6945.0,6913.40016066629,6861.67003577155,6887.535098218919,6947.74721614162,0.0,0.0,0.0,0.0,0.0,0.0
1769114700.0,6938.25,6942.75,6938.25,6942.5,6937.826678001889,6936.555852867999,6946.688998771459,6964.5,6925.5,6945.0,6913.40016066629,6861.67003577155,6887.535098218919,6947.676886172219,0.0,0.0,0.0,0.0,0.0,0.0
1769115000.0,6942.75,6946.25,6941.75,6945.0,6940.813345427679,6937.436350770519,6946.147820168289,6964.5,6925.5,6945.0,6913.40016066629,6861.67003577155,6887.535098218919,6947.62494291655,0.0,0.0,0.0,0.0,0.0,0.0
1769115300.0,6945.0,6947.5,6943.0,6946.0,6943.307781568919,6938.49579556344,6945.75556250915,6964.5,6925.5,6945.0,6913.40016066629,6861.67003577155,6887.535098218919,6947.4946831873895,0.0,0.0,0.0,0.0,0.0,0.0
1769115600.0,6945.75,6948.5,6941.25,6942.5,6943.22031168125,6938.57485591327,6945.036916389149,6964.5,6925.5,6945.0,6913.40016066629,6861.67003577155,6887.535098218919,6947.42501208857,0.0,0.0,0.0,0.0,0.0,0.0
1769115900.0,6942.5,6947.0,6942.25,6945.0,6944.37824028163,6939.32904010245,6944.635284117099,6964.5,6925.5,6945.0,6913.40016066629,6861.67003577155,6887.535098218919,6947.41579597269,0.0,0.0,0.0,0.0,0.0,0.0
1769116200.0,6945.0,6945.5,6942.5,6944.5,6944.8543624112,6939.88932127838,6944.218668341549,6964.5,6925.5,6945.0,6913.40016066629,6861.67003577155,6887.535098218919,6947.40780444071,0.0,0.0,0.0,0.0,0.0,0.0
1769116500.0,6944.5,6945.75,6944.25,6945.25,6945.487048026969,6940.5935460674,6943.917521476629,6964.5,6925.5,6945.0,6913.40016066629,6861.67003577155,6887.535098218919,6947.4056415817995,0.0,0.0,0.0,0.0,0.0,0.0
1769116800.0,6945.0,6946.25,6944.75,6946.0,6946.210198459399,6941.410482425589,6943.72389561614,6964.5,6925.5,6945.0,6913.40016066629,6861.67003577155,6887.535098218919,6947.40429240611,0.0,0.0,0.0,0.0,0.0,0.0
1769117100.0,6946.0,6946.75,6945.0,6946.25,6946.736777645309,6942.18964722828,6943.57862477366,6964.5,6925.5,6945.0,6913.40016066629,6861.67003577155,6887.535098218919,6947.4031727517695,0.0,0.0,0.0,0.0,0.0,0.0
1769117400.0,6946.25,6946.5,6945.5,6945.75,6946.76405389651,6942.744645756299,6943.400787668579,6964.5,6925.5,6945.0,6913.40016066629,6861.67003577155,6887.535098218919,6947.402528261569,0.0,0.0,0.0,0.0,0.0,0.0
1769117700.0,6945.75,6945.75,6943.0,6943.25,6945.496737883849,6942.611540696929,6942.98593025139,6964.5,6925.5,6945.0,6913.40016066629,6861.67003577155,6887.535098218919,6947.3985900137195,0.0,0.0,0.0,0.0,0.0,0.0
1769118000.0,6943.25,6943.75,6942.25,6942.75,6944.396417594329,6942.404176530689,6942.557498288569,6964.5,6925.5,6945.0,6913.40016066629,6861.67003577155,6887.535098218919,6947.395648781279,0.0,0.0,0.0,0.0,0.0,0.0
1769118300.0,6943.0,6943.25,6942.0,6942.5,6943.552861084419,6942.19663580979,6942.14247677315,6964.5,6925.5,6945.0,6913.40016066629,6861.67003577155,6887.535098218919,6947.39304877144,0.0,0.0,0.0,0.0,0.0,0.0
1769118600.0,6942.5,6944.5,6942.5,6943.25,6943.38207461802,6942.23688665305,6941.8434741682495,6964.5,6925.5,6945.0,6913.40016066629,6861.67003577155,6887.535098218919,6947.39123271218,0.0,0.0,0.0,0.0,0.0,0.0
1769118900.0,6943.25,6944.0,6935.75,6940.25,6941.820451609449,6941.548029232859,6941.264874030309,6964.5,6925.5,6945.0,6913.40016066629,6861.67003577155,6887.535098218919,6947.371565746689,0.0,0.0,0.0,0.0,0.0,0.0
1769122800.0,6938.0,6941.5,6933.5,6936.25,6938.896565471319,6940.00789329077,6940.32312302207,6964.5,6925.5,6945.0,6913.40016066629,6861.67003577155,6887.535098218919,6937.083333333329,0.0,0.0,0.0,0.0,0.0,0.0
1769123100.0,6936.5,6939.0,6935.75,6938.5,6938.19211224545,6939.32234622848,6939.690159453649,6964.5,6925.5,6945.0,6913.40016066629,6861.67003577155,6887.535098218919,6937.37504162504,0.0,0.0,0.0,0.0,0.0,0.0
1769123400.0,6938.75,6939.0,6936.25,6937.0,6937.10373490818,6938.41404822141,6938.95717429409,6964.5,6925.5,6945.0,6913.40016066629,6861.67003577155,6887.535098218919,6937.391444713479,0.0,0.0,0.0,0.0,0.0,0.0
1769123700.0,6937.0,6939.25,6936.75,6937.25,6936.62914978968,6937.75874964727,6938.3124349723,6964.5,6925.5,6945.0,6913.40016066629,6861.67003577155,6887.535098218919,6937.418593808279,0.0,0.0,0.0,0.0,0.0,0.0
1769124000.0,6937.25,6942.0,6936.75,6942.0,6938.7451499412,6938.43331954726,6938.215242526139,6964.5,6925.5,6945.0,6913.40016066629,6861.67003577155,6887.535098218919,6937.83171392163,0.0,0.0,0.0,0.0,0.0,0.0
1769124300.0,6942.0,6943.0,6941.0,6941.0,6939.68150453567,6938.7746989797,6938.03294939171,6964.5,6925.5,6945.0,6913.40016066629,6861.67003577155,6887.535098218919,6938.2010220239,0.0,0.0,0.0,0.0,0.0,0.0
1769124600.0,6941.25,6944.25,6940.75,6943.0,6941.287047690839,6939.58223323638,6938.081518057599,6964.5,6925.5,6945.0,6913.40016066629,6861.67003577155,6887.535098218919,6938.5814897726295,0.0,0.0,0.0,0.0,0.0,0.0
1769124900.0,6943.25,6944.0,6942.5,6942.75,6942.191942519419,6940.21079606483,6938.11203546014,6964.5,6925.5,6945.0,6913.40016066629,6861.67003577155,6887.535098218919,6938.80568068068,0.0,0.0,0.0,0.0,0.0,0.0
1769125200.0,6942.5,6943.0,6941.5,6943.0,6942.866460802449,6940.810682956439,6938.1772117785395,6964.5,6925.5,6945.0,6913.40016066629,6861.67003577155,6887.535098218919,6938.90114578255,0.0,0.0,0.0,0.0,0.0,0.0
1769125500.0,6943.0,6943.5,6939.75,6940.5,6942.03794470631,6940.69863662981,6937.99012952237,6964.5,6925.5,6945.0,6913.40016066629,6861.67003577155,6887.535098218919,6939.0502283105,0.0,0.0,0.0,0.0,0.0,0.0
1769125800.0,6940.5,6940.75,6938.25,6938.75,6940.61973712438,6940.182451746679,6937.645858631559,6964.5,6925.5,6945.0,6913.40016066629,6861.67003577155,6887.535098218919,6939.06007163013,0.0,0.0,0.0,0.0,0.0,0.0
1769126100.0,6939.0,6941.5,6938.75,6941.25,6940.92414319325,6940.38973096805,6937.59473371645,6964.5,6925.5,6945.0,6913.40016066629,6861.67003577155,6887.535098218919,6939.113201630609,0.0,0.0,0.0,0.0,0.0,0.0
1769126400.0,6941.0,6942.0,6937.5,6940.75,6940.877476074629,6940.4485494213395,6937.50606505813,6964.5,6925.5,6945.0,6913.40016066629,6861.67003577155,6887.535098218919,6939.209474939589,0.0,0.0,0.0,0.0,0.0,0.0
1769126700.0,6940.75,6943.75,6939.75,6943.0,6941.944893055749,6941.066922578189,6937.66658969734,6964.5,6925.5,6945.0,6913.40016066629,6861.67003577155,6887.535098218919,6939.3807580864495,0.0,0.0,0.0,0.0,0.0,0.0
1769127000.0,6943.25,6944.75,6942.5,6943.5,6942.860150585449,6941.70995254431,6937.87771528704,6964.5,6925.5,6945.0,6913.40016066629,6861.67003577155,6887.535098218919,6939.5451646353595,0.0,0.0,0.0,0.0,0.0,0.0
1769127300.0,6943.5,6945.25,6942.25,6944.75,6944.02543448825,6942.556035048189,6938.213068213419,6964.5,6925.5,6945.0,6913.40016066629,6861.67003577155,6887.535098218919,6939.7732853057,0.0,0.0,0.0,0.0,0.0,0.0
1769127600.0,6945.0,6946.5,6944.0,6944.75,6944.72333889228,6943.25487333352,6938.53432013123,6964.5,6925.5,6945.0,6913.40016066629,6861.67003577155,6887.535098218919,6940.06686676353,0.0,0.0,0.0,0.0,0.0,0.0
1769127900.0,6945.0,6945.25,6943.75,6944.5,6944.98757622379,6943.765760395149,6938.81617121407,6964.5,6925.5,6945.0,6913.40016066629,6861.67003577155,6887.535098218919,6940.20513532869,0.0,0.0,0.0,0.0,0.0,0.0
1769128200.0,6944.5,6945.75,6943.75,6945.5,6945.5823947219,6944.42912342748,6939.19016858906,6964.5,6925.5,6945.0,6913.40016066629,6861.67003577155,6887.535098218919,6940.348491926599,0.0,0.0,0.0,0.0,0.0,0.0
1769128500.0,6945.75,6947.5,6945.5,6946.75,6946.50995049572,6945.277860308989,6939.675254134389,6964.5,6925.5,6945.0,6913.40016066629,6861.67003577155,6887.535098218919,6940.59716280247,0.0,0.0,0.0,0.0,0.0,0.0
1769128800.0,6946.75,6948.5,6946.75,6948.25,6947.765322350269,6946.338494369729,6940.2889655993495,6964.5,6925.5,6945.0,6913.40016066629,6861.67003577155,6887.535098218919,6940.865454042079,0.0,0.0,0.0,0.0,0.0,0.0
1769129100.0,6948.25,6949.0,6947.25,6947.5,6948.11985478648,6947.010457528119,6940.78911705476,6964.5,6925.5,6945.0,6913.40016066629,6861.67003577155,6887.535098218919,6941.032414315059,0.0,0.0,0.0,0.0,0.0,0.0
1769129400.0,6947.5,6949.5,6947.5,6948.5,6948.74732722884,6947.79285478284,6941.36396543053,6964.5,6925.5,6945.0,6913.40016066629,6861.67003577155,6887.535098218919,6941.21990682182,0.0,0.0,0.0,0.0,0.0,0.0
1769129700.0,6948.5,6950.0,6948.0,6949.5,6949.551309202509,6948.66382223039,6942.007703108,6964.5,6925.5,6945.0,6913.40016066629,6861.67003577155,6887.535098218919,6941.4511953006695,0.0,0.0,0.0,0.0,0.0,0.0
1769130000.0,6949.5,6953.5,6949.0,6952.75,6951.563639457339,6950.164508971489,6942.94744588446,6964.5,6925.5,6945.0,6913.40016066629,6861.67003577155,6887.535098218919,6942.73293998531,0.0,0.0,0.0,0.0,0.0,0.0
1769130300.0,6952.75,6953.5,6952.0,6952.5,6952.624852569939,6951.31060029231,6943.7999078669,6964.5,6925.5,6945.0,6913.40016066629,6861.67003577155,6887.535098218919,6943.266592901599,0.0,0.0,0.0,0.0,0.0,0.0
1769130600.0,6952.25,6953.25,6951.5,6952.25,6953.06172872147,6952.158656412889,6944.5703887242,6964.5,6925.5,6945.0,6913.40016066629,6861.67003577155,6887.535098218919,6943.67911770419,0.0,0.0,0.0,0.0,0.0,0.0
1769130900.0,6952.25,6954.75,6952.25,6953.25,6953.71101539939,6953.068144842729,6945.39310243933,6964.5,6925.5,6945.0,6913.40016066629,6861.67003577155,6887.535098218919,6944.11023064786,0.0,0.0,0.0,0.0,0.0,0.0
1769131200.0,6953.0,6954.75,6952.75,6953.25,6954.013842329129,6953.777347790279,6946.1603083972295,6964.5,6925.5,6945.0,6913.40016066629,6861.67003577155,6887.535098218919,6944.302750625139,0.0,0.0,0.0,0.0,0.0,0.0
1769131500.0,6953.0,6953.75,6949.75,6951.5,6953.247677128469,6953.883960113149,6946.69431781803,6964.5,6925.5,6945.0,6913.40016066629,6861.67003577155,6887.535098218919,6944.88459927979,0.0,0.0,0.0,0.0,0.0,0.0
1769131800.0,6951.25,6954.75,6950.5,6954.25,6954.013887720889,6954.61188756239,6947.476049973429,6964.5,6925.5,6945.0,6913.40016066629,6861.67003577155,6887.535098218919,6945.5759105039,0.0,0.0,0.0,0.0,0.0,0.0
1769132100.0,6954.5,6954.75,6952.5,6953.25,6953.942877715989,6954.920872478109,6948.09995361655,6964.5,6925.5,6945.0,6913.40016066629,6861.67003577155,6887.535098218919,6945.8890301891,0.0,0.0,0.0,0.0,0.0,0.0
1769132400.0,6953.0,6953.75,6952.5,6953.0,6953.70705278404,6955.06987096378,6948.6540322478395,6964.5,6925.5,6945.0,6913.40016066629,6861.67003577155,6887.535098218919,6946.06545371735,0.0,0.0,0.0,0.0,0.0,0.0
1769132700.0,6952.75,6954.5,6952.5,6954.5,6954.2337119800895,6955.52302027285,6949.323580804989,6964.5,6925.5,6945.0,6913.40016066629,6861.67003577155,6887.535098218919,6946.18426984858,0.0,0.0,0.0,0.0,0.0,0.0
1769133000.0,6954.5,6955.5,6954.25,6955.5,6955.010120797449,6956.103953334389,6950.04832105255,6964.5,6925.5,6945.0,6913.40016066629,6861.67003577155,6887.535098218919,6946.35668321702,0.0,0.0,0.0,0.0,0.0,0.0
1769133300.0,6955.5,6957.0,6955.0,6956.5,6955.94157393753,6956.7901988484,6950.82382483059,6964.5,6925.5,6945.0,6913.40016066629,6861.67003577155,6887.535098218919,6946.5865319408695,0.0,0.0,0.0,0.0,0.0,0.0
1769133600.0,6956.75,6957.0,6954.25,6954.75,6955.622006052779,6956.8787724185095,6951.361697114269,6964.5,6925.5,6945.0,6913.40016066629,6861.67003577155,6887.535098218919,6946.77543708324,0.0,0.0,0.0,0.0,0.0,0.0
1769133900.0,6954.75,6955.5,6954.25,6954.75,6955.360174414909,6956.90908415768,6951.8589914129,6964.5,6925.5,6945.0,6913.40016066629,6861.67003577155,6887.535098218919,6946.877058219779,0.0,0.0,0.0,0.0,0.0,0.0
1769134200.0,6955.0,6956.0,6954.75,6955.75,6955.638252830449,6957.14197998475,6952.42153791617,6964.5,6925.5,6945.0,6913.40016066629,6861.67003577155,6887.535098218919,6946.9800412122,0.0,0.0,0.0,0.0,0.0,0.0
1769134500.0,6955.75,6956.25,6954.75,6955.5,6955.65873901548,6957.233044359729,6952.915175381209,6964.5,6925.5,6945.0,6913.40016066629,6861.67003577155,6887.535098218919,6947.0940360625,0.0,0.0,0.0,0.0,0.0,0.0
1769134800.0,6955.5,6955.5,6954.25,6954.25,6955.02993750313,6956.95961775644,6953.241004443969,6964.5,6925.5,6945.0,6913.40016066629,6861.67003577155,6887.535098218919,6947.16873761646,0.0,0.0,0.0,0.0,0.0,0.0
1769135100.0,6954.25,6954.75,6953.5,6954.5,6954.729856546979,6956.76059057365,6953.565572493159,6964.5,6925.5,6945.0,6913.40016066629,6861.67003577155,6887.535098218919,6947.269598981869,0.0,0.0,0.0,0.0,0.0,0.0
1769135400.0,6954.25,6954.5,6952.75,6953.25,6953.921450082669,6956.25319274667,6953.73373107249,6964.5,6925.5,6945.0,6913.40016066629,6861.67003577155,6887.535098218919,6947.3636947335,0.0,0.0,0.0,0.0,0.0,0.0
1769135700.0,6953.5,6953.75,6952.25,6952.5,6953.0454836297995,6955.61890197882,6953.80800844144,6964.5,6925.5,6945.0,6913.40016066629,6861.67003577155,6887.535098218919,6947.44262671185,0.0,0.0,0.0,0.0,0.0,0.0
1769136000.0,6952.5,6952.75,6951.75,6952.0,6952.265663104839,6954.9464077330995,6953.8208101992295,6964.5,6925.5,6945.0,6913.40016066629,6861.67003577155,6887.535098218919,6947.49436215839,0.0,0.0,0.0,0.0,0.0,0.0
1769136300.0,6952.0,6952.75,6951.75,6952.25,6951.928045324749,6954.433528390469,6953.8540135145595,6964.5,6925.5,6945.0,6913.40016066629,6861.67003577155,6887.535098218919,6947.54434739699,0.0,0.0,0.0,0.0,0.0,0.0
1769136600.0,6952.0,6952.5,6951.5,6952.25,6951.75852323655,6953.994526308799,6953.880405932089,6964.5,6925.5,6945.0,6913.40016066629,6861.67003577155,6887.535098218919,6947.61447310888,0.0,0.0,0.0,0.0,0.0,0.0
1769136900.0,6952.25,6952.5,6951.5,6951.75,6951.45262825388,6953.495600710339,6953.848837640559,6964.5,6925.5,6945.0,6913.40016066629,6861.67003577155,6887.535098218919,6947.65804622576,0.0,0.0,0.0,0.0,0.0,0.0
1769137200.0,6951.75,6954.5,6951.75,6954.5,6952.6451024014095,6953.7585440646,6954.09938027858,6964.5,6925.5,6945.0,6913.40016066629,6861.67003577155,6887.535098218919,6947.7482926991,0.0,0.0,0.0,0.0,0.0,0.0
1769137500.0,6954.25,6956.5,6954.0,6956.0,6954.17156341305,6954.34151684387,6954.48302675908,6964.5,6925.5,6945.0,6913.40016066629,6861.67003577155,6887.535098218919,6947.913213467939,0.0,0.0,0.0,0.0,0.0,0.0
1769137800.0,6956.0,6956.5,6955.25,6956.25,6955.270901246589,6954.87668027075,6954.86105602444,6964.5,6925.5,6945.0,6913.40016066629,6861.67003577155,6887.535098218919,6948.043763281979,0.0,0.0,0.0,0.0,0.0,0.0
1769138100.0,6956.25,6958.0,6956.25,6958.0,6956.8030536683,6955.743341745069,6955.3886765297,6964.5,6925.5,6945.0,6913.40016066629,6861.67003577155,6887.535098218919,6948.2068075496,0.0,0.0,0.0,0.0,0.0,0.0
1769138400.0,6957.75,6958.5,6957.5,6957.5,6957.49103887793,6956.321789996229,6955.8225470722,6964.5,6925.5,6945.0,6913.40016066629,6861.67003577155,6887.535098218919,6948.3115132657895,0.0,0.0,0.0,0.0,0.0,0.0
1769138700.0,6957.5,6958.5,6957.5,6957.75,6957.98933170216,6956.845980614829,6956.246467248039,6964.5,6925.5,6945.0,6913.40016066629,6861.67003577155,6887.535098218919,6948.3764626641,0.0,0.0,0.0,0.0,0.0,0.0
1769139000.0,6957.5,6958.0,6956.25,6956.5,6957.63076491772,6956.950671967939,6956.50584155159,6964.5,6925.5,6945.0,6913.40016066629,6861.67003577155,6887.535098218919,6948.46994574778,0.0,0.0,0.0,0.0,0.0,0.0
1769139300.0,6956.5,6956.5,6955.5,6956.25,6957.21973083989,6956.95698212693,6956.715401216899,6964.5,6925.5,6945.0,6913.40016066629,6861.67003577155,6887.535098218919,6948.550239966229,0.0,0.0,0.0,0.0,0.0,0.0
1769139600.0,6956.25,6957.5,6956.25,6957.25,6957.400823205209,6957.193732713269,6957.00775967875,6964.5,6925.5,6945.0,6913.40016066629,6861.67003577155,6887.535098218919,6948.60966589665,0.0,0.0,0.0,0.0,0.0,0.0
1769139900.0,6957.5,6957.5,6955.25,6956.0,6956.8710441178,6957.061893837899,6957.144448842079,6964.5,6925.5,6945.0,6913.40016066629,6861.67003577155,6887.535098218919,6948.6901925925895,0.0,0.0,0.0,0.0,0.0,0.0
1769140200.0,6956.25,6957.25,6956.0,6957.25,6957.115427518739,6957.2480006046,6957.394731675089,6964.5,6925.5,6945.0,6913.40016066629,6861.67003577155,6887.535098218919,6948.748302150049,0.0,0.0,0.0,0.0,0.0,0.0
1769140500.0,6957.0,6957.0,6956.25,6956.5,6956.885842819859,6957.20039462275,6957.54387093468,6964.5,6925.5,6945.0,6913.40016066629,6861.67003577155,6887.535098218919,6948.795237319429,0.0,0.0,0.0,0.0,0.0,0.0
1769140800.0,6956.5,6957.25,6956.0,6956.5,6956.72237651999,6957.14682518657,6957.676436203489,6964.5,6925.5,6945.0,6913.40016066629,6861.67003577155,6887.535098218919,6948.8901082803095,0.0,0.0,0.0,0.0,0.0,0.0
1769141100.0,6956.25,6956.75,6955.5,6956.0,6956.36398432345,6956.96519442281,6957.741910881509,6964.5,6925.5,6945.0,6913.40016066629,6861.67003577155,6887.535098218919,6948.94542446727,0.0,0.0,0.0,0.0,0.0,0.0
1769141400.0,6956.0,6957.0,6956.0,6957.0,6956.620150981669,6957.05223686091,6957.900080761209,6964.5,6925.5,6945.0,6913.40016066629,6861.67003577155,6887.535098218919,6948.995370257359,0.0,0.0,0.0,0.0,0.0,0.0
1769141700.0,6957.0,6957.5,6956.0,6956.25,6956.41736923321,6956.927162581819,6957.96358499055,6964.5,6925.5,6945.0,6913.40016066629,6861.67003577155,6887.535098218919,6949.044138452339,0.0,0.0,0.0,0.0,0.0,0.0
1769142000.0,6956.25,6956.25,6954.75,6956.0,6956.16535624851,6956.7520007166195,6957.99077248669,6964.5,6925.5,6945.0,6913.40016066629,6861.67003577155,6887.535098218919,6949.09687903504,0.0,0.0,0.0,0.0,0.0,0.0
1769142300.0,6956.0,6956.75,6956.0,6956.5,6956.25302337128,6956.7234131797295,6958.0617923258,6964.5,6925.5,6945.0,6913.40016066629,6861.67003577155,6887.535098218919,6949.1382070544,0.0,0.0,0.0,0.0,0.0,0.0
1769142600.0,6956.5,6957.5,6956.5,6957.5,6956.80346514132,6956.9414350559,6958.22532613118,6964.5,6925.5,6945.0,6913.40016066629,6861.67003577155,6887.535098218919,6949.17148921132,0.0,0.0,0.0,0.0,0.0,0.0
1769142900.0,6957.5,6958.0,6957.0,6957.5,6957.15517386556,6957.11468555704,6958.371541118229,6964.5,6925.5,6945.0,6913.40016066629,6861.67003577155,6887.535098218919,6949.26041617562,0.0,0.0,0.0,0.0,0.0,0.0
1769143200.0,6957.5,6957.5,6956.25,6956.5,6956.88331217211,6957.00186781918,6958.398279635189,6964.5,6925.5,6945.0,6913.40016066629,6861.67003577155,6887.535098218919,6949.293982839399,0.0,0.0,0.0,0.0,0.0,0.0
1769143500.0,6956.25,6956.5,6955.5,6955.75,6956.335389543539,6956.715253870229,6958.339809688299,6964.5,6925.5,6945.0,6913.40016066629,6861.67003577155,6887.535098218919,6949.345788807919,0.0,0.0,0.0,0.0,0.0,0.0
1769143800.0,6955.75,6959.0,6955.75,6959.0,6957.572424553199,6957.28128722967,6958.61568497335,6964.5,6925.5,6945.0,6913.40016066629,6861.67003577155,6887.535098218919,6949.53850238578,0.0,0.0,0.0,0.0,0.0,0.0
1769144100.0,6958.75,6959.0,6958.0,6958.0,6957.870126836219,6957.49481794975,6958.76318606663,6964.5,6925.5,6945.0,6913.40016066629,6861.67003577155,6887.535098218919,6949.626284246579,0.0,0.0,0.0,0.0,0.0,0.0
1769144400.0,6958.25,6959.5,6957.0,6957.75,6957.918968711069,6957.60213761827,6958.868782208529,6964.5,6925.5,6945.0,6913.40016066629,6861.67003577155,6887.535098218919,6949.73815743643,0.0,0.0,0.0,0.0,0.0,0.0
1769144700.0,6957.75,6959.0,6957.25,6959.0,6958.539962752259,6957.99447599535,6959.090468327499,6964.5,6925.5,6945.0,6913.40016066629,6861.67003577155,6887.535098218919,6949.7950864328395,0.0,0.0,0.0,0.0,0.0,0.0
1769145000.0,6959.0,6960.5,6958.75,6959.5,6959.156995620319,6958.4351703024595,6959.342560800709,6964.5,6925.5,6945.0,6913.40016066629,6861.67003577155,6887.535098218919,6949.88908272267,0.0,0.0,0.0,0.0,0.0,0.0
1769145300.0,6959.5,6960.0,6959.25,6960.0,6959.762572984489,6958.91437643243,6959.6228499816,6964.5,6925.5,6945.0,6913.40016066629,6861.67003577155,6887.535098218919,6949.942502103099,0.0,0.0,0.0,0.0,0.0,0.0
1769145600.0,6959.75,6960.25,6959.0,6959.25,6959.74320450092,6959.1129605160995,6959.800056948309,6964.5,6925.5,6945.0,6913.40016066629,6861.67003577155,6887.535098218919,6949.98535155545,0.0,0.0,0.0,0.0,0.0,0.0
1769145900.0,6959.25,6959.5,6958.5,6959.0,6959.5679324296,6959.20306141916,6959.933028845329,6964.5,6925.5,6945.0,6913.40016066629,6861.67003577155,6887.535098218919,6950.0226833178795,0.0,0.0,0.0,0.0,0.0,0.0
1769146200.0,6958.75,6959.25,6958.0,6958.5,6959.178522557329,6959.141412232039,6959.999024357449,6964.5,6925.5,6945.0,6913.40016066629,6861.67003577155,6887.535098218919,6950.06512462263,0.0,0.0,0.0,0.0,0.0,0.0
1769146500.0,6958.5,6959.75,6958.5,6959.75,6959.51654457722,6959.39025862898,6960.183667061639,6964.5,6925.5,6945.0,6913.40016066629,6861.67003577155,6887.535098218919,6950.088141368729,0.0,0.0,0.0,0.0,0.0,0.0
1769146800.0,6959.5,6960.0,6958.0,6958.25,6958.981725079219,6959.21208856245,6960.19440799433,6964.5,6925.5,6945.0,6913.40016066629,6861.67003577155,6887.535098218919,6950.1377388478595,0.0,0.0,0.0,0.0,0.0,0.0
1769147100.0,6958.5,6959.5,6958.25,6959.0,6958.9917781512095,6959.241127151099,6960.276054369219,6964.5,6925.5,6945.0,6913.40016066629,6861.67003577155,6887.535098218919,6950.166979590969,0.0,0.0,0.0,0.0,0.0,0.0
1769147400.0,6959.0,6960.25,6958.75,6960.25,6959.60182623435,6959.56679784477,6960.4753966607395,6964.5,6925.5,6945.0,6913.40016066629,6861.67003577155,6887.535098218919,6950.21270744479,0.0,0.0,0.0,0.0,0.0,0.0
1769147700.0,6960.25,6960.75,6959.75,6960.5,6960.10281215267,6959.888689061089,6960.680822100159,6964.5,6925.5,6945.0,6913.40016066629,6861.67003577155,6887.535098218919,6950.265637142679,0.0,0.0,0.0,0.0,0.0,0.0
1769148000.0,6960.5,6962.5,6960.25,6962.25,6961.257033209879,6960.5795533847795,6961.0469030102195,6964.5,6925.5,6945.0,6913.40016066629,6861.67003577155,6887.535098218919,6950.4117284206595,0.0,0.0,0.0,0.0,0.0,0.0
1769148300.0,6962.25,6963.25,6961.25,6961.25,6961.4736154025595,6960.88967147251,6961.27801289675,6964.5,6925.5,6945.0,6913.40016066629,6861.67003577155,6887.535098218919,6950.65686702247,0.0,0.0,0.0,0.0,0.0,0.0
1769148600.0,6961.25,6962.0,6960.25,6961.75,6961.813813025359,6961.25651415217,6961.53854544727,6964.5,6925.5,6945.0,6913.40016066629,6861.67003577155,6887.535098218919,6950.7240376278,0.0,0.0,0.0,0.0,0.0,0.0
1769148900.0,6961.5,6963.0,6961.25,6963.0,6962.5994106913995,6961.855960854889,6961.903885035,6964.5,6925.5,6945.0,6913.40016066629,6861.67003577155,6887.535098218919,6950.770302750329,0.0,0.0,0.0,0.0,0.0,0.0
1769149200.0,6963.0,6963.0,6962.25,6962.75,6962.932555736769,6962.27315001774,6962.2115102997595,6964.5,6925.5,6945.0,6913.40016066629,6861.67003577155,6887.535098218919,6950.82026947745,0.0,0.0,0.0,0.0,0.0,0.0
1769149500.0,6963.0,6963.0,6960.25,6961.0,6962.239937509759,6962.16519751722,6962.310285446029,6964.5,6925.5,6945.0,6913.40016066629,6861.67003577155,6887.535098218919,6950.92622715482,0.0,0.0,0.0,0.0,0.0,0.0
1769149800.0,6960.75,6961.75,6960.5,6961.0,6961.756241282809,6962.058777448439,6962.39571526024,6964.5,6925.5,6945.0,6913.40016066629,6861.67003577155,6887.535098218919,6950.98163318892,0.0,0.0,0.0,0.0,0.0,0.0
1769150100.0,6961.0,6961.25,6957.5,6958.0,6959.95976759723,6961.20913624998,6962.1587108028,6964.5,6925.5,6945.0,6913.40016066629,6861.67003577155,6887.535098218919,6951.053329235209,0.0,0.0,0.0,0.0,0.0,0.0
1769150400.0,6958.0,6958.5,6957.5,6958.0,6958.81430697537,6960.49466305396,6961.93217472573,6964.5,6925.5,6945.0,6913.40016066629,6861.67003577155,6887.535098218919,6951.09134885978,0.0,0.0,0.0,0.0,0.0,0.0
1769150700.0,6957.75,6958.75,6957.25,6957.5,6957.870778490989,6959.77216732485,6961.66401113929,6964.5,6925.5,6945.0,6913.40016066629,6861.67003577155,6887.535098218919,6951.1255873304,0.0,0.0,0.0,0.0,0.0,0.0
1769151000.0,6957.5,6958.25,6957.25,6957.5,6957.31779999545,6959.17146172885,6961.4091479872695,6964.5,6925.5,6945.0,6913.40016066629,6861.67003577155,6887.535098218919,6951.13995446547,0.0,0.0,0.0,0.0,0.0,0.0
1769151300.0,6957.5,6958.0,6957.25,6957.5,6957.02375045777,6958.674993957699,6961.166984456279,6964.5,6925.5,6945.0,6913.40016066629,6861.67003577155,6887.535098218919,6951.1567940735595,0.0,0.0,0.0,0.0,0.0,0.0
1769151600.0,6957.5,6957.5,6955.5,6956.75,6956.53066369478,6958.081008028629,6960.8594240168395,6964.5,6925.5,6945.0,6913.40016066629,6861.67003577155,6887.535098218919,6951.2073124297995,0.0,0.0,0.0,0.0,0.0,0.0
1769151900.0,6957.0,6958.25,6956.5,6956.5,6956.154705586209,6957.53346417156,6960.543067257409,6964.5,6925.5,6945.0,6913.40016066629,6861.67003577155,6887.535098218919,6951.2860051966,0.0,0.0,0.0,0.0,0.0,0.0
1769152200.0,6956.75,6957.5,6955.75,6956.25,6955.8545793473095,6957.02696649585,6960.21888707505,6964.5,6925.5,6945.0,6913.40016066629,6861.67003577155,6887.535098218919,6951.318897992959,0.0,0.0,0.0,0.0,0.0,0.0
1769152500.0,6956.25,6959.0,6956.25,6959.0,6957.065655519749,6957.3027533001095,6960.197874050799,6964.5,6925.5,6945.0,6913.40016066629,6861.67003577155,6887.535098218919,6951.3715122164995,0.0,0.0,0.0,0.0,0.0,0.0
1769152800.0,6959.25,6960.25,6959.25,6960.25,6958.4939901606995,6957.852155683419,6960.3039457735995,6964.5,6925.5,6945.0,6913.40016066629,6861.67003577155,6887.535098218919,6951.44726907852,0.0,0.0,0.0,0.0,0.0,0.0
1769153100.0,6960.25,6960.75,6958.5,6959.0,6958.809062413589,6958.00353548933,6960.269832422079,6964.5,6925.5,6945.0,6913.40016066629,6861.67003577155,6887.535098218919,6951.50434480203,0.0,0.0,0.0,0.0,0.0,0.0
1769153400.0,6959.0,6959.0,6957.0,6957.25,6958.148904310179,6957.69964190167,6960.05374315242,6964.5,6925.5,6945.0,6913.40016066629,6861.67003577155,6887.535098218919,6951.548645037939,0.0,0.0,0.0,0.0,0.0,0.0
1769153700.0,6957.25,6957.75,6956.25,6956.5,6957.35689347262,6957.26836113573,6959.771991691629,6964.5,6925.5,6945.0,6913.40016066629,6861.67003577155,6887.535098218919,6951.58124134583,0.0,0.0,0.0,0.0,0.0,0.0
1769154000.0,6956.5,6957.5,6956.0,6956.75,6956.98288801449,6956.982057202519,6959.53282872936,6964.5,6925.5,6945.0,6913.40016066629,6861.67003577155,6887.535098218919,6951.62985642268,0.0,0.0,0.0,0.0,0.0,0.0
1769154300.0,6957.0,6957.0,6953.25,6955.25,6956.03193477417,6956.381793988639,6959.15266940918,6964.5,6925.5,6945.0,6913.40016066629,6861.67003577155,6887.535098218919,6951.708281077629,0.0,0.0,0.0,0.0,0.0,0.0
1769154600.0,6955.25,6955.75,6954.0,6954.5,6955.0882279281595,6955.710356533569,6958.719247929829,6964.5,6925.5,6945.0,6913.40016066629,6861.67003577155,6887.535098218919,6951.727706721589,0.0,0.0,0.0,0.0,0.0,0.0
1769154900.0,6954.5,6955.5,6953.5,6955.0,6954.773670924599,6955.29356217647,6958.365897160859,6964.5,6925.5,6945.0,6913.40016066629,6861.67003577155,6887.535098218919,6951.75885875087,0.0,0.0,0.0,0.0,0.0,0.0
1769155200.0,6954.75,6954.75,6951.25,6953.5,6953.89176320135,6954.59184682826,6957.880651378149,6964.5,6925.5,6945.0,6913.40016066629,6861.67003577155,6887.535098218919,6951.797952807469,0.0,0.0,0.0,0.0,0.0,0.0
1769155500.0,6953.5,6954.75,6952.75,6954.5,6953.871956207229,6954.27836614413,6957.531558107619,6964.5,6925.5,6945.0,6913.40016066629,6861.67003577155,6887.535098218919,6951.84059023923,0.0,0.0,0.0,0.0,0.0,0.0
1769155800.0,6954.5,6955.0,6948.75,6948.75,6951.110629064139,6952.608705294059,6956.611753010719,6964.5,6925.5,6945.0,6913.40016066629,6861.67003577155,6887.535098218919,6951.82066690138,0.0,0.0,0.0,0.0,0.0,0.0
1769156100.0,6948.75,6952.25,6948.25,6949.25,6949.66593659516,6951.37647540952,6955.80783673425,6964.5,6925.5,6945.0,6913.40016066629,6861.67003577155,6887.535098218919,6951.77379874607,0.0,0.0,0.0,0.0,0.0,0.0
1769156400.0,6949.25,6949.5,6946.25,6947.5,6947.996281603329,6949.952099481799,6954.87983850401,6964.5,6925.5,6945.0,6913.40016066629,6861.67003577155,6887.535098218919,6951.69033607451,0.0,0.0,0.0,0.0,0.0,0.0
1769156700.0,6947.5,6947.75,6943.0,6944.5,6945.58911966613,6948.06307855867,6953.707974608689,6964.5,6925.5,6945.0,6913.40016066629,6861.67003577155,6887.535098218919,6951.502057934,0.0,0.0,0.0,0.0,0.0,0.0
1769157000.0,6944.75,6946.0,6939.5,6940.25,6942.1239860570395,6945.485553935049,6952.18100079077,6964.5,6925.5,6945.0,6913.40016066629,6861.67003577155,6887.535098218919,6951.19814702979,0.0,0.0,0.0,0.0,0.0,0.0
1769157300.0,6940.25,6942.25,6939.75,6942.25,6941.0705529588195,6943.902142015329,6950.97091847457,6964.5,6925.5,6945.0,6913.40016066629,6861.67003577155,6887.535098218919,6950.954443166999,0.0,0.0,0.0,0.0,0.0,0.0
1769157600.0,6942.5,6944.75,6941.0,6941.25,6940.114903140719,6942.401785190589,6949.74648125948,6964.5,6925.5,6945.0,6913.40016066629,6861.67003577155,6887.535098218919,6950.822328910859,0.0,0.0,0.0,0.0,0.0,0.0
1769157900.0,6941.5,6944.25,6940.25,6941.0,6939.579786718,6941.1611311241895,6948.58714562493,6964.5,6925.5,6945.0,6913.40016066629,6861.67003577155,6887.535098218919,6950.69364382754,0.0,0.0,0.0,0.0,0.0,0.0
1769158200.0,6940.75,6942.0,6936.75,6938.0,6937.958997207929,6939.4546633111895,6947.20498850648,6964.5,6925.5,6945.0,6913.40016066629,6861.67003577155,6887.535098218919,6950.42016473487,0.0,0.0,0.0,0.0,0.0,0.0
1769158500.0,6938.0,6939.5,6935.25,6938.25,6937.22523320852,6938.1752293766895,6945.952504612719,6964.5,6925.5,6945.0,6913.40016066629,6861.67003577155,6887.535098218919,6950.16938576945,0.0,0.0,0.0,0.0,0.0,0.0
1769158800.0,6938.25,6942.25,6937.0,6940.5,6938.03213586084,6937.74968056698,6945.02827596932,6964.5,6925.5,6945.0,6913.40016066629,6861.67003577155,6887.535098218919,6949.97051244373,0.0,0.0,0.0,0.0,0.0,0.0
1769159100.0,6940.75,6942.75,6940.25,6942.25,6939.553684876109,6937.905707608,6944.358343361159,6964.5,6925.5,6945.0,6913.40016066629,6861.67003577155,6887.535098218919,6949.858713142929,0.0,0.0,0.0,0.0,0.0,0.0
1769159400.0,6942.25,6942.25,6937.5,6938.5,6938.80246225262,6937.17130136943,6943.35687535723,6964.5,6925.5,6945.0,6913.40016066629,6861.67003577155,6887.535098218919,6949.704789402879,0.0,0.0,0.0,0.0,0.0,0.0
1769159700.0,6938.5,6939.75,6937.75,6939.5,6938.891288004909,6936.879916928319,6942.538620832999,6964.5,6925.5,6945.0,6913.40016066629,6861.67003577155,6887.535098218919,6949.58114018937,0.0,0.0,0.0,0.0,0.0,0.0
1769160000.0,6939.25,6942.25,6939.25,6941.0,6939.75385034332,6937.077769751079,6941.94297696705,6964.5,6925.5,6945.0,6913.40016066629,6861.67003577155,6887.535098218919,6949.47957083177,0.0,0.0,0.0,0.0,0.0,0.0
1769160300.0,6941.25,6941.75,6937.75,6939.0,6939.380828527879,6936.8060704,6941.19295288096,6964.5,6925.5,6945.0,6913.40016066629,6861.67003577155,6887.535098218919,6949.250544300749,0.0,0.0,0.0,0.0,0.0,0.0
1769160600.0,6939.0,6939.5,6936.0,6936.5,6937.95893526625,6936.01864184955,6940.2480555782495,6964.5,6925.5,6945.0,6913.40016066629,6861.67003577155,6887.535098218919,6949.09852660652,0.0,0.0,0.0,0.0,0.0,0.0
1769160900.0,6936.25,6936.5,6932.5,6933.25,6935.51022524125,6934.61769898193,6939.04492640605,6964.5,6925.5,6945.0,6913.40016066629,6861.67003577155,6887.535098218919,6948.70779476132,0.0,0.0,0.0,0.0,0.0,0.0
1769161200.0,6933.0,6933.0,6926.75,6928.0,6931.458369074079,6932.21434981283,6937.3956230255,6964.5,6925.5,6945.0,6913.40016066629,6861.67003577155,6887.535098218919,6947.8356269529395,0.0,0.0,0.0,0.0,0.0,0.0
1769161500.0,6927.75,6929.5,6925.5,6928.25,6929.11742817091,6930.3561795866,6935.90087505271,6964.5,6925.5,6945.0,6913.40016066629,6861.67003577155,6887.535098218919,6947.469992624429,0.0,0.0,0.0,0.0,0.0,0.0
1769161800.0,6928.25,6930.5,6926.5,6929.25,6928.28099431147,6929.141642749039,6934.62839760423,6964.5,6925.5,6945.0,6913.40016066629,6861.67003577155,6887.535098218919,6947.04599613456,0.0,0.0,0.0,0.0,0.0,0.0
1769162100.0,6929.25,6931.75,6928.25,6929.5,6928.047609225309,6928.27582295719,6933.485938627109,6964.5,6925.5,6945.0,6913.40016066629,6861.67003577155,6887.535098218919,6946.77066713955,0.0,0.0,0.0,0.0,0.0,0.0
1769162400.0,6929.25,6931.0,6928.25,6930.75,6928.672876286229,6927.94759267423,6932.56844089585,6964.5,6925.5,6945.0,6913.40016066629,6861.67003577155,6887.535098218919,6946.610835912789,0.0,0.0,0.0,0.0,0.0,0.0
1769162700.0,6930.75,6931.25,6929.5,6930.75,6929.209362461819,6927.751268518229,6931.731463325639,6964.5,6925.5,6945.0,6913.40016066629,6861.67003577155,6887.535098218919,6946.42084658161,0.0,0.0,0.0,0.0,0.0,0.0
1769163000.0,6930.75,6931.0,6927.5,6927.75,6928.1929233621795,6926.914817320359,6930.659679315359,6964.5,6925.5,6945.0,6913.40016066629,6861.67003577155,6887.535098218919,6946.119883257839,0.0,0.0,0.0,0.0,0.0,0.0
1769163300.0,6928.0,6930.5,6927.0,6929.5,6928.489552801069,6926.72892068894,6929.86099258321,6964.5,6925.5,6945.0,6913.40016066629,6861.67003577155,6887.535098218919,6945.966838368399,0.0,0.0,0.0,0.0,0.0,0.0
1769163600.0,6929.5,6930.25,6927.5,6929.75,6928.88570744765,6926.705937987899,6929.16163643801,6964.5,6925.5,6945.0,6913.40016066629,6861.67003577155,6887.535098218919,6945.840499168219,0.0,0.0,0.0,0.0,0.0,0.0
1769163900.0,6929.75,6930.25,6927.5,6928.25,6928.47053325773,6926.3788008587,6928.374033641509,6964.5,6925.5,6945.0,6913.40016066629,6861.67003577155,6887.535098218919,6945.722195116459,0.0,0.0,0.0,0.0,0.0,0.0
1769164200.0,6928.25,6928.75,6926.5,6926.75,6927.525372553219,6925.797236999219,6927.50463877858,6964.5,6925.5,6945.0,6913.40016066629,6861.67003577155,6887.535098218919,6945.58027990554,0.0,0.0,0.0,0.0,0.0,0.0
1769164500.0,6926.75,6928.0,6925.75,6926.75,6926.976952486079,6925.376871120469,6926.714558898199,6964.5,6925.5,6945.0,6913.40016066629,6861.67003577155,6887.535098218919,6945.45158764163,0.0,0.0,0.0,0.0,0.0,0.0
1769164800.0,6927.0,6928.25,6926.75,6926.75,6926.6868836923695,6925.08843796288,6925.99854875145,6964.5,6925.5,6945.0,6913.40016066629,6861.67003577155,6887.535098218919,6945.327149111609,0.0,0.0,0.0,0.0,0.0,0.0
1769165100.0,6926.75,6928.5,6926.5,6926.5,6926.43776283565,6924.8449226949,6925.3258207133995,6964.5,6925.5,6945.0,6913.40016066629,6861.67003577155,6887.535098218919,6945.1909693545595,0.0,0.0,0.0,0.0,0.0,0.0
1769165400.0,6926.25,6928.75,6926.25,6928.25,6927.1860137891,6925.13361775016,6924.9002573812495,6964.5,6925.5,6945.0,6913.40016066629,6861.67003577155,6887.535098218919,6945.02430904134,0.0,0.0,0.0,0.0,0.0,0.0
1769165700.0,6928.5,6929.75,6927.75,6929.75,6928.43561289988,6925.79637528384,6924.678750118809,6964.5,6925.5,6945.0,6913.40016066629,6861.67003577155,6887.535098218919,6944.879096089429,0.0,0.0,0.0,0.0,0.0,0.0
1769166000.0,6929.75,6941.0,6929.25,6937.25,6932.906459056489,6928.25475311773,6925.267040162569,6964.5,6925.5,6945.0,6913.40016066629,6861.67003577155,6887.535098218919,6944.27538689223,0.0,0.0,0.0,0.0,0.0,0.0
1769166300.0,6937.25,6942.0,6936.25,6939.75,6936.93636402782,6930.942962532569,6926.09097996734,6964.5,6925.5,6945.0,6913.40016066629,6861.67003577155,6887.535098218919,6944.09058945377,0.0,0.0,0.0,0.0,0.0,0.0
1769166600.0,6939.75,6941.25,6937.75,6940.0,6939.50590608306,6933.246539435439,6926.9005311151395,6964.5,6925.5,6945.0,6913.40016066629,6861.67003577155,6887.535098218919,6944.0086024168795,0.0,0.0,0.0,0.0,0.0,0.0
1769166900.0,6940.25,6940.5,6938.25,6939.0,6940.48046270284,6934.90752435078,6927.56648506632,6964.5,6925.5,6945.0,6913.40016066629,6861.67003577155,6887.535098218919,6943.969545641269,0.0,0.0,0.0,0.0,0.0,0.0
1769167200.0,6939.25,6940.0,6938.0,6938.75,6940.787189189589,6936.2133326738995,6928.17550350683,6964.5,6925.5,6945.0,6913.40016066629,6861.67003577155,6887.535098218919,6943.92933223598,0.0,0.0,0.0,0.0,0.0,0.0
1769167500.0,6939.0,6942.25,6937.75,6942.0,6942.385789580099,6938.088359642449,6929.092510892659,6964.5,6925.5,6945.0,6913.40016066629,6861.67003577155,6887.535098218919,6943.901007300619,0.0,0.0,0.0,0.0,0.0,0.0
1769167800.0,6942.25,6943.75,6940.5,6943.0,6943.7164886520595,6939.866470344869,6930.06241137681,6964.5,6925.5,6945.0,6913.40016066629,6861.67003577155,6887.535098218919,6943.8873656631295,0.0,0.0,0.0,0.0,0.0,0.0
1769168100.0,6942.75,6943.0,6940.25,6941.5,6943.64989763624,6940.93428490285,6930.822034920519,6964.5,6925.5,6945.0,6913.40016066629,6861.67003577155,6887.535098218919,6943.871793872399,0.0,0.0,0.0,0.0,0.0,0.0
1769168400.0,6941.5,6941.75,6937.5,6938.5,6941.9696203800195,6941.03603433637,6931.230119097209,6964.5,6925.5,6945.0,6913.40016066629,6861.67003577155,6887.535098218919,6943.83136679159,0.0,0.0,0.0,0.0,0.0,0.0
1769168700.0,6938.5,6938.75,6936.5,6936.75,6939.908127640329,6940.648673784,6931.439802564079,6964.5,6925.5,6945.0,6913.40016066629,6861.67003577155,6887.535098218919,6943.77892152354,0.0,0.0,0.0,0.0,0.0,0.0
1769169000.0,6936.75,6937.75,6935.0,6936.0,6938.1465827969,6940.107856821,6931.567875926229,6964.5,6925.5,6945.0,6913.40016066629,6861.67003577155,6887.535098218919,6943.72046013989,0.0,0.0,0.0,0.0,0.0,0.0
1769169300.0,6935.75,6935.75,6931.75,6933.5,6935.7726392777095,6939.008588361669,6931.43881319224,6964.5,6925.5,6945.0,6913.40016066629,6861.67003577155,6887.535098218919,6943.61851142261,0.0,0.0,0.0,0.0,0.0,0.0
1769169600.0,6933.25,6934.5,6932.5,6933.5,6934.273856648289,6938.07469724085,6931.328834575909,6964.5,6925.5,6945.0,6913.40016066629,6861.67003577155,6887.535098218919,6943.52463143894,0.0,0.0,0.0,0.0,0.0,0.0
1769169900.0,6933.5,6937.5,6933.25,6936.25,6934.714838934719,6937.96725485483,6931.52072239996,6964.5,6925.5,6945.0,6913.40016066629,6861.67003577155,6887.535098218919,6943.46051586862,0.0,0.0,0.0,0.0,0.0,0.0
1769170200.0,6936.25,6938.25,6935.25,6935.75,6934.81539998879,6937.73777054086,6931.65712013757,6964.5,6925.5,6945.0,6913.40016066629,6861.67003577155,6887.535098218919,6943.41130920025,0.0,0.0,0.0,0.0,0.0,0.0
1769170500.0,6935.75,6936.5,6934.0,6934.0,6934.07668382236,6937.0979438642,6931.612370230039,6964.5,6925.5,6945.0,6913.40016066629,6861.67003577155,6887.535098218919,6943.352733396559,0.0,0.0,0.0,0.0,0.0,0.0
1769170800.0,6934.25,6937.0,6933.75,6935.75,6934.51047072976,6936.99203478364,6931.760701956209,6964.5,6925.5,6945.0,6913.40016066629,6861.67003577155,6887.535098218919,6943.29405198091,0.0,0.0,0.0,0.0,0.0,0.0
1769171100.0,6935.75,6937.5,6935.5,6937.25,6935.56938160676,6937.26738696741,6932.06248220153,6964.5,6925.5,6945.0,6913.40016066629,6861.67003577155,6887.535098218919,6943.24411246204,0.0,0.0,0.0,0.0,0.0,0.0
1769171400.0,6937.25,6939.0,6931.0,6932.75,6934.07967417213,6936.36558510134,6931.88639112489,6964.5,6925.5,6945.0,6913.40016066629,6861.67003577155,6887.535098218919,6943.12460589818,0.0,0.0,0.0,0.0,0.0,0.0
1769171700.0,6932.75,6935.75,6931.75,6935.25,6934.37736634177,6936.23364516082,6931.989243281069,6964.5,6925.5,6945.0,6913.40016066629,6861.67003577155,6887.535098218919,6943.040773243059,0.0,0.0,0.0,0.0,0.0,0.0
1769172000.0,6935.5,6939.75,6934.5,6939.25,6936.55822819241,6937.113702529489,6932.506352294559,6964.5,6925.5,6945.0,6913.40016066629,6861.67003577155,6887.535098218919,6942.99452000919,0.0,0.0,0.0,0.0,0.0,0.0
1769172300.0,6939.25,6941.5,6938.5,6941.5,6939.05999746174,6938.39316021991,6933.227333776669,6964.5,6925.5,6945.0,6913.40016066629,6861.67003577155,6887.535098218919,6942.969423369789,0.0,0.0,0.0,0.0,0.0,0.0
1769172600.0,6941.5,6942.5,6939.75,6940.0,6939.8894073457095,6939.065062668499,6933.749596416939,6964.5,6925.5,6945.0,6913.40016066629,6861.67003577155,6887.535098218919,6942.94938746663,0.0,0.0,0.0,0.0,0.0,0.0
1769172900.0,6940.0,6941.5,6939.0,6940.5,6940.597195337689,6939.72798744586,6934.29313465414,6964.5,6925.5,6945.0,6913.40016066629,6861.67003577155,6887.535098218919,6942.93729594461,0.0,0.0,0.0,0.0,0.0,0.0
1769173200.0,6940.5,6940.5,6938.0,6940.0,6940.7323254071,6940.13226734961,6934.75250763551,6964.5,6925.5,6945.0,6913.40016066629,6861.67003577155,6887.535098218919,6942.903107804679,0.0,0.0,0.0,0.0,0.0,0.0
1769173500.0,6939.75,6940.25,6937.25,6937.25,6939.40434248968,6939.761521094099,6934.90050598939,6964.5,6925.5,6945.0,6913.40016066629,6861.67003577155,6887.535098218919,6942.870243536289,0.0,0.0,0.0,0.0,0.0,0.0
1769173800.0,6937.25,6940.0,6937.0,6938.5,6939.1141212064995,6939.745925442319,6935.1720432844195,6964.5,6925.5,6945.0,6913.40016066629,6861.67003577155,6887.535098218919,6942.83789540941,0.0,0.0,0.0,0.0,0.0,0.0
1769174100.0,6938.5,6939.5,6935.0,6936.0,6937.68050392384,6939.09313079992,6935.170549824959,6964.5,6925.5,6945.0,6913.40016066629,6861.67003577155,6887.535098218919,6942.78456906582,0.0,0.0,0.0,0.0,0.0,0.0
1769174400.0,6936.0,6936.25,6933.75,6935.0,6936.26912005547,6938.28928019397,6935.069994210469,6964.5,6925.5,6945.0,6913.40016066629,6861.67003577155,6887.535098218919,6942.72072160177,0.0,0.0,0.0,0.0,0.0,0.0
1769174700.0,6934.75,6934.75,6928.0,6928.25,6932.095750657059,6935.9349593588895,6934.282921885389,6964.5,6925.5,6945.0,6913.40016066629,6861.67003577155,6887.535098218919,6942.55097570177,0.0,0.0,0.0,0.0,0.0,0.0
1769175000.0,6928.25,6932.5,6928.0,6929.75,6930.23550907947,6934.35924765784,6933.710479142759,6964.5,6925.5,6945.0,6913.40016066629,6861.67003577155,6887.535098218919,6942.3990800144,0.0,0.0,0.0,0.0,0.0,0.0
1769175300.0,6929.75,6932.5,6928.5,6931.75,6930.1491699975595,6933.561031786329,6933.389723439909,6964.5,6925.5,6945.0,6913.40016066629,6861.67003577155,6887.535098218919,6942.20998525608,0.0,0.0,0.0,0.0,0.0,0.0
1769175600.0,6931.75,6934.0,6930.5,6930.75,6929.736854897979,6932.664716357909,6932.993148597489,6964.5,6925.5,6945.0,6913.40016066629,6861.67003577155,6887.535098218919,6942.09584013051,0.0,0.0,0.0,0.0,0.0,0.0
1769175900.0,6930.75,6932.25,6929.0,6931.25,6929.8366260085295,6932.063871632,6932.681278012729,6964.5,6925.5,6945.0,6913.40016066629,6861.67003577155,6887.535098218919,6941.99247642314,0.0,0.0,0.0,0.0,0.0,0.0
1769176200.0,6931.0,6931.5,6926.0,6926.5,6927.689516055089,6930.40444915805,6931.905674101339,6964.5,6925.5,6945.0,6913.40016066629,6861.67003577155,6887.535098218919,6941.79642362704,0.0,0.0,0.0,0.0,0.0,0.0
1769176500.0,6926.5,6929.0,6925.75,6928.0,6927.16178630361,6929.42906868222,6931.345188665639,6964.5,6925.5,6945.0,6913.40016066629,6861.67003577155,6887.535098218919,6941.66399138808,0.0,0.0,0.0,0.0,0.0,0.0
1769176800.0,6927.75,6929.25,6924.75,6928.0,6926.948768819259,6928.65117109459,6930.830088232409,6964.5,6925.5,6945.0,6913.40016066629,6861.67003577155,6887.535098218919,6941.4244069006,0.0,0.0,0.0,0.0,0.0,0.0
1769177100.0,6928.0,6930.5,6927.75,6930.25,6928.0254476835,6928.598815612379,6930.5900411497,6964.5,6925.5,6945.0,6913.40016066629,6861.67003577155,6887.535098218919,6941.294362562629,0.0,0.0,0.0,0.0,0.0,0.0
1769177400.0,6930.0,6930.25,6925.75,6927.75,6927.584272894859,6927.96518012248,6930.114934342049,6964.5,6925.5,6945.0,6913.40016066629,6861.67003577155,6887.535098218919,6941.13536422293,0.0,0.0,0.0,0.0,0.0,0.0
1769177700.0,6927.5,6930.75,6926.5,6930.5,6928.71516503082,6928.1567869409,6929.964042332949,6964.5,6925.5,6945.0,6913.40016066629,6861.67003577155,6887.535098218919,6940.979306925449,0.0,0.0,0.0,0.0,0.0,0.0
1769178000.0,6930.5,6931.75,6928.75,6931.25,6929.857621329779,6928.53238753092,6929.90799038318,6964.5,6925.5,6945.0,6913.40016066629,6861.67003577155,6887.535098218919,6940.82845789526,0.0,0.0,0.0,0.0,0.0,0.0
1769178300.0,6931.25,6936.5,6930.75,6935.0,6932.44032205446,6929.80304279094,6930.250133365869,6964.5,6925.5,6945.0,6913.40016066629,6861.67003577155,6887.535098218919,6940.566356864009,0.0,0.0,0.0,0.0,0.0,0.0
1769178600.0,6935.0,6940.5,6929.5,6930.75,6931.99830447332,6929.818334650649,6930.135364221989,,,,6960.36309240614,6937.16272364379,6948.76290802496,6939.53273808162,0.0,0.0,0.0,0.0,0.0,0.0
1769178900.0,6931.0,6935.0,6925.75,6927.75,6930.21161451224,6929.10266799597,6929.7246937624295,,,,6960.36309240614,6937.16272364379,6948.76290802496,6938.729542819689,0.0,0.0,0.0,0.0,0.0,0.0
1769179200.0,6928.0,6935.5,6925.0,6933.0,6931.6165751325,6929.835254146649,6929.891680221949,,,,6960.36309240614,6937.16272364379,6948.76290802496,6938.227174482749,0.0,0.0,0.0,0.0,0.0,0.0
1769179500.0,6933.25,6938.0,6926.25,6927.0,6929.576612344819,6928.965817292459,6929.432923540439,,,,6960.36309240614,6937.16272364379,6948.76290802496,6937.72246847622,0.0,0.0,0.0,0.0,0.0,0.0
1769179800.0,6926.75,6935.0,6926.25,6933.0,6931.19639200345,6929.756007576019,6929.63263455571,,,,6960.36309240614,6937.16272364379,6948.76290802496,6937.36021377741,0.0,0.0,0.0,0.0,0.0,0.0
1769180100.0,6933.0,6942.0,6932.25,6941.75,6936.501931574049,6932.600762270829,6930.72881790779,,,,6960.36309240614,6937.16272364379,6948.76290802496,6937.42475823845,0.0,0.0,0.0,0.0,0.0,0.0
1769180400.0,6941.5,6948.25,6941.25,6946.5,6942.142788651659,6936.13881242276,6932.24445730728,,,,6960.36309240614,6937.16272364379,6948.76290802496,6937.95394473255,0.0,0.0,0.0,0.0,0.0,0.0
1769180700.0,6946.75,6947.25,6942.75,6945.0,6944.847536847569,6938.679474963869,6933.502916335649,,,,6960.36309240614,6937.16272364379,6948.76290802496,6938.284297280539,0.0,0.0,0.0,0.0,0.0,0.0
1769181000.0,6944.75,6946.0,6938.5,6940.0,6943.904923188889,6939.51102584115,6934.15923078486,,,,6960.36309240614,6937.16272364379,6948.76290802496,6938.40866442652,0.0,0.0,0.0,0.0,0.0,0.0
1769181300.0,6939.75,6943.75,6937.0,6937.75,6941.98365269566,6939.60692625498,6934.53902196664,,,,6960.36309240614,6937.16272364379,6948.76290802496,6938.45791903903,0.0,0.0,0.0,0.0,0.0,0.0
1769181600.0,6937.75,6951.5,6936.5,6949.0,6946.08125281286,6942.451338838179,6936.05658012307,,,,6960.36309240614,6937.16272364379,6948.76290802496,6938.85015314046,0.0,0.0,0.0,0.0,0.0,0.0
1769181900.0,6949.0,6952.5,6945.0,6946.75,6947.439714247909,6944.20419172226,6937.235862542159,,,,6960.36309240614,6937.16272364379,6948.76290802496,6939.20148589495,0.0,0.0,0.0,0.0,0.0,0.0
1769182200.0,6947.0,6949.75,6945.75,6949.0,6949.210938974479,6946.16470626656,6938.56458608919,6952.5,6925.0,6938.75,6960.36309240614,6937.16272364379,6948.76290802496,6939.43619035707,0.0,0.0,0.0,0.0,0.0,0.0
1769182500.0,6949.0,6952.0,6948.75,6951.5,6951.36360362294,6948.352283923619,6940.05706144947,6952.5,6925.0,6938.75,6960.36309240614,6937.16272364379,6948.76290802496,6939.67171492733,0.0,0.0,0.0,0.0,0.0,0.0
1769182800.0,6951.5,6952.75,6950.0,6950.5,6952.04077955899,6949.849700740309,6941.33888114735,6952.5,6925.0,6938.75,6960.36309240614,6937.16272364379,6948.76290802496,6939.890926614429,0.0,0.0,0.0,0.0,0.0,0.0
1769183100.0,6950.75,6957.75,6949.0,6957.25,6955.557752740459,6952.698221642319,6943.224767285679,6952.5,6925.0,6938.75,6960.36309240614,6937.16272364379,6948.76290802496,6940.3654365700595,1.0,0.0,0.0,0.0,0.0,0.0
1769183400.0,6957.25,6959.0,6954.5,6958.5,6958.194474878789,6955.28836667335,6945.10260050476,6952.5,6925.0,6938.75,6960.36309240614,6937.16272364379,6948.76290802496,6940.74475972228,0.0,0.0,0.0,0.0,0.0,0.0
1769183700.0,6958.75,6961.25,6957.5,6958.75,6959.75073358162,6957.40690484215,6946.86811637081,6952.5,6925.0,6938.75,6960.36309240614,6937.16272364379,6948.76290802496,6941.20789777304,0.0,0.0,0.0,0.0,0.0,0.0
1769184000.0,6958.75,6964.0,6958.75,6962.25,6962.19593823173,6959.93683410765,6948.863730502279,6952.5,6925.0,6938.75,6960.36309240614,6937.16272364379,6948.76290802496,6941.772050578999,0.0,0.0,0.0,0.0,0.0,0.0
1769184300.0,6962.5,6962.75,6956.25,6960.5,6962.644414417369,6961.49458189709,6950.52923895177,6952.5,6925.0,6938.75,6960.36309240614,6937.16272364379,6948.76290802496,6942.2781854408895,0.0,0.0,0.0,0.0,0.0,0.0
1769184600.0,6960.5,6961.75,6958.75,6960.0,6962.434768790559,6962.554984653149,6952.01566025339,6952.5,6925.0,6938.75,6960.36309240614,6937.16272364379,6948.76290802496,6942.59175089124,0.0,0.0,0.0,0.0,0.0,0.0
1769184900.0,6960.25,6962.25,6957.75,6961.0,6962.57048979064,6963.576489961059,6953.48949160699,6952.5,6925.0,6938.75,6960.36309240614,6937.16272364379,6948.76290802496,6942.91617027131,0.0,0.0,0.0,0.0,0.0,0.0
1769185200.0,6961.0,6961.0,6956.5,6958.5,6961.25235960136,6963.6959362136395,6954.5888399244595,6952.5,6925.0,6938.75,6960.36309240614,6937.16272364379,6948.76290802496,6943.19474096194,0.0,0.0,0.0,0.0,0.0,0.0
1769185500.0,6958.25,6959.75,6953.25,6955.0,6958.556924265989,6962.82405427285,6955.23578367733,6952.5,6925.0,6938.75,6960.36309240614,6937.16272364379,6948.76290802496,6943.44547320718,0.0,0.0,0.0,0.0,0.0,0.0
1769185800.0,6954.75,6957.25,6948.25,6950.5,6954.556178576589,6960.891598397059,6955.358221042769,6952.5,6925.0,6938.75,6960.36309240614,6937.16272364379,6948.76290802496,6943.7012903223895,0.0,0.0,0.0,0.0,0.0,0.0
1769186100.0,6950.75,6960.0,6949.0,6958.75,6956.02474210899,6961.26544650231,6956.310741894529,6952.5,6925.0,6938.75,6960.36309240614,6937.16272364379,6948.76290802496,6943.9922061077195,0.0,0.0,0.0,0.0,0.0,0.0
1769186400.0,6958.5,6960.5,6955.25,6958.75,6956.99466341873,6961.50195369341,6957.182182016029,6952.5,6925.0,6938.75,6960.36309240614,6937.16272364379,6948.76290802496,6944.265626407199,0.0,0.0,0.0,0.0,0.0,0.0
1769186700.0,6958.5,6960.5,6954.25,6958.75,6957.622450786889,6961.62769860746,6957.97773828705,6952.5,6925.0,6938.75,6960.36309240614,6937.16272364379,6948.76290802496,6944.487667941299,0.0,0.0,0.0,0.0,0.0,0.0
1769187000.0,6958.75,6959.75,6952.75,6955.0,6956.18879608438,6960.73256593472,6958.31471059389,6952.5,6925.0,6938.75,6960.36309240614,6937.16272364379,6948.76290802496,6944.642976696119,0.0,0.0,0.0,0.0,0.0,0.0
1769187300.0,6955.0,6955.25,6950.75,6951.75,6953.69327276209,6959.123976432639,6958.27676241028,6952.5,6925.0,6938.75,6960.36309240614,6937.16272364379,6948.76290802496,6944.774946818609,0.0,0.0,0.0,0.0,0.0,0.0
1769187600.0,6951.75,6955.5,6947.5,6954.5,6953.48806094987,6958.427697575779,6958.510521814819,6952.5,6925.0,6938.75,6960.36309240614,6937.16272364379,6948.76290802496,6944.947963965529,0.0,0.0,0.0,0.0,0.0,0.0
1769187900.0,6954.5,6955.5,6951.5,6953.0,6952.6969261716895,6957.437254625909,6958.55783313556,6952.5,6925.0,6938.75,6960.36309240614,6937.16272364379,6948.76290802496,6945.04401123149,0.0,0.0,0.0,0.0,0.0,0.0
1769188200.0,6953.25,6956.75,6952.25,6956.75,6954.096501442499,6957.5161973889,6958.974584826429,6952.5,6925.0,6938.75,6960.36309240614,6937.16272364379,6948.76290802496,6945.1528882700595,0.0,0.0,0.0,0.0,0.0,0.0
1769188500.0,6956.75,6957.25,6952.25,6954.25,6953.83339241868,6956.9292290247795,6959.0889288360795,6952.5,6925.0,6938.75,6960.36309240614,6937.16272364379,6948.76290802496,6945.2643998515005,0.0,0.0,0.0,0.0,0.0,0.0
1769188800.0,6954.5,6955.5,6952.0,6952.25,6952.73368523514,6955.91972547144,6958.97381741902,6952.5,6925.0,6938.75,6960.36309240614,6937.16272364379,6948.76290802496,6945.34820165933,0.0,0.0,0.0,0.0,0.0,0.0
1769189100.0,6952.0,6958.0,6952.0,6956.5,6954.15813985903,6956.121220937979,6959.291632120539,6952.5,6925.0,6938.75,6960.36309240614,6937.16272364379,6948.76290802496,6945.46189356698,0.0,0.0,0.0,0.0,0.0,0.0
1769189400.0,6956.25,6957.25,6950.5,6951.75,6952.79555692857,6955.08896842518,6959.08192916327,6952.5,6925.0,6938.75,6960.36309240614,6937.16272364379,6948.76290802496,6945.558906261,0.0,0.0,0.0,0.0,0.0,0.0
1769189700.0,6951.5,6954.75,6951.25,6952.75,6952.45135493962,6954.4706249132,6958.97627065003,6952.5,6925.0,6938.75,6960.36309240614,6937.16272364379,6948.76290802496,6945.63553777776,0.0,0.0,0.0,0.0,0.0,0.0
1769190000.0,6952.75,6953.0,6941.25,6942.25,6947.15875016005,6951.33977728764,6957.77908719688,6952.5,6925.0,6938.75,6960.36309240614,6937.16272364379,6948.76290802496,6945.63194387299,0.0,0.0,0.0,0.0,0.0,0.0
1769190300.0,6942.0,6945.0,6938.5,6942.5,6943.99772404749,6948.81615158957,6956.67888372569,6952.5,6925.0,6938.75,6960.36309240614,6937.16272364379,6948.76290802496,6945.53915760109,0.0,0.0,0.0,0.0,0.0,0.0
1769190600.0,6942.5,6943.25,6933.5,6935.25,6938.610831135759,6944.94345614887,6954.894819776439,6952.5,6925.0,6938.75,6960.36309240614,6937.16272364379,6948.76290802496,6945.344589868009,0.0,0.0,0.0,0.0,0.0,0.0
1769190900.0,6935.25,6939.0,6931.0,6933.5,6934.547644636589,6941.339010415069,6953.044758316019,6952.5,6925.0,6938.75,6960.36309240614,6937.16272364379,6948.76290802496,6945.08860865445,0.0,0.0,0.0,0.0,0.0,0.0
1769191200.0,6933.5,6938.5,6932.25,6937.0,6933.95638605946,6939.27900383546,6951.677654274899,6952.5,6925.0,6938.75,6960.36309240614,6937.16272364379,6948.76290802496,6944.86896254062,0.0,0.0,0.0,0.0,0.0,0.0
1769191500.0,6937.0,6942.0,6932.5,6942.0,6936.324594381979,6938.88016957314,6950.916143152949,6952.5,6925.0,6938.75,6960.36309240614,6937.16272364379,6948.76290802496,6944.76479716617,0.0,0.0,1.0,0.0,0.0,0.0
1769191800.0,6942.0,6944.25,6937.75,6938.5,6936.3791593365095,6937.743661388849,6949.84016925753,6952.5,6925.0,6938.75,6960.36309240614,6937.16272364379,6948.76290802496,6944.703527042399,0.0,0.0,0.0,0.0,0.0,0.0
1769192100.0,6938.5,6944.25,6937.75,6941.5,6938.06843085668,6937.6149023934095,6949.1445169236995,6952.5,6925.0,6938.75,6960.36309240614,6937.16272364379,6948.76290802496,6944.66108840782,0.0,0.0,0.0,0.0,0.0,0.0
1769192400.0,6941.5,6943.75,6938.0,6941.75,6939.4164404534895,6937.63518608415,6948.51908681431,6952.5,6925.0,6938.75,6960.36309240614,6937.16272364379,6948.76290802496,6944.6303468918095,0.0,0.0,0.0,0.0,0.0,0.0
1769192700.0,6942.0,6945.25,6941.5,6943.0,6940.98219942384,6938.024574737849,6948.062944251669,6952.5,6925.0,6938.75,6960.36309240614,6937.16272364379,6948.76290802496,6944.6178695813,0.0,0.0,0.0,0.0,0.0,0.0
1769193000.0,6943.25,6945.25,6938.0,6939.25,6940.202749545149,6937.4716338197495,6947.247924480949,6952.5,6925.0,6938.75,6960.36309240614,6937.16272364379,6948.76290802496,6944.577194038429,0.0,0.0,0.0,0.0,0.0,0.0
1769193300.0,6939.5,6947.0,6939.25,6945.0,6942.541993526769,6938.5000903192695,6947.08173186084,6952.5,6925.0,6938.75,6960.36309240614,6937.16272364379,6948.76290802496,6944.568834330589,0.0,0.0,0.0,0.0,0.0,0.0
1769193600.0,6945.25,6945.5,6940.75,6941.25,6942.216391442569,6938.469016522639,6946.5373691818795,6952.5,6925.0,6938.75,6960.36309240614,6937.16272364379,6948.76290802496,6944.55357437888,0.0,0.0,0.0,0.0,0.0,0.0
1769193900.0,6941.25,6943.5,6937.5,6942.25,6942.48051965788,6938.738629408959,6946.132678473709,6952.5,6925.0,6938.75,6960.36309240614,6937.16272364379,6948.76290802496,6944.522993726439,0.0,0.0,0.0,0.0,0.0,0.0
1769194200.0,6942.0,6944.25,6939.75,6941.75,6942.38927629488,6938.88077426678,6945.703250400389,6952.5,6925.0,6938.75,6960.36309240614,6937.16272364379,6948.76290802496,6944.507483077449,0.0,0.0,0.0,0.0,0.0,0.0
1769194500.0,6942.0,6945.25,6941.0,6943.5,6943.16645778318,6939.473891856879,6945.48376239147,6952.5,6925.0,6938.75,6960.36309240614,6937.16272364379,6948.76290802496,6944.5000468078,0.0,0.0,0.0,0.0,0.0,0.0
1769194800.0,6943.75,6950.0,6943.25,6949.0,6946.32211425831,6941.36837097598,6945.847388200949,6952.5,6925.0,6938.75,6960.36309240614,6937.16272364379,6948.76290802496,6944.53569835903,0.0,0.0,0.0,0.0,0.0,0.0
1769195100.0,6949.0,6952.5,6948.25,6951.5,6949.4967847392,6943.584235748989,6946.443100589469,6952.5,6925.0,6938.75,6960.36309240614,6937.16272364379,6948.76290802496,6944.59988295861,0.0,0.0,0.0,0.0,0.0,0.0
1769195400.0,6951.5,6952.5,6948.0,6949.25,6950.30905038313,6944.87287258074,6946.7632854005,6952.5,6925.0,6938.75,6960.36309240614,6937.16272364379,6948.76290802496,6944.642663074889,0.0,0.0,0.0,0.0,0.0,0.0
1769195700.0,6949.25,6952.25,6948.5,6951.25,6951.65881672048,6946.44265249618,6947.266222227399,6952.5,6925.0,6938.75,6960.36309240614,6937.16272364379,6948.76290802496,6944.681896114769,0.0,0.0,0.0,0.0,0.0,0.0
1769196000.0,6951.25,6956.25,6950.5,6954.5,6953.95813718003,6948.54814785399,6948.067997469299,6952.5,6925.0,6938.75,6960.36309240614,6937.16272364379,6948.76290802496,6944.77876552592,1.0,0.0,0.0,0.0,0.0,0.0
1769196300.0,6954.25,6955.75,6949.5,6949.75,6952.942834924909,6949.09778065615,6948.3202657394195,6952.5,6925.0,6938.75,6960.36309240614,6937.16272364379,6948.76290802496,6944.833659301699,0.0,0.0,0.0,0.0,0.0,0.0
1769196600.0,6949.5,6953.0,6948.5,6950.0,6952.25649459501,6949.59895444016,6948.57801405738,6952.5,6925.0,6938.75,6960.36309240614,6937.16272364379,6948.76290802496,6944.875651965929,0.0,0.0,0.0,0.0,0.0,0.0
1769196900.0,6950.25,6952.25,6945.5,6946.5,6949.98791020838,6949.125602033399,6948.45310477721,6952.5,6925.0,6938.75,6960.36309240614,6937.16272364379,6948.76290802496,6944.90159158143,0.0,0.0,0.0,0.0,0.0,0.0
1769197200.0,6946.75,6950.25,6943.5,6948.75,6949.559246359239,6949.27754799766,6948.56672455827,6952.5,6925.0,6938.75,6960.36309240614,6937.16272364379,6948.76290802496,6944.92403674252,0.0,0.0,0.0,0.0,0.0,0.0
1769197500.0,6949.0,6950.0,6946.0,6946.0,6947.9047288947195,6948.70433280348,6948.38539781807,6952.5,6925.0,6938.75,6960.36309240614,6937.16272364379,6948.76290802496,6944.936515575129,0.0,0.0,0.0,0.0,0.0,0.0
1769197800.0,6946.0,6949.5,6945.5,6947.75,6947.689406364289,6948.65264591867,6948.395035501039,6952.5,6925.0,6938.75,6960.36309240614,6937.16272364379,6948.76290802496,6944.95207880927,0.0,0.0,0.0,0.0,0.0,0.0
1769198100.0,6948.0,6951.0,6947.75,6949.5,6948.41582993237,6949.03407545526,6948.582370770349,6952.5,6925.0,6938.75,6960.36309240614,6937.16272364379,6948.76290802496,6944.98048987902,0.0,0.0,0.0,0.0,0.0,0.0
1769198400.0,6949.5,6950.0,6946.25,6946.25,6947.299552812339,6948.529710874889,6948.418106081989,6952.5,6925.0,6938.75,6960.36309240614,6937.16272364379,6948.76290802496,6945.000251993701,0.0,0.0,0.0,0.0,0.0,0.0
1769198700.0,6946.5,6948.0,6942.5,6942.5,6944.76550933798,6947.16983275142,6947.8752772369,6952.5,6925.0,6938.75,6960.36309240614,6937.16272364379,6948.76290802496,6944.99379976747,0.0,0.0,0.0,0.0,0.0,0.0
1769199000.0,6942.5,6947.0,6939.25,6945.5,6944.65498593684,6946.78664346792,6947.67848102625,6952.5,6925.0,6938.75,6960.36309240614,6937.16272364379,6948.76290802496,6944.980353553479,0.0,0.0,0.0,0.0,0.0,0.0
1769199300.0,6945.5,6949.75,6945.5,6948.0,6945.87155935941,6947.09074273758,6947.75211207289,6952.5,6925.0,6938.75,6960.36309240614,6937.16272364379,6948.76290802496,6945.00197464671,0.0,0.0,0.0,0.0,0.0,0.0
1769199600.0,6947.75,6948.0,6944.25,6945.0,6945.23411024489,6946.595270807469,6947.508802970439,6952.5,6925.0,6938.75,6960.36309240614,6937.16272364379,6948.76290802496,6945.00763836746,0.0,0.0,0.0,0.0,0.0,0.0
1769199900.0,6945.0,6945.75,6942.25,6942.5,6943.643823417339,6945.5638808902895,6947.022582497219,6952.5,6925.0,6938.75,6960.36309240614,6937.16272364379,6948.76290802496,6944.996583639189,0.0,0.0,0.0,0.0,0.0,0.0
1769200200.0,6942.5,6943.25,6939.5,6942.5,6942.68192292344,6944.715053872819,6946.5692347912,6952.5,6925.0,6938.75,6960.36309240614,6937.16272364379,6948.76290802496,6944.9554597744,0.0,0.0,0.0,0.0,0.0,0.0
1769200500.0,6942.5,6943.75,6939.75,6943.5,6942.62833850035,6944.27017988568,6946.25023201748,6952.5,6925.0,6938.75,6960.36309240614,6937.16272364379,6948.76290802496,6944.9316628609795,0.0,0.0,0.0,0.0,0.0,0.0
1769200800.0,6943.25,6947.5,6943.25,6946.25,6944.01035797751,6944.59707445153,6946.2373730711,6952.5,6925.0,6938.75,6960.36309240614,6937.16272364379,6948.76290802496,6944.93842431679,0.0,0.0,0.0,0.0,0.0,0.0
1769201100.0,6946.0,6948.25,6945.25,6948.0,6945.79959376216,6945.31280278673,6946.40597349126,6952.5,6925.0,6938.75,6960.36309240614,6937.16272364379,6948.76290802496,6944.956787313279,0.0,0.0,0.0,0.0,0.0,0.0
1769201400.0,6948.0,6948.5,6942.25,6944.75,6945.370847024539,6945.10334959538,6946.2264477044,6952.5,6925.0,6938.75,6960.36309240614,6937.16272364379,6948.76290802496,6944.960654250999,0.0,0.0,0.0,0.0,0.0,0.0
1769201700.0,6944.5,6950.25,6942.25,6945.5,6945.46011612003,6945.122452506809,6946.136689434579,6952.5,6925.0,6938.75,6960.36309240614,6937.16272364379,6948.76290802496,6945.02654265795,0.0,0.0,0.0,0.0,0.0,0.0
1769202000.0,6945.5,6946.0,6940.25,6940.75,6943.199644407179,6943.962811210889,6945.562037648309,6952.5,6925.0,6938.75,6960.36309240614,6937.16272364379,6948.76290802496,6944.969381625179,0.0,0.0,0.0,0.0,0.0,0.0
1769202300.0,6941.0,6941.0,6939.0,6939.25,6941.04359730335,6942.63975283129,6944.87272206485,6952.5,6925.0,6938.75,6960.36309240614,6937.16272364379,6948.76290802496,6944.944887125979,0.0,0.0,0.0,0.0,0.0,0.0
1769202600.0,6939.0,6940.0,6937.5,6938.25,6939.2388957197,6941.31159150145,6944.128991104019,6952.5,6925.0,6938.75,6960.36309240614,6937.16272364379,6948.76290802496,6944.92358968344,0.0,0.0,0.0,0.0,0.0,0.0
1769202900.0,6938.25,6938.25,6933.5,6933.75,6935.98186084133,6939.1145409601195,6942.97347757553,6952.5,6925.0,6938.75,6960.36309240614,6937.16272364379,6948.76290802496,6944.89031272741,0.0,0.0,0.0,0.0,0.0,0.0
1769203200.0,6933.5,6936.25,6932.25,6935.75,6935.006108056669,6937.82346698852,6942.1076830864295,6952.5,6925.0,6938.75,6960.36309240614,6937.16272364379,6948.76290802496,6944.86867586613,0.0,0.0,0.0,0.0,0.0,0.0
1769203500.0,6935.75,6935.75,6933.5,6934.25,6933.80580112916,6936.41776220992,6941.15031048678,6952.5,6925.0,6938.75,6960.36309240614,6937.16272364379,6948.76290802496,6944.853188047319,0.0,0.0,0.0,0.0,0.0,0.0
1769203800.0,6934.0,6935.5,6933.75,6935.25,6933.68290799193,6935.54382172803,6940.3668888844395,6952.5,6925.0,6938.75,6960.36309240614,6937.16272364379,6948.76290802496,6944.837779976469,0.0,0.0,0.0,0.0,0.0,0.0
1769204100.0,6935.25,6936.75,6935.25,6935.5,6933.87496833765,6934.926314476729,6939.66834570603,6952.5,6925.0,6938.75,6960.36309240614,6937.16272364379,6948.76290802496,6944.82893363692,0.0,0.0,0.0,0.0,0.0,0.0
1769204400.0,6935.5,6935.75,6934.0,6935.25,6934.003310843999,6934.397762628059,6938.997580143029,6952.5,6925.0,6938.75,6960.36309240614,6937.16272364379,6948.76290802496,6944.820968973389,0.0,0.0,0.0,0.0,0.0,0.0
1769204700.0,6935.25,6935.5,6934.0,6935.25,6934.19165570917,6934.005343572259,6938.378962539219,6952.5,6925.0,6938.75,6960.36309240614,6937.16272364379,6948.76290802496,6944.810773389259,0.0,0.0,0.0,0.0,0.0,0.0
1769205000.0,6935.0,6935.75,6932.75,6934.0,6933.7896006704195,6933.414421466149,6937.68006869459,6952.5,6925.0,6938.75,6960.36309240614,6937.16272364379,6948.76290802496,6944.796628983199,0.0,0.0,0.0,0.0,0.0,0.0
1769205300.0,6934.25,6934.75,6933.5,6933.75,6933.486757799509,6932.90813580896,6937.010331736749,6952.5,6925.0,6938.75,6960.36309240614,6937.16272364379,6948.76290802496,6944.78548575274,0.0,0.0,0.0,0.0,0.0,0.0
1769382000.0,6904.0,6904.0,6879.0,6893.0,6913.478313154719,6922.4002897975,6932.182001170169,6952.5,6925.0,6938.75,6960.36309240614,6937.16272364379,6948.76290802496,6892.0,0.0,0.0,0.0,0.0,0.0,0.0
1769382300.0,6893.5,6896.75,6891.25,6893.75,6901.3116521395195,6913.9721076345095,6927.77846757449,6952.5,6925.0,6938.75,6960.36309240614,6937.16272364379,6948.76290802496,6892.27053096275,0.0,0.0,0.0,0.0,0.0,0.0
1769382600.0,6894.0,6900.75,6893.5,6900.5,6897.37082387115,6908.79709255482,6924.393694914709,6952.5,6925.0,6938.75,6960.36309240614,6937.16272364379,6948.76290802496,6893.08619699185,0.0,0.0,0.0,0.0,0.0,0.0
1769382900.0,6900.5,6903.5,6898.5,6902.75,6896.58250151809,6905.218655580479,6921.49402289109,6952.5,6925.0,6938.75,6960.36309240614,6937.16272364379,6948.76290802496,6894.11303183349,0.0,0.0,0.0,0.0,0.0,0.0
1769383200.0,6902.75,6910.0,6901.5,6902.25,6896.43158770623,6902.2897610524005,6918.76344775632,6952.5,6925.0,6938.75,6960.36309240614,6937.16272364379,6948.76290802496,6896.517860932309,0.0,0.0,0.0,0.0,0.0,0.0
1769383500.0,6902.5,6909.5,6902.5,6908.75,6900.03326940226,6901.6462146953,6916.915604389819,6952.5,6925.0,6938.75,6960.36309240614,6937.16272364379,6948.76290802496,6897.445727569469,0.0,0.0,0.0,0.0,0.0,0.0
1769383800.0,6909.0,6910.75,6906.25,6906.75,6901.77943894673,6900.7775758463495,6915.011486740629,6952.5,6925.0,6938.75,6960.36309240614,6937.16272364379,6948.76290802496,6898.338053001729,0.0,0.0,0.0,0.0,0.0,0.0
1769384100.0,6906.75,6907.25,6901.75,6902.5,6901.1277491253895,6899.1584168897,6912.82361268902,6952.5,6925.0,6938.75,6960.36309240614,6937.16272364379,6948.76290802496,6898.63868616527,0.0,0.0,0.0,0.0,0.0,0.0
1769384400.0,6902.5,6906.5,6901.0,6901.25,6900.34910905718,6897.662672961629,6910.683224278389,6952.5,6925.0,6938.75,6960.36309240614,6937.16272364379,6948.76290802496,6898.900886413549,0.0,0.0,0.0,0.0,0.0,0.0
1769384700.0,6901.5,6910.0,6900.5,6909.0,6903.8556561572,6898.506238137539,6909.518566484429,6952.5,6925.0,6938.75,6960.36309240614,6937.16272364379,6948.76290802496,6899.45841006009,0.0,0.0,0.0,0.0,0.0,0.0
1769385000.0,6909.0,6912.0,6906.5,6907.75,6905.646692939709,6899.037934301719,6908.33180542425,6952.5,6925.0,6938.75,6960.36309240614,6937.16272364379,6948.76290802496,6899.994691780819,0.0,0.0,0.0,0.0,0.0,0.0
1769385300.0,6907.75,6916.5,6907.75,6914.25,6910.041947070739,6901.22767740269,6907.9260175789395,6952.5,6925.0,6938.75,6960.36309240614,6937.16272364379,6948.76290802496,6900.96577255332,0.0,0.0,0.0,0.0,0.0,0.0
1769385600.0,6914.5,6919.5,6911.5,6916.75,6914.071118478019,6903.778567929119,6907.83311668581,6952.5,6925.0,6938.75,6960.36309240614,6937.16272364379,6948.76290802496,6902.194256124179,0.0,0.0,0.0,0.0,0.0,0.0
1769385900.0,6916.75,6922.0,6916.75,6920.25,6918.263252756569,6906.858039410599,6908.134215821649,6952.5,6925.0,6938.75,6960.36309240614,6937.16272364379,6948.76290802496,6903.24819803422,0.0,0.0,0.0,0.0,0.0,0.0
1769386200.0,6920.25,6923.0,6918.75,6919.75,6920.530736038179,6909.359756797219,6908.38764404939,6952.5,6925.0,6938.75,6960.36309240614,6937.16272364379,6948.76290802496,6904.20165422843,0.0,0.0,0.0,0.0,0.0,0.0
1769386500.0,6919.75,6922.75,6918.25,6919.0,6921.3967338597695,6911.3031217491,6908.57019148072,6952.5,6925.0,6938.75,6960.36309240614,6937.16272364379,6948.76290802496,6904.846325130299,0.0,0.0,0.0,0.0,0.0,0.0
1769386800.0,6919.0,6922.25,6919.0,6920.75,6922.5779334815,6913.3917535154,6908.944580849149,6952.5,6925.0,6938.75,6960.36309240614,6937.16272364379,6948.76290802496,6905.330972328809,0.0,0.0,0.0,0.0,0.0,0.0
1769387100.0,6920.75,6924.75,6920.25,6924.0,6924.69704819639,6915.96019555678,6909.651702102559,6952.5,6925.0,6938.75,6960.36309240614,6937.16272364379,6948.76290802496,6906.165381959259,0.0,0.0,0.0,0.0,0.0,0.0
1769387400.0,6923.75,6925.0,6919.5,6920.0,6923.87041112306,6917.10807289213,6909.91794216277,6952.5,6925.0,6938.75,6960.36309240614,6937.16272364379,6948.76290802496,6906.787982422809,0.0,0.0,0.0,0.0,0.0,0.0
1769387700.0,6920.0,6921.0,6917.75,6917.75,6922.0285561008095,6917.506132814749,6909.954277697089,6952.5,6925.0,6938.75,6960.36309240614,6937.16272364379,6948.76290802496,6907.13439227042,0.0,0.0,0.0,0.0,0.0,0.0
1769388000.0,6917.75,6919.25,6916.5,6919.25,6921.4202339622,6918.21192120985,6910.163893817459,6952.5,6925.0,6938.75,6960.36309240614,6937.16272364379,6948.76290802496,6907.37883458299,0.0,0.0,0.0,0.0,0.0,0.0
1769388300.0,6919.0,6919.25,6916.75,6918.0,6920.30338429076,6918.48430397836,6910.249868782569,6952.5,6925.0,6938.75,6960.36309240614,6937.16272364379,6948.76290802496,6907.55547211375,0.0,0.0,0.0,0.0,0.0,0.0
1769388600.0,6918.0,6919.25,6917.0,6919.0,6919.99189381399,6918.9547830681495,6910.45290922349,6952.5,6925.0,6938.75,6960.36309240614,6937.16272364379,6948.76290802496,6907.68442663501,0.0,0.0,0.0,0.0,0.0,0.0
1769388900.0,6919.0,6921.5,6916.5,6919.5,6919.97720710398,6919.46211917252,6910.712600426759,6952.5,6925.0,6938.75,6960.36309240614,6937.16272364379,6948.76290802496,6907.96876315789,0.0,0.0,0.0,0.0,0.0,0.0
1769389200.0,6919.5,6929.75,6917.25,6928.75,6924.43419368355,6922.17299958657,6911.928801272709,6952.5,6925.0,6938.75,6960.36309240614,6937.16272364379,6948.76290802496,6909.10883885557,0.0,0.0,0.0,0.0,0.0,0.0
1769389500.0,6929.0,6930.0,6924.25,6924.5,6925.12567683365,6923.33942772208,6912.638035647549,6952.5,6925.0,6938.75,6960.36309240614,6937.16272364379,6948.76290802496,6909.9077929838495,0.0,0.0,0.0,0.0,0.0,0.0
1769389800.0,6924.0,6926.25,6923.0,6923.5,6924.95630256557,6924.02843213222,6913.2106461929,6952.5,6925.0,6938.75,6960.36309240614,6937.16272364379,6948.76290802496,6910.223345862079,0.0,0.0,0.0,0.0,0.0,0.0
1769390100.0,6923.5,6927.0,6923.5,6925.75,6925.834133802749,6925.127232715,6913.991275071569,6952.5,6925.0,6938.75,6960.36309240614,6937.16272364379,6948.76290802496,6910.54642672888,0.0,0.0,0.0,0.0,0.0,0.0
1769390400.0,6926.0,6933.25,6925.5,6930.75,6928.73216673953,6927.24508372742,6915.248690667229,6952.5,6925.0,6938.75,6960.36309240614,6937.16272364379,6948.76290802496,6911.508675745559,0.0,0.0,0.0,0.0,0.0,0.0
1769390700.0,6930.5,6932.25,6929.25,6930.25,6930.21529018716,6928.83055454792,6916.379807346229,6952.5,6925.0,6938.75,6960.36309240614,6937.16272364379,6948.76290802496,6911.945991157019,0.0,0.0,0.0,0.0,0.0,0.0
1769391000.0,6930.0,6931.0,6927.75,6928.0,6929.9140128163,6929.53333540453,6917.21133524281,6952.5,6925.0,6938.75,6960.36309240614,6937.16272364379,6948.76290802496,6912.23875666789,0.0,0.0,0.0,0.0,0.0,0.0
1769391300.0,6928.25,6928.5,6926.75,6928.25,6929.70114297041,6930.12472670003,6918.02162577479,6952.5,6925.0,6938.75,6960.36309240614,6937.16272364379,6948.76290802496,6912.43880426658,0.0,0.0,0.0,0.0,0.0,0.0
1769391600.0,6928.25,6929.75,6927.5,6929.0,6929.81406709751,6930.74741219691,6918.86292803708,6952.5,6925.0,6938.75,6960.36309240614,6937.16272364379,6948.76290802496,6912.665605888559,0.0,0.0,0.0,0.0,0.0,0.0
1769391900.0,6928.75,6931.5,6928.0,6930.25,6930.39754109278,6931.51960448475,6919.783838270129,6952.5,6925.0,6938.75,6960.36309240614,6937.16272364379,6948.76290802496,6912.95085352872,0.0,0.0,0.0,0.0,0.0,0.0
1769392200.0,6930.25,6933.25,6927.75,6930.75,6930.924074996319,6932.22778416971,6920.70031269827,6952.5,6925.0,6938.75,6960.36309240614,6937.16272364379,6948.76290802496,6913.296966932359,0.0,0.0,0.0,0.0,0.0,0.0
1769392500.0,6930.75,6932.75,6929.5,6930.0,6930.80730344694,6932.57105479585,6921.482509558839,6952.5,6925.0,6938.75,6960.36309240614,6937.16272364379,6948.76290802496,6913.509227285949,0.0,0.0,0.0,0.0,0.0,0.0
1769392800.0,6930.0,6931.5,6929.0,6930.75,6931.02084531923,6932.98579686975,6922.2940154566295,6952.5,6925.0,6938.75,6960.36309240614,6937.16272364379,6948.76290802496,6913.688864068679,0.0,0.0,0.0,0.0,0.0,0.0
1769393100.0,6930.75,6931.75,6929.25,6930.0,6930.725132546139,6933.08733732577,6922.97691358659,6952.5,6925.0,6938.75,6960.36309240614,6937.16272364379,6948.76290802496,6913.854971597069,0.0,0.0,0.0,0.0,0.0,0.0
1769393400.0,6930.25,6932.75,6930.0,6931.5,6931.21363446265,6933.49095388296,6923.772028769459,6952.5,6925.0,6938.75,6960.36309240614,6937.16272364379,6948.76290802496,6914.02049851807,0.0,0.0,0.0,0.0,0.0,0.0
1769393700.0,6931.25,6933.0,6929.75,6929.75,6930.62514102522,6933.3373375581195,6924.3348210104095,6952.5,6925.0,6938.75,6960.36309240614,6937.16272364379,6948.76290802496,6914.18447085703,0.0,0.0,0.0,0.0,0.0,0.0
1769394000.0,6930.25,6932.75,6929.0,6929.75,6930.21142815585,6933.1603868129,6924.861794362379,6952.5,6925.0,6938.75,6960.36309240614,6937.16272364379,6948.76290802496,6914.45416352923,0.0,0.0,0.0,0.0,0.0,0.0
1769394300.0,6929.75,6930.75,6928.75,6930.25,6930.17053765051,6933.091806214879,6925.40658628209,6952.5,6925.0,6938.75,6960.36309240614,6937.16272364379,6948.76290802496,6914.6241474284,0.0,0.0,0.0,0.0,0.0,0.0
1769394600.0,6930.5,6930.5,6927.25,6928.75,6929.401420506901,6932.61838289673,6925.760684567749,6952.5,6925.0,6938.75,6960.36309240614,6937.16272364379,6948.76290802496,6914.80375233427,0.0,0.0,0.0,0.0,0.0,0.0
1769394900.0,6928.75,6929.0,6926.25,6926.75,6927.934228143379,6931.68963652813,6925.88532906591,6952.5,6925.0,6938.75,6960.36309240614,6937.16272364379,6948.76290802496,6914.94043867244,0.0,0.0,0.0,0.0,0.0,0.0
1769395200.0,6926.75,6927.5,6923.75,6924.25,6925.80073544791,6930.26579508097,6925.74465855508,6952.5,6925.0,6938.75,6960.36309240614,6937.16272364379,6948.76290802496,6915.060833704099,0.0,0.0,0.0,0.0,0.0,0.0
1769395500.0,6924.5,6924.5,6920.25,6923.0,6923.88557433924,6928.751253567109,6925.486417663489,6952.5,6925.0,6938.75,6960.36309240614,6937.16272364379,6948.76290802496,6915.23450046529,0.0,0.0,0.0,0.0,0.0,0.0
1769395800.0,6923.0,6924.5,6921.25,6922.25,6922.388291163599,6927.294750720929,6925.17062172138,6952.5,6925.0,6938.75,6960.36309240614,6937.16272364379,6948.76290802496,6915.319858490049,0.0,0.0,0.0,0.0,0.0,0.0
1769396100.0,6922.25,6923.5,6921.75,6923.0,6921.91357261063,6926.267545774939,6924.956507566169,6952.5,6925.0,6938.75,6960.36309240614,6937.16272364379,6948.76290802496,6915.358821144229,0.0,0.0,0.0,0.0,0.0,0.0
1769396400.0,6923.0,6928.0,6923.0,6928.0,6924.172469293079,6926.65872828784,6925.276365416459,6952.5,6925.0,6938.75,6960.36309240614,6937.16272364379,6948.76290802496,6915.5116303572595,0.0,0.0,0.0,0.0,0.0,0.0
1769396700.0,6927.75,6931.75,6927.75,6930.5,6926.926671966759,6927.602203868109,6925.83420460216,6952.5,6925.0,6938.75,6960.36309240614,6937.16272364379,6948.76290802496,6915.775407409759,0.0,0.0,0.0,0.0,0.0,0.0
1769397000.0,6930.75,6931.25,6929.25,6929.25,6928.10662085414,6928.06648569972,6926.22528721022,6952.5,6925.0,6938.75,6960.36309240614,6937.16272364379,6948.76290802496,6915.83858804145,0.0,0.0,0.0,0.0,0.0,0.0
1769397300.0,6929.5,6930.25,6927.75,6928.25,6928.35898415182,6928.1938757423295,6926.486697634449,6952.5,6925.0,6938.75,6960.36309240614,6937.16272364379,6948.76290802496,6915.93139992135,0.0,0.0,0.0,0.0,0.0,0.0
1769397600.0,6928.5,6928.5,6925.5,6928.0,6928.3713059714,6928.228452294299,6926.70472887016,6952.5,6925.0,6938.75,6960.36309240614,6937.16272364379,6948.76290802496,6916.08061023316,0.0,0.0,0.0,0.0,0.0,0.0
1769397900.0,6928.0,6929.25,6926.75,6927.5,6928.10847463719,6928.12432575381,6926.8563349118995,6952.5,6925.0,6938.75,6960.36309240614,6937.16272364379,6948.76290802496,6916.2003388085595,0.0,0.0,0.0,0.0,0.0,0.0
1769398200.0,6927.75,6928.25,6925.5,6926.25,6927.30923154989,6927.71978636927,6926.868455479739,6952.5,6925.0,6938.75,6960.36309240614,6937.16272364379,6948.76290802496,6916.29942189347,0.0,0.0,0.0,0.0,0.0,0.0
1769398500.0,6926.25,6928.25,6926.0,6927.5,6927.39999307369,6927.69045967479,6927.009170028769,6952.5,6925.0,6938.75,6960.36309240614,6937.16272364379,6948.76290802496,6916.379499247079,0.0,0.0,0.0,0.0,0.0,0.0
1769398800.0,6927.75,6929.5,6926.5,6927.0,6927.21379781531,6927.537490123759,6927.08846956181,6952.5,6925.0,6938.75,6960.36309240614,6937.16272364379,6948.76290802496,6916.44410101951,0.0,0.0,0.0,0.0,0.0,0.0
1769399100.0,6927.25,6928.25,6926.25,6927.25,6927.21745460881,6927.46965333711,6927.18805550194,6952.5,6925.0,6938.75,6960.36309240614,6937.16272364379,6948.76290802496,6916.52865674015,0.0,0.0,0.0,0.0,0.0,0.0
1769399400.0,6927.25,6927.75,6925.75,6927.25,6927.22219570947,6927.410844387769,6927.28055521979,6952.5,6925.0,6938.75,6960.36309240614,6937.16272364379,6948.76290802496,6916.60366819076,0.0,0.0,0.0,0.0,0.0,0.0
1769399700.0,6927.25,6928.5,6926.25,6927.0,6927.10522133526,6927.297895746719,6927.34051377305,6952.5,6925.0,6938.75,6960.36309240614,6937.16272364379,6948.76290802496,6916.67004632012,0.0,0.0,0.0,0.0,0.0,0.0
1769400000.0,6927.0,6927.0,6925.0,6926.0,6926.54525220214,6926.954341411009,6927.292599929339,6952.5,6925.0,6938.75,6960.36309240614,6937.16272364379,6948.76290802496,6916.7076230228495,0.0,0.0,0.0,0.0,0.0,0.0
1769400300.0,6926.0,6926.5,6925.0,6925.5,6925.95234452469,6926.54586607481,6927.196029195429,6952.5,6925.0,6938.75,6960.36309240614,6937.16272364379,6948.76290802496,6916.75850444153,0.0,0.0,0.0,0.0,0.0,0.0
1769400600.0,6925.5,6926.25,6924.75,6925.25,6925.4706159547995,6926.14786847629,6927.080087069429,6952.5,6925.0,6938.75,6960.36309240614,6937.16272364379,6948.76290802496,6916.807773337389,0.0,0.0,0.0,0.0,0.0,0.0
1769400900.0,6925.25,6927.0,6925.0,6926.25,6925.67814593162,6926.071371850539,6927.07539403493,6952.5,6925.0,6938.75,6960.36309240614,6937.16272364379,6948.76290802496,6916.8623810072195,0.0,0.0,0.0,0.0,0.0,0.0
1769401200.0,6926.25,6929.0,6926.25,6927.0,6926.2035679993,6926.199458993639,6927.1483260598,6952.5,6925.0,6938.75,6960.36309240614,6937.16272364379,6948.76290802496,6916.9307555714395,0.0,0.0,0.0,0.0,0.0,0.0
1769401500.0,6927.25,6930.25,6927.25,6930.0,6928.01947837848,6927.05588092891,6927.525946281229,6952.5,6925.0,6938.75,6960.36309240614,6937.16272364379,6948.76290802496,6916.99792943731,0.0,0.0,0.0,0.0,0.0,0.0
1769401800.0,6930.25,6931.5,6925.75,6927.0,6927.70710826668,6927.019537898949,6927.566498671429,6952.5,6925.0,6938.75,6960.36309240614,6937.16272364379,6948.76290802496,6917.131419083479,0.0,0.0,0.0,0.0,0.0,0.0
1769402100.0,6926.75,6929.0,6925.5,6927.0,6927.483888168979,6926.989462435329,6927.603525281889,6952.5,6925.0,6938.75,6960.36309240614,6937.16272364379,6948.76290802496,6917.189598088929,0.0,0.0,0.0,0.0,0.0,0.0
1769402400.0,6927.0,6927.0,6924.25,6925.5,6926.59365666333,6926.5917764858095,6927.48218192013,6952.5,6925.0,6938.75,6960.36309240614,6937.16272364379,6948.76290802496,6917.230555092169,0.0,0.0,0.0,0.0,0.0,0.0
1769402700.0,6925.5,6927.0,6924.5,6925.5,6926.021750140069,6926.2644331373895,6927.36864066346,6952.5,6925.0,6938.75,6960.36309240614,6937.16272364379,6948.76290802496,6917.2609369661395,0.0,0.0,0.0,0.0,0.0,0.0
1769403000.0,6925.5,6927.0,6924.75,6927.0,6926.400130285109,6926.37001676999,6927.41747689297,6952.5,6925.0,6938.75,6960.36309240614,6937.16272364379,6948.76290802496,6917.292204998669,0.0,0.0,0.0,0.0,0.0,0.0
1769403300.0,6927.0,6928.25,6926.25,6926.75,6926.53250462694,6926.398616083779,6927.43642536795,6952.5,6925.0,6938.75,6960.36309240614,6937.16272364379,6948.76290802496,6917.31916072461,0.0,0.0,0.0,0.0,0.0,0.0
1769403600.0,6926.75,6927.75,6926.25,6927.0,6926.74489702897,6926.48749374945,6927.47922037755,6952.5,6925.0,6938.75,6960.36309240614,6937.16272364379,6948.76290802496,6917.35514009079,0.0,0.0,0.0,0.0,0.0,0.0
1769403900.0,6927.0,6927.5,6925.75,6926.25,6926.51621069178,6926.377111948949,6927.440787386469,6952.5,6925.0,6938.75,6960.36309240614,6937.16272364379,6948.76290802496,6917.38688483142,0.0,0.0,0.0,0.0,0.0,0.0
1769404200.0,6926.0,6927.0,6925.5,6925.75,6926.127345733629,6926.16420216774,6927.35265049509,6952.5,6925.0,6938.75,6960.36309240614,6937.16272364379,6948.76290802496,6917.41543389818,0.0,0.0,0.0,0.0,0.0,0.0
1769404500.0,6925.75,6929.0,6925.75,6928.75,6927.34989251134,6926.737662048699,6927.5801022837895,6952.5,6925.0,6938.75,6960.36309240614,6937.16272364379,6948.76290802496,6917.46922246464,0.0,0.0,0.0,0.0,0.0,0.0
1769404800.0,6928.75,6930.0,6928.0,6928.5,6928.007538092829,6927.15173405874,6927.7650067347195,6952.5,6925.0,6938.75,6960.36309240614,6937.16272364379,6948.76290802496,6917.52515574854,0.0,0.0,0.0,0.0,0.0,0.0
1769405100.0,6928.75,6932.5,6927.0,6931.5,6929.871498816649,6928.2398287304695,6928.246096662069,6952.5,6925.0,6938.75,6960.36309240614,6937.16272364379,6948.76290802496,6917.67266268561,0.0,0.0,0.0,0.0,0.0,0.0
1769405400.0,6931.25,6934.0,6930.25,6933.5,6931.996268987519,6929.63262054581,6928.89895331967,6952.5,6925.0,6938.75,6960.36309240614,6937.16272364379,6948.76290802496,6917.777849469479,0.0,0.0,0.0,0.0,0.0,0.0
1769405700.0,6933.5,6934.0,6931.25,6932.0,6932.545627345619,6930.4009855969,6929.34929773928,6952.5,6925.0,6938.75,6960.36309240614,6937.16272364379,6948.76290802496,6917.88860538633,0.0,0.0,0.0,0.0,0.0,0.0
1769406000.0,6932.0,6932.75,6931.25,6932.0,6932.80287656755,6931.021606796429,6929.765940176369,6952.5,6925.0,6938.75,6960.36309240614,6937.16272364379,6948.76290802496,6917.939395030059,0.0,0.0,0.0,0.0,0.0,0.0
1769406300.0,6932.0,6932.0,6930.5,6931.75,6932.755388980169,6931.45533489637,6930.1250690956895,6952.5,6925.0,6938.75,6960.36309240614,6937.16272364379,6948.76290802496,6917.9844001373995,0.0,0.0,0.0,0.0,0.0,0.0
1769406600.0,6931.75,6933.5,6931.75,6933.0,6933.254771743649,6932.10597208303,6930.58547069128,6952.5,6925.0,6938.75,6960.36309240614,6937.16272364379,6948.76290802496,6918.04558700632,0.0,0.0,0.0,0.0,0.0,0.0
1769406900.0,6933.0,6933.75,6932.0,6933.25,6933.62217814543,6932.68552238904,6931.0363748235595,6952.5,6925.0,6938.75,6960.36309240614,6937.16272364379,6948.76290802496,6918.11115278496,0.0,0.0,0.0,0.0,0.0,0.0
1769407200.0,6933.5,6936.5,6933.25,6935.75,6935.00482495907,6933.76395439112,6931.710677776709,6952.5,6925.0,6938.75,6960.36309240614,6937.16272364379,6948.76290802496,6918.34009169942,0.0,0.0,0.0,0.0,0.0,0.0
1769407500.0,6935.75,6936.5,6934.5,6935.0,6935.443440995279,6934.443578241139,6932.25636627431,6952.5,6925.0,6938.75,6960.36309240614,6937.16272364379,6948.76290802496,6918.44653378304,0.0,0.0,0.0,0.0,0.0,0.0
1769407800.0,6935.25,6936.5,6934.0,6936.25,6936.24754967773,6935.2880630456,6932.888742948289,6952.5,6925.0,6938.75,6960.36309240614,6937.16272364379,6948.76290802496,6918.51190506265,0.0,0.0,0.0,0.0,0.0,0.0
1769408100.0,6936.25,6938.75,6936.25,6937.5,6937.28518289466,6936.26657779931,6933.6013077484395,6952.5,6925.0,6938.75,6960.36309240614,6937.16272364379,6948.76290802496,6918.66393925345,0.0,0.0,0.0,0.0,0.0,0.0
1769408400.0,6937.75,6938.25,6937.0,6937.75,6937.97818535552,6937.10435582431,6934.284595547219,6952.5,6925.0,6938.75,6960.36309240614,6937.16272364379,6948.76290802496,6918.732740718549,0.0,0.0,0.0,0.0,0.0,0.0
1769408700.0,6937.75,6939.0,6937.5,6937.5,6938.202839130489,6937.698848948249,6934.888490880029,6952.5,6925.0,6938.75,6960.36309240614,6937.16272364379,6948.76290802496,6918.82157296482,0.0,0.0,0.0,0.0,0.0,0.0
1769409000.0,6937.75,6938.0,6934.25,6934.75,6936.9127116726595,6937.469027243599,6935.15972450475,6952.5,6925.0,6938.75,6960.36309240614,6937.16272364379,6948.76290802496,6918.930350285829,0.0,0.0,0.0,0.0,0.0,0.0
1769409300.0,6934.5,6935.5,6933.5,6934.25,6935.77588778586,6937.11868759531,6935.353940942799,6952.5,6925.0,6938.75,6960.36309240614,6937.16272364379,6948.76290802496,6918.99963944031,0.0,0.0,0.0,0.0,0.0,0.0
1769409600.0,6934.5,6934.5,6932.75,6933.75,6934.77157790937,6936.672160041579,6935.47645735469,6952.5,6925.0,6938.75,6960.36309240614,6937.16272364379,6948.76290802496,6919.087271720179,0.0,0.0,0.0,0.0,0.0,0.0
1769409900.0,6933.75,6936.0,6933.25,6935.0,6934.73339081004,6936.58512331331,6935.71316407188,6952.5,6925.0,6938.75,6960.36309240614,6937.16272364379,6948.76290802496,6919.182188123659,0.0,0.0,0.0,0.0,0.0,0.0
1769410200.0,6934.75,6938.25,6934.75,6935.5,6934.95996290446,6936.61161313704,6935.978489350679,6952.5,6925.0,6938.75,6960.36309240614,6937.16272364379,6948.76290802496,6919.29671278537,0.0,0.0,0.0,0.0,0.0,0.0
1769410500.0,6935.75,6937.0,6933.5,6934.0,6934.37884850503,6936.23621998131,6936.06360617403,6952.5,6925.0,6938.75,6960.36309240614,6937.16272364379,6948.76290802496,6919.44741321642,0.0,0.0,0.0,0.0,0.0,0.0
1769410800.0,6934.0,6936.75,6933.25,6935.0,6934.505603730249,6936.15272614067,6936.23953084111,6952.5,6925.0,6938.75,6960.36309240614,6937.16272364379,6948.76290802496,6919.58642519741,0.0,0.0,0.0,0.0,0.0,0.0
1769411100.0,6935.0,6936.25,6935.0,6936.0,6935.08956083002,6936.312909909359,6936.49989908666,6952.5,6925.0,6938.75,6960.36309240614,6937.16272364379,6948.76290802496,6919.636215035989,0.0,0.0,0.0,0.0,0.0,0.0
1769411400.0,6936.0,6937.5,6935.5,6937.5,6936.20215726455,6936.79983973558,6936.89040366875,6952.5,6925.0,6938.75,6960.36309240614,6937.16272364379,6948.76290802496,6919.70232902642,0.0,0.0,0.0,0.0,0.0,0.0
1769411700.0,6937.5,6938.5,6935.75,6936.5,6936.416089751169,6936.93466692708,6937.1433609537,6952.5,6925.0,6938.75,6960.36309240614,6937.16272364379,6948.76290802496,6919.798128597539,0.0,0.0,0.0,0.0,0.0,0.0
1769412000.0,6936.25,6939.25,6935.75,6938.75,6937.630328599839,6937.58642353663,6937.604204567529,6952.5,6925.0,6938.75,6960.36309240614,6937.16272364379,6948.76290802496,6919.88057760346,0.0,0.0,0.0,0.0,0.0,0.0
1769412300.0,6939.0,6939.75,6938.5,6939.0,6938.49740083682,6938.16728498435,6938.051458678379,6952.5,6925.0,6938.75,6960.36309240614,6937.16272364379,6948.76290802496,6919.96091827471,0.0,0.0,0.0,0.0,0.0,0.0
1769412600.0,6939.25,6939.25,6936.25,6937.25,6938.1505690492595,6938.1904310664195,6938.279110544209,6952.5,6925.0,6938.75,6960.36309240614,6937.16272364379,6948.76290802496,6920.043853982829,0.0,0.0,0.0,0.0,0.0,0.0
1769412900.0,6937.5,6939.25,6937.5,6938.5,6938.49308435467,6938.498608459329,6938.61251006161,6952.5,6925.0,6938.75,6960.36309240614,6937.16272364379,6948.76290802496,6920.0871970586195,0.0,0.0,0.0,0.0,0.0,0.0
1769413200.0,6938.75,6940.5,6938.5,6939.25,6939.038979105069,6938.91852830394,6938.9924647792595,6952.5,6925.0,6938.75,6960.36309240614,6937.16272364379,6948.76290802496,6920.261121945099,0.0,0.0,0.0,0.0,0.0,0.0
1769413500.0,6939.25,6941.0,6938.0,6938.75,6939.101919244429,6939.119482264399,6939.28635432082,6952.5,6925.0,6938.75,6960.36309240614,6937.16272364379,6948.76290802496,6920.403405811039,0.0,0.0,0.0,0.0,0.0,0.0
1769413800.0,6938.75,6942.25,6938.5,6941.5,6940.442225494469,6939.94754746515,6939.83601071016,6952.5,6925.0,6938.75,6960.36309240614,6937.16272364379,6948.76290802496,6920.724140524039,0.0,0.0,0.0,0.0,0.0,0.0
1769414100.0,6941.25,6943.0,6940.25,6940.75,6940.883613539239,6940.42230212615,6940.261525838129,6952.5,6925.0,6938.75,6960.36309240614,6937.16272364379,6948.76290802496,6920.98707070374,0.0,0.0,0.0,0.0,0.0,0.0
1769414400.0,6941.0,6943.75,6940.75,6943.25,6942.32578219793,6941.411556985229,6940.90728849642,6952.5,6925.0,6938.75,6960.36309240614,6937.16272364379,6948.76290802496,6921.23965307971,0.0,0.0,0.0,0.0,0.0,0.0
1769414700.0,6943.5,6944.75,6943.0,6943.75,6943.421758732859,6942.326560710169,6941.55084280528,6952.5,6925.0,6938.75,6960.36309240614,6937.16272364379,6948.76290802496,6921.4934055206195,0.0,0.0,0.0,0.0,0.0,0.0
1769415000.0,6943.75,6944.25,6941.25,6943.5,6943.915129270929,6942.99066825904,6942.11445955773,6952.5,6925.0,6938.75,6960.36309240614,6937.16272364379,6948.76290802496,6921.717110884209,0.0,0.0,0.0,0.0,0.0,0.0
1769415300.0,6943.5,6944.0,6941.75,6943.25,6944.019333968489,6943.445366207379,6942.6034251642395,6952.5,6925.0,6938.75,6960.36309240614,6937.16272364379,6948.76290802496,6921.913570392379,0.0,0.0,0.0,0.0,0.0,0.0
1769415600.0,6943.25,6948.75,6942.75,6948.5,6946.565293795399,6945.09394048693,6943.591215155289,6952.5,6925.0,6938.75,6960.36309240614,6937.16272364379,6948.76290802496,6922.295702912909,0.0,0.0,0.0,0.0,0.0,0.0
1769415900.0,6948.5,6949.25,6946.75,6947.0,6947.364130076189,6946.04730559148,6944.34472218197,6952.5,6925.0,6938.75,6960.36309240614,6937.16272364379,6948.76290802496,6922.63179721065,0.0,0.0,0.0,0.0,0.0,0.0
1769416200.0,6946.75,6949.25,6946.0,6946.25,6947.39244708754,6946.60843869088,6944.957386739369,6952.5,6925.0,6938.75,6960.36309240614,6937.16272364379,6948.76290802496,6922.8887901196995,0.0,0.0,0.0,0.0,0.0,0.0
1769416500.0,6946.5,6948.75,6945.25,6948.0,6948.15617368707,6947.46578849207,6945.697140026569,6952.5,6925.0,6938.75,6960.36309240614,6937.16272364379,6948.76290802496,6923.09528556792,0.0,0.0,0.0,0.0,0.0,0.0
1769416800.0,6947.75,6948.0,6945.75,6947.0,6948.055753039889,6947.88299784959,6946.270479345059,6952.5,6925.0,6938.75,6960.36309240614,6937.16272364379,6948.76290802496,6923.24673546721,0.0,0.0,0.0,0.0,0.0,0.0
1769417100.0,6947.0,6947.5,6945.5,6946.0,6947.41088672539,6947.935851886589,6946.68876170066,6952.5,6925.0,6938.75,6960.36309240614,6937.16272364379,6948.76290802496,6923.391448880069,0.0,0.0,0.0,0.0,0.0,0.0
1769417400.0,6946.0,6948.25,6946.0,6947.75,6947.781043232119,6948.372868472389,6947.2469299839395,6952.5,6925.0,6938.75,6960.36309240614,6937.16272364379,6948.76290802496,6923.52604007429,0.0,0.0,0.0,0.0,0.0,0.0
1769417700.0,6947.75,6949.0,6946.75,6948.0,6948.08214680076,6948.755596678139,6947.7799574138,6952.5,6925.0,6938.75,6960.36309240614,6937.16272364379,6948.76290802496,6923.66238742052,0.0,0.0,0.0,0.0,0.0,0.0
1769418000.0,6948.0,6948.25,6945.75,6947.25,6947.85392331957,6948.845192989759,6948.186033512339,6952.5,6925.0,6938.75,6960.36309240614,6937.16272364379,6948.76290802496,6923.877682333919,0.0,0.0,0.0,0.0,0.0,0.0
1769418300.0,6947.25,6950.25,6947.25,6949.5,6948.759588244339,6949.43985724068,6948.784004776349,6952.5,6925.0,6938.75,6960.36309240614,6937.16272364379,6948.76290802496,6924.093803385869,0.0,0.0,0.0,0.0,0.0,0.0
1769418600.0,6949.25,6949.5,6945.25,6945.75,6947.463538174839,6948.96047452712,6948.940068919989,6952.5,6925.0,6938.75,6960.36309240614,6937.16272364379,6948.76290802496,6924.36351737268,0.0,0.0,0.0,0.0,0.0,0.0
1769418900.0,6946.0,6947.25,6944.75,6946.5,6946.96729093009,6948.71464059276,6949.150294635269,6952.5,6925.0,6938.75,6960.36309240614,6937.16272364379,6948.76290802496,6924.57135044927,0.0,0.0,0.0,0.0,0.0,0.0
1769419200.0,6946.75,6946.75,6943.75,6945.5,6946.15241411764,6948.23060605027,6949.23009594328,6952.5,6925.0,6938.75,6960.36309240614,6937.16272364379,6948.76290802496,6924.86944965894,0.0,0.0,0.0,0.0,0.0,0.0
1769419500.0,6945.5,6945.5,6943.25,6943.5,6944.66192684206,6947.3048538944395,6949.08538844064,6952.5,6925.0,6938.75,6960.36309240614,6937.16272364379,6948.76290802496,6925.03075017432,0.0,0.0,0.0,0.0,0.0,0.0
1769419800.0,6943.5,6944.0,6935.5,6936.5,6940.32324227131,6944.775928071869,6948.215383639639,6952.5,6925.0,6938.75,6960.36309240614,6937.16272364379,6948.76290802496,6925.2767891884,0.0,0.0,0.0,0.0,0.0,0.0
1769420100.0,6936.25,6936.5,6931.5,6931.75,6935.3169179425995,6941.49170330544,6946.90418205868,6952.5,6925.0,6938.75,6960.36309240614,6937.16272364379,6948.76290802496,6925.41483042558,0.0,0.0,0.0,0.0,0.0,0.0
1769420400.0,6931.75,6933.75,6928.0,6928.5,6930.6988844444695,6937.97158095866,6945.33889374887,6952.5,6925.0,6938.75,6960.36309240614,6937.16272364379,6948.76290802496,6925.49804874569,0.0,0.0,0.0,0.0,0.0,0.0
1769420700.0,6928.5,6930.25,6924.5,6925.0,6926.28234025983,6934.211229183989,6943.512880933919,6952.5,6925.0,6938.75,6960.36309240614,6937.16272364379,6948.76290802496,6925.517604345339,0.0,0.0,0.0,0.0,0.0,0.0
1769421000.0,6924.75,6925.25,6921.75,6925.0,6923.76202047684,6931.13993093894,6941.807762786219,6952.5,6925.0,6938.75,6960.36309240614,6937.16272364379,6948.76290802496,6925.48505041011,0.0,0.0,0.0,0.0,0.0,0.0
1769421300.0,6924.75,6928.75,6924.75,6928.25,6924.0705846811,6929.46147555209,6940.55257319449,6952.5,6925.0,6938.75,6960.36309240614,6937.16272364379,6948.76290802496,6925.51082653832,0.0,0.0,0.0,0.0,0.0,0.0
1769421600.0,6928.25,6930.5,6927.25,6929.0,6924.94688213215,6928.32164788851,6939.458670352959,6952.5,6925.0,6938.75,6960.36309240614,6937.16272364379,6948.76290802496,6925.542027204199,0.0,0.0,0.0,0.0,0.0,0.0
1769421900.0,6929.25,6931.5,6927.5,6928.0,6925.27914901358,6927.195825283479,6938.334911392039,6952.5,6925.0,6938.75,6960.36309240614,6937.16272364379,6948.76290802496,6925.56692292048,0.0,0.0,0.0,0.0,0.0,0.0
1769422200.0,6927.75,6932.0,6927.5,6931.75,6927.53408329559,6927.265314274259,6937.6753427247195,6952.5,6925.0,6938.75,6960.36309240614,6937.16272364379,6948.76290802496,6925.603416305359,0.0,0.0,0.0,0.0,0.0,0.0
1769422500.0,6931.5,6933.0,6931.0,6931.75,6929.13263745501,6927.38938036709,6937.060579398019,6952.5,6925.0,6938.75,6960.36309240614,6937.16272364379,6948.76290802496,6925.646497551609,0.0,0.0,0.0,0.0,0.0,0.0
1769422800.0,6931.5,6932.75,6928.75,6932.0,6930.37181425944,6927.61700894888,6936.5138852008995,6952.5,6925.0,6938.75,6960.36309240614,6937.16272364379,6948.76290802496,6925.69658919348,0.0,0.0,0.0,0.0,0.0,0.0
1769423100.0,6931.75,6934.75,6930.75,6934.0,6932.19114095637,6928.36145871321,6936.211878035329,6952.5,6925.0,6938.75,6960.36309240614,6937.16272364379,6948.76290802496,6925.756120872449,0.0,0.0,0.0,0.0,0.0,0.0
1769423400.0,6933.75,6937.75,6932.75,6935.5,6934.09676529414,6929.40334031913,6936.08608385953,6952.5,6925.0,6938.75,6960.36309240614,6937.16272364379,6948.76290802496,6925.842158746779,0.0,0.0,0.0,0.0,0.0,0.0
1769423700.0,6935.75,6938.75,6935.75,6937.5,6936.25961497054,6930.80827990512,6936.17601623787,6952.5,6925.0,6938.75,6960.36309240614,6937.16272364379,6948.76290802496,6925.913969667329,0.0,0.0,0.0,0.0,0.0,0.0
1769424000.0,6937.75,6938.25,6935.0,6936.0,6936.839150734199,6931.6344791252195,6936.1048059091,6952.5,6925.0,6938.75,6960.36309240614,6937.16272364379,6948.76290802496,6925.95878359924,0.0,0.0,0.0,0.0,0.0,0.0
1769424300.0,6936.0,6937.75,6935.75,6936.5,6937.36104484924,6932.472333476169,6936.09049073964,6952.5,6925.0,6938.75,6960.36309240614,6937.16272364379,6948.76290802496,6925.99672322868,0.0,0.0,0.0,0.0,0.0,0.0
1769424600.0,6936.25,6937.5,6935.5,6936.0,6937.35626109344,6933.0654164616,6936.02576789771,6952.5,6925.0,6938.75,6960.36309240614,6937.16272364379,6948.76290802496,6926.03440378707,0.0,0.0,0.0,0.0,0.0,0.0
1769424900.0,6935.75,6936.75,6934.25,6934.25,6936.4094656896195,6933.1404886622695,6935.785018146519,6952.5,6925.0,6938.75,6960.36309240614,6937.16272364379,6948.76290802496,6926.079800447979,0.0,0.0,0.0,0.0,0.0,0.0
1769425200.0,6934.5,6936.0,6933.5,6933.75,6935.489551318499,6933.095554468,6935.50993069518,6952.5,6925.0,6938.75,6960.36309240614,6937.16272364379,6948.76290802496,6926.13129929526,0.0,0.0,0.0,0.0,0.0,0.0
1769425500.0,6934.25,6936.0,6933.5,6933.75,6934.85715472015,6933.074693159249,6935.25481537796,6952.5,6925.0,6938.75,6960.36309240614,6937.16272364379,6948.76290802496,6926.17725651339,0.0,0.0,0.0,0.0,0.0,0.0
1769425800.0,6934.0,6934.5,6932.25,6934.25,6934.67287922996,6933.197254008979,6935.070173191059,6952.5,6925.0,6938.75,6960.36309240614,6937.16272364379,6948.76290802496,6926.20339028725,0.0,0.0,0.0,0.0,0.0,0.0
1769426100.0,6934.25,6935.0,6933.75,6934.25,6934.5418233642595,6933.31280923746,6934.89955902484,6952.5,6925.0,6938.75,6960.36309240614,6937.16272364379,6948.76290802496,6926.22716508077,0.0,0.0,0.0,0.0,0.0,0.0
1769426400.0,6934.25,6935.25,6934.25,6934.75,6934.69331116943,6933.54545639489,6934.793811583009,6952.5,6925.0,6938.75,6960.36309240614,6937.16272364379,6948.76290802496,6926.26128213554,0.0,0.0,0.0,0.0,0.0,0.0
1769426700.0,6934.5,6935.0,6933.0,6933.75,6934.29416011299,6933.50018049498,6934.5934440252495,6952.5,6925.0,6938.75,6960.36309240614,6937.16272364379,6948.76290802496,6926.294922794759,0.0,0.0,0.0,0.0,0.0,0.0
1769427000.0,6933.75,6936.75,6933.5,6935.25,6934.76624038836,6933.84576133065,6934.563615778409,6952.5,6925.0,6938.75,6960.36309240614,6937.16272364379,6948.76290802496,6926.342948386109,0.0,0.0,0.0,0.0,0.0,0.0
1769427300.0,6935.25,6936.0,6934.5,6934.5,6934.6971648338895,6933.9533992424695,6934.4598811703,6952.5,6925.0,6938.75,6960.36309240614,6937.16272364379,6948.76290802496,6926.37083545262,0.0,0.0,0.0,0.0,0.0,0.0
1769427600.0,6934.75,6935.25,6932.75,6933.5,6934.15662403353,6933.8005314455195,6934.26162658443,6952.5,6925.0,6938.75,6960.36309240614,6937.16272364379,6948.76290802496,6926.400149786339,0.0,0.0,0.0,0.0,0.0,0.0
1769427900.0,6933.75,6934.0,6932.25,6932.75,6933.443656278239,6933.49415700807,6934.001432700399,6952.5,6925.0,6938.75,6960.36309240614,6937.16272364379,6948.76290802496,6926.42029558381,0.0,0.0,0.0,0.0,0.0,0.0
1769428200.0,6933.0,6935.5,6932.5,6934.5,6933.8530053183495,6933.68327228516,6933.9422197411295,6952.5,6925.0,6938.75,6960.36309240614,6937.16272364379,6948.76290802496,6926.456810046289,0.0,0.0,0.0,0.0,0.0,0.0
1769428500.0,6934.75,6937.5,6934.5,6936.75,6935.22558421499,6934.4059667272895,6934.1216784648395,6952.5,6925.0,6938.75,6960.36309240614,6937.16272364379,6948.76290802496,6926.495399767299,0.0,0.0,0.0,0.0,0.0,0.0
1769428800.0,6936.5,6942.75,6936.25,6942.0,6938.6587839192,6936.31293590316,6934.83307903633,6952.5,6925.0,6938.75,6960.36309240614,6937.16272364379,6948.76290802496,6926.67773731688,0.0,0.0,0.0,0.0,0.0,0.0
1769429100.0,6941.75,6944.75,6940.75,6943.0,6941.288698436289,6938.1348906187495,6935.5994310229,6952.5,6925.0,6938.75,6960.36309240614,6937.16272364379,6948.76290802496,6926.834470967579,0.0,0.0,0.0,0.0,0.0,0.0
1769429400.0,6943.0,6944.75,6942.5,6943.75,6943.2295102403195,6939.81531269192,6936.39042397199,6952.5,6925.0,6938.75,6960.36309240614,6937.16272364379,6948.76290802496,6926.93733201293,0.0,0.0,0.0,0.0,0.0,0.0
1769429700.0,6943.75,6944.0,6941.0,6941.25,6943.11182094571,6940.562458251649,6936.86776696751,6952.5,6925.0,6938.75,6960.36309240614,6937.16272364379,6948.76290802496,6927.04733907572,0.0,0.0,0.0,0.0,0.0,0.0
1769430000.0,6941.25,6942.25,6939.25,6939.5,6942.043524207669,6940.719821328999,6937.130478862069,6952.5,6925.0,6938.75,6960.36309240614,6937.16272364379,6948.76290802496,6927.12708627481,0.0,0.0,0.0,0.0,0.0,0.0
1769430300.0,6939.5,6941.25,6939.25,6941.0,6941.9832711256895,6941.19695859186,6937.5292600526,6952.5,6925.0,6938.75,6960.36309240614,6937.16272364379,6948.76290802496,6927.1777707334395,0.0,0.0,0.0,0.0,0.0,0.0
1769430600.0,6940.75,6942.0,6939.0,6940.25,6941.49553654714,6941.37848050667,6937.8217535533995,6952.5,6925.0,6938.75,6960.36309240614,6937.16272364379,6948.76290802496,6927.28179472549,0.0,0.0,0.0,0.0,0.0,0.0
1769430900.0,6940.25,6941.0,6939.5,6940.25,6941.117691546139,6941.50187243807,6938.092683332569,6952.5,6925.0,6938.75,6960.36309240614,6937.16272364379,6948.76290802496,6927.376926637639,0.0,0.0,0.0,0.0,0.0,0.0
1769431200.0,6940.0,6940.25,6938.0,6938.75,6940.096464356569,6941.20474821192,6938.188321673199,6952.5,6925.0,6938.75,6960.36309240614,6937.16272364379,6948.76290802496,6927.43940694839,0.0,0.0,0.0,0.0,0.0,0.0
1769431500.0,6938.75,6940.5,6938.0,6938.75,6939.41726139932,6940.93485159302,6938.27589505165,6952.5,6925.0,6938.75,6960.36309240614,6937.16272364379,6948.76290802496,6927.496580238329,0.0,0.0,0.0,0.0,0.0,0.0
1769431800.0,6938.75,6941.75,6938.25,6940.25,6939.71047386537,6941.063083862789,6938.5109743720295,6952.5,6925.0,6938.75,6960.36309240614,6937.16272364379,6948.76290802496,6927.55235397615,0.0,0.0,0.0,0.0,0.0,0.0
1769432100.0,6940.25,6941.5,6940.0,6940.75,6940.143385140769,6941.273089689619,6938.779755495259,6952.5,6925.0,6938.75,6960.36309240614,6937.16272364379,6948.76290802496,6927.662007277209,0.0,0.0,0.0,0.0,0.0,0.0
1769432400.0,6940.75,6943.25,6939.25,6941.25,6940.65965235278,6941.550894379529,6939.07970839227,6952.5,6925.0,6938.75,6960.36309240614,6937.16272364379,6948.76290802496,6927.817766938029,0.0,0.0,0.0,0.0,0.0,0.0
1769432700.0,6941.25,6944.5,6940.25,6944.5,6942.563628795469,6942.56847068725,6939.692702387009,6952.5,6925.0,6938.75,6960.36309240614,6937.16272364379,6948.76290802496,6927.92160684981,0.0,0.0,0.0,0.0,0.0,0.0
1769433000.0,6944.25,6945.75,6943.75,6945.75,6944.35758978386,6943.69792399089,6940.38972652555,6952.5,6925.0,6938.75,6960.36309240614,6937.16272364379,6948.76290802496,6928.07096515992,0.0,0.0,0.0,0.0,0.0,0.0
1769433300.0,6945.5,6947.75,6945.5,6946.75,6945.92779019858,6944.85361021679,6941.13856460425,6952.5,6925.0,6938.75,6960.36309240614,6937.16272364379,6948.76290802496,6928.27459866103,0.0,0.0,0.0,0.0,0.0,0.0
1769433600.0,6946.75,6948.25,6945.0,6945.25,6946.11070203487,6945.40509136308,6941.67665015458,6952.5,6925.0,6938.75,6960.36309240614,6937.16272364379,6948.76290802496,6928.385537403599,0.0,0.0,0.0,0.0,0.0,0.0
1769433900.0,6945.25,6945.25,6942.75,6943.5,6945.279413671749,6945.3925559154495,6941.992476153099,6952.5,6925.0,6938.75,6960.36309240614,6937.16272364379,6948.76290802496,6928.514430274589,0.0,0.0,0.0,0.0,0.0,0.0
1769434200.0,6943.5,6944.5,6942.25,6942.75,6944.30707348692,6945.16306287882,6942.204729585749,6952.5,6925.0,6938.75,6960.36309240614,6937.16272364379,6948.76290802496,6928.60589449421,0.0,0.0,0.0,0.0,0.0,0.0
1769434500.0,6942.5,6942.75,6939.25,6940.75,6942.6631815607,6944.4457739235195,6942.19134397297,6952.5,6925.0,6938.75,6960.36309240614,6937.16272364379,6948.76290802496,6928.76855659978,0.0,0.0,0.0,0.0,0.0,0.0
1769434800.0,6941.0,6942.5,6937.5,6942.0,6942.209114450729,6944.13757156855,6942.304081398869,6952.5,6925.0,6938.75,6960.36309240614,6937.16272364379,6948.76290802496,6928.8781020223,0.0,0.0,0.0,0.0,0.0,0.0
1769435100.0,6942.0,6947.5,6941.5,6947.25,6944.49178771051,6945.16614855373,6942.94758737523,6952.5,6925.0,6938.75,6960.36309240614,6937.16272364379,6948.76290802496,6929.09656863637,0.0,0.0,0.0,0.0,0.0,0.0
1769435400.0,6947.0,6950.0,6947.0,6948.5,6946.554339718909,6946.30421262011,6943.67095633909,6952.5,6925.0,6938.75,6960.36309240614,6937.16272364379,6948.76290802496,6929.278546480659,0.0,0.0,0.0,0.0,0.0,0.0
1769435700.0,6948.75,6952.5,6948.0,6951.75,6949.41124951997,6948.02616314968,6944.674844434319,6952.5,6925.0,6938.75,6960.36309240614,6937.16272364379,6948.76290802496,6929.5412947665,0.0,0.0,0.0,0.0,0.0,0.0
1769436000.0,6951.75,6955.25,6951.5,6952.25,6951.39246189541,6949.5412991290095,6945.65472398336,6952.5,6925.0,6938.75,6960.36309240614,6937.16272364379,6948.76290802496,6930.05665674149,0.0,0.0,0.0,0.0,0.0,0.0
1769436300.0,6952.25,6955.0,6951.75,6953.5,6953.14413140671,6951.06595797481,6946.68910585285,6952.5,6925.0,6938.75,6960.36309240614,6937.16272364379,6948.76290802496,6930.321006995259,0.0,0.0,0.0,0.0,0.0,0.0
1769436600.0,6953.5,6954.5,6951.5,6952.25,6953.50894829114,6951.97149021226,6947.515067567189,6952.5,6925.0,6938.75,6960.36309240614,6937.16272364379,6948.76290802496,6930.600511447359,0.0,0.0,0.0,0.0,0.0,0.0
1769436900.0,6952.5,6953.75,6952.0,6952.25,6953.59568408833,6952.672725231119,6948.27581527635,6952.5,6925.0,6938.75,6960.36309240614,6937.16272364379,6948.76290802496,6930.803089643169,0.0,0.0,0.0,0.0,0.0,0.0
1769437200.0,6952.25,6953.5,6951.0,6953.5,6954.13025637321,6953.514675329329,6949.10463129858,6952.5,6925.0,6938.75,6960.36309240614,6937.16272364379,6948.76290802496,6931.15007109952,0.0,0.0,0.0,0.0,0.0,0.0
1769437500.0,6953.5,6958.0,6953.25,6957.75,6956.42748337119,6955.2178951127,6950.30633913298,6952.5,6925.0,6938.75,6960.36309240614,6937.16272364379,6948.76290802496,6931.9164425359095,0.0,0.0,0.0,0.0,0.0,0.0
1769437800.0,6957.75,6966.5,6952.0,6966.25,6961.9148581075,6958.68633050598,6952.29340972056,,,,6954.18989747635,6937.63785017337,6945.913873824859,6936.436595790739,0.0,0.0,0.0,0.0,0.0,0.0
1769438100.0,6966.0,6973.25,6966.0,6970.75,6967.43158264842,6962.609129371989,6954.59618329069,,,,6954.18989747635,6937.63785017337,6945.913873824859,6939.59392699531,0.0,0.0,0.0,0.0,0.0,0.0
1769438400.0,6970.75,6976.5,6968.0,6975.5,6973.00614227584,6966.955029348829,6957.21681209902,,,,6954.18989747635,6937.63785017337,6945.913873824859,6942.487029152049,0.0,0.0,0.0,0.0,0.0,0.0
1769438700.0,6975.75,6979.25,6975.0,6975.5,6976.22651012811,6970.4533885159,6959.64026007097,,,,6954.18989747635,6937.63785017337,6945.913873824859,6944.79928938757,0.0,0.0,0.0,0.0,0.0,0.0
1769439000.0,6975.75,6980.0,6974.25,6977.5,6978.87680145383,6973.734660280659,6962.0853018204,,,,6954.18989747635,6937.63785017337,6945.913873824859,6946.633387641909,0.0,0.0,0.0,0.0,0.0,0.0
1769439300.0,6977.5,6980.0,6975.75,6976.5,6979.692568888439,6976.07976263349,6964.2386595135795,,,,6954.18989747635,6937.63785017337,6945.913873824859,6947.96589885282,0.0,0.0,0.0,0.0,0.0,0.0
1769439600.0,6976.25,6977.5,6973.75,6975.75,6979.476679726509,6977.70608410915,6966.1451020614495,,,,6954.18989747635,6937.63785017337,6945.913873824859,6949.27017598887,0.0,0.0,0.0,0.0,0.0,0.0
1769439900.0,6976.0,6977.5,6973.0,6973.25,6977.793221422169,6978.300359809429,6967.63978239194,,,,6954.18989747635,6937.63785017337,6945.913873824859,6949.970104612959,0.0,0.0,0.0,0.0,0.0,0.0
1769440200.0,6973.25,6980.5,6971.0,6979.5,6979.50710160921,6980.219377296419,6969.655011223969,,,,6954.18989747635,6937.63785017337,6945.913873824859,6951.16871131401,0.0,0.0,0.0,0.0,0.0,0.0
1769440500.0,6979.5,6985.25,6978.5,6984.5,6982.822118751489,6982.923167786649,6972.0240484734795,,,,6954.18989747635,6937.63785017337,6945.913873824859,6952.49368531605,0.0,0.0,0.0,0.0,0.0,0.0
1769440800.0,6984.75,6988.0,6984.75,6987.5,6986.169579282039,6985.77386461066,6974.513996162949,,,,6954.18989747635,6937.63785017337,6945.913873824859,6953.885468049029,0.0,0.0,0.0,0.0,0.0,0.0
1769441100.0,6987.5,6987.5,6978.75,6979.25,6984.018158297969,6985.942000103059,6975.95203243129,,,,6954.18989747635,6937.63785017337,6945.913873824859,6955.021082302859,0.0,0.0,0.0,0.0,0.0,0.0
1769441400.0,6979.0,6984.5,6977.25,6982.25,6983.868912494369,6986.69130349029,6977.5736673007195,6988.0,6952.0,6970.0,6954.18989747635,6937.63785017337,6945.913873824859,6956.084344101419,0.0,0.0,0.0,0.0,0.0,0.0
1769441700.0,6982.0,6984.0,6980.0,6981.5,6983.2293506467795,6986.99376103705,6978.97767842466,6988.0,6952.0,6970.0,6954.18989747635,6937.63785017337,6945.913873824859,6956.61079430414,0.0,0.0,0.0,0.0,0.0,0.0
1769442000.0,6981.5,6981.75,6976.0,6976.75,6980.361426611649,6985.93711581487,6979.7651810403395,6988.0,6952.0,6970.0,6954.18989747635,6937.63785017337,6945.913873824859,6957.270428723799,0.0,0.0,0.0,0.0,0.0,0.0
1769442300.0,6976.75,6985.0,6976.75,6983.25,6981.61795382325,6986.564141604819,6981.141897515189,6988.0,6952.0,6970.0,6954.18989747635,6937.63785017337,6945.913873824859,6957.85062501832,0.0,0.0,0.0,0.0,0.0,0.0
1769442600.0,6983.25,6987.25,6982.75,6985.25,6983.3485776126,6987.47134701236,6982.60103079678,6988.0,6952.0,6970.0,6954.18989747635,6937.63785017337,6945.913873824859,6958.42926645955,0.0,0.0,0.0,0.0,0.0,0.0
1769442900.0,6985.5,6987.0,6982.5,6983.75,6983.65716535475,6987.74244040109,6983.77443658416,6988.0,6952.0,6970.0,6954.18989747635,6937.63785017337,6945.913873824859,6958.92264152337,0.0,0.0,0.0,0.0,0.0,0.0
1769443200.0,6983.75,6984.5,6981.25,6983.0,6983.4163201927195,6987.67787762584,6984.75918220484,6988.0,6952.0,6970.0,6954.18989747635,6937.63785017337,6945.913873824859,6959.616018638079,0.0,0.0,0.0,0.0,0.0,0.0
1769443500.0,6983.0,6983.5,6980.0,6982.25,6982.83788271905,6987.34165249478,6985.5682077824895,6988.0,6952.0,6970.0,6954.18989747635,6937.63785017337,6945.913873824859,6960.060146496749,0.0,0.0,0.0,0.0,0.0,0.0
1769443800.0,6982.25,6983.25,6980.25,6982.0,6982.308052417339,6986.91220344993,6986.26538223441,6988.0,6952.0,6970.0,6954.18989747635,6937.63785017337,6945.913873824859,6960.347173049149,0.0,0.0,0.0,0.0,0.0,0.0
1769444100.0,6981.75,6982.5,6977.5,6978.5,6980.243746919709,6985.604975895069,6986.52260818985,6988.0,6952.0,6970.0,6954.18989747635,6937.63785017337,6945.913873824859,6960.70525582044,0.0,0.0,0.0,0.0,0.0,0.0
1769444400.0,6978.25,6984.0,6975.75,6983.25,6981.25652791816,6985.63350383855,6987.223694777879,6988.0,6952.0,6970.0,6954.18989747635,6937.63785017337,6945.913873824859,6961.163520876549,0.0,0.0,0.0,0.0,0.0,0.0
1769444700.0,6983.25,6986.5,6982.25,6985.0,6982.78539575543,6986.0277249662695,6988.027621473279,6988.0,6952.0,6970.0,6954.18989747635,6937.63785017337,6945.913873824859,6961.59716040605,0.0,0.0,0.0,0.0,0.0,0.0
1769445000.0,6985.0,6987.5,6983.25,6983.5,6983.033214633039,6985.91927487262,6988.591228481289,6988.0,6952.0,6970.0,6954.18989747635,6937.63785017337,6945.913873824859,6962.05054543581,0.0,0.0,0.0,0.0,0.0,0.0
1769445300.0,6983.5,6986.25,6982.25,6984.25,6983.545097562979,6985.958474258029,6989.163979557719,6988.0,6952.0,6970.0,6954.18989747635,6937.63785017337,6945.913873824859,6962.393804227089,0.0,0.0,0.0,0.0,0.0,0.0
1769445600.0,6984.0,6985.0,6982.25,6982.75,6983.1245846824895,6985.56433466814,6989.51280357198,6988.0,6952.0,6970.0,6954.18989747635,6937.63785017337,6945.913873824859,6962.614668958729,0.0,0.0,0.0,0.0,0.0,0.0
1769445900.0,6982.75,6985.0,6981.5,6983.5,6983.20942180918,6985.376292010859,6989.88619606575,6988.0,6952.0,6970.0,6954.18989747635,6937.63785017337,6945.913873824859,6962.88552403987,0.0,0.0,0.0,0.0,0.0,0.0
1769446200.0,6983.5,6985.75,6982.75,6984.75,6983.86849970389,6985.4878736683695,6990.33441440691,6988.0,6952.0,6970.0,6954.18989747635,6937.63785017337,6945.913873824859,6963.0975897913795,0.0,0.0,0.0,0.0,0.0,0.0
1769446500.0,6985.0,6986.25,6983.5,6984.75,6984.28009677314,6985.53967126106,6990.723262705959,6988.0,6952.0,6970.0,6954.18989747635,6937.63785017337,6945.913873824859,6963.28888585817,0.0,0.0,0.0,0.0,0.0,0.0
1769446800.0,6985.0,6990.5,6984.0,6989.5,6986.843936790379,6986.72600719978,6991.54812187591,6988.0,6952.0,6970.0,6954.18989747635,6937.63785017337,6945.913873824859,6963.6758860704695,0.0,0.0,0.0,0.0,0.0,0.0
1769447100.0,6989.5,6991.0,6988.25,6988.5,6987.952334340859,6987.41988327727,6992.18416296086,6988.0,6952.0,6970.0,6954.18989747635,6937.63785017337,6945.913873824859,6963.95834236633,0.0,0.0,0.0,0.0,0.0,0.0
1769447400.0,6988.5,6989.75,6986.75,6989.0,6988.83265332839,6988.078154619309,6992.799666240639,6988.0,6952.0,6970.0,6954.18989747635,6937.63785017337,6945.913873824859,6964.23607381881,0.0,0.0,0.0,0.0,0.0,0.0
1769447700.0,6988.75,6990.5,6988.0,6988.75,6989.191981690359,6988.5201680337195,6993.31862858774,6988.0,6952.0,6970.0,6954.18989747635,6937.63785017337,6945.913873824859,6964.4382378663195,0.0,0.0,0.0,0.0,0.0,0.0
1769448000.0,6988.75,6990.5,6988.25,6989.5,6989.70565684888,6989.032444023989,6993.851310016529,6988.0,6952.0,6970.0,6954.18989747635,6937.63785017337,6945.913873824859,6964.6421374082,0.0,0.0,0.0,0.0,0.0,0.0
1769448300.0,6989.25,6990.25,6988.5,6989.0,6989.711290095949,6989.29254088289,6994.267703703759,6988.0,6952.0,6970.0,6954.18989747635,6937.63785017337,6945.913873824859,6964.82205791439,0.0,0.0,0.0,0.0,0.0,0.0
1769448600.0,6988.75,6989.5,6986.0,6987.75,6989.03252970589,6989.15873490568,6994.498644876269,6988.0,6952.0,6970.0,6954.18989747635,6937.63785017337,6945.913873824859,6965.034364254269,0.0,0.0,0.0,0.0,0.0,0.0
1769448900.0,6987.75,6989.0,6986.75,6988.25,6988.787690616549,6989.13712758682,6994.7383461768795,6988.0,6952.0,6970.0,6954.18989747635,6937.63785017337,6945.913873824859,6965.198289043789,0.0,0.0,0.0,0.0,0.0,0.0
1769449200.0,6988.0,6989.75,6987.25,6989.5,6989.204180973539,6989.39781279812,6995.064100308589,6988.0,6952.0,6970.0,6954.18989747635,6937.63785017337,6945.913873824859,6965.355601437939,0.0,0.0,0.0,0.0,0.0,0.0
1769449500.0,6989.5,6989.5,6984.75,6985.5,6987.48632356212,6988.58810993716,6994.92756179888,6988.0,6952.0,6970.0,6954.18989747635,6937.63785017337,6945.913873824859,6965.581859117339,0.0,0.0,0.0,0.0,0.0,0.0
1769449800.0,6985.5,6987.75,6984.0,6986.25,6986.74044667557,6988.07883878656,6994.85262189226,6988.0,6952.0,6970.0,6954.18989747635,6937.63785017337,6945.913873824859,6965.784516867139,0.0,0.0,0.0,0.0,0.0,0.0
1769450100.0,6986.5,6987.5,6984.75,6986.0,6986.155871440559,6987.574556574529,6994.732241376801,6988.0,6952.0,6970.0,6954.18989747635,6937.63785017337,6945.913873824859,6965.91534623191,0.0,0.0,0.0,0.0,0.0,0.0
1769450400.0,6986.0,6987.25,6984.25,6985.5,6985.565431504039,6987.016590764139,6994.54439463764,6988.0,6952.0,6970.0,6954.18989747635,6937.63785017337,6945.913873824859,6966.0526571909995,0.0,0.0,0.0,0.0,0.0,0.0
1769450700.0,6985.75,6986.0,6982.75,6983.75,6984.370871141719,6986.1076458034795,6994.165274727789,6988.0,6952.0,6970.0,6954.18989747635,6937.63785017337,6945.913873824859,6966.2550422252,0.0,0.0,0.0,0.0,0.0,0.0
1769451000.0,6983.5,6985.0,6983.5,6984.25,6983.90226842994,6985.47318656611,6993.84162095947,6988.0,6952.0,6970.0,6954.18989747635,6937.63785017337,6945.913873824859,6966.369640291489,0.0,0.0,0.0,0.0,0.0,0.0
1769451300.0,6984.0,6988.5,6983.0,6988.0,6985.49487256982,6985.878682830679,6993.90626611844,6988.0,6952.0,6970.0,6954.18989747635,6937.63785017337,6945.913873824859,6966.552501049259,0.0,0.0,0.0,0.0,0.0,0.0
1769451600.0,6988.0,6991.0,6987.5,6990.5,6987.777224806649,6986.83414636416,6994.20336985142,6988.0,6952.0,6970.0,6954.18989747635,6937.63785017337,6945.913873824859,6966.7573246045295,0.0,0.0,0.0,0.0,0.0,0.0
1769451900.0,6990.5,6993.0,6988.75,6991.75,6989.847145638019,6987.9306795843395,6994.5877624982395,6988.0,6952.0,6970.0,6954.18989747635,6937.63785017337,6945.913873824859,6967.02398803213,0.0,0.0,0.0,0.0,0.0,0.0
1769452200.0,6991.5,6995.5,6991.25,6994.25,6992.348252658239,6989.45050091669,6995.182728201319,6988.0,6952.0,6970.0,6954.18989747635,6937.63785017337,6945.913873824859,6967.504324464439,0.0,0.0,0.0,0.0,0.0,0.0
1769452500.0,6994.25,6994.5,6990.25,6990.5,6992.03522585578,6989.760497418049,6995.32756359969,6988.0,6952.0,6970.0,6954.18989747635,6937.63785017337,6945.913873824859,6967.737166485799,0.0,0.0,0.0,0.0,0.0,0.0
1769452800.0,6990.75,6991.25,6988.5,6989.0,6991.00963551672,6989.6270715152295,6995.286590467899,6988.0,6952.0,6970.0,6954.18989747635,6937.63785017337,6945.913873824859,6967.961144098899,0.0,0.0,0.0,0.0,0.0,0.0
1769453100.0,6989.25,6989.25,6987.0,6989.0,6990.28579695804,6989.5012239199295,6995.22832068465,6988.0,6952.0,6970.0,6954.18989747635,6937.63785017337,6945.913873824859,6968.16853831076,0.0,0.0,0.0,0.0,0.0,0.0
1769453400.0,6989.0,6990.75,6988.25,6990.5,6990.51344814537,6989.75665232691,6995.30951882281,6988.0,6952.0,6970.0,6954.18989747635,6937.63785017337,6945.913873824859,6968.30237921473,0.0,0.0,0.0,0.0,0.0,0.0
1769453700.0,6990.25,6990.75,6988.25,6989.75,6990.26247877399,6989.768542844599,6995.28828571695,6988.0,6952.0,6970.0,6954.18989747635,6937.63785017337,6945.913873824859,6968.419030383659,0.0,0.0,0.0,0.0,0.0,0.0
1769454000.0,6989.5,6991.0,6988.5,6989.5,6989.954456660989,6989.70404340122,6995.22391525015,6988.0,6952.0,6970.0,6954.18989747635,6937.63785017337,6945.913873824859,6968.60002084702,0.0,0.0,0.0,0.0,0.0,0.0
1769454300.0,6989.75,6992.25,6988.75,6991.5,6990.717622190759,6990.137218997849,6995.352476260559,6988.0,6952.0,6970.0,6954.18989747635,6937.63785017337,6945.913873824859,6968.725125362719,0.0,0.0,0.0,0.0,0.0,0.0
1769454600.0,6991.5,6993.5,6991.25,6991.75,6991.3101256009795,6990.54662252651,6995.479958817389,6988.0,6952.0,6970.0,6954.18989747635,6937.63785017337,6945.913873824859,6968.92808270348,0.0,0.0,0.0,0.0,0.0,0.0
1769454900.0,6991.75,6992.75,6990.75,6992.0,6991.783148646549,6990.93535723483,6995.60676213175,6988.0,6952.0,6970.0,6954.18989747635,6937.63785017337,6945.913873824859,6969.060600119379,0.0,0.0,0.0,0.0,0.0,0.0
1769455200.0,6992.0,6992.0,6988.25,6989.0,6990.58753815948,6990.49790490066,6995.39732618941,6988.0,6952.0,6970.0,6954.18989747635,6937.63785017337,6945.913873824859,6969.223255268949,0.0,0.0,0.0,0.0,0.0,0.0
1769455500.0,6989.25,6992.5,6988.5,6992.25,6991.387230489089,6990.93319942973,6995.521701705299,6988.0,6952.0,6970.0,6954.18989747635,6937.63785017337,6945.913873824859,6969.38193724961,0.0,0.0,0.0,0.0,0.0,0.0
1769455800.0,6992.0,6993.25,6990.25,6991.0,6991.274252014649,6990.971664156709,6995.491783327179,6988.0,6952.0,6970.0,6954.18989747635,6937.63785017337,6945.913873824859,6969.58478370086,0.0,0.0,0.0,0.0,0.0,0.0
1769456100.0,6991.25,6992.0,6989.25,6991.25,6991.30554183375,6991.055024546509,6995.4737998437195,6988.0,6952.0,6970.0,6954.18989747635,6937.63785017337,6945.913873824859,6969.74300222622,0.0,0.0,0.0,0.0,0.0,0.0
1769456400.0,6991.5,6993.75,6990.75,6992.5,6991.9209985433,6991.42482856229,6995.57068814315,6988.0,6952.0,6970.0,6954.18989747635,6937.63785017337,6945.913873824859,6969.88512736551,0.0,0.0,0.0,0.0,0.0,0.0
1769456700.0,6992.5,6993.25,6990.25,6991.25,6991.68617321461,6991.40943714076,6995.51633763851,6988.0,6952.0,6970.0,6954.18989747635,6937.63785017337,6945.913873824859,6970.041330583709,0.0,0.0,0.0,0.0,0.0,0.0
1769457000.0,6991.0,6992.25,6989.5,6990.0,6990.90693593082,6991.0757679278095,6995.3217200522395,6988.0,6952.0,6970.0,6954.18989747635,6937.63785017337,6945.913873824859,6970.13955900734,0.0,0.0,0.0,0.0,0.0,0.0
1769457300.0,6990.0,6992.0,6989.0,6989.5,6990.15874491607,6990.66733551895,6995.07467033923,6988.0,6952.0,6970.0,6954.18989747635,6937.63785017337,6945.913873824859,6970.282097456469,0.0,0.0,0.0,0.0,0.0,0.0
1769457600.0,6989.5,6991.0,6987.75,6991.0,6990.422991497289,6990.6970930975,6994.9861329192,6988.0,6952.0,6970.0,6954.18989747635,6937.63785017337,6945.913873824859,6970.4448721837,0.0,0.0,0.0,0.0,0.0,0.0
1769457900.0,6991.0,6991.25,6989.5,6990.5,6990.36274055121,6990.59316954111,6994.838752177309,6988.0,6952.0,6970.0,6954.18989747635,6937.63785017337,6945.913873824859,6970.56768315012,0.0,0.0,0.0,0.0,0.0,0.0
1769458200.0,6990.25,6991.0,6989.0,6990.0,6990.091711045139,6990.3795144488395,6994.637095440709,6988.0,6952.0,6970.0,6954.18989747635,6937.63785017337,6945.913873824859,6970.68718759052,0.0,0.0,0.0,0.0,0.0,0.0
1769458500.0,6990.0,6990.25,6987.75,6988.5,6989.200216296629,6989.827776905449,6994.282085221669,6988.0,6952.0,6970.0,6954.18989747635,6937.63785017337,6945.913873824859,6970.80737049425,0.0,0.0,0.0,0.0,0.0,0.0
1769458800.0,6988.5,6990.75,6988.0,6990.0,6989.38615706745,6989.745005279259,6994.0951176482895,6988.0,6952.0,6970.0,6954.18989747635,6937.63785017337,6945.913873824859,6971.0133434277095,0.0,0.0,0.0,0.0,0.0,0.0
1769459100.0,6989.75,6990.0,6988.5,6989.0,6989.045317727469,6989.42991722358,6993.80653380387,6988.0,6952.0,6970.0,6954.18989747635,6937.63785017337,6945.913873824859,6971.10594897571,0.0,0.0,0.0,0.0,0.0,0.0
1769459400.0,6989.0,6991.5,6988.75,6990.5,6989.5858517203,6989.545724271579,6993.68236524181,6988.0,6952.0,6970.0,6954.18989747635,6937.63785017337,6945.913873824859,6971.21738722916,0.0,0.0,0.0,0.0,0.0,0.0
1769459700.0,6990.5,6991.5,6989.75,6989.75,6989.586746510509,6989.45868335635,6993.4789754452295,6988.0,6952.0,6970.0,6954.18989747635,6937.63785017337,6945.913873824859,6971.341214850139,0.0,0.0,0.0,0.0,0.0,0.0
1769460000.0,6990.0,6990.5,6987.5,6989.0,6989.23455899871,6989.20401781435,6993.202341180209,6988.0,6952.0,6970.0,6954.18989747635,6937.63785017337,6945.913873824859,6971.537087322229,0.0,0.0,0.0,0.0,0.0,0.0
1769460300.0,6989.25,6991.0,6988.25,6989.75,6989.39034437753,6989.18475121091,6993.013116299109,6988.0,6952.0,6970.0,6954.18989747635,6937.63785017337,6945.913873824859,6971.695263705459,0.0,0.0,0.0,0.0,0.0,0.0
1769460600.0,6989.75,6989.75,6982.0,6983.5,6986.45488744191,6987.619888403149,6992.182092594569,6988.0,6952.0,6970.0,6954.18989747635,6937.63785017337,6945.913873824859,6972.157771917389,0.0,0.0,0.0,0.0,0.0,0.0
1769460900.0,6983.5,6984.0,6979.5,6980.75,6983.276362863079,6985.651978754159,6991.116736510729,6988.0,6952.0,6970.0,6954.18989747635,6937.63785017337,6945.913873824859,6972.88310030017,0.0,0.0,0.0,0.0,0.0,0.0
1769461200.0,6980.75,6981.75,6978.75,6979.5,6980.7297433042195,6983.732383439609,6989.98954680082,6988.0,6952.0,6970.0,6954.18989747635,6937.63785017337,6945.913873824859,6973.03369980677,0.0,0.0,0.0,0.0,0.0,0.0
1769461500.0,6979.25,6980.5,6978.25,6978.75,6978.87566960327,6981.98584552982,6988.85765905645,6988.0,6952.0,6970.0,6954.18989747635,6937.63785017337,6945.913873824859,6973.07232539227,0.0,0.0,0.0,0.0,0.0,0.0
1769461800.0,6979.0,6980.25,6977.5,6980.0,6978.465997689639,6980.88747759333,6987.92924870474,6988.0,6952.0,6970.0,6954.18989747635,6937.63785017337,6945.913873824859,6973.10752288944,0.0,0.0,0.0,0.0,0.0,0.0
1769462100.0,6980.0,6981.75,6979.75,6981.25,6978.98073738862,6980.330117847459,6987.191060014819,6988.0,6952.0,6970.0,6954.18989747635,6937.63785017337,6945.913873824859,6973.126201161859,0.0,0.0,0.0,0.0,0.0,0.0
1769462400.0,6981.0,6982.0,6980.5,6981.25,6979.45339700545,6979.91115496477,6986.50138505403,6988.0,6952.0,6970.0,6954.18989747635,6937.63785017337,6945.913873824859,6973.1365326203795,0.0,0.0,0.0,0.0,0.0,0.0
1769462700.0,6981.5,6983.0,6981.25,6982.5,6980.479727844039,6979.91779205021,6985.98674870895,6988.0,6952.0,6970.0,6954.18989747635,6937.63785017337,6945.913873824859,6973.151366797049,0.0,0.0,0.0,0.0,0.0,0.0
1769463000.0,6982.25,6982.25,6981.0,6981.0,6980.48696211819,6979.5912033102895,6985.351246315429,6988.0,6952.0,6970.0,6954.18989747635,6937.63785017337,6945.913873824859,6973.158481210149,0.0,0.0,0.0,0.0,0.0,0.0
1769463300.0,6981.0,6981.25,6980.25,6981.0,6980.55177088989,6979.3610136855095,6984.75898615581,6988.0,6952.0,6970.0,6954.18989747635,6937.63785017337,6945.913873824859,6973.164590329549,0.0,0.0,0.0,0.0,0.0,0.0
1769463600.0,6980.75,6982.0,6980.75,6981.75,6981.008903524969,6979.39635672777,6984.2850611472695,6988.0,6952.0,6970.0,6954.18989747635,6937.63785017337,6945.913873824859,6973.170844989119,0.0,0.0,0.0,0.0,0.0,0.0
1769463900.0,6981.5,6981.5,6979.75,6980.75,6980.84929295584,6979.214412524349,6983.740813050569,6988.0,6952.0,6970.0,6954.18989747635,6937.63785017337,6945.913873824859,6973.18042464417,0.0,0.0,0.0,0.0,0.0,0.0
1769464200.0,6980.75,6981.5,6980.0,6980.0,6980.40771502171,6978.9134890663,6983.15751239312,6988.0,6952.0,6970.0,6954.18989747635,6937.63785017337,6945.913873824859,6973.18782608103,0.0,0.0,0.0,0.0,0.0,0.0
1769464500.0,6980.25,6981.0,6976.25,6977.0,6978.68843218166,6977.95399001361,6982.30586496035,6988.0,6952.0,6970.0,6954.18989747635,6937.63785017337,6945.913873824859,6973.20184980402,0.0,0.0,0.0,0.0,0.0,0.0
1769468400.0,6977.0,6977.25,6972.5,6972.75,6975.55826238771,6976.140595307999,6981.07613852093,6988.0,6952.0,6970.0,6954.18989747635,6937.63785017337,6945.913873824859,6974.16666666667,0.0,0.0,0.0,0.0,0.0,0.0
1769468700.0,6972.75,6977.5,6972.0,6976.5,6975.470790032809,6975.615839962,6980.3226457887595,6988.0,6952.0,6970.0,6954.18989747635,6937.63785017337,6945.913873824859,6974.5373387644295,0.0,0.0,0.0,0.0,0.0,0.0
1769469000.0,6976.5,6978.75,6976.5,6977.75,6976.128509571369,6975.53777202049,6979.754405963759,6988.0,6952.0,6970.0,6954.18989747635,6937.63785017337,6945.913873824859,6975.2431650893795,0.0,0.0,0.0,0.0,0.0,0.0
1769469300.0,6977.5,6982.25,6977.0,6980.0,6977.730336450801,6976.076585926209,6979.462333423349,6988.0,6952.0,6970.0,6954.18989747635,6937.63785017337,6945.913873824859,6976.44672447013,0.0,0.0,0.0,0.0,0.0,0.0
1769469600.0,6980.25,6983.5,6980.0,6982.25,6979.90111360168,6977.121674835849,6979.427403206069,6988.0,6952.0,6970.0,6954.18989747635,6937.63785017337,6945.913873824859,6977.22271825397,0.0,0.0,0.0,0.0,0.0,0.0
1769469900.0,6982.5,6982.5,6977.5,6978.0,6979.21822355903,6976.962598135339,6978.95984813553,6988.0,6952.0,6970.0,6954.18989747635,6937.63785017337,6945.913873824859,6977.641035838969,0.0,0.0,0.0,0.0,0.0,0.0
1769470200.0,6977.75,6978.5,6976.75,6977.5,6978.523530689269,6976.73688219323,6978.47781942616,6988.0,6952.0,6970.0,6954.18989747635,6937.63785017337,6945.913873824859,6977.63595695805,0.0,0.0,0.0,0.0,0.0,0.0
1769470500.0,6977.5,6978.0,6977.0,6977.75,6978.200854584969,6976.64179815977,6978.06022283697,6988.0,6952.0,6970.0,6954.18989747635,6937.63785017337,6945.913873824859,6977.634347163619,0.0,0.0,0.0,0.0,0.0,0.0
1769470800.0,6977.75,6979.75,6977.5,6978.75,6978.49060254274,6976.84024358951,6977.7803995768,6988.0,6952.0,6970.0,6954.18989747635,6937.63785017337,6945.913873824859,6977.6937571339195,0.0,0.0,0.0,0.0,0.0,0.0
1769471100.0,6979.0,6980.0,6978.5,6979.5,6979.047853012359,6977.2171543921295,6977.603093515189,6988.0,6952.0,6970.0,6954.18989747635,6937.63785017337,6945.913873824859,6977.7918354277,0.0,0.0,0.0,0.0,0.0,0.0
1769471400.0,6979.5,6980.5,6979.25,6980.0,6979.64372789509,6977.6763822372695,6977.49541810332,6988.0,6952.0,6970.0,6954.18989747635,6937.63785017337,6945.913873824859,6978.00719396485,0.0,0.0,0.0,0.0,0.0,0.0
1769471700.0,6980.0,6981.25,6979.75,6981.25,6980.61825766638,6978.386665376989,6977.530081614749,6988.0,6952.0,6970.0,6954.18989747635,6937.63785017337,6945.913873824859,6978.15010910592,0.0,0.0,0.0,0.0,0.0,0.0
1769472000.0,6981.25,6981.25,6977.5,6977.75,6979.50236158305,6978.11903706058,6977.20611195097,6988.0,6952.0,6970.0,6954.18989747635,6937.63785017337,6945.913873824859,6978.20389839717,0.0,0.0,0.0,0.0,0.0,0.0
1769472300.0,6978.0,6979.75,6977.5,6979.25,6979.49420176218,6978.284553736339,6977.065548474,6988.0,6952.0,6970.0,6954.18989747635,6937.63785017337,6945.913873824859,6978.221257991229,0.0,0.0,0.0,0.0,0.0,0.0
1769472600.0,6979.5,6981.25,6979.25,6979.5,6979.59809791495,6978.4964486401395,6976.966459333379,6988.0,6952.0,6970.0,6954.18989747635,6937.63785017337,6945.913873824859,6978.289446942559,0.0,0.0,0.0,0.0,0.0,0.0
1769472900.0,6979.75,6982.0,6979.5,6981.75,6980.7497767430095,6979.242200070889,6977.1127008329195,6988.0,6952.0,6970.0,6954.18989747635,6937.63785017337,6945.913873824859,6978.37149849583,0.0,0.0,0.0,0.0,0.0,0.0
1769473200.0,6981.75,6982.5,6981.25,6982.0,6981.584147488759,6979.928594651539,6977.280261049939,6988.0,6952.0,6970.0,6954.18989747635,6937.63785017337,6945.913873824859,6978.469670814449,0.0,0.0,0.0,0.0,0.0,0.0
1769473500.0,6982.0,6982.25,6980.75,6981.25,6981.71060875891,6980.313100669649,6977.364097511389,6988.0,6952.0,6970.0,6954.18989747635,6937.63785017337,6945.913873824859,6978.524383500399,0.0,0.0,0.0,0.0,0.0,0.0
1769473800.0,6981.0,6982.75,6980.25,6982.25,6982.233783535379,6980.880272841189,6977.55080963936,6988.0,6952.0,6970.0,6954.18989747635,6937.63785017337,6945.913873824859,6978.59933576961,0.0,0.0,0.0,0.0,0.0,0.0
1769474100.0,6982.5,6983.5,6981.75,6982.75,6982.765795182039,6981.47145218275,6977.781335111899,6988.0,6952.0,6970.0,6954.18989747635,6937.63785017337,6945.913873824859,6978.714603153329,0.0,0.0,0.0,0.0,0.0,0.0
1769474400.0,6982.5,6983.5,6982.0,6982.25,6982.810875733539,6981.8308202232,6977.94901636238,6988.0,6952.0,6970.0,6954.18989747635,6937.63785017337,6945.913873824859,6978.80373740018,0.0,0.0,0.0,0.0,0.0,0.0
1769474700.0,6982.25,6983.0,6981.75,6982.75,6983.03347218109,6982.24500980341,6978.1614128232495,6988.0,6952.0,6970.0,6954.18989747635,6937.63785017337,6945.913873824859,6978.87398869911,0.0,0.0,0.0,0.0,0.0,0.0
1769475000.0,6982.75,6983.25,6982.25,6983.0,6983.25153895942,6982.640594314489,6978.38934552516,6988.0,6952.0,6970.0,6954.18989747635,6937.63785017337,6945.913873824859,6978.9810916057595,0.0,0.0,0.0,0.0,0.0,0.0
1769475300.0,6983.0,6984.0,6982.75,6983.5,6983.5905952905,6983.08125111459,6978.657341547279,6988.0,6952.0,6970.0,6954.18989747635,6937.63785017337,6945.913873824859,6979.1123168637,0.0,0.0,0.0,0.0,0.0,0.0
1769475600.0,6983.25,6983.75,6981.75,6983.5,6983.76361165182,6983.4331255534,6978.91066616436,6988.0,6952.0,6970.0,6954.18989747635,6937.63785017337,6945.913873824859,6979.24876669591,0.0,0.0,0.0,0.0,0.0,0.0
1769475900.0,6983.5,6984.0,6983.0,6983.75,6983.95351295383,6983.772322610939,6979.17593909821,6988.0,6952.0,6970.0,6954.18989747635,6937.63785017337,6945.913873824859,6979.32596954898,0.0,0.0,0.0,0.0,0.0,0.0
1769476200.0,6984.0,6985.25,6983.75,6984.75,6984.52268150644,6984.2864146251695,6979.529598074299,6988.0,6952.0,6970.0,6954.18989747635,6937.63785017337,6945.913873824859,6979.49721156875,0.0,0.0,0.0,0.0,0.0,0.0
1769476500.0,6985.0,6985.75,6983.75,6985.5,6985.21065990984,6984.88140197345,6979.9393190417995,6988.0,6952.0,6970.0,6954.18989747635,6937.63785017337,6945.913873824859,6979.659005898429,0.0,0.0,0.0,0.0,0.0,0.0
1769476800.0,6985.25,6985.5,6984.5,6985.0,6985.35823392359,6985.23038580879,6980.27162937419,6988.0,6952.0,6970.0,6954.18989747635,6937.63785017337,6945.913873824859,6979.76076065481,0.0,0.0,0.0,0.0,0.0,0.0
1769477100.0,6985.0,6986.5,6985.0,6985.75,6985.7689073210495,6985.68545349263,6980.66083909585,6988.0,6952.0,6970.0,6954.18989747635,6937.63785017337,6945.913873824859,6979.897048682939,0.0,0.0,0.0,0.0,0.0,0.0
1769477400.0,6985.5,6986.75,6985.25,6986.75,6986.47142631104,6986.28931253396,6981.128486984519,6988.0,6952.0,6970.0,6954.18989747635,6937.63785017337,6945.913873824859,6980.15338643771,0.0,0.0,0.0,0.0,0.0,0.0
1769477700.0,6986.75,6987.25,6986.0,6986.0,6986.5025368589695,6986.5793341708295,6981.48782687517,6988.0,6952.0,6970.0,6954.18989747635,6937.63785017337,6945.913873824859,6980.2839602164095,0.0,0.0,0.0,0.0,0.0,0.0
1769478000.0,6986.25,6987.25,6985.75,6986.75,6986.836630492709,6986.9819347638495,6981.90115820064,6988.0,6952.0,6970.0,6954.18989747635,6937.63785017337,6945.913873824859,6980.573667130269,0.0,0.0,0.0,0.0,0.0,0.0
1769478300.0,6986.5,6988.25,6985.75,6988.0,6987.61241268453,6987.60137713222,6982.41605972858,6988.0,6952.0,6970.0,6954.18989747635,6937.63785017337,6945.913873824859,6980.822974340659,0.0,0.0,0.0,0.0,0.0,0.0
1769478600.0,6987.75,6988.25,6987.0,6987.75,6987.93475876866,6988.0256937942095,6982.86999042517,6988.0,6952.0,6970.0,6954.18989747635,6937.63785017337,6945.913873824859,6980.94512417957,0.0,0.0,0.0,0.0,0.0,0.0
1769478900.0,6987.5,6988.0,6986.75,6987.5,6987.963943502759,6988.287497145379,6983.26684517511,6988.0,6952.0,6970.0,6954.18989747635,6937.63785017337,6945.913873824859,6981.01530531095,0.0,0.0,0.0,0.0,0.0,0.0
1769479200.0,6987.25,6989.25,6987.25,6989.25,6988.78628286527,6988.912060292309,6983.817023777419,6988.0,6952.0,6970.0,6954.18989747635,6937.63785017337,6945.913873824859,6981.181935488429,0.0,0.0,0.0,0.0,0.0,0.0
1769479500.0,6989.25,6992.0,6989.25,6991.25,6990.2369038409,6989.89780772016,6984.53524819411,6988.0,6952.0,6970.0,6954.18989747635,6937.63785017337,6945.913873824859,6981.556594220629,0.0,0.0,0.0,0.0,0.0,0.0
1769479800.0,6991.5,6992.5,6991.25,6991.5,6991.22044519027,6990.744357779809,6985.228359459999,6988.0,6952.0,6970.0,6954.18989747635,6937.63785017337,6945.913873824859,6981.8138704506,0.0,0.0,0.0,0.0,0.0,0.0
1769480100.0,6991.75,6992.75,6991.75,6992.75,6992.378789909119,6991.72168561721,6986.00094568807,6988.0,6952.0,6970.0,6954.18989747635,6937.63785017337,6945.913873824859,6982.0050609526,0.0,0.0,0.0,0.0,0.0,0.0
1769480400.0,6992.5,6994.25,6992.25,6993.5,6993.395135783119,6992.6800494645095,6986.795202044799,6988.0,6952.0,6970.0,6954.18989747635,6937.63785017337,6945.913873824859,6982.415835997739,0.0,0.0,0.0,0.0,0.0,0.0
1769480700.0,6993.75,6993.75,6992.75,6993.0,6993.7019171914,6993.30907197535,6987.47982642809,6988.0,6952.0,6970.0,6954.18989747635,6937.63785017337,6945.913873824859,6982.561834440279,0.0,0.0,0.0,0.0,0.0,0.0
1769481000.0,6993.0,6993.25,6991.75,6993.0,6993.79988098923,6993.78847006373,6988.11365793787,6988.0,6952.0,6970.0,6954.18989747635,6937.63785017337,6945.913873824859,6982.802660968039,0.0,0.0,0.0,0.0,0.0,0.0
1769481300.0,6993.0,6994.75,6991.75,6994.75,6994.6283428876295,6994.5788942729,6988.880684875369,6988.0,6952.0,6970.0,6954.18989747635,6937.63785017337,6945.913873824859,6983.1195454652,0.0,0.0,0.0,0.0,0.0,0.0
1769481600.0,6994.75,6995.0,6994.0,6994.5,6994.95163303297,6995.12810441445,6989.5643553401,6988.0,6952.0,6970.0,6954.18989747635,6937.63785017337,6945.913873824859,6983.342060645769,0.0,0.0,0.0,0.0,0.0,0.0
1769481900.0,6994.75,6994.75,6993.5,6994.25,6994.953040001379,6995.477000742019,6990.17002239801,6988.0,6952.0,6970.0,6954.18989747635,6937.63785017337,6945.913873824859,6983.44997041184,0.0,0.0,0.0,0.0,0.0,0.0
1769482200.0,6994.0,6995.0,6994.0,6994.25,6994.879872138479,6995.72269902235,6990.72857867885,6988.0,6952.0,6970.0,6954.18989747635,6937.63785017337,6945.913873824859,6983.5922462596,0.0,0.0,0.0,0.0,0.0,0.0
1769482500.0,6994.25,6997.5,6994.25,6997.0,6996.11309244257,6996.56791841993,6991.5272127831995,6988.0,6952.0,6970.0,6954.18989747635,6937.63785017337,6945.913873824859,6984.19430001926,0.0,0.0,0.0,0.0,0.0,0.0
1769482800.0,6996.75,6997.0,6996.25,6997.0,6996.838023836999,6997.22437102373,6992.26440312801,6988.0,6952.0,6970.0,6954.18989747635,6937.63785017337,6945.913873824859,6984.428409448819,0.0,0.0,0.0,0.0,0.0,0.0
1769483100.0,6997.0,6997.75,6996.75,6997.5,6997.472614253959,6997.847885088459,6992.99564360354,6988.0,6952.0,6970.0,6954.18989747635,6937.63785017337,6945.913873824859,6984.57507914266,0.0,0.0,0.0,0.0,0.0,0.0
1769483400.0,6997.75,6997.75,6996.25,6996.5,6997.31517177307,6998.07048603511,6993.565847789009,6988.0,6952.0,6970.0,6954.18989747635,6937.63785017337,6945.913873824859,6984.726252716609,0.0,0.0,0.0,0.0,0.0,0.0
1769483700.0,6996.5,6997.25,6996.0,6996.75,6997.26806109231,6998.273076287929,6994.11513133452,6988.0,6952.0,6970.0,6954.18989747635,6937.63785017337,6945.913873824859,6984.81518620268,0.0,0.0,0.0,0.0,0.0,0.0
1769484000.0,6996.75,6997.75,6996.75,6997.0,6997.30419531526,6998.46059210956,6994.644658714839,6988.0,6952.0,6970.0,6954.18989747635,6937.63785017337,6945.913873824859,6984.986218141679,0.0,0.0,0.0,0.0,0.0,0.0
1769484300.0,6997.0,6997.0,6996.5,6996.5,6997.0367594072195,6998.45062632804,6995.078013696119,6988.0,6952.0,6970.0,6954.18989747635,6937.63785017337,6945.913873824859,6985.092828451549,0.0,0.0,0.0,0.0,0.0,0.0
1769484600.0,6996.75,6997.5,6996.25,6997.25,6997.19541485128,6998.590267390799,6995.550917490619,6988.0,6952.0,6970.0,6954.18989747635,6937.63785017337,6945.913873824859,6985.305948579739,0.0,0.0,0.0,0.0,0.0,0.0
1769484900.0,6997.0,6998.25,6996.75,6998.0,6997.63416558262,6998.855519050079,6996.06039473,6988.0,6952.0,6970.0,6954.18989747635,6937.63785017337,6945.913873824859,6985.567170384809,0.0,0.0,0.0,0.0,0.0,0.0
1769485200.0,6998.0,6998.25,6997.75,6997.75,6997.763621700339,6998.97710600314,6996.5002900446,6988.0,6952.0,6970.0,6954.18989747635,6937.63785017337,6945.913873824859,6985.68362873752,0.0,0.0,0.0,0.0,0.0,0.0
1769485500.0,6997.75,6998.0,6996.5,6998.0,6997.939146566029,6999.105521650579,6996.9269563718,6988.0,6952.0,6970.0,6954.18989747635,6937.63785017337,6945.913873824859,6985.83799151529,0.0,0.0,0.0,0.0,0.0,0.0
1769485800.0,6997.75,6998.0,6997.25,6998.0,6998.02449087213,6999.17889769448,6997.315309572439,6988.0,6952.0,6970.0,6954.18989747635,6937.63785017337,6945.913873824859,6985.982479460909,0.0,0.0,0.0,0.0,0.0,0.0
1769486100.0,6998.0,6999.0,6997.75,6998.25,6998.1765909969,6999.27049826233,6997.693730760409,6988.0,6952.0,6970.0,6954.18989747635,6937.63785017337,6945.913873824859,6986.13750262062,0.0,0.0,0.0,0.0,0.0,0.0
1769486400.0,6998.5,6998.75,6998.0,6998.25,6998.2516389598895,6999.31654241252,6998.03695168995,6988.0,6952.0,6970.0,6954.18989747635,6937.63785017337,6945.913873824859,6986.262929984569,0.0,0.0,0.0,0.0,0.0,0.0
1769486700.0,6998.25,7002.0,6998.25,7001.25,6999.7434181162,7000.072541236849,6998.65742399726,6988.0,6952.0,6970.0,6954.18989747635,6937.63785017337,6945.913873824859,6986.9120085757095,0.0,0.0,0.0,0.0,0.0,0.0
1769487000.0,7001.25,7003.5,7001.25,7001.75,7000.90947126632,7000.79337565046,6999.277092401309,6988.0,6952.0,6970.0,6954.18989747635,6937.63785017337,6945.913873824859,6987.65031257937,0.0,0.0,0.0,0.0,0.0,0.0
1769487300.0,7001.5,7002.5,7001.25,7001.25,7001.358207403509,7001.23468064771,6999.79234375319,6988.0,6952.0,6970.0,6954.18989747635,6937.63785017337,6945.913873824859,6987.8029790993,0.0,0.0,0.0,0.0,0.0,0.0
1769487600.0,7001.5,7002.0,7000.75,7000.75,7001.3401430126,7001.44405885913,7000.21024480475,6988.0,6952.0,6970.0,6954.18989747635,6937.63785017337,6945.913873824859,6987.88243065793,0.0,0.0,0.0,0.0,0.0,0.0
1769487900.0,7000.75,7001.0,6999.5,7000.75,7001.2722343038595,7001.586486229659,7000.589134645839,6988.0,6952.0,6970.0,6954.18989747635,6937.63785017337,6945.913873824859,6988.0727636955,0.0,0.0,0.0,0.0,0.0,0.0
1769488200.0,7000.75,7001.5,7000.5,7000.75,7001.18168993566,7001.67466673646,7000.93163756285,6988.0,6952.0,6970.0,6954.18989747635,6937.63785017337,6945.913873824859,6988.14934030489,0.0,0.0,0.0,0.0,0.0,0.0
1769488500.0,7000.75,7001.25,7000.5,7001.0,7001.2075192046195,7001.7815135647,7001.26606737931,6988.0,6952.0,6970.0,6954.18989747635,6937.63785017337,6945.913873824859,6988.204978564019,0.0,0.0,0.0,0.0,0.0,0.0
1769488800.0,7001.0,7001.0,7000.5,7000.75,7001.070585378199,7001.78078906025,7001.541250104379,6988.0,6952.0,6970.0,6954.18989747635,6937.63785017337,6945.913873824859,6988.29650523805,0.0,0.0,0.0,0.0,0.0,0.0
1769489100.0,7001.0,7001.0,7000.5,7000.5,7000.835993281879,7001.6926643588695,7001.761311804769,6988.0,6952.0,6970.0,6954.18989747635,6937.63785017337,6945.913873824859,6988.3486416734595,0.0,0.0,0.0,0.0,0.0,0.0
1769489400.0,7000.75,7001.25,7000.5,7001.0,7000.91310978311,7001.72072223034,7002.007657966709,6988.0,6952.0,6970.0,6954.18989747635,6937.63785017337,6945.913873824859,6988.396454336679,0.0,0.0,0.0,0.0,0.0,0.0
1769489700.0,7001.25,7001.25,7000.5,7000.75,7000.82849609192,7001.6600062901,7002.20095197002,6988.0,6952.0,6970.0,6954.18989747635,6937.63785017337,6945.913873824859,6988.431551818519,0.0,0.0,0.0,0.0,0.0,0.0
1769490000.0,7000.5,7000.75,6999.25,6999.25,7000.03324839734,7001.216644501719,7002.21575304791,6988.0,6952.0,6970.0,6954.18989747635,6937.63785017337,6945.913873824859,6988.521935259339,0.0,0.0,0.0,0.0,0.0,0.0
1769490300.0,6999.0,6999.0,6997.25,6998.25,6999.03859586609,7000.58405034881,7002.11639798092,6988.0,6952.0,6970.0,6954.18989747635,6937.63785017337,6945.913873824859,6988.63306832702,0.0,0.0,0.0,0.0,0.0,0.0
1769490600.0,6998.0,6998.5,6997.0,6998.25,6998.42298315478,7000.047657551159,7002.01450762411,6988.0,6952.0,6970.0,6954.18989747635,6937.63785017337,6945.913873824859,6988.71798819316,0.0,0.0,0.0,0.0,0.0,0.0
1769490900.0,6998.25,6998.5,6997.5,6998.0,6997.942078688029,6999.532513344379,7001.88471267511,6988.0,6952.0,6970.0,6954.18989747635,6937.63785017337,6945.913873824859,6988.761797710919,0.0,0.0,0.0,0.0,0.0,0.0
1769491200.0,6997.75,6998.5,6997.25,6998.0,6997.6766222775095,6999.100528828009,7001.755111894519,6988.0,6952.0,6970.0,6954.18989747635,6937.63785017337,6945.913873824859,6988.8027750560395,0.0,0.0,0.0,0.0,0.0,0.0
1769491500.0,6998.25,6998.25,6997.75,6998.0,6997.55166976028,6998.74025782146,7001.62599826631,6988.0,6952.0,6970.0,6954.18989747635,6937.63785017337,6945.913873824859,6988.86643704342,0.0,0.0,0.0,0.0,0.0,0.0
1769491800.0,6998.25,7000.5,6998.25,6999.25,6998.12523694011,6998.752557553619,7001.626840903549,6988.0,6952.0,6970.0,6954.18989747635,6937.63785017337,6945.913873824859,6989.059780406629,0.0,0.0,0.0,0.0,0.0,0.0
1769492100.0,6999.25,7000.0,6999.25,6999.25,6998.525793322609,6998.763119411589,7001.61956278806,6988.0,6952.0,6970.0,6954.18989747635,6937.63785017337,6945.913873824859,6989.10805209864,0.0,0.0,0.0,0.0,0.0,0.0
1769492400.0,6999.25,7001.5,6999.25,7001.25,6999.777903966519,6999.269865784059,7001.811646300969,6988.0,6952.0,6970.0,6954.18989747635,6937.63785017337,6945.913873824859,6989.1884029208095,0.0,0.0,0.0,0.0,0.0,0.0
1769492700.0,7001.25,7002.0,7001.0,7001.75,7000.82356765357,6999.81264184185,7002.034169975929,6988.0,6952.0,6970.0,6954.18989747635,6937.63785017337,6945.913873824859,6989.32074250175,0.0,0.0,0.0,0.0,0.0,0.0
1769493000.0,7002.0,7002.75,7001.75,7002.75,7001.958192934029,7000.507289414069,7002.3366919471,6988.0,6952.0,6970.0,6954.18989747635,6937.63785017337,6945.913873824859,6989.465073683769,0.0,0.0,0.0,0.0,0.0,0.0
1769493300.0,7002.75,7003.25,7002.5,7002.75,7002.6426999776795,7001.07615197522,7002.6102057627795,6988.0,6952.0,6970.0,6954.18989747635,6937.63785017337,6945.913873824859,6989.62396544214,0.0,0.0,0.0,0.0,0.0,0.0
1769493600.0,7002.75,7004.75,7002.75,7004.5,7003.880416151709,7001.973717840319,7003.0375777297295,6988.0,6952.0,6970.0,6954.18989747635,6937.63785017337,6945.913873824859,6989.9515081183,0.0,0.0,0.0,0.0,0.0,0.0
1769493900.0,7004.75,7006.5,7004.5,7005.75,7005.21560958919,7003.01565263427,7003.556231033819,6988.0,6952.0,6970.0,6954.18989747635,6937.63785017337,6945.913873824859,6990.34804018413,0.0,0.0,0.0,0.0,0.0,0.0
1769494200.0,7005.5,7005.75,7004.0,7005.0,7005.62012639134,7003.6755838952295,7003.952838727329,6988.0,6952.0,6970.0,6954.18989747635,6937.63785017337,6945.913873824859,6990.5043583629795,0.0,0.0,0.0,0.0,0.0,0.0
1769494500.0,7005.0,7005.5,7005.0,7005.0,7005.789105997659,7004.20318083165,7004.31330172228,6988.0,6952.0,6970.0,6954.18989747635,6937.63785017337,6945.913873824859,6990.581891468049,0.0,0.0,0.0,0.0,0.0,0.0
1769494800.0,7004.75,7005.25,7003.75,7004.75,7005.69160383266,7004.557492260619,7004.6142003327295,6988.0,6952.0,6970.0,6954.18989747635,6937.63785017337,6945.913873824859,6990.72095186768,0.0,0.0,0.0,0.0,0.0,0.0
1769495100.0,7004.75,7005.5,7004.25,7005.0,7005.6782703952495,7004.892024084789,7004.911320532699,6988.0,6952.0,6970.0,6954.18989747635,6937.63785017337,6945.913873824859,6990.84070348882,0.0,0.0,0.0,0.0,0.0,0.0
1769495400.0,7005.0,7005.25,7003.25,7003.25,7004.75399186069,7004.712437114489,7004.99815713071,6988.0,6952.0,6970.0,6954.18989747635,6937.63785017337,6945.913873824859,6990.9525399889,0.0,0.0,0.0,0.0,0.0,0.0
1769495700.0,7003.5,7004.0,7002.0,7002.5,7003.7534024690995,7004.3575954217895,7004.992866319109,6988.0,6952.0,6970.0,6954.18989747635,6937.63785017337,6945.913873824859,6991.09052597455,0.0,0.0,0.0,0.0,0.0,0.0
1769496000.0,7002.25,7003.0,7001.0,7001.5,7002.60777599569,7003.79831178668,7004.876234726579,6988.0,6952.0,6970.0,6954.18989747635,6937.63785017337,6945.913873824859,6991.168316035079,0.0,0.0,0.0,0.0,0.0,0.0
1769496300.0,7001.75,7002.25,7001.0,7001.75,7002.00417348165,7003.384293018969,7004.785519540969,6988.0,6952.0,6970.0,6954.18989747635,6937.63785017337,6945.913873824859,6991.224733764239,0.0,0.0,0.0,0.0,0.0,0.0
1769496600.0,7001.5,7002.0,7000.25,7000.5,7001.03282850842,7002.72062372996,7004.56413360843,6988.0,6952.0,6970.0,6954.18989747635,6937.63785017337,6945.913873824859,6991.28944858202,0.0,0.0,0.0,0.0,0.0,0.0
1769496900.0,7000.75,7001.0,7000.25,7000.75,7000.57195664523,7002.22709163326,7004.37659867811,6988.0,6952.0,6970.0,6954.18989747635,6937.63785017337,6945.913873824859,6991.35045834776,0.0,0.0,0.0,0.0,0.0,0.0
1769497200.0,7000.75,7003.0,7000.75,7002.0,7000.935802034989,7002.126278992339,7004.324246899309,6988.0,6952.0,6970.0,6954.18989747635,6937.63785017337,6945.913873824859,6991.500612326779,0.0,0.0,0.0,0.0,0.0,0.0
1769497500.0,7002.25,7002.5,7000.75,7002.25,7001.334576321449,7002.10320366823,7004.2945025627,6988.0,6952.0,6970.0,6954.18989747635,6937.63785017337,6945.913873824859,6991.573420803829,0.0,0.0,0.0,0.0,0.0,0.0
1769497800.0,7002.0,7002.25,7001.5,7001.5,7001.255085066649,7001.89631876349,7004.18261886826,6988.0,6952.0,6970.0,6954.18989747635,6937.63785017337,6945.913873824859,6991.63441351184,0.0,0.0,0.0,0.0,0.0,0.0
1769498100.0,7001.75,7002.25,7001.0,7001.25,7001.1069482647,7001.662730276979,7004.04626099672,6988.0,6952.0,6970.0,6954.18989747635,6937.63785017337,6945.913873824859,6991.679341782429,0.0,0.0,0.0,0.0,0.0,0.0
1769498400.0,7001.25,7001.5,6999.5,7000.75,7000.79221558388,7001.3462153675,7003.86156629284,6988.0,6952.0,6970.0,6954.18989747635,6937.63785017337,6945.913873824859,6991.770498844029,0.0,0.0,0.0,0.0,0.0,0.0
1769498700.0,7000.5,7001.0,7000.5,7001.0,7000.7385802872195,7001.149189055959,7003.70973281021,6988.0,6952.0,6970.0,6954.18989747635,6937.63785017337,6945.913873824859,6991.80048262492,0.0,0.0,0.0,0.0,0.0,0.0
1769499000.0,7000.75,7002.0,7000.25,7001.75,7001.096296279809,7001.176578390199,7003.640422470349,6988.0,6952.0,6970.0,6954.18989747635,6937.63785017337,6945.913873824859,6991.85199280696,0.0,0.0,0.0,0.0,0.0,0.0
1769499300.0,7002.0,7003.25,7001.5,7003.0,7001.954651299029,7001.51417809111,7003.699760820569,6988.0,6952.0,6970.0,6954.18989747635,6937.63785017337,6945.913873824859,6991.935345889249,0.0,0.0,0.0,0.0,0.0,0.0
1769499600.0,7003.25,7004.0,7002.75,7003.0,7002.508427367479,7001.796353748329,7003.74966388752,6988.0,6952.0,6970.0,6954.18989747635,6937.63785017337,6945.913873824859,6992.03249882163,0.0,0.0,0.0,0.0,0.0,0.0
1769499900.0,7002.75,7003.0,6999.0,6999.75,7001.2665988830895,7001.2229938362,7003.4549602491,6988.0,6952.0,6970.0,6954.18989747635,6937.63785017337,6945.913873824859,6992.1425083807,0.0,0.0,0.0,0.0,0.0,0.0
1769500200.0,7000.0,7001.5,6999.5,7001.25,7001.20243823895,7001.124664423,7003.3310299778595,6988.0,6952.0,6970.0,6954.18989747635,6937.63785017337,6945.913873824859,6992.192018080679,0.0,0.0,0.0,0.0,0.0,0.0
1769500500.0,7001.0,7002.75,7000.75,7002.0,7001.538296730099,7001.23403902657,7003.28867147405,6988.0,6952.0,6970.0,6954.18989747635,6937.63785017337,6945.913873824859,6992.2570279456995,0.0,0.0,0.0,0.0,0.0,0.0
1769500800.0,7002.0,7003.0,7000.75,7001.0,7001.2717293616,7001.07976176315,7003.141471125479,6988.0,6952.0,6970.0,6954.18989747635,6937.63785017337,6945.913873824859,6992.469687748509,0.0,0.0,0.0,0.0,0.0,0.0
1769501100.0,7001.0,7002.25,6999.75,7001.25,7001.22826912438,7001.01849799816,7003.02618481333,6988.0,6952.0,6970.0,6954.18989747635,6937.63785017337,6945.913873824859,6992.56794699012,0.0,0.0,0.0,0.0,0.0,0.0
1769501400.0,7001.5,7002.0,6998.0,7000.0,7000.597733450069,7000.66151235274,7002.78575460866,6988.0,6952.0,6970.0,6954.18989747635,6937.63785017337,6945.913873824859,6992.70592218181,0.0,0.0,0.0,0.0,0.0,0.0
1769501700.0,7000.25,7002.5,6999.0,6999.5,6999.963408994479,7000.247564394949,7002.50673895782,6988.0,6952.0,6970.0,6954.18989747635,6937.63785017337,6945.913873824859,6992.79998963193,0.0,0.0,0.0,0.0,0.0,0.0
1769502000.0,6999.5,7000.5,6996.5,6997.25,6998.483407154309,6999.35305483679,7002.01128039551,6988.0,6952.0,6970.0,6954.18989747635,6937.63785017337,6945.913873824859,6992.88129673583,0.0,0.0,0.0,0.0,0.0,0.0
1769502300.0,6997.5,6998.5,6996.5,6997.0,6997.456471427369,6998.56171217653,7001.521703779969,6988.0,6952.0,6970.0,6954.18989747635,6937.63785017337,6945.913873824859,6992.93104618708,0.0,0.0,0.0,0.0,0.0,0.0
1769502600.0,6997.0,6998.0,6995.5,6995.5,6996.1286550946,6997.5484587786295,7000.908887730059,6988.0,6952.0,6970.0,6954.18989747635,6937.63785017337,6945.913873824859,6992.98324313176,0.0,0.0,0.0,0.0,0.0,0.0
1769502900.0,6995.5,6996.25,6994.25,6994.75,6994.98985154949,6996.54211872325,7000.2595315126,6988.0,6952.0,6970.0,6954.18989747635,6937.63785017337,6945.913873824859,6993.016250140639,0.0,0.0,0.0,0.0,0.0,0.0
1769503200.0,6994.75,6997.5,6994.75,6996.25,6995.084339307949,6996.105138371499,6999.809349291129,6988.0,6952.0,6970.0,6954.18989747635,6937.63785017337,6945.913873824859,6993.05384537308,0.0,0.0,0.0,0.0,0.0,0.0
1769503500.0,6996.5,6998.0,6996.0,6997.0,6995.599770772499,6995.954635071709,6999.467355269199,6988.0,6952.0,6970.0,6954.18989747635,6937.63785017337,6945.913873824859,6993.08360195712,0.0,0.0,0.0,0.0,0.0,0.0
1769503800.0,6996.75,6999.0,6996.75,6997.75,6996.36632237608,6996.04112502449,6999.226333572619,6988.0,6952.0,6970.0,6954.18989747635,6937.63785017337,6945.913873824859,6993.13130564855,0.0,0.0,0.0,0.0,0.0,0.0
1769504100.0,6997.75,6998.0,6997.0,6997.25,6996.66079554505,6996.0115525723295,6998.950279793549,6988.0,6952.0,6970.0,6954.18989747635,6937.63785017337,6945.913873824859,6993.17589133408,0.0,0.0,0.0,0.0,0.0,0.0
1769504400.0,6997.25,6998.5,6995.5,6998.25,6997.367652981579,6996.257782365479,6998.79694374637,6988.0,6952.0,6970.0,6954.18989747635,6937.63785017337,6945.913873824859,6993.23467143983,0.0,0.0,0.0,0.0,0.0,0.0
1769504700.0,6998.25,6999.25,6997.0,6998.25,6997.83519676584,6996.481593931239,6998.65456249735,6988.0,6952.0,6970.0,6954.18989747635,6937.63785017337,6945.913873824859,6993.2944146111395,0.0,0.0,0.0,0.0,0.0,0.0
1769505000.0,6998.25,6998.75,6996.0,6996.75,6997.4029058324495,6996.31165044075,6998.36747434198,6988.0,6952.0,6970.0,6954.18989747635,6937.63785017337,6945.913873824859,6993.329930190779,0.0,0.0,0.0,0.0,0.0,0.0
1769505300.0,6996.5,6998.75,6996.25,6996.25,6996.881634534039,6996.06390946081,6998.04939391789,6988.0,6952.0,6970.0,6954.18989747635,6937.63785017337,6945.913873824859,6993.368200818029,0.0,0.0,0.0,0.0,0.0,0.0
1769505600.0,6996.25,6998.75,6996.25,6998.0,6997.409964427499,6996.3115242821095,6997.93532735929,6988.0,6952.0,6970.0,6954.18989747635,6937.63785017337,6945.913873824859,6993.40323033145,0.0,0.0,0.0,0.0,0.0,0.0
1769505900.0,6998.0,6998.25,6997.0,6997.0,6997.265464106849,6996.2836832187295,6997.72690826084,6988.0,6952.0,6970.0,6954.18989747635,6937.63785017337,6945.913873824859,6993.42382053633,0.0,0.0,0.0,0.0,0.0,0.0
1769506200.0,6997.0,6997.25,6996.0,6996.25,6996.80737903708,6996.08895523205,6997.45673954575,6988.0,6952.0,6970.0,6954.18989747635,6937.63785017337,6945.913873824859,6993.44763449652,0.0,0.0,0.0,0.0,0.0,0.0
1769506500.0,6996.5,6998.25,6996.25,6997.5,6997.129920390709,6996.25340131677,6997.336080187039,6988.0,6952.0,6970.0,6954.18989747635,6937.63785017337,6945.913873824859,6993.483982650049,0.0,0.0,0.0,0.0,0.0,0.0
1769506800.0,6997.75,6998.5,6997.25,6997.5,6997.341558809219,6996.40306366104,6997.22540172522,6988.0,6952.0,6970.0,6954.18989747635,6937.63785017337,6945.913873824859,6993.51161394582,0.0,0.0,0.0,0.0,0.0,0.0
1769507100.0,6997.5,6998.25,6996.75,6997.25,6997.35367205896,6996.47678585748,6997.098257985789,6988.0,6952.0,6970.0,6954.18989747635,6937.63785017337,6945.913873824859,6993.53313841414,0.0,0.0,0.0,0.0,0.0,0.0
1769507400.0,6997.0,6998.25,6995.75,6996.5,6996.9915392678395,6996.36215168893,6996.904217902939,6988.0,6952.0,6970.0,6954.18989747635,6937.63785017337,6945.913873824859,6993.574697919849,0.0,0.0,0.0,0.0,0.0,0.0
1769507700.0,6996.5,6996.75,6994.75,6995.5,6996.27152199992,6996.029136710869,6996.622260379369,6988.0,6952.0,6970.0,6954.18989747635,6937.63785017337,6945.913873824859,6993.60396008496,0.0,0.0,0.0,0.0,0.0,0.0
1769508000.0,6995.25,6997.75,6995.0,6997.75,6996.918977499769,6996.324343759949,6996.59466552303,6988.0,6952.0,6970.0,6954.18989747635,6937.63785017337,6945.913873824859,6993.633995716919,0.0,0.0,0.0,0.0,0.0,0.0
1769508300.0,6998.0,6998.25,6997.0,6997.25,6997.09789186471,6996.454258746549,6996.51945716868,6988.0,6952.0,6970.0,6954.18989747635,6937.63785017337,6945.913873824859,6993.66270993734,0.0,0.0,0.0,0.0,0.0,0.0
1769508600.0,6997.5,6998.75,6997.0,6997.5,6997.33352293971,6996.63242791362,6996.477524650089,6988.0,6952.0,6970.0,6954.18989747635,6937.63785017337,6945.913873824859,6993.692246583069,0.0,0.0,0.0,0.0,0.0,0.0
1769508900.0,6997.5,6999.25,6997.5,6999.0,6998.21101915496,6997.160032473899,6996.59576793402,6988.0,6952.0,6970.0,6954.18989747635,6937.63785017337,6945.913873824859,6993.719577090759,0.0,0.0,0.0,0.0,0.0,0.0
1769509200.0,6999.0,6999.0,6997.5,6998.0,6998.26820256237,6997.352490241819,6996.604497214859,6988.0,6952.0,6970.0,6954.18989747635,6937.63785017337,6945.913873824859,6993.739239181489,0.0,0.0,0.0,0.0,0.0,0.0
1769509500.0,6998.0,6999.75,6998.0,6999.0,6998.76929311731,6997.76323089974,6996.718051367179,6988.0,6952.0,6970.0,6954.18989747635,6937.63785017337,6945.913873824859,6993.7888802005,0.0,0.0,0.0,0.0,0.0,0.0
1769509800.0,6999.0,6999.25,6998.75,6999.25,6999.185396369129,6998.16611032454,6996.85148928652,6988.0,6952.0,6970.0,6954.18989747635,6937.63785017337,6945.913873824859,6993.81000523217,0.0,0.0,0.0,0.0,0.0,0.0
1769510100.0,6999.0,6999.5,6998.5,6999.25,6999.4192282126,6998.49816585331,6996.977459949449,6988.0,6952.0,6970.0,6954.18989747635,6937.63785017337,6945.913873824859,6993.84178437584,0.0,0.0,0.0,0.0,0.0,0.0
1769510400.0,6999.25,6999.5,6998.5,6998.75,6999.29006475759,6998.64549878007,6997.04468721488,6988.0,6952.0,6970.0,6954.18989747635,6937.63785017337,6945.913873824859,6993.86710315814,0.0,0.0,0.0,0.0,0.0,0.0
1769510700.0,6999.0,6999.75,6998.75,6999.5,6999.542160191009,6998.94990501897,6997.1864041114895,6988.0,6952.0,6970.0,6954.18989747635,6937.63785017337,6945.913873824859,6993.887303517599,0.0,0.0,0.0,0.0,0.0,0.0
1769511000.0,6999.25,7000.0,6998.75,6998.75,6999.3089049687,6999.010086474809,6997.24224601818,6988.0,6952.0,6970.0,6954.18989747635,6937.63785017337,6945.913873824859,6993.922349017949,0.0,0.0,0.0,0.0,0.0,0.0
1769511300.0,6999.0,7000.5,6997.5,6999.0,6999.256937514039,6999.11639828776,6997.3215095398,6988.0,6952.0,6970.0,6954.18989747635,6937.63785017337,6945.913873824859,6994.005815809,0.0,0.0,0.0,0.0,0.0,0.0
1769511600.0,6999.0,6999.5,6997.0,6998.5,6998.9611385115695,6999.07411377662,6997.3449665986,6988.0,6952.0,6970.0,6954.18989747635,6937.63785017337,6945.913873824859,6994.05935820754,0.0,0.0,0.0,0.0,0.0,0.0
1769511900.0,6998.5,6998.75,6997.25,6998.0,6998.51557174479,6998.90909476658,6997.31648273844,6988.0,6952.0,6970.0,6954.18989747635,6937.63785017337,6945.913873824859,6994.0877944042895,0.0,0.0,0.0,0.0,0.0,0.0
1769512200.0,6998.25,6999.25,6998.0,6998.75,6998.593538252489,6998.95423503201,6997.36889884575,6988.0,6952.0,6970.0,6954.18989747635,6937.63785017337,6945.913873824859,6994.106363045819,0.0,0.0,0.0,0.0,0.0,0.0
1769512500.0,6998.5,6998.75,6997.0,6997.25,6997.91269697388,6998.61399264696,6997.2639574020495,6988.0,6952.0,6970.0,6954.18989747635,6937.63785017337,6945.913873824859,6994.12943377503,0.0,0.0,0.0,0.0,0.0,0.0
1769512800.0,6997.5,6999.25,6997.0,6997.5,6997.60685202587,6998.391369248239,6997.19359470125,6988.0,6952.0,6970.0,6954.18989747635,6937.63785017337,6945.913873824859,6994.15431903168,0.0,0.0,0.0,0.0,0.0,0.0
1769513100.0,6997.75,6998.5,6997.5,6998.5,6997.915958257519,6998.453966692829,6997.232968677899,6988.0,6952.0,6970.0,6954.18989747635,6937.63785017337,6945.913873824859,6994.17164177728,0.0,0.0,0.0,0.0,0.0,0.0
1769513400.0,6998.25,7001.5,6998.0,7001.5,6999.592444778999,6999.250092579079,6997.581106566159,6988.0,6952.0,6970.0,6954.18989747635,6937.63785017337,6945.913873824859,6994.27347461287,0.0,0.0,0.0,0.0,0.0,0.0
1769513700.0,7001.75,7003.0,7000.25,7000.75,7000.2919358524,6999.717780032999,6997.82857124281,6988.0,6952.0,6970.0,6954.18989747635,6937.63785017337,6945.913873824859,6994.37730274685,0.0,0.0,0.0,0.0,0.0,0.0
1769514000.0,7000.5,7002.5,7000.5,7002.25,7001.442122697939,7000.470663186849,6998.214739841699,6988.0,6952.0,6970.0,6954.18989747635,6937.63785017337,6945.913873824859,6994.4553186370795,0.0,0.0,0.0,0.0,0.0,0.0
1769514300.0,7002.25,7003.0,7001.25,7002.25,7002.13390936529,7001.08352805291,6998.5745772970295,6988.0,6952.0,6970.0,6954.18989747635,6937.63785017337,6945.913873824859,6994.51492843828,0.0,0.0,0.0,0.0,0.0,0.0
1769514600.0,7002.5,7003.5,7002.0,7002.25,7002.519978053089,7001.57779740681,6998.909628530269,6988.0,6952.0,6970.0,6954.18989747635,6937.63785017337,6945.913873824859,6994.59085250291,0.0,0.0,0.0,0.0,0.0,0.0
1769514900.0,7002.25,7002.75,7001.5,7002.25,7002.70720816739,7001.971957324539,6999.221356101019,6988.0,6952.0,6970.0,6954.18989747635,6937.63785017337,6945.913873824859,6994.681590168049,0.0,0.0,0.0,0.0,0.0,0.0
1769515200.0,7002.0,7002.25,6999.25,6999.25,7001.305503334839,7001.535876557859,6999.20105867788,6988.0,6952.0,6970.0,6954.18989747635,6937.63785017337,6945.913873824859,6994.765649956689,0.0,0.0,0.0,0.0,0.0,0.0
1769515500.0,6999.25,6999.5,6998.5,6999.0,7000.24959708541,7001.0984749368,6999.15617194058,6988.0,6952.0,6970.0,6954.18989747635,6937.63785017337,6945.913873824859,6994.81224481258,0.0,0.0,0.0,0.0,0.0,0.0
1769515800.0,6999.25,6999.5,6998.0,6998.25,6999.20055718379,7000.53852644941,6999.0367832476295,6988.0,6952.0,6970.0,6954.18989747635,6937.63785017337,6945.913873824859,6994.84909974847,0.0,0.0,0.0,0.0,0.0,0.0
1769516100.0,6998.25,6998.25,6997.0,6997.75,6998.30052854455,6999.942532139589,6998.874042290509,6988.0,6952.0,6970.0,6954.18989747635,6937.63785017337,6945.913873824859,6994.873233976,0.0,0.0,0.0,0.0,0.0,0.0
1769516400.0,6998.0,6999.0,6997.25,6997.75,6997.75799242177,6999.4443871678795,6998.72279997133,6988.0,6952.0,6970.0,6954.18989747635,6937.63785017337,6945.913873824859,6994.89408255249,0.0,0.0,0.0,0.0,0.0,0.0
1769516700.0,6997.75,6998.25,6995.0,6995.5,6996.35685228482,6998.47054531043,6998.34982417735,6988.0,6952.0,6970.0,6954.18989747635,6937.63785017337,6945.913873824859,6994.91992021796,0.0,0.0,0.0,0.0,0.0,0.0
1769517000.0,6995.5,6997.5,6994.5,6996.5,6996.006970648579,6997.91557773285,6998.10681850937,6988.0,6952.0,6970.0,6954.18989747635,6937.63785017337,6945.913873824859,6994.94226397653,0.0,0.0,0.0,0.0,0.0,0.0
1769517300.0,6996.5,6999.5,6996.5,6998.5,6996.827665289669,6997.959154630889,6998.088280845989,6988.0,6952.0,6970.0,6954.18989747635,6937.63785017337,6945.913873824859,6994.97045247712,0.0,0.0,0.0,0.0,0.0,0.0
1769517600.0,6998.25,6999.25,6997.25,6997.75,6997.04172141977,6997.81451547871,6997.99432342776,6988.0,6952.0,6970.0,6954.18989747635,6937.63785017337,6945.913873824859,6994.992014707789,0.0,0.0,0.0,0.0,0.0,0.0
1769517900.0,6997.5,6999.25,6997.0,6997.5,6997.0945830233595,6997.63866163684,6997.881960996329,6988.0,6952.0,6970.0,6954.18989747635,6937.63785017337,6945.913873824859,6995.023817833369,0.0,0.0,0.0,0.0,0.0,0.0
1769518200.0,6997.75,6998.5,6996.5,6997.75,6997.28065875841,6997.561867237309,6997.80424533439,6988.0,6952.0,6970.0,6954.18989747635,6937.63785017337,6945.913873824859,6995.0490024007895,0.0,0.0,0.0,0.0,0.0,0.0
1769518500.0,6997.75,6998.0,6996.75,6997.25,6997.179342982259,6997.3807364001395,6997.68129556178,6988.0,6952.0,6970.0,6954.18989747635,6937.63785017337,6945.913873824859,6995.06634026744,0.0,0.0,0.0,0.0,0.0,0.0
1769518800.0,6997.0,6999.25,6997.0,6998.0,6997.49998484923,6997.42454762301,6997.64556142263,6988.0,6952.0,6970.0,6954.18989747635,6937.63785017337,6945.913873824859,6995.103558875349,0.0,0.0,0.0,0.0,0.0,0.0
1769519100.0,6997.75,6999.25,6997.25,6998.0,6997.71932239652,6997.467727263979,6997.61345792995,6988.0,6952.0,6970.0,6954.18989747635,6937.63785017337,6945.913873824859,6995.13013787395,0.0,0.0,0.0,0.0,0.0,0.0
1769519400.0,6998.0,6999.75,6997.25,6999.0,6998.354226448049,6997.758511805019,6997.688109222379,6988.0,6952.0,6970.0,6954.18989747635,6937.63785017337,6945.913873824859,6995.16598880434,0.0,0.0,0.0,0.0,0.0,0.0
1769519700.0,6999.0,6999.5,6997.25,6997.25,6997.9030367168,6997.56889218939,6997.577752083699,6988.0,6952.0,6970.0,6954.18989747635,6937.63785017337,6945.913873824859,6995.18792852059,0.0,0.0,0.0,0.0,0.0,0.0
1769520000.0,6997.5,6998.75,6996.5,6998.25,6998.09746640709,6997.665640086329,6997.579614814909,6988.0,6952.0,6970.0,6954.18989747635,6937.63785017337,6945.913873824859,6995.2070972948595,0.0,0.0,0.0,0.0,0.0,0.0
1769520300.0,6998.5,6998.5,6996.5,6997.0,6997.609452822159,6997.43947490113,6997.4532929315,6988.0,6952.0,6970.0,6954.18989747635,6937.63785017337,6945.913873824859,6995.217633593679,0.0,0.0,0.0,0.0,0.0,0.0
1769520600.0,6997.0,6997.0,6995.5,6996.75,6997.17590607057,6997.19520946328,6997.31117965471,6988.0,6952.0,6970.0,6954.18989747635,6937.63785017337,6945.913873824859,6995.23051800274,0.0,0.0,0.0,0.0,0.0,0.0
1769520900.0,6997.0,6998.75,6996.5,6998.5,6997.761927951249,6997.434247381129,6997.3612024071,6988.0,6952.0,6970.0,6954.18989747635,6937.63785017337,6945.913873824859,6995.259298569449,0.0,0.0,0.0,0.0,0.0,0.0
1769521200.0,6998.75,6998.75,6997.0,6997.5,6997.65492727245,6997.388506135089,6997.30565848651,6988.0,6952.0,6970.0,6954.18989747635,6937.63785017337,6945.913873824859,6995.27971415495,0.0,0.0,0.0,0.0,0.0,0.0
1769521500.0,6997.5,6998.75,6994.75,6994.75,6996.24498769562,6996.67146534632,6996.97105708226,6988.0,6952.0,6970.0,6954.18989747635,6937.63785017337,6945.913873824859,6995.291878727279,0.0,0.0,0.0,0.0,0.0,0.0
1769521800.0,6994.75,6996.25,6994.0,6996.0,6995.96861721741,6996.39601528358,6996.79056590974,6988.0,6952.0,6970.0,6954.18989747635,6937.63785017337,6945.913873824859,6995.293638192659,0.0,0.0,0.0,0.0,0.0,0.0
1769522100.0,6995.75,6996.25,6994.25,6995.0,6995.3336277097,6995.9280285286695,6996.5209990904195,6988.0,6952.0,6970.0,6954.18989747635,6937.63785017337,6945.913873824859,6995.29238368387,0.0,0.0,0.0,0.0,0.0,0.0
1769522400.0,6995.0,6997.25,6995.0,6996.75,6995.816395146009,6995.986182170969,6996.45301105773,6988.0,6952.0,6970.0,6954.18989747635,6937.63785017337,6945.913873824859,6995.305466684569,0.0,0.0,0.0,0.0,0.0,0.0
1769522700.0,6996.75,6997.75,6995.25,6996.0,6995.79071516311,6995.85789813644,6996.314166030919,6988.0,6952.0,6970.0,6954.18989747635,6937.63785017337,6945.913873824859,6995.3205478972195,0.0,0.0,0.0,0.0,0.0,0.0
1769523000.0,6995.75,6996.5,6994.5,6994.75,6995.1870550984895,6995.4508246429195,6996.057809748219,6988.0,6952.0,6970.0,6954.18989747635,6937.63785017337,6945.913873824859,6995.31974605618,0.0,0.0,0.0,0.0,0.0,0.0
1769523300.0,6994.75,6996.75,6992.5,6992.5,6993.728753437969,6994.56544836553,6995.588955258329,6988.0,6952.0,6970.0,6954.18989747635,6937.63785017337,6945.913873824859,6995.28488517521,0.0,0.0,0.0,0.0,0.0,0.0
1769523600.0,6992.5,6993.75,6992.0,6993.75,6993.448708625529,6994.15777940023,6995.2845393116595,6988.0,6952.0,6970.0,6954.18989747635,6937.63785017337,6945.913873824859,6995.25197676881,0.0,0.0,0.0,0.0,0.0,0.0
1769523900.0,6993.75,6996.25,6993.0,6994.0,6993.4454663108,6993.89863580726,6995.02993984707,6988.0,6952.0,6970.0,6954.18989747635,6937.63785017337,6945.913873824859,6995.2169477689895,0.0,0.0,0.0,0.0,0.0,0.0
1769524200.0,6994.25,6996.0,6991.0,6995.0,6993.980720345139,6993.949529921239,6994.89936712414,,,,6990.68478527084,6974.875441819019,6982.78011354493,6994.99328915925,0.0,0.0,0.0,0.0,0.0,0.0
1769524500.0,6995.0,6996.25,6988.25,6988.25,6991.06617232788,6992.32894429026,6994.083174683299,,,,6990.68478527084,6974.875441819019,6982.78011354493,6994.626667683089,0.0,0.0,0.0,0.0,0.0,0.0
1769524800.0,6988.5,6996.75,6988.25,6993.75,6991.94190927536,6992.37641235223,6993.89598149982,,,,6990.68478527084,6974.875441819019,6982.78011354493,6994.470106043749,0.0,0.0,0.0,0.0,0.0,0.0
1769525100.0,6993.75,6998.5,6993.75,6997.75,6994.52166020806,6993.43211164688,6994.138967627679,,,,6990.68478527084,6974.875441819019,6982.78011354493,6994.60721956782,0.0,0.0,0.0,0.0,0.0,0.0
1769525400.0,6997.5,7006.5,6997.5,7005.5,6999.97739892252,6996.2496985770595,6995.169474507849,,,,6990.68478527084,6974.875441819019,6982.78011354493,6995.36754321542,0.0,0.0,0.0,0.0,0.0,0.0
1769525700.0,7005.5,7007.75,7004.25,7005.0,7003.16242736355,6998.46119440438,6996.07893774411,,,,6990.68478527084,6974.875441819019,6982.78011354493,6996.02240396029,0.0,0.0,0.0,0.0,0.0,0.0
1769526000.0,7005.25,7007.5,7003.5,7004.25,7004.6943097678295,7000.09691362173,6996.84916961348,,,,6990.68478527084,6974.875441819019,6982.78011354493,6996.603904388689,0.0,0.0,0.0,0.0,0.0,0.0
1769526300.0,7004.25,7005.5,6998.0,7005.25,7005.992911153079,7001.68279751273,6997.670103050949,,,,6990.68478527084,6974.875441819019,6982.78011354493,6997.068273664409,0.0,0.0,0.0,0.0,0.0,0.0
1769526600.0,7005.5,7006.75,7002.5,7004.25,7006.159074823309,7002.72290339889,6998.33078786958,,,,6990.68478527084,6974.875441819019,6982.78011354493,6997.38902236098,0.0,0.0,0.0,0.0,0.0,0.0
1769526900.0,7004.25,7006.0,7002.25,7005.5,7006.70687676316,7003.86613160606,6999.074418182609,,,,6990.68478527084,6974.875441819019,6982.78011354493,6997.62799133841,0.0,0.0,0.0,0.0,0.0,0.0
1769527200.0,7005.5,7007.25,7002.75,7004.25,7006.293451081199,7004.46883848714,6999.63620010197,,,,6990.68478527084,6974.875441819019,6982.78011354493,6997.84132007816,0.0,0.0,0.0,0.0,0.0,0.0
1769527500.0,7004.25,7004.25,7000.5,7000.75,7004.18652551916,7004.06258663203,6999.79580799389,,,,6990.68478527084,6974.875441819019,6982.78011354493,6997.974023918309,0.0,0.0,0.0,0.0,0.0,0.0
1769527800.0,7000.5,7006.25,6999.75,7006.0,7005.310156072809,7004.99974009974,7000.485601060879,7007.75,6988.25,6998.0,6990.68478527084,6974.875441819019,6982.78011354493,6998.16333520747,0.0,0.0,0.0,0.0,0.0,0.0
1769528100.0,7006.0,7010.0,7005.5,7008.5,7007.18049253152,7006.36353055109,7001.383818698219,7007.75,6988.25,6998.0,6990.68478527084,6974.875441819019,6982.78011354493,6998.550669466989,1.0,0.0,0.0,0.0,0.0,0.0
1769528400.0,7008.5,7012.25,7008.0,7011.5,7009.75318348168,7008.200270626109,7002.526906194939,7007.75,6988.25,6998.0,6990.68478527084,6974.875441819019,6982.78011354493,6998.885097800169,0.0,0.0,0.0,0.0,0.0,0.0
1769528700.0,7011.5,7014.75,7011.25,7013.25,7012.13389460478,7010.11106059648,7003.76769610426,7007.75,6988.25,6998.0,6990.68478527084,6974.875441819019,6982.78011354493,6999.40993156629,0.0,0.0,0.0,0.0,0.0,0.0
1769529000.0,7013.25,7013.5,7011.5,7012.5,7013.13964694279,7011.4543857626895,7004.84001909113,7007.75,6988.25,6998.0,6990.68478527084,6974.875441819019,6982.78011354493,6999.7488040892995,0.0,0.0,0.0,0.0,0.0,0.0
1769529300.0,7012.5,7013.25,7010.5,7013.25,7013.98570496415,7012.69642447506,7005.909872829699,7007.75,6988.25,6998.0,6990.68478527084,6974.875441819019,6982.78011354493,6999.988814163819,0.0,0.0,0.0,0.0,0.0,0.0
1769529600.0,7013.25,7015.0,7013.0,7014.25,7014.85612382143,7013.9134924298,7007.002492598999,7007.75,6988.25,6998.0,6990.68478527084,6974.875441819019,6982.78011354493,7000.316252875819,0.0,0.0,0.0,0.0,0.0,0.0
1769529900.0,7014.0,7015.75,7013.0,7014.0,7015.13764287498,7014.79614013161,7007.98630708719,7007.75,6988.25,6998.0,6990.68478527084,6974.875441819019,6982.78011354493,7000.59594167825,0.0,0.0,0.0,0.0,0.0,0.0
1769530200.0,7014.0,7016.0,7013.75,7015.25,7015.78526610445,7015.7735823699895,7009.023270562109,7007.75,6988.25,6998.0,6990.68478527084,6974.875441819019,6982.78011354493,7000.8319988004,0.0,0.0,0.0,0.0,0.0,0.0
1769530500.0,7015.25,7018.0,7014.25,7017.75,7017.2886997273,7017.13905634752,7010.23817122865,7007.75,6988.25,6998.0,6990.68478527084,6974.875441819019,6982.78011354493,7001.137004638969,0.0,0.0,0.0,0.0,0.0,0.0
1769530800.0,7017.5,7018.0,7015.75,7017.25,7017.87364157696,7018.076891699589,7011.307674105309,7007.75,6988.25,6998.0,6990.68478527084,6974.875441819019,6982.78011354493,7001.429763964289,0.0,0.0,0.0,0.0,0.0,0.0
1769531100.0,7017.0,7017.5,7015.0,7015.0,7017.016492553759,7018.224127192089,7012.06033242986,7007.75,6988.25,6998.0,6990.68478527084,6974.875441819019,6982.78011354493,7001.660633530009,0.0,0.0,0.0,0.0,0.0,0.0
1769531400.0,7015.0,7017.5,7014.5,7016.0,7016.846004561649,7018.52734443738,7012.853739677779,7007.75,6988.25,6998.0,6990.68478527084,6974.875441819019,6982.78011354493,7001.891084033139,0.0,0.0,0.0,0.0,0.0,0.0
1769531700.0,7015.75,7018.25,7015.25,7017.25,7017.26404973213,7019.024254149809,7013.71043946962,7007.75,6988.25,6998.0,6990.68478527084,6974.875441819019,6982.78011354493,7002.07047490668,0.0,0.0,0.0,0.0,0.0,0.0
1769532000.0,7017.5,7018.5,7016.5,7016.5,7017.093834786279,7019.18552450229,7014.418796391569,7007.75,6988.25,6998.0,6990.68478527084,6974.875441819019,6982.78011354493,7002.303016133599,0.0,0.0,0.0,0.0,0.0,0.0
1769532300.0,7016.75,7017.5,7015.25,7016.75,7017.04538233695,7019.3200673826595,7015.09215254948,7007.75,6988.25,6998.0,6990.68478527084,6974.875441819019,6982.78011354493,7002.53885476466,0.0,0.0,0.0,0.0,0.0,0.0
1769532600.0,7017.0,7017.0,7014.25,7014.75,7015.989948281859,7018.87574597392,7015.500055564339,7007.75,6988.25,6998.0,6990.68478527084,6974.875441819019,6982.78011354493,7002.69201760668,0.0,0.0,0.0,0.0,0.0,0.0
1769532900.0,7014.75,7015.75,7013.0,7013.0,7014.43278520011,7018.019353887949,7015.68675493865,7007.75,6988.25,6998.0,6990.68478527084,6974.875441819019,6982.78011354493,7002.853276541299,0.0,0.0,0.0,0.0,0.0,0.0
1769533200.0,7013.0,7014.5,7012.5,7013.75,7013.8072195356,7017.450496079629,7015.92616261468,7007.75,6988.25,6998.0,6990.68478527084,6974.875441819019,6982.78011354493,7003.010362475499,0.0,0.0,0.0,0.0,0.0,0.0
1769533500.0,7013.75,7014.25,7011.75,7012.75,7012.94723282154,7016.690404893109,7016.0337554178495,7007.75,6988.25,6998.0,6990.68478527084,6974.875441819019,6982.78011354493,7003.20144862221,0.0,0.0,0.0,0.0,0.0,0.0
1769533800.0,7012.5,7012.75,7010.5,7010.75,7011.463083285809,7015.52940389719,7015.91550918548,7007.75,6988.25,6998.0,6990.68478527084,6974.875441819019,6982.78011354493,7003.29430988243,0.0,0.0,0.0,0.0,0.0,0.0
1769534100.0,7010.5,7010.75,7006.5,7008.25,7009.356009270809,7013.91971906775,7015.5358216696595,7007.75,6988.25,6998.0,6990.68478527084,6974.875441819019,6982.78011354493,7003.433135479089,0.0,0.0,0.0,0.0,0.0,0.0
1769534400.0,7008.0,7010.75,7007.75,7009.5,7008.71028554582,7012.880505070099,7015.30107082349,7007.75,6988.25,6998.0,6990.68478527084,6974.875441819019,6982.78011354493,7003.520260127149,0.0,0.0,0.0,0.0,0.0,0.0
1769534700.0,7009.5,7014.25,7009.0,7012.75,7009.992246152339,7012.81804235769,7015.408281391649,7007.75,6988.25,6998.0,6990.68478527084,6974.875441819019,6982.78011354493,7003.642251600089,0.0,0.0,0.0,0.0,0.0,0.0
1769535000.0,7012.75,7013.75,7010.0,7010.5,7009.8039192643,7012.19875739657,7015.26523580868,7007.75,6988.25,6998.0,6990.68478527084,6974.875441819019,6982.78011354493,7003.71704885841,0.0,0.0,0.0,0.0,0.0,0.0
1769535300.0,7010.25,7011.0,7008.5,7010.25,7009.62995982129,7011.6192371444595,7015.0964373412,7007.75,6988.25,6998.0,6990.68478527084,6974.875441819019,6982.78011354493,7003.78671170081,0.0,0.0,0.0,0.0,0.0,0.0
1769535600.0,7010.0,7012.5,7008.75,7009.75,7009.338408613639,7011.01406745559,7014.878183289319,7007.75,6988.25,6998.0,6990.68478527084,6974.875441819019,6982.78011354493,7003.869027721579,0.0,0.0,0.0,0.0,0.0,0.0
1769535900.0,7009.5,7011.0,7008.5,7010.25,7009.4562644791695,7010.63981193362,7014.717661306549,7007.75,6988.25,6998.0,6990.68478527084,6974.875441819019,6982.78011354493,7003.93196638177,0.0,0.0,0.0,0.0,0.0,0.0
1769536200.0,7009.75,7010.75,7008.0,7008.5,7008.731829640329,7009.89957314805,7014.378603675899,7007.75,6988.25,6998.0,6990.68478527084,6974.875441819019,6982.78011354493,7003.97399598394,0.0,0.0,0.0,0.0,0.0,0.0
1769536500.0,7008.5,7008.75,7006.75,7007.0,7007.58962854697,7008.92196739449,7013.89976638803,7007.75,6988.25,6998.0,6990.68478527084,6974.875441819019,6982.78011354493,7004.006195864529,0.0,0.0,0.0,0.0,0.0,0.0
1769536800.0,7007.0,7007.5,7001.5,7003.75,7005.337603016619,7007.317214265259,7013.11058525441,7007.75,6988.25,6998.0,6990.68478527084,6974.875441819019,6982.78011354493,7004.01069570862,0.0,0.0,0.0,0.0,0.0,0.0
1769537100.0,7003.75,7004.75,7002.0,7003.75,7003.986857205559,7006.008503778439,7012.369445499789,7007.75,6988.25,6998.0,6990.68478527084,6974.875441819019,6982.78011354493,7004.004062987429,0.0,0.0,0.0,0.0,0.0,0.0
1769537400.0,7003.5,7007.5,7002.5,7007.25,7004.94414931749,7005.821396720429,7012.03552387915,7007.75,6988.25,6998.0,6990.68478527084,6974.875441819019,6982.78011354493,7004.02459019868,0.0,0.0,0.0,0.0,0.0,0.0
1769537700.0,7007.0,7010.0,7006.75,7009.75,7006.878045271789,7006.31523057216,7011.9774709985095,7007.75,6988.25,6998.0,6990.68478527084,6974.875441819019,6982.78011354493,7004.07163455484,0.0,0.0,0.0,0.0,0.0,0.0
1769538000.0,7010.0,7012.75,7009.5,7012.25,7009.393812851979,7007.36997113297,7012.176226484969,7007.75,6988.25,6998.0,6990.68478527084,6974.875441819019,6982.78011354493,7004.14220352276,0.0,0.0,0.0,0.0,0.0,0.0
1769538300.0,7012.5,7012.5,7009.5,7010.75,7010.27670837347,7007.8887160368,7012.200398102659,7007.75,6988.25,6998.0,6990.68478527084,6974.875441819019,6982.78011354493,7004.1977152508,0.0,0.0,0.0,0.0,0.0,0.0
1769538600.0,7010.75,7014.5,7010.75,7013.0,7011.90953859967,7008.89246059124,7012.44987872367,7007.75,6988.25,6998.0,6990.68478527084,6974.875441819019,6982.78011354493,7004.286554520039,0.0,0.0,0.0,0.0,0.0,0.0
1769538900.0,7013.0,7013.25,7011.0,7011.5,7012.169244742369,7009.360135355159,7012.52127077974,7007.75,6988.25,6998.0,6990.68478527084,6974.875441819019,6982.78011354493,7004.330356966249,0.0,0.0,0.0,0.0,0.0,0.0
1769539200.0,7011.5,7012.25,7010.0,7010.5,7011.781547957529,7009.50517462431,7012.478746443539,7007.75,6988.25,6998.0,6990.68478527084,6974.875441819019,6982.78011354493,7004.37408810516,0.0,0.0,0.0,0.0,0.0,0.0
1769539500.0,7010.75,7012.75,7010.25,7012.0,7012.208448955759,7010.00360466225,7012.58881831271,7007.75,6988.25,6998.0,6990.68478527084,6974.875441819019,6982.78011354493,7004.41565702713,0.0,0.0,0.0,0.0,0.0,0.0
1769539800.0,7012.0,7013.5,7012.0,7013.0,7012.918358723459,7010.66802706153,7012.789197962409,7007.75,6988.25,6998.0,6990.68478527084,6974.875441819019,6982.78011354493,7004.459438135559,0.0,0.0,0.0,0.0,0.0,0.0
1769540100.0,7013.0,7015.25,7012.5,7013.25,7013.4379914955,7011.2802159821495,7012.9960261232,7007.75,6988.25,6998.0,6990.68478527084,6974.875441819019,6982.78011354493,7004.54656272583,0.0,0.0,0.0,0.0,0.0,0.0
1769540400.0,7013.5,7013.5,7011.25,7012.25,7013.2206567055,7011.53534889137,7013.07960674883,7007.75,6988.25,6998.0,6990.68478527084,6974.875441819019,6982.78011354493,7004.61935165625,0.0,0.0,0.0,0.0,0.0,0.0
1769540700.0,7012.25,7013.0,7010.5,7011.75,7012.78083208825,7011.61786686409,7013.10027445298,7007.75,6988.25,6998.0,6990.68478527084,6974.875441819019,6982.78011354493,7004.6626145889395,0.0,0.0,0.0,0.0,0.0,0.0
1769541000.0,7011.75,7013.75,7010.75,7012.75,7012.944587782949,7011.93025646676,7013.21756842991,7007.75,6988.25,6998.0,6990.68478527084,6974.875441819019,6982.78011354493,7004.704704107719,0.0,0.0,0.0,0.0,0.0,0.0
1769541300.0,7012.75,7013.75,7012.25,7013.0,7013.136789302839,7012.2454689814,7013.34725577659,7007.75,6988.25,6998.0,6990.68478527084,6974.875441819019,6982.78011354493,7004.750880533889,0.0,0.0,0.0,0.0,0.0,0.0
1769541600.0,7012.75,7014.25,7012.75,7013.75,7013.59247181274,7012.686193032489,7013.540170030999,7007.75,6988.25,6998.0,6990.68478527084,6974.875441819019,6982.78011354493,7004.7909861462595,0.0,0.0,0.0,0.0,0.0,0.0
1769541900.0,7014.0,7015.25,7013.5,7014.75,7014.33692583401,7013.291389583839,7013.817706920519,7007.75,6988.25,6998.0,6990.68478527084,6974.875441819019,6982.78011354493,7004.844435117019,0.0,0.0,0.0,0.0,0.0,0.0
1769542200.0,7014.75,7017.0,7014.75,7015.25,7015.015112244189,7013.90610530691,7014.12217992498,7007.75,6988.25,6998.0,6990.68478527084,6974.875441819019,6982.78011354493,7004.93867452783,0.0,0.0,0.0,0.0,0.0,0.0
1769542500.0,7015.25,7015.5,7014.25,7015.25,7015.398717352899,7014.401968196789,7014.39990568928,7007.75,6988.25,6998.0,6990.68478527084,6974.875441819019,6982.78011354493,7004.99913861176,0.0,0.0,0.0,0.0,0.0,0.0
1769542800.0,7015.25,7015.25,7013.5,7014.75,7015.34641216512,7014.67328071027,7014.60096922023,7007.75,6988.25,6998.0,6990.68478527084,6974.875441819019,6982.78011354493,7005.056646164159,0.0,0.0,0.0,0.0,0.0,0.0
1769543100.0,7015.0,7015.0,7013.25,7014.75,7015.26358934775,7014.8823209885795,7014.78236343094,7007.75,6988.25,6998.0,6990.68478527084,6974.875441819019,6982.78011354493,7005.10200275215,0.0,0.0,0.0,0.0,0.0,0.0
1769543400.0,7014.75,7015.25,7013.5,7014.5,7015.04764636225,7014.977435793709,7014.919601850899,7007.75,6988.25,6998.0,6990.68478527084,6974.875441819019,6982.78011354493,7005.148722174689,0.0,0.0,0.0,0.0,0.0,0.0
1769543700.0,7014.75,7014.75,7013.5,7013.75,7014.511622750259,7014.85421741482,7014.964101951709,7007.75,6988.25,6998.0,6990.68478527084,6974.875441819019,6982.78011354493,7005.18816192486,0.0,0.0,0.0,0.0,0.0,0.0
1769544000.0,7014.0,7015.25,7013.25,7014.75,7014.63737133116,7014.986733347209,7015.103309530369,7007.75,6988.25,6998.0,6990.68478527084,6974.875441819019,6982.78011354493,7005.23610395107,0.0,0.0,0.0,0.0,0.0,0.0
1769544300.0,7014.75,7014.75,7013.25,7014.5,7014.58377045175,7015.02055625484,7015.201432422259,7007.75,6988.25,6998.0,6990.68478527084,6974.875441819019,6982.78011354493,7005.2869335674495,0.0,0.0,0.0,0.0,0.0,0.0
1769544600.0,7014.5,7017.25,7014.25,7017.0,7015.7592469765095,7015.657112377209,7015.54563004996,7007.75,6988.25,6998.0,6990.68478527084,6974.875441819019,6982.78011354493,7005.38249478738,0.0,0.0,0.0,0.0,0.0,0.0
1769544900.0,7016.75,7017.25,7015.0,7016.0,7016.003687597809,7015.92052264126,7015.75682016989,7007.75,6988.25,6998.0,6990.68478527084,6974.875441819019,6982.78011354493,7005.4599275580995,0.0,0.0,0.0,0.0,0.0,0.0
1769545200.0,7016.0,7016.75,7014.75,7014.75,7015.51998651115,7015.81204552806,7015.81839698873,7007.75,6988.25,6998.0,6990.68478527084,6974.875441819019,6982.78011354493,7005.521732319579,0.0,0.0,0.0,0.0,0.0,0.0
1769545500.0,7014.75,7014.75,7012.5,7013.25,7014.455621890939,7015.33460775949,7015.71503638495,7007.75,6988.25,6998.0,6990.68478527084,6974.875441819019,6982.78011354493,7005.594006378329,0.0,0.0,0.0,0.0,0.0,0.0
1769545800.0,7013.25,7014.0,7011.25,7014.0,7014.13700648691,7015.114123640589,7015.691021501099,7007.75,6988.25,6998.0,6990.68478527084,6974.875441819019,6982.78011354493,7005.67138290361,0.0,0.0,0.0,0.0,0.0,0.0
1769546100.0,7013.75,7013.75,7012.25,7013.25,7013.57825463171,7014.73543105715,7015.585922433749,7007.75,6988.25,6998.0,6990.68478527084,6974.875441819019,6982.78011354493,7005.7177620044995,0.0,0.0,0.0,0.0,0.0,0.0
1769546400.0,7013.25,7013.5,7011.25,7012.5,7012.8740370693795,7014.22811005486,7015.4056048085295,7007.75,6988.25,6998.0,6990.68478527084,6974.875441819019,6982.78011354493,7005.79211920501,0.0,0.0,0.0,0.0,0.0,0.0
1769546700.0,7012.5,7014.5,7011.0,7014.25,7013.307587394929,7014.23891108274,7015.41398769196,7007.75,6988.25,6998.0,6990.68478527084,6974.875441819019,6982.78011354493,7005.882446390139,0.0,0.0,0.0,0.0,0.0,0.0
1769547000.0,7014.25,7015.25,7009.25,7009.75,7011.41812494607,7013.125217961279,7014.952007543669,7007.75,6988.25,6998.0,6990.68478527084,6974.875441819019,6982.78011354493,7006.013091807789,0.0,0.0,0.0,0.0,0.0,0.0
1769547300.0,7009.75,7010.75,7007.0,7008.75,7009.7624390518195,7011.95566843069,7014.414727869649,7007.75,6988.25,6998.0,6990.68478527084,6974.875441819019,6982.78011354493,7006.252775670409,0.0,0.0,0.0,0.0,0.0,0.0
1769547600.0,7009.0,7009.75,7006.25,7007.5,7008.164538574099,7010.68352232453,7013.7821047936795,7007.75,6988.25,6998.0,6990.68478527084,6974.875441819019,6982.78011354493,7006.28916692794,0.0,0.0,0.0,0.0,0.0,0.0
1769547900.0,7007.5,7009.0,7006.5,7006.75,7006.87108957076,7009.45676046433,7013.11308179091,7007.75,6988.25,6998.0,6990.68478527084,6974.875441819019,6982.78011354493,7006.296792303479,0.0,0.0,0.0,0.0,0.0,0.0
1769548200.0,7006.75,7007.75,7005.5,7006.75,7006.155069702069,7008.4596808754795,7012.488350289829,7007.75,6988.25,6998.0,6990.68478527084,6974.875441819019,6982.78011354493,7006.298310708749,0.0,0.0,0.0,0.0,0.0,0.0
1769548500.0,7007.0,7010.75,7006.75,7010.25,7007.52191905905,7008.527501405129,7012.267171051,7007.75,6988.25,6998.0,6990.68478527084,6974.875441819019,6982.78011354493,7006.30676783681,0.0,0.0,0.0,0.0,0.0,0.0
1769548800.0,7010.0,7010.25,7007.25,7007.25,7007.026869773969,7007.860175564149,7011.74978821815,7007.75,6988.25,6998.0,6990.68478527084,6974.875441819019,6982.78011354493,7006.3104704546195,0.0,0.0,0.0,0.0,0.0,0.0
1769549100.0,7007.25,7008.5,7006.25,7008.25,7007.271798551619,7007.58047598528,7011.370786865949,7007.75,6988.25,6998.0,6990.68478527084,6974.875441819019,6982.78011354493,7006.31226820057,0.0,0.0,0.0,0.0,0.0,0.0
1769549400.0,7008.25,7009.25,7008.0,7008.75,7007.73794911609,7007.49797135237,7011.069191672979,7007.75,6988.25,6998.0,6990.68478527084,6974.875441819019,6982.78011354493,7006.314648171559,0.0,0.0,0.0,0.0,0.0,0.0
1769549700.0,7009.0,7010.75,7009.0,7010.75,7009.060981983789,7007.951157642239,7010.994933262379,7007.75,6988.25,6998.0,6990.68478527084,6974.875441819019,6982.78011354493,7006.31800259978,0.0,0.0,0.0,0.0,0.0,0.0
1769550000.0,7010.5,7012.0,7010.25,7011.25,7010.1746553166295,7008.47191792922,7010.977207930469,7007.75,6988.25,6998.0,6990.68478527084,6974.875441819019,6982.78011354493,7006.325492107389,0.0,0.0,0.0,0.0,0.0,0.0
1769550300.0,7011.25,7011.75,7010.0,7010.5,7010.5159172984695,7008.734194752849,7010.8829163110895,7007.75,6988.25,6998.0,6990.68478527084,6974.875441819019,6982.78011354493,7006.33126229748,0.0,0.0,0.0,0.0,0.0,0.0
1769550600.0,7010.5,7011.0,7009.75,7010.0,7010.470086084089,7008.84219040471,7010.743346118459,7007.75,6988.25,6998.0,6990.68478527084,6974.875441819019,6982.78011354493,7006.3342677216,0.0,0.0,0.0,0.0,0.0,0.0
1769550900.0,7009.75,7010.25,7009.0,7009.5,7010.175068910889,7008.82098152811,7010.561797211019,7007.75,6988.25,6998.0,6990.68478527084,6974.875441819019,6982.78011354493,7006.33741816361,0.0,0.0,0.0,0.0,0.0,0.0
1769554800.0,7010.25,7015.0,7009.25,7013.25,7011.79974976148,7009.74897022114,7010.78065866115,7007.75,6988.25,6998.0,6990.68478527084,6974.875441819019,6982.78011354493,7012.5,0.0,0.0,0.0,0.0,0.0,0.0
1769555100.0,7013.5,7014.0,7011.0,7013.0,7012.6879511936995,7010.463721461069,7010.95839856295,7007.75,6988.25,6998.0,6990.68478527084,6974.875441819019,6982.78011354493,7012.551571491809,0.0,0.0,0.0,0.0,0.0,0.0
1769555400.0,7013.0,7014.75,7013.0,7014.5,7013.937198605219,7011.432899099959,7011.2786458214,7007.75,6988.25,6998.0,6990.68478527084,6974.875441819019,6982.78011354493,7012.7555321054,0.0,0.0,0.0,0.0,0.0,0.0
1769555700.0,7014.25,7014.5,7012.5,7013.0,7013.9378822385,7011.861843074709,7011.42113858732,7007.75,6988.25,6998.0,6990.68478527084,6974.875441819019,6982.78011354493,7012.839320866139,0.0,0.0,0.0,0.0,0.0,0.0
1769556000.0,7013.0,7013.0,7011.5,7012.75,7013.74572706155,7012.15168654577,7011.52738876843,7007.75,6988.25,6998.0,6990.68478527084,6974.875441819019,6982.78011354493,7012.79724273757,0.0,0.0,0.0,0.0,0.0,0.0
1769556300.0,7012.75,7013.5,7012.75,7013.5,7013.92885673568,7012.573583106359,7011.70322929664,7007.75,6988.25,6998.0,6990.68478527084,6974.875441819019,6982.78011354493,7012.83285701325,0.0,0.0,0.0,0.0,0.0,0.0
1769556600.0,7013.5,7013.75,7013.0,7013.25,7013.871655913559,7012.85434571731,7011.8403318806695,7007.75,6988.25,6998.0,6990.68478527084,6974.875441819019,6982.78011354493,7012.855487699239,0.0,0.0,0.0,0.0,0.0,0.0
1769556900.0,7013.25,7013.25,7012.0,7012.25,7013.30038151555,7012.8304938006095,7011.863797361059,7007.75,6988.25,6998.0,6990.68478527084,6974.875441819019,6982.78011354493,7012.84326641573,0.0,0.0,0.0,0.0,0.0,0.0
1769557200.0,7012.5,7013.25,7012.25,7013.25,7013.38891093196,7013.05197951576,7011.988289760289,7007.75,6988.25,6998.0,6990.68478527084,6974.875441819019,6982.78011354493,7012.846857597459,0.0,0.0,0.0,0.0,0.0,0.0
1769557500.0,7013.25,7013.25,7012.75,7013.25,7013.420941554589,7013.227386789999,7012.103332732449,7007.75,6988.25,6998.0,6990.68478527084,6974.875441819019,6982.78011354493,7012.86027315023,0.0,0.0,0.0,0.0,0.0,0.0
1769557800.0,7013.0,7013.25,7013.0,7013.0,7013.297346077619,7013.301934970919,7012.183685019049,7007.75,6988.25,6998.0,6990.68478527084,6974.875441819019,6982.78011354493,7012.86826206497,0.0,0.0,0.0,0.0,0.0,0.0
1769558100.0,7012.75,7013.0,7012.5,7012.75,7013.078545198619,7013.29292040062,7012.231735495499,7007.75,6988.25,6998.0,6990.68478527084,6974.875441819019,6982.78011354493,7012.8622210779295,0.0,0.0,0.0,0.0,0.0,0.0
1769558400.0,7012.75,7013.5,7012.5,7013.0,7013.04912608363,7013.3394458604,7012.301414142329,7007.75,6988.25,6998.0,6990.68478527084,6974.875441819019,6982.78011354493,7012.87311899343,0.0,0.0,0.0,0.0,0.0,0.0
1769558700.0,7013.0,7015.0,7012.5,7014.75,7013.877337011079,7013.80521121122,7012.546233651699,7007.75,6988.25,6998.0,6990.68478527084,6974.875441819019,6982.78011354493,7012.97082243534,0.0,0.0,0.0,0.0,0.0,0.0
1769559000.0,7014.75,7017.75,7014.5,7017.25,7015.613501887739,7014.8030922299195,7013.031335420729,7007.75,6988.25,6998.0,6990.68478527084,6974.875441819019,6982.78011354493,7013.46781523096,0.0,0.0,0.0,0.0,0.0,0.0
1769559300.0,7017.0,7018.25,7016.75,7017.75,7016.931070024099,7015.74021311645,7013.53287833573,7007.75,6988.25,6998.0,6990.68478527084,6974.875441819019,6982.78011354493,7014.016586600879,0.0,0.0,0.0,0.0,0.0,0.0
1769559600.0,7017.75,7018.25,7017.25,7017.5,7017.58984098306,7016.436499222529,7013.971827941629,7007.75,6988.25,6998.0,6990.68478527084,6974.875441819019,6982.78011354493,7014.192075557209,0.0,0.0,0.0,0.0,0.0,0.0
1769559900.0,7017.75,7019.75,7017.75,7019.25,7018.792076879599,7017.427972294079,7014.558964965599,7007.75,6988.25,6998.0,6990.68478527084,6974.875441819019,6982.78011354493,7014.6574280408595,0.0,0.0,0.0,0.0,0.0,0.0
1769560200.0,7019.0,7023.5,7019.0,7023.0,7021.30919767591,7019.1576296841495,7015.49025371829,7007.75,6988.25,6998.0,6990.68478527084,6974.875441819019,6982.78011354493,7016.1604935553,0.0,0.0,0.0,0.0,0.0,0.0
1769560500.0,7023.0,7025.5,7022.75,7025.25,7023.9092853966495,7021.118810222059,7016.585950385749,7007.75,6988.25,6998.0,6990.68478527084,6974.875441819019,6982.78011354493,7017.394677923699,0.0,0.0,0.0,0.0,0.0,0.0
1769560800.0,7025.0,7026.5,7023.75,7026.0,7025.7941687766,7022.890740377469,7017.6787251285195,7007.75,6988.25,6998.0,6990.68478527084,6974.875441819019,6982.78011354493,7017.959362355239,0.0,0.0,0.0,0.0,0.0,0.0
1769561100.0,7026.25,7026.25,7023.25,7024.5,7026.098486312319,7023.93947672548,7018.535414389449,7007.75,6988.25,6998.0,6990.68478527084,6974.875441819019,6982.78011354493,7018.3143376280195,0.0,0.0,0.0,0.0,0.0,0.0
1769561400.0,7024.25,7025.0,7022.5,7023.5,7025.6371172215795,7024.51026858744,7019.2235698278,7007.75,6988.25,6998.0,6990.68478527084,6974.875441819019,6982.78011354493,7018.56222432262,0.0,0.0,0.0,0.0,0.0,0.0
1769561700.0,7023.5,7024.75,7022.75,7024.5,7025.686602025769,7025.18200011705,7019.961224011349,7007.75,6988.25,6998.0,6990.68478527084,6974.875441819019,6982.78011354493,7018.72251100783,0.0,0.0,0.0,0.0,0.0,0.0
1769562000.0,7024.75,7026.5,7024.5,7025.75,7026.209004788309,7025.99887363773,7020.77028785846,7007.75,6988.25,6998.0,6990.68478527084,6974.875441819019,6982.78011354493,7019.19084520418,0.0,0.0,0.0,0.0,0.0,0.0
1769562300.0,7025.75,7027.0,7025.0,7026.75,7026.923539619919,7026.872524046679,7021.619413790329,7007.75,6988.25,6998.0,6990.68478527084,6974.875441819019,6982.78011354493,7019.45863026715,0.0,0.0,0.0,0.0,0.0,0.0
1769562600.0,7026.75,7027.5,7026.75,7026.75,7027.27674613145,7027.5429972967695,7022.40189633091,7007.75,6988.25,6998.0,6990.68478527084,6974.875441819019,6982.78011354493,7019.790983248619,0.0,0.0,0.0,0.0,0.0,0.0
1769562900.0,7027.0,7027.0,7025.25,7025.25,7026.67200509684,7027.671581120169,7022.9668562158795,7007.75,6988.25,6998.0,6990.68478527084,6974.875441819019,6982.78011354493,7020.04690453489,0.0,0.0,0.0,0.0,0.0,0.0
1769563200.0,7025.25,7026.5,7025.0,7026.0,7026.570311945439,7027.91282677202,7023.56173173511,7007.75,6988.25,6998.0,6990.68478527084,6974.875441819019,6982.78011354493,7020.17663363422,0.0,0.0,0.0,0.0,0.0,0.0
1769563500.0,7025.75,7026.5,7025.75,7026.5,7026.688192902409,7028.18695776308,7024.1582808104995,7007.75,6988.25,6998.0,6990.68478527084,6974.875441819019,6982.78011354493,7020.281457911489,0.0,0.0,0.0,0.0,0.0,0.0
1769563800.0,7026.5,7026.75,7025.0,7025.5,7026.22473064015,7028.116761421839,7024.601033662329,7007.75,6988.25,6998.0,6990.68478527084,6974.875441819019,6982.78011354493,7020.453562756819,0.0,0.0,0.0,0.0,0.0,0.0
1769564100.0,7025.25,7025.25,7024.25,7025.0,7025.64602287977,7027.88858761468,7024.95221955738,7007.75,6988.25,6998.0,6990.68478527084,6974.875441819019,6982.78011354493,7020.56749893882,0.0,0.0,0.0,0.0,0.0,0.0
1769564400.0,7025.0,7025.5,7023.5,7023.75,7024.645326848399,7027.34670782292,7025.14060425556,7007.75,6988.25,6998.0,6990.68478527084,6974.875441819019,6982.78011354493,7020.70750390107,0.0,0.0,0.0,0.0,0.0,0.0
1769564700.0,7023.75,7025.25,7023.25,7024.75,7024.493482594769,7027.109482862939,7025.41014310338,7007.75,6988.25,6998.0,6990.68478527084,6974.875441819019,6982.78011354493,7020.81481717507,0.0,0.0,0.0,0.0,0.0,0.0
1769565000.0,7024.75,7025.0,7023.0,7023.25,7023.67809439295,7026.506479783269,7025.49674166323,7007.75,6988.25,6998.0,6990.68478527084,6974.875441819019,6982.78011354493,7020.899468443569,0.0,0.0,0.0,0.0,0.0,0.0
1769565300.0,7023.0,7023.75,7022.5,7023.5,7023.30234730751,7026.04052290644,7025.59416331384,7007.75,6988.25,6998.0,6990.68478527084,6974.875441819019,6982.78011354493,7020.9673718513795,0.0,0.0,0.0,0.0,0.0,0.0
1769565600.0,7023.5,7025.0,7023.0,7023.5,7023.096355392079,7025.630126016939,7025.675923437329,7007.75,6988.25,6998.0,6990.68478527084,6974.875441819019,6982.78011354493,7021.0523890983995,0.0,0.0,0.0,0.0,0.0,0.0
1769565900.0,7023.5,7026.5,7023.5,7026.0,7024.2219304397595,7025.891143225779,7026.001641009259,7007.75,6988.25,6998.0,6990.68478527084,6974.875441819019,6982.78011354493,7021.208584628829,0.0,0.0,0.0,0.0,0.0,0.0
1769566200.0,7026.25,7026.25,7025.0,7025.25,7024.600432524079,7025.9006062810595,7026.21829580677,7007.75,6988.25,6998.0,6990.68478527084,6974.875441819019,6982.78011354493,7021.3266180935,0.0,0.0,0.0,0.0,0.0,0.0
1769566500.0,7025.25,7026.0,7024.25,7026.0,7025.2162655741995,7026.075923495219,7026.488548610009,7007.75,6988.25,6998.0,6990.68478527084,6974.875441819019,6982.78011354493,7021.460089512269,0.0,0.0,0.0,0.0,0.0,0.0
1769566800.0,7025.75,7026.25,7025.25,7026.25,7025.72983531699,7026.2648345499,7026.75694829136,7007.75,6988.25,6998.0,6990.68478527084,6974.875441819019,6982.78011354493,7021.517757757059,0.0,0.0,0.0,0.0,0.0,0.0
1769567100.0,7026.0,7026.25,7025.0,7025.0,7025.4357963106595,7026.092342722,7026.86855174821,7007.75,6988.25,6998.0,6990.68478527084,6974.875441819019,6982.78011354493,7021.57389947888,0.0,0.0,0.0,0.0,0.0,0.0
1769567400.0,7025.0,7026.25,7024.75,7025.75,7025.60135531094,7026.119777281289,7027.0411182097,7007.75,6988.25,6998.0,6990.68478527084,6974.875441819019,6982.78011354493,7021.62465867804,0.0,0.0,0.0,0.0,0.0,0.0
1769567700.0,7025.75,7027.25,7025.75,7026.5,7026.0641995121,7026.31397077265,7027.270444567879,7007.75,6988.25,6998.0,6990.68478527084,6974.875441819019,6982.78011354493,7021.74866119047,0.0,0.0,0.0,0.0,0.0,0.0
1769568000.0,7026.25,7026.5,7024.75,7025.5,7025.85860434308,7026.2113385412895,7027.371690561669,7007.75,6988.25,6998.0,6990.68478527084,6974.875441819019,6982.78011354493,7021.785991963669,0.0,0.0,0.0,0.0,0.0,0.0
1769568300.0,7025.5,7026.75,7025.0,7026.0,7025.957281279359,7026.237289734359,7027.50893875687,7007.75,6988.25,6998.0,6990.68478527084,6974.875441819019,6982.78011354493,7021.856423800659,0.0,0.0,0.0,0.0,0.0,0.0
1769568600.0,7025.75,7027.0,7025.5,7026.0,7026.0098248819595,7026.24636763494,7027.62807325126,7007.75,6988.25,6998.0,6990.68478527084,6974.875441819019,6982.78011354493,7021.925203547469,0.0,0.0,0.0,0.0,0.0,0.0
1769568900.0,7025.75,7026.5,7025.5,7026.0,7026.03320508398,7026.2423718503,7027.73044712818,7007.75,6988.25,6998.0,6990.68478527084,6974.875441819019,6982.78011354493,7021.96990176469,0.0,0.0,0.0,0.0,0.0,0.0
1769569200.0,7025.75,7027.0,7025.5,7026.75,7026.40495644322,7026.41497847906,7027.894852968519,7007.75,6988.25,6998.0,6990.68478527084,6974.875441819019,6982.78011354493,7022.019374394789,0.0,0.0,0.0,0.0,0.0,0.0
1769569500.0,7026.75,7027.0,7026.25,7026.5,7026.50917204205,7026.48528355219,7028.01365244061,7007.75,6988.25,6998.0,6990.68478527084,6974.875441819019,6982.78011354493,7022.055059843209,0.0,0.0,0.0,0.0,0.0,0.0
1769569800.0,7026.5,7026.75,7026.0,7026.5,7026.56149753294,7026.533450160649,7028.11595339979,7007.75,6988.25,6998.0,6990.68478527084,6974.875441819019,6982.78011354493,7022.11364209295,0.0,0.0,0.0,0.0,0.0,0.0
1769570100.0,7026.5,7027.25,7026.25,7026.5,7026.58132145725,7026.56383684449,7028.203005413019,7007.75,6988.25,6998.0,6990.68478527084,6974.875441819019,6982.78011354493,7022.162017638369,0.0,0.0,0.0,0.0,0.0,0.0
1769570400.0,7026.5,7026.75,7026.0,7026.5,7026.581792319679,7026.580109517289,7028.275981885349,7007.75,6988.25,6998.0,6990.68478527084,6974.875441819019,6982.78011354493,7022.202254602589,0.0,0.0,0.0,0.0,0.0,0.0
1769570700.0,7026.25,7026.25,7024.0,7024.75,7025.71765110618,7026.15013983593,7028.155100899409,7007.75,6988.25,6998.0,6990.68478527084,6974.875441819019,6982.78011354493,7022.26453665324,0.0,0.0,0.0,0.0,0.0,0.0
1769571000.0,7025.0,7025.75,7023.75,7025.0,7025.286957987159,7025.85047561371,7028.0608831235895,7007.75,6988.25,6998.0,6990.68478527084,6974.875441819019,6982.78011354493,7022.3043419325395,0.0,0.0,0.0,0.0,0.0,0.0
1769571300.0,7025.0,7026.25,7025.0,7025.5,7025.26868671298,7025.72304623328,7028.01755943212,7007.75,6988.25,6998.0,6990.68478527084,6974.875441819019,6982.78011354493,7022.3393351214,0.0,0.0,0.0,0.0,0.0,0.0
1769571600.0,7025.5,7025.5,7024.0,7024.0,7024.54132614219,7025.24209476896,7027.8150604147095,7007.75,6988.25,6998.0,6990.68478527084,6974.875441819019,6982.78011354493,7022.354719123169,0.0,0.0,0.0,0.0,0.0,0.0
1769571900.0,7024.25,7025.5,7023.75,7024.75,7024.464226741739,7025.03041101067,7027.69738245775,7007.75,6988.25,6998.0,6990.68478527084,6974.875441819019,6982.78011354493,7022.397651929899,0.0,0.0,0.0,0.0,0.0,0.0
1769572200.0,7025.0,7025.25,7024.5,7024.75,7024.442365584239,7024.856705833559,7027.58134376568,7007.75,6988.25,6998.0,6990.68478527084,6974.875441819019,6982.78011354493,7022.41567677044,0.0,0.0,0.0,0.0,0.0,0.0
1769572500.0,7025.0,7025.0,7023.75,7024.25,7024.20952104282,7024.59115748276,7027.41539843547,7007.75,6988.25,6998.0,6990.68478527084,6974.875441819019,6982.78011354493,7022.433266141759,0.0,0.0,0.0,0.0,0.0,0.0
1769572800.0,7024.25,7025.75,7024.25,7025.5,7024.6951926728,7024.6860882211495,7027.384196170139,7007.75,6988.25,6998.0,6990.68478527084,6974.875441819019,6982.78011354493,7022.46917527792,0.0,0.0,0.0,0.0,0.0,0.0
1769573100.0,7025.25,7027.5,7025.25,7027.5,7026.000673191639,7025.26588007755,7027.556031083,7007.75,6988.25,6998.0,6990.68478527084,6974.875441819019,6982.78011354493,7022.540216982209,0.0,0.0,0.0,0.0,0.0,0.0
1769573400.0,7027.5,7027.5,7026.5,7027.0,7026.59012050208,7025.622998523269,7027.658338585339,7007.75,6988.25,6998.0,6990.68478527084,6974.875441819019,6982.78011354493,7022.5893235861895,0.0,0.0,0.0,0.0,0.0,0.0
1769573700.0,7027.0,7027.75,7026.5,7027.25,7027.068935325529,7025.980404661689,7027.773546708359,7007.75,6988.25,6998.0,6990.68478527084,6974.875441819019,6982.78011354493,7022.63265380493,0.0,0.0,0.0,0.0,0.0,0.0
1769574000.0,7027.0,7027.25,7026.5,7027.0,7027.22475809138,7026.2121366436495,7027.84912073444,7007.75,6988.25,6998.0,6990.68478527084,6974.875441819019,6982.78011354493,7022.66318043282,0.0,0.0,0.0,0.0,0.0,0.0
1769574300.0,7027.25,7027.75,7026.75,7027.5,7027.53720529137,7026.52533370106,7027.9654238913,7007.75,6988.25,6998.0,6990.68478527084,6974.875441819019,6982.78011354493,7022.68939259259,0.0,0.0,0.0,0.0,0.0,0.0
1769574600.0,7027.5,7027.75,7026.75,7027.25,7027.58305205051,7026.7183058396195,7028.04213699708,7007.75,6988.25,6998.0,6990.68478527084,6974.875441819019,6982.78011354493,7022.71026098022,0.0,0.0,0.0,0.0,0.0,0.0
1769574900.0,7027.25,7027.25,7026.25,7026.75,7027.33696690457,7026.74886222987,7028.05625518726,7007.75,6988.25,6998.0,6990.68478527084,6974.875441819019,6982.78011354493,7022.747296812119,0.0,0.0,0.0,0.0,0.0,0.0
1769575200.0,7027.0,7027.0,7026.25,7026.75,7027.1543097431795,7026.76937965796,7028.063949376419,7007.75,6988.25,6998.0,6990.68478527084,6974.875441819019,6982.78011354493,7022.767320008969,0.0,0.0,0.0,0.0,0.0,0.0
1769575500.0,7026.75,7026.75,7025.75,7026.5,7026.8978895767195,7026.719690938719,7028.0399544946395,7007.75,6988.25,6998.0,6990.68478527084,6974.875441819019,6982.78011354493,7022.786588590079,0.0,0.0,0.0,0.0,0.0,0.0
1769575800.0,7026.5,7026.75,7026.25,7026.5,7026.72318733235,7026.67459614287,7028.01247207837,7007.75,6988.25,6998.0,6990.68478527084,6974.875441819019,6982.78011354493,7022.804997204819,0.0,0.0,0.0,0.0,0.0,0.0
1769576100.0,7026.5,7027.0,7026.5,7026.75,7026.72870819886,7026.6960432447695,7028.0077368352195,7007.75,6988.25,6998.0,6990.68478527084,6974.875441819019,6982.78011354493,7022.816831825189,0.0,0.0,0.0,0.0,0.0,0.0
1769576400.0,7027.0,7028.25,7027.0,7028.25,7027.462099462419,7027.08370446716,7028.153494174149,7007.75,6988.25,6998.0,6990.68478527084,6974.875441819019,6982.78011354493,7022.8926406245,0.0,0.0,0.0,0.0,0.0,0.0
1769576700.0,7028.25,7028.5,7028.0,7028.25,7027.922190882169,7027.40026344921,7028.284209143219,7007.75,6988.25,6998.0,6990.68478527084,6974.875441819019,6982.78011354493,7022.91627888286,0.0,0.0,0.0,0.0,0.0,0.0
1769577000.0,7028.25,7029.0,7028.25,7028.75,7028.441125747179,7027.781010386019,7028.452627656299,7007.75,6988.25,6998.0,6990.68478527084,6974.875441819019,6982.78011354493,7022.978271758059,0.0,0.0,0.0,0.0,0.0,0.0
1769577300.0,7028.75,7029.5,7028.5,7028.75,7028.7466902242095,7028.089145594289,7028.604423807429,7007.75,6988.25,6998.0,6990.68478527084,6974.875441819019,6982.78011354493,7023.023252144139,0.0,0.0,0.0,0.0,0.0,0.0
1769577600.0,7028.75,7029.75,7028.75,7029.0,7029.0332568352,7028.39821764285,7028.76659579409,7007.75,6988.25,6998.0,6990.68478527084,6974.875441819019,6982.78011354493,7023.07673205375,0.0,0.0,0.0,0.0,0.0,0.0
1769577900.0,7029.0,7029.25,7028.25,7028.75,7029.06202755655,7028.58272724899,7028.8867289174195,7007.75,6988.25,6998.0,6990.68478527084,6974.875441819019,6982.78011354493,7023.12974585464,0.0,0.0,0.0,0.0,0.0,0.0
1769578200.0,7029.0,7029.5,7028.5,7029.0,7029.1713184069395,7028.78799946409,7029.019460501399,7007.75,6988.25,6998.0,6990.68478527084,6974.875441819019,6982.78011354493,7023.168109984679,0.0,0.0,0.0,0.0,0.0,0.0
1769578500.0,7029.25,7031.0,7029.0,7030.75,7030.0670987676895,7029.383099756449,7029.318968326729,7007.75,6988.25,6998.0,6990.68478527084,6974.875441819019,6982.78011354493,7023.2904165910195,0.0,0.0,0.0,0.0,0.0,0.0
1769578800.0,7030.5,7031.0,7030.0,7030.75,7030.605863810089,7029.8638100175995,7029.59261418728,7007.75,6988.25,6998.0,6990.68478527084,6974.875441819019,6982.78011354493,7023.37499158834,0.0,0.0,0.0,0.0,0.0,0.0
1769579100.0,7030.75,7031.75,7030.75,7031.5,7031.2729585346,7030.434560955429,7029.919623175189,7007.75,6988.25,6998.0,6990.68478527084,6974.875441819019,6982.78011354493,7023.46500410281,0.0,0.0,0.0,0.0,0.0,0.0
1769579400.0,7031.5,7032.0,7031.25,7031.75,7031.77219653674,7030.95359351358,7030.244450679689,7007.75,6988.25,6998.0,6990.68478527084,6974.875441819019,6982.78011354493,7023.55477443884,0.0,0.0,0.0,0.0,0.0,0.0
1769579700.0,7031.5,7032.25,7031.25,7031.75,7032.037393572489,7031.365930367379,7030.54127078421,7007.75,6988.25,6998.0,6990.68478527084,6974.875441819019,6982.78011354493,7023.674690744299,0.0,0.0,0.0,0.0,0.0,0.0
1769580000.0,7031.75,7041.5,7031.75,7035.25,7033.86088199316,7032.55918827514,7031.17369128172,7007.75,6988.25,6998.0,6990.68478527084,6974.875441819019,6982.78011354493,7025.677832120449,0.0,0.0,0.0,0.0,0.0,0.0
1769580300.0,7035.25,7035.75,7033.5,7033.75,7034.22768575122,7033.15148515401,7031.60111179578,7007.75,6988.25,6998.0,6990.68478527084,6974.875441819019,6982.78011354493,7025.8251348329995,0.0,0.0,0.0,0.0,0.0,0.0
1769580600.0,7034.0,7036.5,7033.25,7036.25,7035.60269788516,7034.23873040455,7032.25106719193,7007.75,6988.25,6998.0,6990.68478527084,6974.875441819019,6982.78011354493,7025.951163234169,0.0,0.0,0.0,0.0,0.0,0.0
1769580900.0,7036.0,7038.75,7035.0,7038.25,7037.37208986256,7035.60791031964,7033.055967771859,7007.75,6988.25,6998.0,6990.68478527084,6974.875441819019,6982.78011354493,7026.180271199501,0.0,0.0,0.0,0.0,0.0,0.0
1769581200.0,7038.25,7038.75,7036.25,7036.75,7037.66641083524,7036.33519104378,7033.64273233856,7007.75,6988.25,6998.0,6990.68478527084,6974.875441819019,6982.78011354493,7026.32424683498,0.0,0.0,0.0,0.0,0.0,0.0
1769581500.0,7036.75,7038.25,7034.75,7036.0,7037.377554785679,7036.71515389833,7034.103775851339,7007.75,6988.25,6998.0,6990.68478527084,6974.875441819019,6982.78011354493,7026.490799642869,0.0,0.0,0.0,0.0,0.0,0.0
1769581800.0,7036.25,7043.0,7036.0,7039.75,7038.92713269159,7037.92640009474,7034.912784157839,7007.75,6988.25,6998.0,6990.68478527084,6974.875441819019,6982.78011354493,7027.259698717339,0.0,0.0,0.0,0.0,0.0,0.0
1769582100.0,7039.5,7041.0,7038.5,7038.75,7039.33541561896,7038.64144667407,7035.55402823192,7007.75,6988.25,6998.0,6990.68478527084,6974.875441819019,6982.78011354493,7027.49692159135,0.0,0.0,0.0,0.0,0.0,0.0
1769582400.0,7038.75,7038.75,7036.5,7037.0,7038.64221076792,7038.757314059029,7035.9613419383995,7007.75,6988.25,6998.0,6990.68478527084,6974.875441819019,6982.78011354493,7027.61324492694,0.0,0.0,0.0,0.0,0.0,0.0
1769582700.0,7036.75,7037.0,7035.5,7036.5,7037.871999792689,7038.68908798241,7036.28009594686,7007.75,6988.25,6998.0,6990.68478527084,6974.875441819019,6982.78011354493,7027.70115754736,0.0,0.0,0.0,0.0,0.0,0.0
1769583000.0,7036.5,7039.25,7036.25,7036.5,7037.32348762497,7038.5951913264,7036.568076519599,7007.75,6988.25,6998.0,6990.68478527084,6974.875441819019,6982.78011354493,7027.78844079982,0.0,0.0,0.0,0.0,0.0,0.0
1769583300.0,7036.5,7036.75,7034.5,7034.5,7035.96294261113,7037.98525036203,7036.62066186553,7007.75,6988.25,6998.0,6990.68478527084,6974.875441819019,6982.78011354493,7027.8789709255,0.0,0.0,0.0,0.0,0.0,0.0
1769583600.0,7034.75,7035.0,7033.0,7034.0,7034.8404299206295,7037.32563141961,7036.60946182019,7007.75,6988.25,6998.0,6990.68478527084,6974.875441819019,6982.78011354493,7027.985056777699,0.0,0.0,0.0,0.0,0.0,0.0
1769583900.0,7034.25,7036.0,7033.5,7035.75,7034.99580766013,7037.189449425149,7036.771688846879,7007.75,6988.25,6998.0,6990.68478527084,6974.875441819019,6982.78011354493,7028.03984639504,0.0,0.0,0.0,0.0,0.0,0.0
1769584200.0,7035.75,7037.0,7034.25,7036.75,7035.6113395535895,7037.30286858799,7037.0177802482895,7007.75,6988.25,6998.0,6990.68478527084,6974.875441819019,6982.78011354493,7028.13583387972,0.0,0.0,0.0,0.0,0.0,0.0
1769584500.0,7036.75,7037.0,7033.75,7035.75,7035.535564340539,7037.12668015853,7037.1351478528895,7007.75,6988.25,6998.0,6990.68478527084,6974.875441819019,6982.78011354493,7028.24757974331,0.0,0.0,0.0,0.0,0.0,0.0
1769584800.0,7035.75,7036.25,7034.0,7034.25,7034.767435996389,7036.588341142189,7037.081178914859,7007.75,6988.25,6998.0,6990.68478527084,6974.875441819019,6982.78011354493,7028.298763643789,0.0,0.0,0.0,0.0,0.0,0.0
1769585100.0,7034.5,7035.5,7033.0,7034.25,7034.29656870892,7036.12678618407,7037.0230954134695,7007.75,6988.25,6998.0,6990.68478527084,6974.875441819019,6982.78011354493,7028.343843158939,0.0,0.0,0.0,0.0,0.0,0.0
1769585400.0,7034.0,7034.0,7031.75,7032.75,7033.294496730719,7035.359232334689,7036.80637045805,7007.75,6988.25,6998.0,6990.68478527084,6974.875441819019,6982.78011354493,7028.39816015986,0.0,0.0,0.0,0.0,0.0,0.0
1769585700.0,7032.75,7033.0,7030.75,7032.75,7032.696307462739,7034.715785206369,7036.597465989899,7007.75,6988.25,6998.0,6990.68478527084,6974.875441819019,6982.78011354493,7028.45951488611,0.0,0.0,0.0,0.0,0.0,0.0
1769586000.0,7032.75,7035.75,7032.5,7035.5,7033.7095473665595,7034.86297504036,7036.68042391929,7007.75,6988.25,6998.0,6990.68478527084,6974.875441819019,6982.78011354493,7028.554032755809,0.0,0.0,0.0,0.0,0.0,0.0
1769586300.0,7035.75,7037.5,7034.25,7036.75,7035.010785677419,7035.29225435777,7036.87994273593,7007.75,6988.25,6998.0,6990.68478527084,6974.875441819019,6982.78011354493,7028.66319580237,0.0,0.0,0.0,0.0,0.0,0.0
1769586600.0,7037.0,7037.25,7035.75,7036.25,7035.61406410292,7035.51848301417,7037.00700926841,7007.75,6988.25,6998.0,6990.68478527084,6974.875441819019,6982.78011354493,7028.704416277659,0.0,0.0,0.0,0.0,0.0,0.0
1769586900.0,7036.25,7037.0,7034.75,7036.75,7036.238333598049,7035.82447708578,7037.170097358179,7007.75,6988.25,6998.0,6990.68478527084,6974.875441819019,6982.78011354493,7028.76545325548,0.0,0.0,0.0,0.0,0.0,0.0
1769587200.0,7036.75,7039.0,7035.0,7037.25,7036.8645198245595,7036.19561399879,7037.366723120679,7007.75,6988.25,6998.0,6990.68478527084,6974.875441819019,6982.78011354493,7028.976679159039,0.0,0.0,0.0,0.0,0.0,0.0
1769587500.0,7037.25,7037.5,7033.25,7033.25,7035.28564789137,7035.50040379165,7037.12941949072,7007.75,6988.25,6998.0,6990.68478527084,6974.875441819019,6982.78011354493,7029.0439833451,0.0,0.0,0.0,0.0,0.0,0.0
1769587800.0,7033.5,7034.75,7032.5,7033.0,7034.139703678339,7034.8579388831595,7036.876413293619,7007.75,6988.25,6998.0,6990.68478527084,6974.875441819019,6982.78011354493,7029.083218768929,0.0,0.0,0.0,0.0,0.0,0.0
1769588100.0,7033.25,7034.0,7029.0,7029.75,7031.8354790267695,7033.51679160947,7036.29907657838,7007.75,6988.25,6998.0,6990.68478527084,6974.875441819019,6982.78011354493,7029.110073295519,0.0,0.0,0.0,0.0,0.0,0.0
1769588400.0,7029.75,7035.5,7029.0,7034.5,7032.7271703222,7033.5929068517,7036.247545937569,7007.75,6988.25,6998.0,6990.68478527084,6974.875441819019,6982.78011354493,7029.16490084783,0.0,0.0,0.0,0.0,0.0,0.0
1769588700.0,7034.5,7034.75,7032.25,7032.5,7032.3766173252,7033.164747140159,7035.987636512559,7007.75,6988.25,6998.0,6990.68478527084,6974.875441819019,6982.78011354493,7029.20725182284,0.0,0.0,0.0,0.0,0.0,0.0
1769589000.0,7032.25,7033.75,7031.75,7033.25,7032.561479823559,7033.004493702219,7035.81847304816,7007.75,6988.25,6998.0,6990.68478527084,6974.875441819019,6982.78011354493,7029.246826073089,0.0,0.0,0.0,0.0,0.0,0.0
1769589300.0,7033.5,7033.75,7032.5,7032.75,7032.47475751713,7032.756050659829,7035.60478998068,7007.75,6988.25,6998.0,6990.68478527084,6974.875441819019,6982.78011354493,7029.2790529698095,0.0,0.0,0.0,0.0,0.0,0.0
1769589600.0,7032.75,7032.75,7031.0,7031.0,7031.598204850379,7032.12462946507,7035.22078702776,7007.75,6988.25,6998.0,6990.68478527084,6974.875441819019,6982.78011354493,7029.304553240029,0.0,0.0,0.0,0.0,0.0,0.0
1769589900.0,7030.75,7031.0,7026.75,7027.0,7029.123634877679,7030.61903191811,7034.44620969206,7007.75,6988.25,6998.0,6990.68478527084,6974.875441819019,6982.78011354493,7029.281937787439,0.0,0.0,0.0,0.0,0.0,0.0
1769590200.0,7027.0,7028.75,7026.0,7028.25,7028.21724624247,7029.701434476189,7033.8516908274,7007.75,6988.25,6998.0,6990.68478527084,6974.875441819019,6982.78011354493,7029.25237097951,0.0,0.0,0.0,0.0,0.0,0.0
1769590500.0,7028.0,7028.75,7026.0,7027.25,7027.240292900189,7028.71546302322,7033.192689899201,7007.75,6988.25,6998.0,6990.68478527084,6974.875441819019,6982.78011354493,7029.23234968814,0.0,0.0,0.0,0.0,0.0,0.0
1769590800.0,7027.5,7028.75,7027.0,7028.75,7027.44489123228,7028.298406401919,7032.73273210737,7007.75,6988.25,6998.0,6990.68478527084,6974.875441819019,6982.78011354493,7029.21696992116,0.0,0.0,0.0,0.0,0.0,0.0
1769591100.0,7028.75,7030.75,7026.5,7030.5,7028.521606665239,7028.415944206259,7032.48422429094,7007.75,6988.25,6998.0,6990.68478527084,6974.875441819019,6982.78011354493,7029.21740433892,0.0,0.0,0.0,0.0,0.0,0.0
1769591400.0,7030.5,7031.75,7028.75,7029.0,7028.54469479551,7028.16649088326,7032.09675935364,7007.75,6988.25,6998.0,6990.68478527084,6974.875441819019,6982.78011354493,7029.22402549824,0.0,0.0,0.0,0.0,0.0,0.0
1769591700.0,7029.25,7030.5,7028.25,7028.75,7028.4835670228895,7027.92366824003,7031.70960565702,7007.75,6988.25,6998.0,6990.68478527084,6974.875441819019,6982.78011354493,7029.223610649269,0.0,0.0,0.0,0.0,0.0,0.0
1769592000.0,7028.75,7029.25,7026.0,7027.75,7027.99580946015,7027.4997670945295,7031.24558712564,7007.75,6988.25,6998.0,6990.68478527084,6974.875441819019,6982.78011354493,7029.20489273089,0.0,0.0,0.0,0.0,0.0,0.0
1769592300.0,7028.0,7029.25,7027.0,7028.25,7027.96637775572,7027.29961701301,7030.865530118969,7007.75,6988.25,6998.0,6990.68478527084,6974.875441819019,6982.78011354493,7029.1948226020195,0.0,0.0,0.0,0.0,0.0,0.0
1769592600.0,7028.25,7029.0,7027.0,7028.5,7028.10693876596,7027.222424181279,7030.53808398306,7007.75,6988.25,6998.0,6990.68478527084,6974.875441819019,6982.78011354493,7029.185643655809,0.0,0.0,0.0,0.0,0.0,0.0
1769592900.0,7028.5,7031.25,7028.25,7029.5,7028.7150621909095,7027.43270528149,7030.337396332409,7007.75,6988.25,6998.0,6990.68478527084,6974.875441819019,6982.78011354493,7029.189160848489,0.0,0.0,0.0,0.0,0.0,0.0
1769593200.0,7029.75,7030.5,7028.75,7030.25,7029.487612238479,7027.81674484342,7030.22897163076,7007.75,6988.25,6998.0,6990.68478527084,6974.875441819019,6982.78011354493,7029.1926917019,0.0,0.0,0.0,0.0,0.0,0.0
1769593500.0,7030.25,7031.5,7029.25,7029.5,7029.61610261397,7027.968655547679,7030.051438122569,7007.75,6988.25,6998.0,6990.68478527084,6974.875441819019,6982.78011354493,7029.1973803563,0.0,0.0,0.0,0.0,0.0,0.0
1769593800.0,7029.75,7033.0,7029.75,7031.25,7030.54254261739,7028.548021740269,7030.068180200689,7007.75,6988.25,6998.0,6990.68478527084,6974.875441819019,6982.78011354493,7029.21301153219,0.0,0.0,0.0,0.0,0.0,0.0
1769594100.0,7031.25,7032.75,7031.25,7031.5,7031.236842729029,7029.10480875526,7030.110602642089,7007.75,6988.25,6998.0,6990.68478527084,6974.875441819019,6982.78011354493,7029.2258183287395,0.0,0.0,0.0,0.0,0.0,0.0
1769594400.0,7031.75,7031.75,7029.5,7031.5,7031.64618526262,7029.5771146404095,7030.15104928846,7007.75,6988.25,6998.0,6990.68478527084,6974.875441819019,6982.78011354493,7029.238970683329,0.0,0.0,0.0,0.0,0.0,0.0
1769594700.0,7031.25,7033.5,7029.5,7032.5,7032.353888410659,7030.2250781311695,7030.29299660685,7007.75,6988.25,6998.0,6990.68478527084,6974.875441819019,6982.78011354493,7029.25778073056,0.0,0.0,0.0,0.0,0.0,0.0
1769595000.0,7032.75,7033.25,7031.0,7031.0,7032.02591995861,7030.393211163089,7030.270854322959,7007.75,6988.25,6998.0,6990.68478527084,6974.875441819019,6982.78011354493,7029.269602722839,0.0,0.0,0.0,0.0,0.0,0.0
1769595300.0,7031.0,7031.5,7030.0,7030.25,7031.40358900667,7030.34895817397,7030.173617249119,7007.75,6988.25,6998.0,6990.68478527084,6974.875441819019,6982.78011354493,7029.27602949825,0.0,0.0,0.0,0.0,0.0,0.0
1769595600.0,7030.0,7032.5,7029.5,7029.75,7030.73003816173,7030.19079599135,7030.03245292821,7007.75,6988.25,6998.0,6990.68478527084,6974.875441819019,6982.78011354493,7029.28685971698,0.0,0.0,0.0,0.0,0.0,0.0
1769595900.0,7029.75,7032.0,7029.75,7031.75,7031.260471714149,7030.56047230472,7030.10895319447,7007.75,6988.25,6998.0,6990.68478527084,6974.875441819019,6982.78011354493,7029.29336148076,0.0,0.0,0.0,0.0,0.0,0.0
1769596200.0,7031.75,7032.25,7031.25,7031.5,7031.46609641486,7030.80604498021,7030.155315436589,7007.75,6988.25,6998.0,6990.68478527084,6974.875441819019,6982.78011354493,7029.30376104465,0.0,0.0,0.0,0.0,0.0,0.0
1769596500.0,7031.75,7033.75,7031.75,7033.25,7032.4343052433005,7031.44472626892,7030.38033275576,7007.75,6988.25,6998.0,6990.68478527084,6974.875441819019,6982.78011354493,7029.33224804975,0.0,0.0,0.0,0.0,0.0,0.0
1769596800.0,7033.25,7035.5,7033.0,7034.5,7033.63678898502,7032.28165306252,7030.719685266659,7007.75,6988.25,6998.0,6990.68478527084,6974.875441819019,6982.78011354493,7029.36990508483,0.0,0.0,0.0,0.0,0.0,0.0
1769597100.0,7034.75,7035.25,7033.25,7033.75,7033.99506886134,7032.78144170526,7030.958405169489,7007.75,6988.25,6998.0,6990.68478527084,6974.875441819019,6982.78011354493,7029.400536203279,0.0,0.0,0.0,0.0,0.0,0.0
1769597400.0,7033.75,7035.25,7033.75,7034.25,7034.4138947005395,7033.3104091305195,7031.23253027175,7007.75,6988.25,6998.0,6990.68478527084,6974.875441819019,6982.78011354493,7029.422767979529,0.0,0.0,0.0,0.0,0.0,0.0
1769597700.0,7034.25,7036.5,7034.25,7035.5,7035.236851027849,7034.04784416148,7031.61690363167,7007.75,6988.25,6998.0,6990.68478527084,6974.875441819019,6982.78011354493,7029.4721472009,0.0,0.0,0.0,0.0,0.0,0.0
1769598000.0,7035.5,7035.5,7031.25,7031.75,7033.8732398988095,7033.711507047869,7031.58673075144,7007.75,6988.25,6998.0,6990.68478527084,6974.875441819019,6982.78011354493,7029.513160761069,0.0,0.0,0.0,0.0,0.0,0.0
1769598300.0,7032.0,7033.0,7031.0,7032.25,7033.1989358703595,7033.544360617149,7031.610260212689,7007.75,6988.25,6998.0,6990.68478527084,6974.875441819019,6982.78011354493,7029.531369167729,0.0,0.0,0.0,0.0,0.0,0.0
1769598600.0,7032.25,7032.5,7030.25,7031.0,7032.13809320939,7033.08369642655,7031.50286691118,7007.75,6988.25,6998.0,6990.68478527084,6974.875441819019,6982.78011354493,7029.54158935072,0.0,0.0,0.0,0.0,0.0,0.0
1769598900.0,7031.0,7032.0,7029.25,7030.0,7030.972565659649,7032.44472955648,7031.29963271335,7007.75,6988.25,6998.0,6990.68478527084,6974.875441819019,6982.78011354493,7029.5455074580095,0.0,0.0,0.0,0.0,0.0,0.0
1769599200.0,7029.75,7030.75,7028.75,7030.25,7030.37287378675,7031.972412246089,7031.13663080458,7007.75,6988.25,6998.0,6990.68478527084,6974.875441819019,6982.78011354493,7029.54838744872,0.0,0.0,0.0,0.0,0.0,0.0
1769599500.0,7030.25,7033.5,7030.0,7033.25,7031.49227474487,7032.32471475843,7031.295450218299,7007.75,6988.25,6998.0,6990.68478527084,6974.875441819019,6982.78011354493,7029.5779371012695,0.0,0.0,0.0,0.0,0.0,0.0
1769599800.0,7033.25,7034.5,7033.0,7034.0,7032.60349533489,7032.79938671487,7031.520964714389,7007.75,6988.25,6998.0,6990.68478527084,6974.875441819019,6982.78011354493,7029.6004831664595,0.0,0.0,0.0,0.0,0.0,0.0
1769600100.0,7034.25,7034.5,7033.25,7034.0,7033.31813267238,7033.1867973841,7031.73083125828,7007.75,6988.25,6998.0,6990.68478527084,6974.875441819019,6982.78011354493,7029.61684003867,0.0,0.0,0.0,0.0,0.0,0.0
1769600400.0,7034.25,7034.75,7032.75,7033.0,7033.27285204011,7033.25155004031,7031.822624800559,7007.75,6988.25,6998.0,6990.68478527084,6974.875441819019,6982.78011354493,7029.63331274756,0.0,0.0,0.0,0.0,0.0,0.0
1769600700.0,7033.0,7033.5,7031.75,7032.75,7033.1030197767495,7033.235410964429,7031.882046322709,7007.75,6988.25,6998.0,6990.68478527084,6974.875441819019,6982.78011354493,7029.6463823368895,0.0,0.0,0.0,0.0,0.0,0.0
1769601000.0,7032.75,7035.25,7032.25,7033.75,7033.46825547546,7033.46354173702,7032.04052792671,7007.75,6988.25,6998.0,6990.68478527084,6974.875441819019,6982.78011354493,7029.68106575392,0.0,0.0,0.0,0.0,0.0,0.0
1769601300.0,7033.5,7034.5,7032.75,7033.0,7033.321715414269,7033.4581896041,7032.110168585529,7007.75,6988.25,6998.0,6990.68478527084,6974.875441819019,6982.78011354493,7029.70062910971,0.0,0.0,0.0,0.0,0.0,0.0
1769601600.0,7033.25,7033.5,7031.75,7032.5,7032.96981260706,7033.321901949779,7032.12297036742,7007.75,6988.25,6998.0,6990.68478527084,6974.875441819019,6982.78011354493,7029.729068130049,0.0,0.0,0.0,0.0,0.0,0.0
1769601900.0,7032.25,7032.75,7031.25,7032.75,7032.85960346498,7033.26466575596,7032.16043129967,7007.75,6988.25,6998.0,6990.68478527084,6974.875441819019,6982.78011354493,7029.73938302769,0.0,0.0,0.0,0.0,0.0,0.0
1769602200.0,7032.75,7033.5,7022.25,7027.75,7030.34772640251,7031.96799388728,7031.67817347412,7007.75,6988.25,6998.0,6990.68478527084,6974.875441819019,6982.78011354493,7029.640102464249,0.0,0.0,0.0,0.0,0.0,0.0
1769602500.0,7028.0,7028.5,7023.0,7023.75,7026.81464876808,7029.8993784868,7030.816223258759,7007.75,6988.25,6998.0,6990.68478527084,6974.875441819019,6982.78011354493,7029.58014821446,0.0,0.0,0.0,0.0,0.0,0.0
1769602800.0,7024.0,7027.5,7022.25,7024.25,7024.88163932463,7028.32027034938,7030.06691099826,7007.75,6988.25,6998.0,6990.68478527084,6974.875441819019,6982.78011354493,7029.52185019406,0.0,0.0,0.0,0.0,0.0,0.0
1769603100.0,7024.0,7027.25,7024.0,7025.0,7024.137844662489,7027.216473515469,7029.44883641817,7007.75,6988.25,6998.0,6990.68478527084,6974.875441819019,6982.78011354493,7029.484381178329,0.0,0.0,0.0,0.0,0.0,0.0
1769603400.0,7025.0,7026.25,7023.0,7023.75,7023.18917985595,7026.0139257663295,7028.746618459009,7007.75,6988.25,6998.0,6990.68478527084,6974.875441819019,6982.78011354493,7029.414394741159,0.0,0.0,0.0,0.0,0.0,0.0
1769603700.0,7023.75,7026.0,7023.25,7025.75,7023.694769236499,7025.5426057702,7028.302606637039,7007.75,6988.25,6998.0,6990.68478527084,6974.875441819019,6982.78011354493,7029.37364868857,0.0,0.0,0.0,0.0,0.0,0.0
1769604000.0,7025.75,7028.0,7024.75,7026.25,7024.38479731137,7025.30535494544,7027.94408259574,7007.75,6988.25,6998.0,6990.68478527084,6974.875441819019,6982.78011354493,7029.33946389806,0.0,0.0,0.0,0.0,0.0,0.0
1769604300.0,7026.5,7028.75,7025.75,7026.25,7024.92041669947,7025.13750201099,7027.613658995219,7007.75,6988.25,6998.0,6990.68478527084,6974.875441819019,6982.78011354493,7029.31472414732,0.0,0.0,0.0,0.0,0.0,0.0
1769604600.0,7026.25,7027.0,7024.25,7026.25,7025.331911089959,7025.026533997109,7027.30960347286,7007.75,6988.25,6998.0,6990.68478527084,6974.875441819019,6982.78011354493,7029.2869458981595,0.0,0.0,0.0,0.0,0.0,0.0
1769604900.0,7026.25,7027.25,7022.75,7022.75,7023.9364027763695,7024.091410006509,7026.66851149968,7007.75,6988.25,6998.0,6990.68478527084,6974.875441819019,6982.78011354493,7029.25469113202,0.0,0.0,0.0,0.0,0.0,0.0
1769605200.0,7023.0,7027.0,7022.75,7024.75,7024.071350720679,7023.84410829765,7026.28285240594,7007.75,6988.25,6998.0,6990.68478527084,6974.875441819019,6982.78011354493,7029.2147125950005,0.0,0.0,0.0,0.0,0.0,0.0
1769605500.0,7024.75,7026.0,7023.0,7023.0,7023.359286877049,7023.23403012478,7025.74745873488,7007.75,6988.25,6998.0,6990.68478527084,6974.875441819019,6982.78011354493,7029.166826359309,0.0,0.0,0.0,0.0,0.0,0.0
1769605800.0,7023.0,7023.25,7018.25,7019.5,7021.24873334274,7021.889468052,7024.892261817519,7007.75,6988.25,6998.0,6990.68478527084,6974.875441819019,6982.78011354493,7028.99787795012,0.0,0.0,0.0,0.0,0.0,0.0
1769606100.0,7019.25,7024.5,7019.0,7024.5,7022.411660787609,7022.05490451891,7024.6187680064095,7007.75,6988.25,6998.0,6990.68478527084,6974.875441819019,6982.78011354493,7028.924766399499,0.0,0.0,0.0,0.0,0.0,0.0
1769606400.0,7024.75,7024.75,7021.25,7022.0,7022.00637275326,7021.6041239344795,7024.11133058947,7007.75,6988.25,6998.0,6990.68478527084,6974.875441819019,6982.78011354493,7028.86974902878,0.0,0.0,0.0,0.0,0.0,0.0
1769606700.0,7022.0,7022.25,7019.75,7020.5,7021.068257367089,7020.891625110269,7023.489953055179,7007.75,6988.25,6998.0,6990.68478527084,6974.875441819019,6982.78011354493,7028.78715400427,0.0,0.0,0.0,0.0,0.0,0.0
1769607000.0,7020.5,7022.0,7019.0,7020.5,7020.526352318019,7020.33688556378,7022.91803705858,7007.75,6988.25,6998.0,6990.68478527084,6974.875441819019,6982.78011354493,7028.70917267965,0.0,0.0,0.0,0.0,0.0,0.0
1769607300.0,7020.25,7021.5,7019.0,7020.0,7019.9994542681,7019.7893731533695,7022.340815418779,7007.75,6988.25,6998.0,6990.68478527084,6974.875441819019,6982.78011354493,7028.62572755984,0.0,0.0,0.0,0.0,0.0,0.0
1769607600.0,7019.75,7021.25,7017.5,7018.0,7018.751041564799,7018.87552764577,7021.60397553847,7007.75,6988.25,6998.0,6990.68478527084,6974.875441819019,6982.78011354493,7028.4649202458195,0.0,0.0,0.0,0.0,0.0,0.0
1769607900.0,7018.0,7020.75,7018.0,7020.5,7019.245039947589,7018.77957889692,7021.18426170894,7007.75,6988.25,6998.0,6990.68478527084,6974.875441819019,6982.78011354493,7028.394249884899,0.0,0.0,0.0,0.0,0.0,0.0
1769608200.0,7020.5,7022.75,7019.75,7020.5,7019.62981665506,7018.738169284859,7020.80136567867,7007.75,6988.25,6998.0,6990.68478527084,6974.875441819019,6982.78011354493,7028.29786292839,0.0,0.0,0.0,0.0,0.0,0.0
1769608500.0,7020.25,7022.5,7018.5,7022.25,7020.779616553949,7019.1752229827,7020.63378173167,7007.75,6988.25,6998.0,6990.68478527084,6974.875441819019,6982.78011354493,7028.2285571925795,0.0,0.0,0.0,0.0,0.0,0.0
1769608800.0,7022.25,7023.25,7020.0,7020.25,7020.565292204939,7019.0720733914995,7020.278884366169,7007.75,6988.25,6998.0,6990.68478527084,6974.875441819019,6982.78011354493,7028.13880596251,0.0,0.0,0.0,0.0,0.0,0.0
1769609100.0,7020.25,7020.5,7018.0,7018.5,7019.5863036356495,7018.58193828182,7019.77572864986,7007.75,6988.25,6998.0,6990.68478527084,6974.875441819019,6982.78011354493,7028.051512893059,0.0,0.0,0.0,0.0,0.0,0.0
1769609400.0,7018.5,7021.25,7018.25,7019.0,7019.224931367709,7018.33119215157,7019.367487470779,7007.75,6988.25,6998.0,6990.68478527084,6974.875441819019,6982.78011354493,7027.962952203189,0.0,0.0,0.0,0.0,0.0,0.0
1769609700.0,7019.0,7020.5,7018.5,7019.5,7019.26756191098,7018.27829043704,7019.0477262081195,7007.75,6988.25,6998.0,6990.68478527084,6974.875441819019,6982.78011354493,7027.87985248293,0.0,0.0,0.0,0.0,0.0,0.0
1769610000.0,7019.75,7022.75,7019.5,7022.0,7020.5424678218,7018.885197947489,7019.017105929989,7007.75,6988.25,6998.0,6990.68478527084,6974.875441819019,6982.78011354493,7027.784822940839,0.0,0.0,0.0,0.0,0.0,0.0
1769610300.0,7022.25,7023.5,7021.0,7022.5,7021.61136876351,7019.53689125372,7019.04860553868,7007.75,6988.25,6998.0,6990.68478527084,6974.875441819019,6982.78011354493,7027.60529714295,0.0,0.0,0.0,0.0,0.0,0.0
1769610600.0,7022.75,7029.5,7022.0,7025.75,7023.86473851299,7020.90481026397,7019.42195664876,,,,7015.451789158549,7001.26485432683,7008.358321742689,7027.33368206586,0.0,0.0,0.0,0.0,0.0,0.0
1769610900.0,7026.0,7027.5,7021.5,7023.5,7024.15928792999,7021.49054700858,7019.54436827062,,,,7015.451789158549,7001.26485432683,7008.358321742689,7027.09904672749,0.0,0.0,0.0,0.0,0.0,0.0
1769611200.0,7023.75,7029.75,7023.0,7029.0,7026.963013893959,7023.351392204179,7020.23415078952,,,,7015.451789158549,7001.26485432683,7008.358321742689,7027.109191791859,0.0,0.0,0.0,0.0,0.0,0.0
1769611500.0,7029.0,7031.0,7021.25,7024.0,7026.224146638579,7023.64805322076,7020.365727452429,,,,7015.451789158549,7001.26485432683,7008.358321742689,7026.9830279751295,0.0,0.0,0.0,0.0,0.0,0.0
1769611800.0,7024.0,7029.75,7023.25,7029.5,7028.33452067633,7025.25761527133,7021.06309215845,,,,7015.451789158549,7001.26485432683,7008.358321742689,7027.011450614689,0.0,0.0,0.0,0.0,0.0,0.0
1769612100.0,7029.25,7029.5,7023.0,7023.75,7026.77555119083,7025.149669429459,7021.123267043719,,,,7015.451789158549,7001.26485432683,7008.358321742689,7026.94234032986,0.0,0.0,0.0,0.0,0.0,0.0
1769612400.0,7023.5,7025.75,7020.25,7022.5,7025.07380623839,7024.737958568219,7021.05565790705,,,,7015.451789158549,7001.26485432683,7008.358321742689,7026.72616008472,0.0,0.0,0.0,0.0,0.0,0.0
1769612700.0,7022.75,7023.0,7016.75,7018.5,7021.98335127204,7023.39293445285,7020.584876639699,,,,7015.451789158549,7001.26485432683,7008.358321742689,7026.296055543579,0.0,0.0,0.0,0.0,0.0,0.0
1769613000.0,7018.25,7018.75,7013.25,7013.5,7017.571417284869,7021.03250053959,7019.63595589255,,,,7015.451789158549,7001.26485432683,7008.358321742689,7025.684743141909,0.0,0.0,0.0,0.0,0.0,0.0
1769613300.0,7013.5,7020.25,7012.5,7017.5,7016.78115583544,7020.080204231799,7019.17316197504,,,,7015.451789158549,7001.26485432683,7008.358321742689,7025.242922487219,0.0,0.0,0.0,0.0,0.0,0.0
1769613600.0,7017.5,7023.25,7017.0,7021.0,7018.105128669379,7020.1749241424695,7019.111161166459,,,,7015.451789158549,7001.26485432683,7008.358321742689,7025.071029768559,0.0,0.0,0.0,0.0,0.0,0.0
1769613900.0,7021.25,7021.5,7017.0,7017.25,7017.22305525233,7019.3332465903995,7018.67254472686,,,,7015.451789158549,7001.26485432683,7008.358321742689,7024.8918851279595,0.0,0.0,0.0,0.0,0.0,0.0
1769614200.0,7017.25,7020.25,7013.5,7013.5,7014.913437348129,7017.71873755432,7017.883806136129,7031.0,7012.5,7021.75,7015.451789158549,7001.26485432683,7008.358321742689,7024.599089344149,0.0,0.0,0.0,0.0,0.0,0.0
1769614500.0,7013.5,7019.5,7013.25,7018.25,7015.8598094297495,7017.58450617305,7017.648449399319,7031.0,7012.5,7021.75,7015.451789158549,7001.26485432683,7008.358321742689,7024.40311937141,0.0,0.0,0.0,0.0,0.0,0.0
1769614800.0,7018.25,7018.5,7009.75,7010.25,7012.665947212189,7015.5059504653,7016.610061769379,7031.0,7012.5,7021.75,7015.451789158549,7001.26485432683,7008.358321742689,7024.02070218218,0.0,1.0,0.0,0.0,0.0,0.0
1769615100.0,7010.0,7012.75,7009.25,7010.5,7010.8591191263795,7013.87638420158,7015.6780872523295,7031.0,7012.5,7021.75,7015.451789158549,7001.26485432683,7008.358321742689,7023.65270104645,0.0,0.0,0.0,0.0,0.0,0.0
1769615400.0,7010.5,7011.0,7008.25,7010.0,7009.60748968393,7012.4388762503995,7014.76818467061,7031.0,7012.5,7021.75,7015.451789158549,7001.26485432683,7008.358321742689,7023.29716323424,0.0,0.0,0.0,0.0,0.0,0.0
1769615700.0,7010.0,7011.75,7007.25,7007.5,7007.745431491439,7010.668297061649,7013.67266281638,7031.0,7012.5,7021.75,7015.451789158549,7001.26485432683,7008.358321742689,7023.000059192719,0.0,0.0,0.0,0.0,0.0,0.0
1769616000.0,7007.5,7013.25,7007.5,7012.75,7009.284524379,7010.555417662679,7013.20623471164,7031.0,7012.5,7021.75,7015.451789158549,7001.26485432683,7008.358321742689,7022.72503519769,0.0,0.0,0.0,0.0,0.0,0.0
1769616300.0,7012.75,7015.5,7011.0,7013.5,7010.78266476422,7010.695463608189,7012.860080073589,7031.0,7012.5,7021.75,7015.451789158549,7001.26485432683,7008.358321742689,7022.549603267769,0.0,0.0,0.0,0.0,0.0,0.0
1769616600.0,7013.5,7015.25,7010.5,7012.25,7011.22776955006,7010.5444790928,7012.419167201449,7031.0,7012.5,7021.75,7015.451789158549,7001.26485432683,7008.358321742689,7022.38936231343,0.0,0.0,0.0,0.0,0.0,0.0
1769616900.0,7012.0,7013.25,7009.25,7009.25,7010.11160705489,7009.71532446472,7011.709377204979,7031.0,7012.5,7021.75,7015.451789158549,7001.26485432683,7008.358321742689,7022.2198447076,0.0,0.0,0.0,0.0,0.0,0.0
1769617200.0,7009.5,7011.0,7006.5,7010.0,7009.8232637549,7009.258309848889,7011.137441844269,7031.0,7012.5,7021.75,7015.451789158549,7001.26485432683,7008.358321742689,7021.97803866487,0.0,0.0,0.0,0.0,0.0,0.0
1769617500.0,7009.75,7013.75,7008.25,7013.5,7011.410165476,7009.79344335889,7010.9782435486795,7031.0,7012.5,7021.75,7015.451789158549,7001.26485432683,7008.358321742689,7021.79021307688,0.0,0.0,0.0,0.0,0.0,0.0
1769617800.0,7013.5,7013.5,7005.25,7005.75,7008.6828735451,7008.34812273191,7010.040083412219,7031.0,7012.5,7021.75,7015.451789158549,7001.26485432683,7008.358321742689,7021.46346787851,0.0,0.0,0.0,0.0,0.0,0.0
1769618100.0,7006.0,7007.5,7004.25,7005.75,7006.98288983683,7007.193375117479,7009.17889043749,7031.0,7012.5,7021.75,7015.451789158549,7001.26485432683,7008.358321742689,7021.169035432369,0.0,0.0,0.0,0.0,0.0,0.0
1769618400.0,7005.75,7005.75,7000.0,7000.5,7003.413823125509,7004.977152531979,7007.847120001829,7031.0,7012.5,7021.75,7015.451789158549,7001.26485432683,7008.358321742689,7020.67087970762,0.0,0.0,0.0,0.0,0.0,0.0
1769618700.0,7000.5,7004.0,7000.25,7003.0,7002.471658269589,7003.816715653859,7006.879495516069,7031.0,7012.5,7021.75,7015.451789158549,7001.26485432683,7008.358321742689,7020.329727088229,0.0,0.0,0.0,0.0,0.0,0.0
1769619000.0,7002.75,7003.25,6997.0,6998.25,6999.69867904251,7001.7311792528,7005.50178085375,7031.0,7012.5,7021.75,7015.451789158549,7001.26485432683,7008.358321742689,7019.8647477989,0.0,0.0,0.0,0.0,0.0,0.0
1769619300.0,6998.0,7001.75,6997.75,6999.25,6998.577123264669,7000.31586894208,7004.337767260869,7031.0,7012.5,7021.75,7015.451789158549,7001.26485432683,7008.358321742689,7019.56515819092,0.0,0.0,0.0,0.0,0.0,0.0
1769619600.0,6999.25,7004.25,6999.0,7002.5,6999.62512110762,7000.01910471777,7003.60578216185,7031.0,7012.5,7021.75,7015.451789158549,7001.26485432683,7008.358321742689,7019.292517268709,0.0,0.0,0.0,0.0,0.0,0.0
1769619900.0,7002.5,7004.0,6999.75,7002.5,7000.44993765987,6999.83896459012,7002.94006819258,7031.0,7012.5,7021.75,7015.451789158549,7001.26485432683,7008.358321742689,7019.066505582449,0.0,0.0,0.0,0.0,0.0,0.0
1769620200.0,7002.75,7007.5,7002.25,7006.5,7003.043104968589,7000.74738154438,7002.749689642599,7031.0,7012.5,7021.75,7015.451789158549,7001.26485432683,7008.358321742689,7018.88116652293,0.0,0.0,0.0,0.0,0.0,0.0
1769620500.0,7006.75,7008.25,7004.0,7007.75,7005.373633624759,7001.866090590889,7002.717093454579,7031.0,7012.5,7021.75,7015.451789158549,7001.26485432683,7008.358321742689,7018.75762480645,0.0,0.0,0.0,0.0,0.0,0.0
1769620800.0,7007.75,7008.75,7000.5,7000.5,7003.328327241579,7001.036449540649,7001.95241527057,7031.0,7012.5,7021.75,7015.451789158549,7001.26485432683,7008.358321742689,7018.52195358379,0.0,0.0,0.0,0.0,0.0,0.0
1769621100.0,7000.5,7001.25,6998.75,7000.5,7002.0166785641695,7000.39601384448,7001.2564065138895,7031.0,7012.5,7021.75,7015.451789158549,7001.26485432683,7008.358321742689,7018.2973287572695,0.0,0.0,0.0,0.0,0.0,0.0
1769621400.0,7000.5,7000.5,6997.0,6997.5,6999.74094066606,6999.16666969362,7000.314449171649,7031.0,7012.5,7021.75,7015.451789158549,7001.26485432683,7008.358321742689,7018.07662880112,0.0,0.0,0.0,0.0,0.0,0.0
1769621700.0,6997.75,7000.25,6997.75,6998.75,6998.952338303019,6998.50928988857,6999.583437075549,7031.0,7012.5,7021.75,7015.451789158549,7001.26485432683,7008.358321742689,7017.902525122479,0.0,0.0,0.0,0.0,0.0,0.0
1769622000.0,6998.75,7002.0,6998.0,7000.5,6999.379545273269,6998.450583133779,6999.100609419799,7031.0,7012.5,7021.75,7015.451789158549,7001.26485432683,7008.358321742689,7017.65263857156,0.0,0.0,0.0,0.0,0.0,0.0
1769622300.0,7000.25,7003.0,6999.0,7001.5,7000.209780735069,6998.69882031327,6998.77119628654,7031.0,7012.5,7021.75,7015.451789158549,7001.26485432683,7008.358321742689,7017.48635797432,0.0,0.0,0.0,0.0,0.0,0.0
1769622600.0,7001.5,7006.25,7001.5,7006.25,7003.104344050639,7000.12985220455,6998.97203774179,7031.0,7012.5,7021.75,7015.451789158549,7001.26485432683,7008.358321742689,7017.3692132565,0.0,0.0,0.0,0.0,0.0,0.0
1769622900.0,7006.25,7006.5,7000.25,7000.5,7002.149973890119,6999.920240122099,6998.580350499369,7031.0,7012.5,7021.75,7015.451789158549,7001.26485432683,7008.358321742689,7017.19047575656,0.0,0.0,0.0,0.0,0.0,0.0
1769623200.0,7000.5,7002.75,6997.5,7002.25,7002.3730044954,7000.214522675789,6998.41266542744,7031.0,7012.5,7021.75,7015.451789158549,7001.26485432683,7008.358321742689,7016.99485667412,0.0,0.0,0.0,0.0,0.0,0.0
1769623500.0,7002.25,7004.5,7002.0,7002.75,7002.746685073869,7000.61196627702,6998.32396505999,7031.0,7012.5,7021.75,7015.451789158549,7001.26485432683,7008.358321742689,7016.877208330729,0.0,0.0,0.0,0.0,0.0,0.0
1769623800.0,7002.75,7004.0,7000.0,7003.75,7003.45466217785,7001.21525385245,6998.36016699771,7031.0,7012.5,7021.75,7015.451789158549,7001.26485432683,7008.358321742689,7016.7784716999395,0.0,0.0,0.0,0.0,0.0,0.0
1769624100.0,7003.75,7005.75,7003.0,7005.0,7004.4885321866695,7002.04651047784,6998.53804729488,7031.0,7012.5,7021.75,7015.451789158549,7001.26485432683,7008.358321742689,7016.69242916401,0.0,0.0,0.0,0.0,0.0,0.0
1769624400.0,7005.25,7006.5,7003.75,7004.75,7004.983828624349,7002.687987677299,6998.69221817685,7031.0,7012.5,7021.75,7015.451789158549,7001.26485432683,7008.358321742689,7016.623262364589,0.0,0.0,0.0,0.0,0.0,0.0
1769624700.0,7004.5,7005.25,7002.5,7003.5,7004.63599393509,7002.9189816259795,6998.72053461961,7031.0,7012.5,7021.75,7015.451789158549,7001.26485432683,7008.358321742689,7016.541975538549,0.0,0.0,0.0,0.0,0.0,0.0
1769625000.0,7003.75,7004.75,7001.75,7002.25,7003.753562965039,7002.80751648765,6998.63144784578,7031.0,7012.5,7021.75,7015.451789158549,7001.26485432683,7008.358321742689,7016.445199058349,0.0,0.0,0.0,0.0,0.0,0.0
1769625300.0,7002.25,7005.0,7000.75,7000.75,7002.4251630164,7002.3496492575,6998.4070807401395,7031.0,7012.5,7021.75,7015.451789158549,7001.26485432683,7008.358321742689,7016.346078431369,0.0,0.0,0.0,0.0,0.0,0.0
1769625600.0,7001.0,7003.75,7000.75,7002.0,7002.17917924123,7002.28993540306,6998.34100300451,7031.0,7012.5,7021.75,7015.451789158549,7001.26485432683,7008.358321742689,7016.2681360281495,0.0,0.0,0.0,0.0,0.0,0.0
1769625900.0,7002.25,7002.5,6999.5,7001.0,7001.54354142558,7002.00010477159,6998.189372109329,7031.0,7012.5,7021.75,7015.451789158549,7001.26485432683,7008.358321742689,7016.17375197138,0.0,0.0,0.0,0.0,0.0,0.0
1769626200.0,7001.0,7003.75,7000.5,7001.5,7001.39815874262,7001.893120021249,6998.11303282866,7031.0,7012.5,7021.75,7015.451789158549,7001.26485432683,7008.358321742689,7016.07745342152,0.0,0.0,0.0,0.0,0.0,0.0
1769626500.0,7001.5,7004.5,7000.75,7002.5,7001.81572121669,7002.0616944657795,6998.15819098041,7031.0,7012.5,7021.75,7015.451789158549,7001.26485432683,7008.358321742689,7016.008150918649,0.0,0.0,0.0,0.0,0.0,0.0
1769626800.0,7003.0,7008.75,6992.25,7002.0,7001.85555934412,7002.08396665082,6998.16101006524,7031.0,7012.5,7021.75,7015.451789158549,7001.26485432683,7008.358321742689,7015.678364253309,0.0,0.0,0.0,0.0,0.0,0.0
1769627100.0,7001.75,7004.75,6998.5,7002.75,7002.25701496606,7002.29494908088,6998.253365318569,7031.0,7012.5,7021.75,7015.451789158549,7001.26485432683,7008.358321742689,7015.53487657531,0.0,0.0,0.0,0.0,0.0,0.0
1769627400.0,7002.5,7005.25,7000.0,7001.0,7001.66381124078,7002.03889532808,6998.17025883303,7031.0,7012.5,7021.75,7015.451789158549,7001.26485432683,7008.358321742689,7015.426746792319,0.0,0.0,0.0,0.0,0.0,0.0
1769627700.0,7001.0,7002.5,6997.5,7001.75,7001.65572462723,7002.0180876971,6998.1821337189795,7031.0,7012.5,7021.75,7015.451789158549,7001.26485432683,7008.358321742689,7015.31035687859,0.0,0.0,0.0,0.0,0.0,0.0
1769628000.0,7001.75,7005.25,6997.5,7004.25,7002.8808131856795,7002.6269743341,6998.46297555375,7031.0,7012.5,7021.75,7015.451789158549,7001.26485432683,7008.358321742689,7015.206388193699,0.0,0.0,0.0,0.0,0.0,0.0
1769628300.0,7004.25,7005.5,6993.25,6993.75,6998.536831716629,7000.52131687487,6997.64983207729,7031.0,7012.5,7021.75,7015.451789158549,7001.26485432683,7008.358321742689,7015.02457659819,0.0,0.0,0.0,0.0,0.0,0.0
1769628600.0,6993.5,7012.75,6991.25,7003.0,7000.300965812539,7001.0871169424,6997.86081465093,7031.0,7012.5,7021.75,7015.451789158549,7001.26485432683,7008.358321742689,7014.58225881823,0.0,0.0,0.0,0.0,0.0,0.0
1769628900.0,7003.0,7007.25,6998.5,6999.0,6999.52657740524,7000.568642485299,6997.654521425479,7031.0,7012.5,7021.75,7015.451789158549,7001.26485432683,7008.358321742689,7014.3723633358695,0.0,0.0,0.0,0.0,0.0,0.0
1769629200.0,6999.0,7001.5,6993.5,6999.0,6999.06478925141,7000.1480114099195,6997.47342052738,7031.0,7012.5,7021.75,7015.451789158549,7001.26485432683,7008.358321742689,7014.04352197264,0.0,0.0,0.0,0.0,0.0,0.0
1769629500.0,6999.0,7009.5,6997.25,7006.25,7002.348560081349,7001.612793507819,6998.0650276937795,7031.0,7012.5,7021.75,7015.451789158549,7001.26485432683,7008.358321742689,7013.8624387222,0.0,0.0,0.0,0.0,0.0,0.0
1769629800.0,7006.25,7010.75,7003.75,7008.75,7005.675756464009,7003.451085849701,6998.883750203589,7031.0,7012.5,7021.75,7015.451789158549,7001.26485432683,7008.358321742689,7013.767635874229,0.0,0.0,0.0,0.0,0.0,0.0
1769630100.0,7008.75,7009.25,7000.5,7001.25,7004.08375225416,7003.1025428013,6998.879223911839,7031.0,7012.5,7021.75,7015.451789158549,7001.26485432683,7008.358321742689,7013.640211405769,0.0,0.0,0.0,0.0,0.0,0.0
1769630400.0,7001.25,7009.0,6999.75,7007.25,7005.924015760719,7004.30029344292,6999.50403598428,7031.0,7012.5,7021.75,7015.451789158549,7001.26485432683,7008.358321742689,7013.54318663621,0.0,0.0,0.0,0.0,0.0,0.0
1769630700.0,7007.25,7012.25,7006.75,7011.5,7009.110820807339,7006.338662511809,7000.532684991709,7031.0,7012.5,7021.75,7015.451789158549,7001.26485432683,7008.358321742689,7013.50464221053,0.0,0.0,0.0,0.0,0.0,0.0
1769631000.0,7011.5,7014.25,7009.5,7009.75,7010.1887408311395,7007.571877804289,7001.31579101843,7031.0,7012.5,7021.75,7015.451789158549,7001.26485432683,7008.358321742689,7013.47320839037,0.0,0.0,0.0,0.0,0.0,0.0
1769631300.0,7009.75,7011.75,7007.5,7011.25,7011.475298114139,7008.94055115218,7002.20558194974,7031.0,7012.5,7021.75,7015.451789158549,7001.26485432683,7008.358321742689,7013.443465610129,0.0,0.0,0.0,0.0,0.0,0.0
1769631600.0,7011.25,7015.0,7009.25,7013.0,7013.01107333151,7010.47796126224,7003.21956250108,7031.0,7012.5,7021.75,7015.451789158549,7001.26485432683,7008.358321742689,7013.43355787734,0.0,0.0,0.0,0.0,0.0,0.0
1769631900.0,7013.0,7013.0,7006.0,7006.25,7010.54863892202,7010.035167831729,7003.469515097029,7031.0,7012.5,7021.75,7015.451789158549,7001.26485432683,7008.358321742689,7013.38422611361,0.0,0.0,0.0,0.0,0.0,0.0
1769632200.0,7006.25,7007.75,7003.0,7003.0,7007.266825250779,7008.8252728895395,7003.370156565329,7031.0,7012.5,7021.75,7015.451789158549,7001.26485432683,7008.358321742689,7013.278235593019,0.0,0.0,0.0,0.0,0.0,0.0
1769632500.0,7003.0,7008.5,7002.25,7007.0,7007.07266341733,7008.79011871266,7003.695180154519,7031.0,7012.5,7021.75,7015.451789158549,7001.26485432683,7008.358321742689,7013.187276200079,0.0,0.0,0.0,0.0,0.0,0.0
1769632800.0,7007.0,7007.5,7002.5,7003.25,7005.11299084817,7007.802891227049,7003.61354449494,7031.0,7012.5,7021.75,7015.451789158549,7001.26485432683,7008.358321742689,7013.101447414039,0.0,0.0,0.0,0.0,0.0,0.0
1769633100.0,7003.0,7006.75,7001.25,7001.75,7003.146278802729,7006.592130948139,7003.38612742983,7031.0,7012.5,7021.75,7015.451789158549,7001.26485432683,7008.358321742689,7012.983944005329,0.0,0.0,0.0,0.0,0.0,0.0
1769633400.0,7001.75,7012.0,6999.25,7009.75,7005.84933036775,7007.56556198731,7004.0051068965695,7031.0,7012.5,7021.75,7015.451789158549,7001.26485432683,7008.358321742689,7012.823705091249,0.0,0.0,0.0,0.0,0.0,0.0
1769633700.0,7010.0,7014.0,7002.75,7006.5,7006.0353888956,7007.547595125579,7004.248009537189,7031.0,7012.5,7021.75,7015.451789158549,7001.26485432683,7008.358321742689,7012.514384729039,0.0,0.0,0.0,0.0,0.0,0.0
1769634000.0,7006.5,7011.25,6977.25,6988.5,6997.3811137903795,7003.04060608254,7002.616174741839,7031.0,7012.5,7021.75,7015.451789158549,7001.26485432683,7008.358321742689,7011.82503531768,0.0,0.0,0.0,0.0,0.0,0.0
1769634300.0,6988.5,7005.0,6983.25,7004.75,6999.871583565639,7003.35322926561,7002.78173823941,7031.0,7012.5,7021.75,7015.451789158549,7001.26485432683,7008.358321742689,7011.65257175227,0.0,0.0,0.0,0.0,0.0,0.0
1769634600.0,7005.0,7011.0,7002.75,7010.25,7004.29218119455,7004.98577557277,7003.507949179319,7031.0,7012.5,7021.75,7015.451789158549,7001.26485432683,7008.358321742689,7011.62664772872,0.0,0.0,0.0,0.0,0.0,0.0
1769634900.0,7010.0,7013.75,7008.0,7013.5,7008.7629246815695,7007.1444889821,7004.52243300379,7031.0,7012.5,7021.75,7015.451789158549,7001.26485432683,7008.358321742689,7011.62712104157,0.0,0.0,0.0,0.0,0.0,0.0
1769635200.0,7013.5,7019.25,7012.0,7017.5,7013.5362821278395,7009.9152253046595,7005.88167425719,7031.0,7012.5,7021.75,7015.451789158549,7001.26485432683,7008.358321742689,7011.64688907827,0.0,0.0,0.0,0.0,0.0,0.0
1769635500.0,7017.5,7021.75,7017.0,7021.5,7018.4158584898,7013.18011253776,7007.5604317741,7031.0,7012.5,7021.75,7015.451789158549,7001.26485432683,7008.358321742689,7011.67408838107,0.0,0.0,0.0,0.0,0.0,0.0
1769635800.0,7021.25,7023.0,7017.0,7019.5,7020.35501612705,7015.34752365799,7008.914814294049,7031.0,7012.5,7021.75,7015.451789158549,7001.26485432683,7008.358321742689,7011.704031305039,0.0,0.0,0.0,0.0,0.0,0.0
1769636100.0,7019.75,7020.25,7017.75,7018.25,7020.738166853939,7016.7829562799,7010.04382339716,7031.0,7012.5,7021.75,7015.451789158549,7001.26485432683,7008.358321742689,7011.71889558888,0.0,0.0,0.0,0.0,0.0,0.0
1769636400.0,7018.0,7020.0,7016.5,7018.25,7020.744889032309,7017.91785556908,7011.09144367314,7031.0,7012.5,7021.75,7015.451789158549,7001.26485432683,7008.358321742689,7011.73275936895,0.0,0.0,0.0,0.0,0.0,0.0
1769636700.0,7018.5,7022.0,7016.75,7018.5,7020.66022157502,7018.862947896369,7012.08834089013,7031.0,7012.5,7021.75,7015.451789158549,7001.26485432683,7008.358321742689,7011.750383071149,0.0,0.0,0.0,0.0,0.0,0.0
1769637000.0,7018.5,7019.25,7014.25,7014.75,7018.59428626724,7018.654232731599,7012.62381245649,7031.0,7012.5,7021.75,7015.451789158549,7001.26485432683,7008.358321742689,7011.757296529559,0.0,0.0,0.0,0.0,0.0,0.0
1769637300.0,7014.75,7018.5,7014.5,7016.75,7018.11404480188,7018.9231722966,7013.323971816109,7031.0,7012.5,7021.75,7015.451789158549,7001.26485432683,7008.358321742689,7011.76868669121,0.0,0.0,0.0,0.0,0.0,0.0
1769641200.0,7021.5,7022.0,7015.25,7016.75,7017.71671133781,7019.0922955062,7013.97008429142,7031.0,7012.5,7021.75,7015.451789158549,7001.26485432683,7008.358321742689,7018.0,0.0,0.0,0.0,0.0,0.0,0.0
1769641500.0,7016.75,7016.75,7009.0,7009.75,7013.97941575996,7017.439930007749,7013.841916239609,7031.0,7012.5,7021.75,7015.451789158549,7001.26485432683,7008.358321742689,7015.57458079971,0.0,0.0,0.0,0.0,0.0,0.0
1769641800.0,7009.75,7010.75,6997.0,6997.5,7005.59690299389,7012.98312776429,7012.4509932793,7031.0,7012.5,7021.75,7015.451789158549,7001.26485432683,7008.358321742689,7010.5080692231395,0.0,0.0,0.0,0.0,0.0,0.0
1769642100.0,6997.25,7008.25,6997.0,7006.75,7004.86104513116,7011.572900274239,7012.108872242539,7031.0,7012.5,7021.75,7015.451789158549,7001.26485432683,7008.358321742689,7008.925468239239,0.0,0.0,0.0,0.0,0.0,0.0
1769642400.0,7006.75,7012.5,7006.25,7009.75,7006.04391543561,7011.14198826526,7012.09672174668,7031.0,7012.5,7021.75,7015.451789158549,7001.26485432683,7008.358321742689,7009.00452380952,0.0,0.0,0.0,0.0,0.0,0.0
1769642700.0,7009.75,7010.25,7002.0,7005.25,7004.76780472651,7009.66057420151,7011.616366065659,7031.0,7012.5,7021.75,7015.451789158549,7001.26485432683,7008.358321742689,7008.57170466134,0.0,0.0,0.0,0.0,0.0,0.0
1769643000.0,7005.5,7005.75,7003.0,7004.5,7003.731268814419,7008.24885300553,7011.08850173579,7031.0,7012.5,7021.75,7015.451789158549,7001.26485432683,7008.358321742689,7008.29999077661,0.0,0.0,0.0,0.0,0.0,0.0
1769643300.0,7004.75,7006.0,7001.5,7002.0,7001.999344782729,7006.46688941424,7010.33602614672,7031.0,7012.5,7021.75,7015.451789158549,7001.26485432683,7008.358321742689,7007.992845993759,0.0,0.0,0.0,0.0,0.0,0.0
1769643600.0,7002.25,7005.25,7000.0,7001.25,7000.685507374839,7004.82187667689,7009.556131350149,7031.0,7012.5,7021.75,7015.451789158549,7001.26485432683,7008.358321742689,7007.43503489375,0.0,0.0,0.0,0.0,0.0,0.0
1769643900.0,7001.25,7006.5,7001.25,7006.25,7002.45488534976,7004.72785895993,7009.345715552359,7031.0,7012.5,7021.75,7015.451789158549,7001.26485432683,7008.358321742689,7007.21282273186,0.0,0.0,0.0,0.0,0.0,0.0
1769644200.0,7006.5,7007.5,7002.5,7006.0,7003.60721520848,7004.61331660783,7009.12258854432,7031.0,7012.5,7021.75,7015.451789158549,7001.26485432683,7008.358321742689,7006.974144263259,0.0,0.0,0.0,0.0,0.0,0.0
1769644500.0,7006.25,7007.5,6994.5,6996.0,6999.55891640474,7002.056560026719,7007.88004321789,7031.0,7012.5,7021.75,7015.451789158549,7001.26485432683,7008.358321742689,7005.70488790886,0.0,0.0,0.0,0.0,0.0,0.0
1769644800.0,6996.0,6998.75,6985.75,6988.25,6993.29844747017,6998.0465642758,7005.922758820429,7031.0,7012.5,7021.75,7015.451789158549,7001.26485432683,7008.358321742689,7002.958016273369,0.0,0.0,0.0,0.0,0.0,0.0
1769645100.0,6988.25,6995.25,6986.5,6993.25,6991.9320486180495,6996.02099687512,7004.620032797,7031.0,7012.5,7021.75,7015.451789158549,7001.26485432683,7008.358321742689,7002.014453150509,0.0,0.0,0.0,0.0,0.0,0.0
1769645400.0,6993.0,6997.75,6992.25,6993.75,6991.548062739809,6994.528825374369,7003.462105697459,7031.0,7012.5,7021.75,7015.451789158549,7001.26485432683,7008.358321742689,7001.61422269998,0.0,0.0,0.0,0.0,0.0,0.0
1769645700.0,6993.5,6996.0,6990.25,6992.25,6990.80062233363,6992.98584575272,7002.23303770576,7031.0,7012.5,7021.75,7015.451789158549,7001.26485432683,7008.358321742689,7001.22092789954,0.0,0.0,0.0,0.0,0.0,0.0
1769646000.0,6992.25,6997.25,6991.0,6996.25,6992.4844220327095,6992.772910009049,7001.507205608619,7031.0,7012.5,7021.75,7015.451789158549,7001.26485432683,7008.358321742689,7001.00460666598,0.0,0.0,0.0,0.0,0.0,0.0
1769646300.0,6996.25,6999.0,6994.25,6999.0,6995.074026120719,6993.34913427744,7001.12080514134,7031.0,7012.5,7021.75,7015.451789158549,7001.26485432683,7008.358321742689,7000.91205940836,0.0,0.0,0.0,0.0,0.0,0.0
1769646600.0,6999.25,6999.25,6993.25,6995.0,6994.88149102174,6992.894515514609,7000.3526784898295,7031.0,7012.5,7021.75,7015.451789158549,7001.26485432683,7008.358321742689,7000.720682872599,0.0,0.0,0.0,0.0,0.0,0.0
1769646900.0,6995.25,6996.5,6991.75,6994.75,6994.6994723811495,6992.51698588395,6999.617572393309,7031.0,7012.5,7021.75,7015.451789158549,7001.26485432683,7008.358321742689,7000.53357407465,0.0,0.0,0.0,0.0,0.0,0.0
1769647200.0,6995.0,6995.25,6992.5,6993.5,6994.02817232682,6991.95333721861,6998.8103022439,7031.0,7012.5,7021.75,7015.451789158549,7001.26485432683,7008.358321742689,7000.42735337378,0.0,0.0,0.0,0.0,0.0,0.0
1769647500.0,6993.25,6994.5,6992.0,6993.0,6993.4079500156895,6991.42154485434,6998.013952775839,7031.0,7012.5,7021.75,7015.451789158549,7001.26485432683,7008.358321742689,7000.3160616941195,0.0,0.0,0.0,0.0,0.0,0.0
1769647800.0,6993.25,6995.5,6992.75,6995.25,6994.16511902932,6991.5994972830895,6997.512518963509,7031.0,7012.5,7021.75,7015.451789158549,7001.26485432683,7008.358321742689,7000.1661253025295,0.0,0.0,0.0,0.0,0.0,0.0
1769648100.0,6995.0,6999.25,6995.0,6999.25,6996.64544587156,6992.7968928151,6997.46657576277,7031.0,7012.5,7021.75,7015.451789158549,7001.26485432683,7008.358321742689,7000.07867200468,0.0,0.0,0.0,0.0,0.0,0.0
1769648400.0,6999.5,6999.75,6996.5,6998.25,6997.74691196349,6993.586908143469,6997.32742795537,7031.0,7012.5,7021.75,7015.451789158549,7001.26485432683,7008.358321742689,6999.989844691449,0.0,0.0,0.0,0.0,0.0,0.0
1769648700.0,6998.25,6999.75,6997.0,6998.0,6998.293873582,6994.21917922919,6997.179057134999,7031.0,7012.5,7021.75,7015.451789158549,7001.26485432683,7008.358321742689,6999.9479301054,0.0,0.0,0.0,0.0,0.0,0.0
1769649000.0,6998.0,6999.75,6995.75,6997.75,6998.471693913119,6994.71522655419,6997.0220743788495,7031.0,7012.5,7021.75,7015.451789158549,7001.26485432683,7008.358321742689,6999.87146336298,0.0,0.0,0.0,0.0,0.0,0.0
1769649300.0,6997.5,6998.25,6993.5,6994.25,6996.82424703937,6994.2856041163295,6996.52112942243,7031.0,7012.5,7021.75,7015.451789158549,7001.26485432683,7008.358321742689,6999.74641665637,0.0,0.0,0.0,0.0,0.0,0.0
1769649600.0,6994.5,6996.25,6990.75,6991.25,6994.27300385528,6993.21331671123,6995.752149588509,7031.0,7012.5,7021.75,7015.451789158549,7001.26485432683,7008.358321742689,6999.526695310819,0.0,0.0,0.0,0.0,0.0,0.0
1769649900.0,6991.0,6993.0,6987.0,6992.0,6993.018162220599,6992.5443821428,6995.121907623719,7031.0,7012.5,7021.75,7015.451789158549,7001.26485432683,7008.358321742689,6999.114774957779,0.0,0.0,0.0,0.0,0.0,0.0
1769650200.0,6992.0,6994.5,6989.5,6990.0,6991.285436411449,6991.527247293479,6994.336831721769,7031.0,7012.5,7021.75,7015.451789158549,7001.26485432683,7008.358321742689,6998.83170764787,0.0,0.0,0.0,0.0,0.0,0.0
1769650500.0,6990.25,6993.0,6988.75,6990.25,6990.3679538978395,6990.78400699876,6993.640754225749,7031.0,7012.5,7021.75,7015.451789158549,7001.26485432683,7008.358321742689,6998.65341630273,0.0,0.0,0.0,0.0,0.0,0.0
1769650800.0,6990.5,6993.0,6990.25,6991.25,6990.35435050178,6990.4557937489,6993.10537704062,7031.0,7012.5,7021.75,7015.451789158549,7001.26485432683,7008.358321742689,6998.546542553189,0.0,0.0,0.0,0.0,0.0,0.0
1769651100.0,6991.25,6993.75,6990.0,6991.5,6990.55011316307,6990.28441435469,6992.64221923281,7031.0,7012.5,7021.75,7015.451789158549,7001.26485432683,7008.358321742689,6998.41698368153,0.0,0.0,0.0,0.0,0.0,0.0
1769651400.0,6991.5,6993.5,6990.75,6993.25,6991.598311023659,6990.614621889499,6992.401470805709,7031.0,7012.5,7021.75,7015.451789158549,7001.26485432683,7008.358321742689,6998.329131681339,0.0,0.0,0.0,0.0,0.0,0.0
1769651700.0,6993.5,6995.0,6992.25,6994.75,6993.0471566405895,6991.29455585071,6992.34177757815,7031.0,7012.5,7021.75,7015.451789158549,7001.26485432683,7008.358321742689,6998.27926678678,0.0,0.0,0.0,0.0,0.0,0.0
1769652000.0,6994.75,6998.75,6993.5,6998.25,6995.69607671149,6992.7563109371995,6992.657084922739,7031.0,7012.5,7021.75,7015.451789158549,7001.26485432683,7008.358321742689,6998.243275430979,0.0,0.0,0.0,0.0,0.0,0.0
1769652300.0,6998.25,6998.75,6995.75,6997.5,6996.994378601749,6993.800147471229,6992.881495035849,7031.0,7012.5,7021.75,7015.451789158549,7001.26485432683,7008.358321742689,6998.22991344938,0.0,0.0,0.0,0.0,0.0,0.0
1769652600.0,6997.5,6998.25,6995.0,6997.0,6997.51418555812,6994.553166850859,6993.046814253739,7031.0,7012.5,7021.75,7015.451789158549,7001.26485432683,7008.358321742689,6998.20852421936,0.0,0.0,0.0,0.0,0.0,0.0
1769652900.0,6997.0,6999.25,6997.0,6998.0,6998.25722970042,6995.43337336648,6993.311887977809,7031.0,7012.5,7021.75,7015.451789158549,7001.26485432683,7008.358321742689,6998.2068246134795,0.0,0.0,0.0,0.0,0.0,0.0
1769653200.0,6998.25,7003.5,6996.75,7003.0,7001.091236853499,6997.408596681969,6994.082811738839,7031.0,7012.5,7021.75,7015.451789158549,7001.26485432683,7008.358321742689,6998.29257319489,0.0,0.0,0.0,0.0,0.0,0.0
1769653500.0,7003.25,7005.75,7001.25,7005.0,7003.77235042937,6999.535116977489,6995.013417884959,7031.0,7012.5,7021.75,7015.451789158549,7001.26485432683,7008.358321742689,6998.46960822653,0.0,0.0,0.0,0.0,0.0,0.0
1769653800.0,7005.25,7005.75,7004.0,7004.75,7005.21616787836,7001.21692632926,6995.8590866797795,7031.0,7012.5,7021.75,7015.451789158549,7001.26485432683,7008.358321742689,6998.5631203003095,0.0,0.0,0.0,0.0,0.0,0.0
1769654100.0,7004.5,7005.75,7004.0,7004.5,7005.846603352689,7002.52227891171,6996.62490963759,7031.0,7012.5,7021.75,7015.451789158549,7001.26485432683,7008.358321742689,6998.6433360416695,0.0,0.0,0.0,0.0,0.0,0.0
1769654400.0,7004.75,7004.75,7003.0,7003.75,7005.71424913982,7003.38571190116,6997.26402304721,7031.0,7012.5,7021.75,7015.451789158549,7001.26485432683,7008.358321742689,6998.696703851349,0.0,0.0,0.0,0.0,0.0,0.0
1769654700.0,7003.5,7003.5,7001.0,7001.0,7004.13539745213,7003.382449377759,6997.57790662085,7031.0,7012.5,7021.75,7015.451789158549,7001.26485432683,7008.358321742689,6998.73440194057,0.0,0.0,0.0,0.0,0.0,0.0
1769655000.0,7001.25,7003.25,7001.25,7002.5,7003.74305645324,7003.7191742142595,6998.02817570736,7031.0,7012.5,7021.75,7015.451789158549,7001.26485432683,7008.358321742689,6998.759592950059,0.0,0.0,0.0,0.0,0.0,0.0
1769655300.0,7002.5,7006.25,7001.75,7003.0,7003.65706793928,7004.088828964919,6998.501496261119,7031.0,7012.5,7021.75,7015.451789158549,7001.26485432683,7008.358321742689,6998.8976016465695,0.0,0.0,0.0,0.0,0.0,0.0
1769655600.0,7003.0,7006.25,7003.0,7004.75,7004.39361815953,7004.796298732799,6999.12499257327,7031.0,7012.5,7021.75,7015.451789158549,7001.26485432683,7008.358321742689,6998.97118879279,0.0,0.0,0.0,0.0,0.0,0.0
1769655900.0,7005.0,7005.75,7003.75,7004.0,7004.439558043519,7005.16010746062,6999.62920170257,7031.0,7012.5,7021.75,7015.451789158549,7001.26485432683,7008.358321742689,6999.010004531159,0.0,0.0,0.0,0.0,0.0,0.0
1769656200.0,7004.0,7006.25,7003.25,7006.0,7005.387611223059,7005.92278980371,7000.3062126736195,7031.0,7012.5,7021.75,7015.451789158549,7001.26485432683,7008.358321742689,6999.0910388127795,0.0,0.0,0.0,0.0,0.0,0.0
1769656500.0,7006.0,7008.0,7006.0,7008.0,7006.91184798946,7007.01402787395,7001.14336566082,7031.0,7012.5,7021.75,7015.451789158549,7001.26485432683,7008.358321742689,6999.181480585429,0.0,0.0,0.0,0.0,0.0,0.0
1769656800.0,7008.0,7009.0,7007.75,7008.0,7007.81327534472,7007.87665085709,7001.9220403951595,7031.0,7012.5,7021.75,7015.451789158549,7001.26485432683,7008.358321742689,6999.238307404359,0.0,0.0,0.0,0.0,0.0,0.0
1769657100.0,7007.75,7008.0,7006.25,7006.75,7007.69356963376,7008.236656972909,7002.516447143919,7031.0,7012.5,7021.75,7015.451789158549,7001.26485432683,7008.358321742689,6999.295074626099,0.0,0.0,0.0,0.0,0.0,0.0
1769657400.0,7006.75,7008.5,7006.75,7008.25,7008.26794462978,7008.8643086831,7003.223180579969,7031.0,7012.5,7021.75,7015.451789158549,7001.26485432683,7008.358321742689,6999.345131309729,0.0,0.0,0.0,0.0,0.0,0.0
1769657700.0,7008.25,7008.5,7005.75,7006.0,7007.463810391129,7008.780333107529,7003.646215531289,7031.0,7012.5,7021.75,7015.451789158549,7001.26485432683,7008.358321742689,6999.395005980249,0.0,0.0,0.0,0.0,0.0,0.0
1769658000.0,7006.25,7009.5,7006.25,7009.5,7008.597798902039,7009.53910405638,7004.39932872804,7031.0,7012.5,7021.75,7015.451789158549,7001.26485432683,7008.358321742689,6999.47009126912,0.0,0.0,0.0,0.0,0.0,0.0
1769658300.0,7009.25,7009.75,7007.0,7008.25,7008.65938906436,7009.81360417198,7004.96792686895,7031.0,7012.5,7021.75,7015.451789158549,7001.26485432683,7008.358321742689,6999.53667235307,0.0,0.0,0.0,0.0,0.0,0.0
1769658600.0,7008.5,7008.75,7006.5,7007.0,7008.032230782809,7009.68758291942,7005.36443805564,7031.0,7012.5,7021.75,7015.451789158549,7001.26485432683,7008.358321742689,6999.60656195618,0.0,0.0,0.0,0.0,0.0,0.0
1769658900.0,7007.0,7008.75,7007.0,7008.75,7008.44339991302,7009.97850209343,7005.910659251689,7031.0,7012.5,7021.75,7015.451789158549,7001.26485432683,7008.358321742689,6999.64687126345,0.0,0.0,0.0,0.0,0.0,0.0
1769659200.0,7008.75,7009.0,7008.25,7008.75,7008.67388388921,7010.1805357904095,7006.41485882402,7031.0,7012.5,7021.75,7015.451789158549,7001.26485432683,7008.358321742689,6999.69929115484,0.0,0.0,0.0,0.0,0.0,0.0
1769659500.0,7008.75,7009.25,7008.0,7008.75,7008.78849566189,7010.31000821209,7006.87960318302,7031.0,7012.5,7021.75,7015.451789158549,7001.26485432683,7008.358321742689,6999.74524748138,0.0,0.0,0.0,0.0,0.0,0.0
1769659800.0,7008.5,7009.5,7008.0,7009.25,7009.07555327673,7010.505119305009,7007.35900062125,7031.0,7012.5,7021.75,7015.451789158549,7001.26485432683,7008.358321742689,6999.786970287149,0.0,0.0,0.0,0.0,0.0,0.0
1769660100.0,7009.0,7012.25,7009.0,7012.25,7010.694444744589,7011.37741680517,7008.1101043718,7031.0,7012.5,7021.75,7015.451789158549,7001.26485432683,7008.358321742689,6999.9172808908,0.0,0.0,0.0,0.0,0.0,0.0
1769660400.0,7012.25,7013.5,7010.75,7011.75,7011.443314874589,7011.9383076696795,7008.7516529444,7031.0,7012.5,7021.75,7015.451789158549,7001.26485432683,7008.358321742689,7000.05458451704,0.0,0.0,0.0,0.0,0.0,0.0
1769660700.0,7011.75,7012.0,7011.0,7011.25,7011.61930506709,7012.240383688119,7009.29084258826,7031.0,7012.5,7021.75,7015.451789158549,7001.26485432683,7008.358321742689,7000.12483765775,0.0,0.0,0.0,0.0,0.0,0.0
1769661000.0,7011.5,7013.25,7011.5,7013.0,7012.52672331102,7012.88812493095,7009.967024980479,7031.0,7012.5,7021.75,7015.451789158549,7001.26485432683,7008.358321742689,7000.199311714189,0.0,0.0,0.0,0.0,0.0,0.0
1769661300.0,7013.0,7013.75,7012.5,7013.5,7013.290047433439,7013.510469570419,7010.640987269079,7031.0,7012.5,7021.75,7015.451789158549,7001.26485432683,7008.358321742689,7000.246025587249,0.0,0.0,0.0,0.0,0.0,0.0
1769661600.0,7013.75,7014.5,7013.25,7013.25,7013.58788927744,7013.924362101139,7011.234917934369,7031.0,7012.5,7021.75,7015.451789158549,7001.26485432683,7008.358321742689,7000.30468974766,0.0,0.0,0.0,0.0,0.0,0.0
1769661900.0,7013.25,7014.0,7013.0,7013.75,7013.95372552889,7014.35218615755,7011.83154996291,7031.0,7012.5,7021.75,7015.451789158549,7001.26485432683,7008.358321742689,7000.35349542527,0.0,0.0,0.0,0.0,0.0,0.0
1769662200.0,7013.75,7016.0,7013.25,7016.0,7015.22069814259,7015.2269048749495,7012.611213859,7031.0,7012.5,7021.75,7015.451789158549,7001.26485432683,7008.358321742689,7000.4682286291,0.0,0.0,0.0,0.0,0.0,0.0
1769662500.0,7015.75,7015.75,7015.25,7015.5,7015.71552183678,7015.78611005057,7013.27639263282,7031.0,7012.5,7021.75,7015.451789158549,7001.26485432683,7008.358321742689,7000.50804761774,0.0,0.0,0.0,0.0,0.0,0.0
1769662800.0,7015.5,7016.0,7013.5,7014.75,7015.5878194453,7016.02120928157,7013.80882807054,7031.0,7012.5,7021.75,7015.451789158549,7001.26485432683,7008.358321742689,7000.62014316321,0.0,0.0,0.0,0.0,0.0,0.0
1769663100.0,7015.0,7015.5,7013.5,7014.0,7015.0699621911,7015.9889041323595,7014.21749320859,7031.0,7012.5,7021.75,7015.451789158549,7001.26485432683,7008.358321742689,7000.67186016225,0.0,0.0,0.0,0.0,0.0,0.0
1769663400.0,7013.75,7014.25,7012.25,7013.75,7014.563643104099,7015.861826763229,7014.56252410636,7031.0,7012.5,7021.75,7015.451789158549,7001.26485432683,7008.358321742689,7000.74509036957,0.0,0.0,0.0,0.0,0.0,0.0
1769663700.0,7013.75,7015.5,7013.75,7015.25,7014.9373795989195,7016.09429511293,7015.029121703769,7031.0,7012.5,7021.75,7015.451789158549,7001.26485432683,7008.358321742689,7000.7941347778,0.0,0.0,0.0,0.0,0.0,0.0
1769664000.0,7015.25,7016.0,7014.75,7014.75,7014.90533691938,7016.1284125271395,7015.40186713392,7031.0,7012.5,7021.75,7015.451789158549,7001.26485432683,7008.358321742689,7000.860857660159,0.0,0.0,0.0,0.0,0.0,0.0
1769664300.0,7014.5,7016.75,7014.25,7016.25,7015.5916250458895,7016.49740072434,7015.89389512601,7031.0,7012.5,7021.75,7015.451789158549,7001.26485432683,7008.358321742689,7000.94247673789,0.0,0.0,0.0,0.0,0.0,0.0
1769664600.0,7016.25,7017.75,7016.25,7017.0,7016.36959157956,7016.95762464516,7016.419136423319,7031.0,7012.5,7021.75,7015.451789158549,7001.26485432683,7008.358321742689,7001.04690901079,0.0,0.0,0.0,0.0,0.0,0.0
1769664900.0,7017.0,7019.0,7017.0,7018.25,7017.440632205569,7017.61751885707,7017.026705005769,7031.0,7012.5,7021.75,7015.451789158549,7001.26485432683,7008.358321742689,7001.145869473789,0.0,0.0,0.0,0.0,0.0,0.0
1769665200.0,7018.25,7019.5,7018.25,7019.5,7018.68681348411,7018.44164751801,7017.7105468492,7031.0,7012.5,7021.75,7015.451789158549,7001.26485432683,7008.358321742689,7001.238503492969,0.0,0.0,0.0,0.0,0.0,0.0
1769665500.0,7019.5,7019.5,7018.5,7019.0,7019.175569415889,7018.964682875429,7018.284091271789,7031.0,7012.5,7021.75,7015.451789158549,7001.26485432683,7008.358321742689,7001.306743985129,0.0,0.0,0.0,0.0,0.0,0.0
1769665800.0,7018.75,7019.75,7018.5,7019.75,7019.78228839791,7019.548558140839,7018.883963643169,7031.0,7012.5,7021.75,7015.451789158549,7001.26485432683,7008.358321742689,7001.377135684909,0.0,0.0,0.0,0.0,0.0,0.0
1769666100.0,7019.75,7019.75,7016.25,7017.75,7019.12204738034,7019.49827954947,7019.22379772727,7031.0,7012.5,7021.75,7015.451789158549,7001.26485432683,7008.358321742689,7001.50192376195,0.0,0.0,0.0,0.0,0.0,0.0
1769666400.0,7017.75,7020.75,7017.5,7020.75,7020.1028115297595,7020.16825377552,7019.838473566069,7031.0,7012.5,7021.75,7015.451789158549,7001.26485432683,7008.358321742689,7001.642323760119,0.0,0.0,0.0,0.0,0.0,0.0
1769666700.0,7020.75,7022.0,7020.5,7022.0,7021.28494836089,7020.99887064819,7020.527651425879,7031.0,7012.5,7021.75,7015.451789158549,7001.26485432683,7008.358321742689,7001.78563410829,0.0,0.0,0.0,0.0,0.0,0.0
1769667000.0,7022.0,7022.75,7021.75,7022.75,7022.33896618775,7021.836358033949,7021.234111676519,7031.0,7012.5,7021.75,7015.451789158549,7001.26485432683,7008.358321742689,7001.96256418317,0.0,0.0,0.0,0.0,0.0,0.0
1769667300.0,7023.0,7023.75,7022.0,7022.25,7022.689057500919,7022.366799624129,7021.827097321059,7031.0,7012.5,7021.75,7015.451789158549,7001.26485432683,7008.358321742689,7002.100662219939,0.0,0.0,0.0,0.0,0.0,0.0
1769667600.0,7022.0,7022.5,7021.25,7021.5,7022.4648164825,7022.580294343919,7022.2884333394895,7031.0,7012.5,7021.75,7015.451789158549,7001.26485432683,7008.358321742689,7002.24150720719,0.0,0.0,0.0,0.0,0.0,0.0
1769667900.0,7021.25,7021.5,7019.25,7020.75,7021.88411984437,7022.53241002459,7022.6271665163795,7031.0,7012.5,7021.75,7015.451789158549,7001.26485432683,7008.358321742689,7002.405094470249,0.0,0.0,0.0,0.0,0.0,0.0
1769668200.0,7020.75,7022.75,7020.0,7021.5,7021.82623742055,7022.643483605179,7023.006859741689,7031.0,7012.5,7021.75,7015.451789158549,7001.26485432683,7008.358321742689,7002.51589832565,0.0,0.0,0.0,0.0,0.0,0.0
1769668500.0,7021.75,7022.0,7019.5,7020.5,7021.2634457471795,7022.45280747523,7023.243710625929,7031.0,7012.5,7021.75,7015.451789158549,7001.26485432683,7008.358321742689,7002.6087879671895,0.0,0.0,0.0,0.0,0.0,0.0
1769668800.0,7020.5,7021.25,7018.5,7019.25,7020.268563306079,7021.95293408161,7023.321898004239,7031.0,7012.5,7021.75,7015.451789158549,7001.26485432683,7008.358321742689,7002.69933376056,0.0,0.0,0.0,0.0,0.0,0.0
1769669100.0,7019.5,7020.25,7017.25,7019.25,7019.62776965934,7021.51211093399,7023.3818771532,7031.0,7012.5,7021.75,7015.451789158549,7001.26485432683,7008.358321742689,7002.81575451275,0.0,0.0,0.0,0.0,0.0,0.0
1769669400.0,7019.25,7019.25,7017.25,7017.75,7018.499889857289,7020.75119285974,7023.2700750182,7031.0,7012.5,7021.75,7015.451789158549,7001.26485432683,7008.358321742689,7002.860891343899,0.0,0.0,0.0,0.0,0.0,0.0
1769669700.0,7018.0,7020.25,7017.75,7020.0,7018.90792232429,7020.662883606519,7023.386417320519,7031.0,7012.5,7021.75,7015.451789158549,7001.26485432683,7008.358321742689,7002.91062258605,0.0,0.0,0.0,0.0,0.0,0.0
1769670000.0,7019.75,7021.75,7019.0,7020.0,7019.20464311787,7020.574336580419,7023.48257423989,7031.0,7012.5,7021.75,7015.451789158549,7001.26485432683,7008.358321742689,7003.015509047849,0.0,0.0,0.0,0.0,0.0,0.0
1769670300.0,7019.75,7020.25,7018.75,7019.75,7019.29787622718,7020.425070432109,7023.53427387364,7031.0,7012.5,7021.75,7015.451789158549,7001.26485432683,7008.358321742689,7003.04708660858,0.0,0.0,0.0,0.0,0.0,0.0
1769670600.0,7019.75,7021.5,7018.75,7020.25,7019.62084438897,7020.413845649649,7023.622333456499,7031.0,7012.5,7021.75,7015.451789158549,7001.26485432683,7008.358321742689,7003.127570076939,0.0,0.0,0.0,0.0,0.0,0.0
1769670900.0,7020.0,7020.25,7018.0,7018.5,7018.986881453679,7019.95857540399,7023.51181567325,7031.0,7012.5,7021.75,7015.451789158549,7001.26485432683,7008.358321742689,7003.20421527818,0.0,0.0,0.0,0.0,0.0,0.0
1769671200.0,7018.5,7019.5,7017.5,7018.25,7018.4750068903295,7019.511463940439,7023.3719362075,7031.0,7012.5,7021.75,7015.451789158549,7001.26485432683,7008.358321742689,7003.28653201009,0.0,0.0,0.0,0.0,0.0,0.0
1769671500.0,7018.0,7021.75,7018.0,7021.75,7019.88107647288,7020.006694906309,7023.59269231859,7031.0,7012.5,7021.75,7015.451789158549,7001.26485432683,7008.358321742689,7003.48711771938,0.0,0.0,0.0,0.0,0.0,0.0
1769671800.0,7021.75,7024.25,7021.0,7023.75,7021.76985360976,7020.90818701008,7023.99393063477,7031.0,7012.5,7021.75,7015.451789158549,7001.26485432683,7008.358321742689,7003.72066521658,0.0,0.0,0.0,0.0,0.0,0.0
1769672100.0,7023.75,7027.5,7023.75,7027.0,7024.54318536335,7022.453485797319,7024.6921594652395,7031.0,7012.5,7021.75,7015.451789158549,7001.26485432683,7008.358321742689,7004.082210134369,0.0,0.0,0.0,0.0,0.0,0.0
1769672400.0,7027.0,7029.0,7026.5,7028.25,7026.86263709541,7024.028235324799,7025.45959462632,7031.0,7012.5,7021.75,7015.451789158549,7001.26485432683,7008.358321742689,7004.49266940474,0.0,0.0,0.0,0.0,0.0,0.0
1769672700.0,7028.25,7029.5,7027.0,7027.5,7027.873578179549,7025.12334944249,7026.084288758219,7031.0,7012.5,7021.75,7015.451789158549,7001.26485432683,7008.358321742689,7004.837739093639,0.0,0.0,0.0,0.0,0.0,0.0
1769673000.0,7027.75,7029.0,7026.75,7027.0,7028.15043531377,7025.879089182349,7026.60176573975,7031.0,7012.5,7021.75,7015.451789158549,7001.26485432683,7008.358321742689,7005.07002641696,0.0,0.0,0.0,0.0,0.0,0.0
1769673300.0,7026.75,7027.25,7025.25,7026.5,7027.961444841159,7026.35144695456,7027.019325171669,7031.0,7012.5,7021.75,7015.451789158549,7001.26485432683,7008.358321742689,7005.23226908786,0.0,0.0,0.0,0.0,0.0,0.0
1769673600.0,7026.5,7027.75,7019.0,7020.25,7024.6839038442695,7025.158420425079,7026.749512777449,7031.0,7012.5,7021.75,7015.451789158549,7001.26485432683,7008.358321742689,7005.71640848279,0.0,0.0,0.0,0.0,0.0,0.0
1769673900.0,7020.25,7024.25,7019.5,7022.25,7023.50641801188,7024.644350394699,7026.6934775083,7031.0,7012.5,7021.75,7015.451789158549,7001.26485432683,7008.358321742689,7005.995002697119,0.0,0.0,0.0,0.0,0.0,0.0
1769674200.0,7022.25,7028.75,7022.25,7027.75,7025.43256760619,7025.56754431598,7027.198367283219,7031.0,7012.5,7021.75,7015.451789158549,7001.26485432683,7008.358321742689,7006.3887785551,0.0,0.0,0.0,0.0,0.0,0.0
1769674500.0,7027.75,7029.5,7027.0,7028.75,7027.141998440299,7026.55972951883,7027.75975935011,7031.0,7012.5,7021.75,7015.451789158549,7001.26485432683,7008.358321742689,7006.64280441288,0.0,0.0,0.0,0.0,0.0,0.0
1769674800.0,7028.75,7029.0,7024.25,7025.5,7026.60555247493,7026.548664391679,7027.934209029269,7031.0,7012.5,7021.75,7015.451789158549,7001.26485432683,7008.358321742689,7006.831301984609,0.0,0.0,0.0,0.0,0.0,0.0
1769675100.0,7025.5,7027.25,7023.5,7027.0,7026.94616354881,7026.8888720102395,7028.239777690709,7031.0,7012.5,7021.75,7015.451789158549,7001.26485432683,7008.358321742689,7007.001504074879,0.0,0.0,0.0,0.0,0.0,0.0
1769675400.0,7027.0,7028.0,7025.0,7026.0,7026.63683496673,7026.89837898082,7028.408913157939,7031.0,7012.5,7021.75,7015.451789158549,7001.26485432683,7008.358321742689,7007.26334138863,0.0,0.0,0.0,0.0,0.0,0.0
1769675700.0,7025.75,7027.25,7023.75,7025.0,7025.9178127735895,7026.6352385110795,7028.45124047177,7031.0,7012.5,7021.75,7015.451789158549,7001.26485432683,7008.358321742689,7007.480589869169,0.0,0.0,0.0,0.0,0.0,0.0
1769676000.0,7025.25,7028.25,7025.0,7028.25,7027.02646325749,7027.20577548368,7028.81510400265,7031.0,7012.5,7021.75,7015.451789158549,7001.26485432683,7008.358321742689,7007.71354924341,0.0,0.0,0.0,0.0,0.0,0.0
1769676300.0,7028.25,7028.75,7024.25,7024.25,7025.76537079565,7026.662890232909,7028.72865072624,7031.0,7012.5,7021.75,7015.451789158549,7001.26485432683,7008.358321742689,7007.91199694423,0.0,0.0,0.0,0.0,0.0,0.0
1769676600.0,7024.0,7024.5,7022.25,7024.0,7024.824000595249,7026.13371221667,7028.6112105147195,7031.0,7012.5,7021.75,7015.451789158549,7001.26485432683,7008.358321742689,7008.10570109121,0.0,0.0,0.0,0.0,0.0,0.0
1769676900.0,7024.0,7026.0,7023.75,7024.75,7024.599638688789,7025.868417025989,7028.568642890789,7031.0,7012.5,7021.75,7015.451789158549,7001.26485432683,7008.358321742689,7008.35219902837,0.0,0.0,0.0,0.0,0.0,0.0
1769677200.0,7024.75,7028.5,7024.5,7026.5,7025.3329215575895,7026.07287281913,7028.699357384379,7031.0,7012.5,7021.75,7015.451789158549,7001.26485432683,7008.358321742689,7008.64416629875,0.0,0.0,0.0,0.0,0.0,0.0
1769677500.0,7026.75,7027.75,7025.25,7027.75,7026.42759376051,7026.54223468394,7028.939710816259,7031.0,7012.5,7021.75,7015.451789158549,7001.26485432683,7008.358321742689,7008.7829909946195,0.0,0.0,0.0,0.0,0.0,0.0
1769677800.0,7027.75,7029.0,7026.5,7027.25,7026.8800306433095,7026.79451436933,7029.10120466953,7031.0,7012.5,7021.75,7015.451789158549,7001.26485432683,7008.358321742689,7008.92880484716,0.0,0.0,0.0,0.0,0.0,0.0
1769678100.0,7027.25,7027.5,7024.5,7026.75,7026.90754936124,7026.86651804866,7029.189434729669,7031.0,7012.5,7021.75,7015.451789158549,7001.26485432683,7008.358321742689,7009.04444703552,0.0,0.0,0.0,0.0,0.0,0.0
1769678400.0,7026.5,7029.25,7025.75,7028.5,7027.759387637219,7027.349209452909,7029.442229497369,7031.0,7012.5,7021.75,7015.451789158549,7001.26485432683,7008.358321742689,7009.274781960829,0.0,0.0,0.0,0.0,0.0,0.0
1769678700.0,7028.5,7028.75,7024.75,7025.25,7026.692611245109,7026.92741181277,7029.331319624869,7031.0,7012.5,7021.75,7015.451789158549,7001.26485432683,7008.358321742689,7009.38499102993,0.0,0.0,0.0,0.0,0.0,0.0
1769679000.0,7025.25,7026.75,7023.75,7025.75,7026.234907997759,7026.691496419549,7029.269993610659,7031.0,7012.5,7021.75,7015.451789158549,7001.26485432683,7008.358321742689,7009.5091662041195,0.0,0.0,0.0,0.0,0.0,0.0
1769679300.0,7025.75,7029.25,7025.5,7028.25,7027.1607720742695,7027.109040175599,7029.46178657521,7031.0,7012.5,7021.75,7015.451789158549,7001.26485432683,7008.358321742689,7009.671552938429,0.0,0.0,0.0,0.0,0.0,0.0
1769679600.0,7028.0,7028.25,7026.5,7027.0,7027.13744658005,7027.13432717182,7029.5014955405695,7031.0,7012.5,7021.75,7015.451789158549,7001.26485432683,7008.358321742689,7009.783503660519,0.0,0.0,0.0,0.0,0.0,0.0
1769679900.0,7026.75,7027.25,7025.0,7025.25,7026.25546230436,7026.710759935219,7029.348227693469,7031.0,7012.5,7021.75,7015.451789158549,7001.26485432683,7008.358321742689,7009.892549667969,0.0,0.0,0.0,0.0,0.0,0.0
1769680200.0,7025.5,7026.0,7020.75,7021.5,7023.859527398809,7025.420600355699,7028.8090545592195,7031.0,7012.5,7021.75,7015.451789158549,7001.26485432683,7008.358321742689,7009.999421527599,0.0,0.0,0.0,0.0,0.0,0.0
1769680500.0,7021.5,7022.5,7018.75,7019.25,7021.260750781749,7023.792147766179,7028.06658010277,7031.0,7012.5,7021.75,7015.451789158549,7001.26485432683,7008.358321742689,7010.0837249969,0.0,0.0,0.0,0.0,0.0,0.0
1769680800.0,7019.0,7020.0,7017.75,7018.25,7019.18830597032,7022.202498236399,7027.264987406549,7031.0,7012.5,7021.75,7015.451789158549,7001.26485432683,7008.358321742689,7010.16542407149,0.0,0.0,0.0,0.0,0.0,0.0
1769681100.0,7018.0,7020.0,7017.75,7019.5,7018.587370855999,7021.21230753225,7026.64179947075,7031.0,7012.5,7021.75,7015.451789158549,7001.26485432683,7008.358321742689,7010.21530433651,0.0,0.0,0.0,0.0,0.0,0.0
1769681400.0,7019.5,7021.25,7018.0,7018.5,7017.841646991639,7020.1638466777995,7025.9526836245095,7031.0,7012.5,7021.75,7015.451789158549,7001.26485432683,7008.358321742689,7010.30602114407,0.0,0.0,0.0,0.0,0.0,0.0
1769681700.0,7018.5,7020.75,7018.25,7020.75,7018.5866133932095,7019.879712111469,7025.538879629349,7031.0,7012.5,7021.75,7015.451789158549,7001.26485432683,7008.358321742689,7010.35264143884,0.0,0.0,0.0,0.0,0.0,0.0
1769682000.0,7020.5,7021.75,7019.0,7021.75,7019.6586437980495,7019.91864647644,7025.25246066574,7031.0,7012.5,7021.75,7015.451789158549,7001.26485432683,7008.358321742689,7010.406983281669,0.0,0.0,0.0,0.0,0.0,0.0
1769682300.0,7021.75,7023.5,7021.25,7021.5,7020.29737066006,7019.913210683289,7024.955703394489,7031.0,7012.5,7021.75,7015.451789158549,7001.26485432683,7008.358321742689,7010.49915880345,0.0,0.0,0.0,0.0,0.0,0.0
1769682600.0,7021.5,7022.0,7019.75,7021.75,7020.87543954921,7019.994277625489,7024.70137458002,7031.0,7012.5,7021.75,7015.451789158549,7001.26485432683,7008.358321742689,7010.55669571538,0.0,0.0,0.0,0.0,0.0,0.0
1769682900.0,7021.5,7022.25,7020.25,7020.75,7020.7853288753995,7019.83473253353,7024.3576358212595,7031.0,7012.5,7021.75,7015.451789158549,7001.26485432683,7008.358321742689,7010.60883335378,0.0,0.0,0.0,0.0,0.0,0.0
1769683200.0,7020.75,7021.0,7018.75,7019.75,7020.258199144419,7019.4755248804495,7023.93111294302,7031.0,7012.5,7021.75,7015.451789158549,7001.26485432683,7008.358321742689,7010.6636707873495,0.0,0.0,0.0,0.0,0.0,0.0
1769683500.0,7019.75,7020.25,7018.75,7019.75,7019.94207155504,7019.200274666319,7023.5313919024,7031.0,7012.5,7021.75,7015.451789158549,7001.26485432683,7008.358321742689,7010.69753229366,0.0,0.0,0.0,0.0,0.0,0.0
1769683800.0,7019.75,7020.75,7017.75,7017.75,7018.7893177590095,7018.497556323669,7022.9502995199,7031.0,7012.5,7021.75,7015.451789158549,7001.26485432683,7008.358321742689,7010.75055500662,0.0,0.0,0.0,0.0,0.0,0.0
1769684100.0,7017.75,7018.0,7012.75,7013.75,7016.135783197889,7016.945528126599,7021.99432180366,7031.0,7012.5,7021.75,7015.451789158549,7001.26485432683,7008.358321742689,7010.798757748539,0.0,0.0,0.0,0.0,0.0,0.0
1769684400.0,7014.0,7015.25,7010.0,7012.25,7013.77473021382,7015.317697894629,7020.94886603653,7031.0,7012.5,7021.75,7015.451789158549,7001.26485432683,7008.358321742689,7010.8196857485,0.0,0.0,0.0,0.0,0.0,0.0
1769684700.0,7012.25,7016.25,7010.0,7015.25,7013.83677946584,7014.75267232414,7020.28621511776,7031.0,7012.5,7021.75,7015.451789158549,7001.26485432683,7008.358321742689,7010.84731775753,0.0,0.0,0.0,0.0,0.0,0.0
1769685000.0,7015.0,7017.0,7014.25,7015.25,7013.9923097047895,7014.323497829389,7019.67016810709,7031.0,7012.5,7021.75,7015.451789158549,7001.26485432683,7008.358321742689,7010.8740088286795,0.0,0.0,0.0,0.0,0.0,0.0
1769685300.0,7015.25,7016.0,7013.5,7014.75,7013.94558858656,7013.88273955347,7019.046326836659,7031.0,7012.5,7021.75,7015.451789158549,7001.26485432683,7008.358321742689,7010.902831066989,0.0,0.0,0.0,0.0,0.0,0.0
1769685600.0,7015.0,7019.25,7015.0,7018.5,7015.82860906106,7014.4894621083795,7018.8550518126995,7031.0,7012.5,7021.75,7015.451789158549,7001.26485432683,7008.358321742689,7010.96179321794,0.0,0.0,0.0,0.0,0.0,0.0
1769685900.0,7018.75,7019.0,7016.5,7017.5,7016.5971942292,7014.778140312799,7018.57536939668,7031.0,7012.5,7021.75,7015.451789158549,7001.26485432683,7008.358321742689,7010.996250893209,0.0,0.0,0.0,0.0,0.0,0.0
1769686200.0,7017.25,7022.0,7017.25,7020.0,7018.326478109169,7015.67029596642,7018.575444446529,7031.0,7012.5,7021.75,7015.451789158549,7001.26485432683,7008.358321742689,7011.1384342150595,0.0,0.0,0.0,0.0,0.0,0.0
1769686500.0,7020.0,7021.25,7017.5,7018.5,7018.689182381199,7016.06181324886,7018.42231635326,7031.0,7012.5,7021.75,7015.451789158549,7001.26485432683,7008.358321742689,7011.219377975,0.0,0.0,0.0,0.0,0.0,0.0
1769686800.0,7018.25,7020.25,7018.25,7019.75,7019.498963190619,7016.718854783599,7018.41103805596,7031.0,7012.5,7021.75,7015.451789158549,7001.26485432683,7008.358321742689,7011.2584553773895,0.0,0.0,0.0,0.0,0.0,0.0
1769687100.0,7019.75,7021.0,7018.75,7018.75,7019.48743827749,7017.031934717999,7018.29915586454,7031.0,7012.5,7021.75,7015.451789158549,7001.26485432683,7008.358321742689,7011.31677390198,0.0,0.0,0.0,0.0,0.0,0.0
1769687400.0,7019.0,7019.25,7016.75,7017.25,7018.70270391915,7016.932956791369,7018.04209048873,7031.0,7012.5,7021.75,7015.451789158549,7001.26485432683,7008.358321742689,7011.368728220829,0.0,0.0,0.0,0.0,0.0,0.0
1769687700.0,7017.5,7020.5,7017.5,7019.5,7019.26607706679,7017.42457052358,7018.037776418119,7031.0,7012.5,7021.75,7015.451789158549,7001.26485432683,7008.358321742689,7011.4168759594895,0.0,0.0,0.0,0.0,0.0,0.0
1769688000.0,7019.5,7021.25,7018.75,7019.75,7019.720961833589,7017.9050475635295,7018.061852467669,7031.0,7012.5,7021.75,7015.451789158549,7001.26485432683,7008.358321742689,7011.50987841777,0.0,0.0,0.0,0.0,0.0,0.0
1769688300.0,7019.75,7023.5,7019.75,7023.0,7021.563224838989,7019.119231193969,7018.422390645779,7031.0,7012.5,7021.75,7015.451789158549,7001.26485432683,7008.358321742689,7011.58350913508,0.0,0.0,0.0,0.0,0.0,0.0
1769688600.0,7023.25,7023.75,7022.0,7022.25,7022.32172435127,7019.940250036099,7018.68216796182,7031.0,7012.5,7021.75,7015.451789158549,7001.26485432683,7008.358321742689,7011.6408940190395,0.0,0.0,0.0,0.0,0.0,0.0
1769688900.0,7022.5,7023.25,7022.0,7023.25,7023.221879211,7020.866222580369,7019.02887312241,7031.0,7012.5,7021.75,7015.451789158549,7001.26485432683,7008.358321742689,7011.70036788364,0.0,0.0,0.0,0.0,0.0,0.0
1769689200.0,7023.25,7024.0,7020.5,7022.0,7023.10717046951,7021.31502181937,7019.22358949237,7031.0,7012.5,7021.75,7015.451789158549,7001.26485432683,7008.358321742689,7011.78663549259,0.0,0.0,0.0,0.0,0.0,0.0
1769689500.0,7021.75,7023.0,7020.5,7022.75,7023.32192390957,7021.863632400589,7019.48348052989,7031.0,7012.5,7021.75,7015.451789158549,7001.26485432683,7008.358321742689,7011.83783604885,0.0,0.0,0.0,0.0,0.0,0.0
1769689800.0,7022.5,7022.75,7021.25,7021.25,7022.65845223753,7021.93304747603,7019.571224994699,7031.0,7012.5,7021.75,7015.451789158549,7001.26485432683,7008.358321742689,7011.8851056924195,0.0,0.0,0.0,0.0,0.0,0.0
1769690100.0,7021.5,7022.0,7015.0,7015.25,7019.25106274409,7020.486286427809,7019.0336333962005,7031.0,7012.5,7021.75,7015.451789158549,7001.26485432683,7008.358321742689,7011.92835105015,0.0,0.0,0.0,0.0,0.0,0.0
1769690400.0,7015.25,7018.0,7014.5,7016.25,7017.5531473314495,7019.531213720989,7018.63829804513,7031.0,7012.5,7021.75,7015.451789158549,7001.26485432683,7008.358321742689,7011.96241788716,0.0,0.0,0.0,0.0,0.0,0.0
1769690700.0,7016.5,7019.25,7016.25,7018.0,7017.36664067246,7019.17513754428,7018.453139849629,7031.0,7012.5,7021.75,7015.451789158549,7001.26485432683,7008.358321742689,7011.98642474304,0.0,0.0,0.0,0.0,0.0,0.0
1769691000.0,7017.75,7019.25,7013.25,7017.0,7016.8184388624795,7018.633381242909,7018.179397323999,7031.0,7012.5,7021.75,7015.451789158549,7001.26485432683,7008.358321742689,7012.0403738727,0.0,0.0,0.0,0.0,0.0,0.0
1769691300.0,7017.25,7019.5,7016.0,7019.0,7017.503514612529,7018.686276285949,7018.13354574772,7031.0,7012.5,7021.75,7015.451789158549,7001.26485432683,7008.358321742689,7012.0770328360195,0.0,0.0,0.0,0.0,0.0,0.0
1769691600.0,7018.75,7020.0,7017.0,7018.75,7017.8707524784195,7018.6719852446895,7018.06714724356,7031.0,7012.5,7021.75,7015.451789158549,7001.26485432683,7008.358321742689,7012.124276388399,0.0,0.0,0.0,0.0,0.0,0.0
1769691900.0,7018.75,7022.25,7018.5,7021.5,7019.4820985897395,7019.34784067431,7018.29175649947,7031.0,7012.5,7021.75,7015.451789158549,7001.26485432683,7008.358321742689,7012.20230587228,0.0,0.0,0.0,0.0,0.0,0.0
1769692200.0,7021.75,7021.75,7019.75,7020.5,7020.03499133841,7019.65956921579,7018.399266904509,7031.0,7012.5,7021.75,7015.451789158549,7001.26485432683,7008.358321742689,7012.24582773128,0.0,0.0,0.0,0.0,0.0,0.0
1769692500.0,7020.5,7020.75,7015.0,7016.25,7018.30217518885,7018.859577214709,7018.061814581701,7031.0,7012.5,7021.75,7015.451789158549,7001.26485432683,7008.358321742689,7012.315959986299,0.0,0.0,0.0,0.0,0.0,0.0
1769692800.0,7016.0,7018.25,7015.5,7018.25,7018.1708715614395,7018.69630169166,7017.95670591339,7031.0,7012.5,7021.75,7015.451789158549,7001.26485432683,7008.358321742689,7012.34788098375,0.0,0.0,0.0,0.0,0.0,0.0
1769693100.0,7018.25,7020.75,7017.5,7020.0,7018.95983095012,7018.99927839819,7018.04196178392,7031.0,7012.5,7021.75,7015.451789158549,7001.26485432683,7008.358321742689,7012.417746405769,0.0,0.0,0.0,0.0,0.0,0.0
1769693400.0,7020.25,7022.75,7017.0,7022.0,7020.45023457902,7019.74918273301,7018.33005394612,7031.0,7012.5,7021.75,7015.451789158549,7001.26485432683,7008.358321742689,7012.494508959319,0.0,0.0,0.0,0.0,0.0,0.0
1769693700.0,7022.0,7024.25,7021.75,7022.5,7021.633173804869,7020.49264936024,7018.65153591871,7031.0,7012.5,7021.75,7015.451789158549,7001.26485432683,7008.358321742689,7012.5937487989495,0.0,0.0,0.0,0.0,0.0,0.0
1769694000.0,7022.5,7026.75,7022.25,7025.25,7023.692600186439,7021.7866585701795,7019.23636285212,7031.0,7012.5,7021.75,7015.451789158549,7001.26485432683,7008.358321742689,7012.73710571792,0.0,0.0,0.0,0.0,0.0,0.0
1769694300.0,7025.25,7026.25,7024.0,7024.5,7024.577066846549,7022.660413564229,7019.70391011593,7031.0,7012.5,7021.75,7015.451789158549,7001.26485432683,7008.358321742689,7012.84132800512,0.0,0.0,0.0,0.0,0.0,0.0
1769694600.0,7024.25,7024.75,7021.25,7022.25,7023.95735306186,7022.80896116964,7019.906927563659,7031.0,7012.5,7021.75,7015.451789158549,7001.26485432683,7008.358321742689,7012.924573170159,0.0,0.0,0.0,0.0,0.0,0.0
1769694900.0,7022.25,7023.75,7022.25,7023.5,7024.092290298549,7023.22676397747,7020.225467755179,7031.0,7012.5,7021.75,7015.451789158549,7001.26485432683,7008.358321742689,7012.9792347945895,0.0,0.0,0.0,0.0,0.0,0.0
1769695200.0,7023.5,7023.75,7016.5,7017.0,7020.9428370631695,7021.93913970146,7019.8501640328095,7031.0,7012.5,7021.75,7015.451789158549,7001.26485432683,7008.358321742689,7013.069326132139,0.0,0.0,0.0,0.0,0.0,0.0
1769695500.0,7017.0,7018.75,7015.25,7016.5,7018.6597763460695,7020.73720297541,7019.44989652512,7031.0,7012.5,7021.75,7015.451789158549,7001.26485432683,7008.358321742689,7013.124874045309,0.0,0.0,0.0,0.0,0.0,0.0
1769695800.0,7016.75,7017.5,7013.0,7014.0,7016.01246870214,7019.11543934141,7018.820014852529,7031.0,7012.5,7021.75,7015.451789158549,7001.26485432683,7008.358321742689,7013.14748320446,0.0,0.0,0.0,0.0,0.0,0.0
1769696100.0,7013.75,7016.25,7012.75,7014.5,7014.64188687702,7017.900011038249,7018.287132755149,7031.0,7012.5,7021.75,7015.451789158549,7001.26485432683,7008.358321742689,7013.169562387469,0.0,0.0,0.0,0.0,0.0,0.0
1769696400.0,7014.5,7015.75,7013.75,7015.5,7014.36239408593,7017.151610231101,7017.896590847179,7031.0,7012.5,7021.75,7015.451789158549,7001.26485432683,7008.358321742689,7013.18766565842,0.0,0.0,0.0,0.0,0.0,0.0
1769696700.0,7015.75,7015.75,7012.75,7015.0,7014.05170697785,7016.42054699782,7017.48371884599,7031.0,7012.5,7021.75,7015.451789158549,7001.26485432683,7008.358321742689,7013.240113459469,0.0,0.0,0.0,0.0,0.0,0.0
1769697000.0,7015.0,7021.5,7007.75,7010.25,7011.638946182889,7014.64991200427,7016.611098236959,,,,7019.032220315729,6999.96084249782,7009.4965314067695,7013.22685499413,0.0,0.0,0.0,0.0,0.0,0.0
1769697300.0,7010.25,7010.75,6999.25,7004.75,7007.52973921346,7011.83902007049,7015.23395466617,,,,7019.032220315729,6999.96084249782,7009.4965314067695,7012.2491557984695,0.0,0.0,0.0,0.0,0.0,0.0
1769697600.0,7005.0,7006.75,6982.5,6983.0,6994.4550714138095,7004.13747576227,7011.70892782104,,,,7019.032220315729,6999.96084249782,7009.4965314067695,7009.7691252645,0.0,0.0,0.0,0.0,0.0,0.0
1769697900.0,6983.0,6991.25,6973.0,6987.75,6988.728212548939,6999.0085896233695,7008.92773100437,,,,7019.032220315729,6999.96084249782,7009.4965314067695,7006.58502516063,0.0,0.0,0.0,0.0,0.0,0.0
1769698200.0,6987.75,6987.75,6972.25,6980.75,6982.1111994802395,6993.11215656487,7005.62614592505,,,,7019.032220315729,6999.96084249782,7009.4965314067695,7004.409784290629,0.0,0.0,0.0,0.0,0.0,0.0
1769698500.0,6980.5,6984.0,6965.5,6966.5,6971.449707222469,6984.80109566913,7001.0936389095195,,,,7019.032220315729,6999.96084249782,7009.4965314067695,7002.129205153769,0.0,0.0,0.0,0.0,0.0,0.0
1769698800.0,6966.5,6967.25,6946.75,6954.5,6959.40263915694,6975.0833585561495,6995.652129774209,,,,7019.032220315729,6999.96084249782,7009.4965314067695,6997.065402538939,0.0,0.0,0.0,0.0,0.0,0.0
1769699100.0,6954.5,6959.25,6949.75,6951.75,6951.12583024338,6966.54048265634,6990.32529870446,,,,7019.032220315729,6999.96084249782,7009.4965314067695,6993.862172510369,0.0,0.0,0.0,0.0,0.0,0.0
1769699400.0,6951.5,6959.5,6940.0,6942.0,6941.94317550071,6957.263309148249,6984.3856274932095,,,,7019.032220315729,6999.96084249782,7009.4965314067695,6990.24936381113,0.0,0.0,0.0,0.0,0.0,0.0
1769699700.0,6942.0,6952.25,6941.75,6945.5,6938.70417838275,6950.707045829,6979.249841345119,,,,7019.032220315729,6999.96084249782,7009.4965314067695,6987.6636374525,0.0,0.0,0.0,0.0,0.0,0.0
1769700000.0,6945.75,6958.25,6943.0,6951.75,6940.60555624186,6947.109232777149,6975.14981523352,,,,7019.032220315729,6999.96084249782,7009.4965314067695,6985.46591837859,0.0,0.0,0.0,0.0,0.0,0.0
1769700300.0,6951.75,6958.5,6938.75,6940.0,6936.89621834194,6941.490663331009,6970.155572974159,,,,7019.032220315729,6999.96084249782,7009.4965314067695,6983.51102554518,0.0,0.0,0.0,0.0,0.0,0.0
1769700600.0,6940.25,6943.5,6929.0,6930.75,6930.7227953682595,6934.831657066869,6964.59133781463,7021.5,6938.75,6980.125,7019.032220315729,6999.96084249782,7009.4965314067695,6980.536961724089,0.0,0.0,0.0,0.0,0.0,0.0
1769700900.0,6931.0,6931.75,6923.5,6926.0,6925.164014463119,6928.4466257982995,6958.96584425912,7021.5,6938.75,6980.125,7019.032220315729,6999.96084249782,7009.4965314067695,6977.98907015439,0.0,0.0,0.0,0.0,0.0,0.0
1769701200.0,6926.25,6926.25,6913.25,6915.75,6917.326731395519,6920.93591033673,6952.718702362659,7021.5,6938.75,6980.125,7019.032220315729,6999.96084249782,7009.4965314067695,6974.936889992529,0.0,0.0,0.0,0.0,0.0,0.0
1769701500.0,6916.0,6923.25,6913.5,6915.5,6912.93931880858,6914.99860740404,6946.9311492343195,7021.5,6938.75,6980.125,7019.032220315729,6999.96084249782,7009.4965314067695,6972.422420615019,0.0,0.0,0.0,0.0,0.0,0.0
1769701800.0,6915.5,6915.75,6902.75,6904.0,6905.27901626634,6907.5785624070495,6940.412113048879,7021.5,6938.75,6980.125,7019.032220315729,6999.96084249782,7009.4965314067695,6969.886815905599,0.0,0.0,0.0,0.0,0.0,0.0
1769702100.0,6903.75,6919.5,6902.25,6910.75,6904.4394334012295,6903.48530235986,6935.103290868599,7021.5,6938.75,6980.125,7019.032220315729,6999.96084249782,7009.4965314067695,6967.45939181967,0.0,0.0,0.0,0.0,0.0,0.0
1769702400.0,6911.0,6913.25,6901.75,6902.25,6900.48986016158,6898.3570616281595,6929.34725943136,7021.5,6938.75,6980.125,7019.032220315729,6999.96084249782,7009.4965314067695,6965.2518620764995,0.0,0.0,0.0,0.0,0.0,0.0
1769702700.0,6902.25,6908.75,6898.25,6907.5,6901.198808585789,6895.79504006741,6924.599984713959,7021.5,6938.75,6980.125,7019.032220315729,6999.96084249782,7009.4965314067695,6963.42289248371,0.0,0.0,0.0,0.0,0.0,0.0
1769703000.0,6907.75,6926.75,6902.75,6926.25,6911.4035989971,6898.709049159749,6922.1891501868995,7021.5,6938.75,6980.125,7019.032220315729,6999.96084249782,7009.4965314067695,6961.713804539289,0.0,0.0,0.0,0.0,0.0,0.0
1769703300.0,6926.5,6932.25,6924.0,6930.5,6920.401733511039,6902.520869914059,6920.453739381959,7021.5,6938.75,6980.125,7019.032220315729,6999.96084249782,7009.4965314067695,6960.749049273099,0.0,0.0,0.0,0.0,0.0,0.0
1769703600.0,6930.5,6937.0,6923.0,6928.5,6925.319040348009,6905.48417402574,6918.70074316653,7021.5,6938.75,6980.125,7019.032220315729,6999.96084249782,7009.4965314067695,6959.855805459079,0.0,0.0,0.0,0.0,0.0,0.0
1769703900.0,6928.5,6934.0,6924.5,6929.5,6928.91701118052,6908.457723633959,6917.241588574259,7021.5,6938.75,6980.125,7019.032220315729,6999.96084249782,7009.4965314067695,6959.277222691079,0.0,0.0,0.0,0.0,0.0,0.0
1769704200.0,6929.25,6937.25,6928.75,6932.0,6932.30595692274,6911.78184253972,6916.21069080402,7021.5,6938.75,6980.125,7019.032220315729,6999.96084249782,7009.4965314067695,6958.73804395071,0.0,0.0,0.0,0.0,0.0,0.0
1769704500.0,6931.75,6937.25,6929.0,6934.25,6935.3709838061395,6915.30317389398,6915.5518526162095,7021.5,6938.75,6980.125,7019.032220315729,6999.96084249782,7009.4965314067695,6958.36280355861,0.0,0.0,0.0,0.0,0.0,0.0
1769704800.0,6934.25,6940.75,6932.0,6935.0,6937.44443356752,6918.58427083998,6915.0832919266095,7021.5,6938.75,6980.125,7019.032220315729,6999.96084249782,7009.4965314067695,6957.8960492222195,0.0,0.0,0.0,0.0,0.0,0.0
1769705100.0,6935.25,6940.75,6931.75,6937.75,6939.8290015986895,6922.135628729309,6914.997524179849,7021.5,6938.75,6980.125,7019.032220315729,6999.96084249782,7009.4965314067695,6957.48241578445,0.0,0.0,0.0,0.0,0.0,0.0
1769705400.0,6937.5,6940.5,6932.5,6935.25,6939.83223509596,6924.577507445119,6914.723962561249,7021.5,6938.75,6980.125,7019.032220315729,6999.96084249782,7009.4965314067695,6957.18413516237,0.0,0.0,0.0,0.0,0.0,0.0
1769705700.0,6935.5,6939.25,6932.5,6937.5,6940.6372311474,6927.25999102857,6914.76560508397,7021.5,6938.75,6980.125,7019.032220315729,6999.96084249782,7009.4965314067695,6956.953381355969,0.0,0.0,0.0,0.0,0.0,0.0
1769706000.0,6937.25,6948.75,6936.75,6945.5,6944.78391218803,6931.55080510453,6915.6934872578495,7021.5,6938.75,6980.125,7019.032220315729,6999.96084249782,7009.4965314067695,6956.7504868017295,0.0,0.0,0.0,0.0,0.0,0.0
1769706300.0,6945.5,6949.25,6944.0,6946.5,6947.632009817409,6935.406055281959,6916.72024767643,7021.5,6938.75,6980.125,7019.032220315729,6999.96084249782,7009.4965314067695,6956.61976676578,0.0,0.0,0.0,0.0,0.0,0.0
1769706600.0,6946.25,6958.75,6946.0,6956.25,6953.88397450823,6941.05188944939,6918.741339175959,7021.5,6938.75,6980.125,7019.032220315729,6999.96084249782,7009.4965314067695,6956.584663353559,0.0,0.0,0.0,0.0,0.0,0.0
1769706900.0,6956.5,6959.5,6953.75,6958.5,6958.60144301059,6946.28488457951,6920.90935113029,7021.5,6938.75,6980.125,7019.032220315729,6999.96084249782,7009.4965314067695,6956.5934564584995,0.0,0.0,0.0,0.0,0.0,0.0
1769707200.0,6958.75,6964.5,6957.5,6962.0,6962.88582119614,6951.45826530625,6923.34031857754,7021.5,6938.75,6980.125,7019.032220315729,6999.96084249782,7009.4965314067695,6956.658357643099,0.0,0.0,0.0,0.0,0.0,0.0
1769707500.0,6962.0,6964.0,6957.5,6960.75,6964.54179523861,6955.37454800803,6925.52184740043,7021.5,6938.75,6980.125,7019.032220315729,6999.96084249782,7009.4965314067695,6956.6973117382895,0.0,0.0,0.0,0.0,0.0,0.0
1769707800.0,6960.75,6964.25,6958.75,6961.75,6965.6174706975,6958.789608067629,6927.70107084547,7021.5,6938.75,6980.125,7019.032220315729,6999.96084249782,7009.4965314067695,6956.74356892103,0.0,0.0,0.0,0.0,0.0,0.0
1769708100.0,6961.75,6967.75,6961.25,6962.5,6966.23522326829,6961.71189644273,6929.8495328954195,7021.5,6938.75,6980.125,7019.032220315729,6999.96084249782,7009.4965314067695,6956.811242064179,0.0,0.0,0.0,0.0,0.0,0.0
1769708400.0,6962.25,6962.5,6952.25,6958.0,6964.04039126687,6962.90835873173,6931.4240267438,7021.5,6938.75,6980.125,7019.032220315729,6999.96084249782,7009.4965314067695,6956.822050594529,0.0,0.0,0.0,0.0,0.0,0.0
1769708700.0,6957.75,6958.0,6947.75,6952.0,6959.38545536249,6962.29879188792,6932.307355840269,7021.5,6938.75,6980.125,7019.032220315729,6999.96084249782,7009.4965314067695,6956.772193252459,0.0,0.0,0.0,0.0,0.0,0.0
1769709000.0,6952.0,6952.75,6937.75,6939.0,6949.85597595094,6958.458247318689,6931.822612043459,7021.5,6938.75,6980.125,7019.032220315729,6999.96084249782,7009.4965314067695,6956.571349260729,0.0,0.0,0.0,0.0,0.0,0.0
1769709300.0,6939.0,6945.0,6937.75,6939.5,6943.97094831492,6955.319521614139,6931.460164512169,7021.5,6938.75,6980.125,7019.032220315729,6999.96084249782,7009.4965314067695,6956.39640608845,0.0,0.0,0.0,0.0,0.0,0.0
1769709600.0,6939.5,6950.5,6937.5,6948.25,6944.6061552756,6954.832598944839,6932.063695840539,7021.5,6938.75,6980.125,7019.032220315729,6999.96084249782,7009.4965314067695,6956.27855165163,0.0,0.0,0.0,0.0,0.0,0.0
1769709900.0,6948.25,6958.0,6947.75,6953.5,6947.74481158367,6955.67780628234,6933.2027619097,7021.5,6938.75,6980.125,7019.032220315729,6999.96084249782,7009.4965314067695,6956.24542951392,0.0,0.0,0.0,0.0,0.0,0.0
1769710200.0,6953.5,6962.25,6953.5,6959.5,6952.7968552089,6957.81133125549,6934.915810947319,7021.5,6938.75,6980.125,7019.032220315729,6999.96084249782,7009.4965314067695,6956.266107384479,0.0,0.0,0.0,0.0,0.0,0.0
1769710500.0,6959.25,6960.0,6954.25,6955.75,6954.22276576182,6958.57942950455,6936.15287014056,7021.5,6938.75,6980.125,7019.032220315729,6999.96084249782,7009.4965314067695,6956.26950571394,0.0,0.0,0.0,0.0,0.0,0.0
1769710800.0,6956.0,6959.5,6952.75,6958.0,6956.1940193581095,6959.70641791189,6937.56557392969,7021.5,6938.75,6980.125,7019.032220315729,6999.96084249782,7009.4965314067695,6956.27232903921,0.0,0.0,0.0,0.0,0.0,0.0
1769711100.0,6957.75,6961.0,6953.5,6960.25,6958.48792606374,6961.127919542199,6939.139825882809,7021.5,6938.75,6980.125,7019.032220315729,6999.96084249782,7009.4965314067695,6956.283382646399,0.0,0.0,0.0,0.0,0.0,0.0
1769711400.0,6960.25,6960.25,6952.25,6957.5,6958.51656145545,6961.54590408223,6940.34560453174,7021.5,6938.75,6980.125,7019.032220315729,6999.96084249782,7009.4965314067695,6956.286519077969,0.0,0.0,0.0,0.0,0.0,0.0
1769711700.0,6957.5,6964.0,6956.5,6963.75,6961.48026736205,6963.37127365978,6942.137257838999,7021.5,6938.75,6980.125,7019.032220315729,6999.96084249782,7009.4965314067695,6956.32485132798,0.0,0.0,0.0,0.0,0.0,0.0
1769712000.0,6963.5,6968.75,6962.0,6963.75,6963.2566618190895,6964.80308749499,6943.82585530035,7021.5,6938.75,6980.125,7019.032220315729,6999.96084249782,7009.4965314067695,6956.39711249208,0.0,0.0,0.0,0.0,0.0,0.0
1769712300.0,6963.5,6964.5,6959.75,6963.75,6964.24435449588,6965.905077845049,6945.416648959689,7021.5,6938.75,6980.125,7019.032220315729,6999.96084249782,7009.4965314067695,6956.43434108966,0.0,0.0,0.0,0.0,0.0,0.0
1769712600.0,6963.75,6966.0,6960.75,6962.0,6963.867556986819,6966.296782497259,6946.7337575805595,7021.5,6938.75,6980.125,7019.032220315729,6999.96084249782,7009.4965314067695,6956.466275895729,0.0,0.0,0.0,0.0,0.0,0.0
1769712900.0,6962.0,6964.75,6956.0,6956.25,6960.68238698765,6965.1069880325795,6947.381260731479,7021.5,6938.75,6980.125,7019.032220315729,6999.96084249782,7009.4965314067695,6956.48087687102,0.0,0.0,0.0,0.0,0.0,0.0
1769713200.0,6956.25,6962.5,6952.75,6960.75,6960.7591288575695,6965.16514813101,6948.46433599501,7021.5,6938.75,6980.125,7019.032220315729,6999.96084249782,7009.4965314067695,6956.50214937696,0.0,0.0,0.0,0.0,0.0,0.0
1769713500.0,6960.75,6968.5,6960.25,6966.0,6963.3319154191095,6966.44756551863,6950.02880654756,7021.5,6938.75,6980.125,7019.032220315729,6999.96084249782,7009.4965314067695,6956.5507344874195,0.0,0.0,0.0,0.0,0.0,0.0
1769713800.0,6965.75,6969.25,6964.25,6966.25,6965.042451737029,6967.4984312794095,6951.5225996256995,7021.5,6938.75,6980.125,7019.032220315729,6999.96084249782,7009.4965314067695,6956.5948274189095,0.0,0.0,0.0,0.0,0.0,0.0
1769714100.0,6966.25,6973.25,6964.75,6969.25,6967.511280539239,6969.0396224371,6953.2332905554995,7021.5,6938.75,6980.125,7019.032220315729,6999.96084249782,7009.4965314067695,6956.69521895856,0.0,0.0,0.0,0.0,0.0,0.0
1769714400.0,6969.25,6971.0,6967.75,6970.75,6969.7055066536695,6970.61030934879,6954.98896328501,7021.5,6938.75,6980.125,7019.032220315729,6999.96084249782,7009.4965314067695,6956.744019838739,0.0,0.0,0.0,0.0,0.0,0.0
1769714700.0,6970.75,6972.25,6969.25,6971.5,6971.32929262283,6972.015101557549,6956.707209931999,7021.5,6938.75,6980.125,7019.032220315729,6999.96084249782,7009.4965314067695,6956.806827073299,0.0,0.0,0.0,0.0,0.0,0.0
1769715000.0,6971.25,6973.0,6962.75,6964.25,6968.6675051558295,6971.29013541698,6957.5620609422795,7021.5,6938.75,6980.125,7019.032220315729,6999.96084249782,7009.4965314067695,6956.9160000107295,0.0,0.0,0.0,0.0,0.0,0.0
1769715300.0,6964.25,6970.0,6963.75,6966.25,6967.8129899448395,6971.1081260499595,6958.56888552392,7021.5,6938.75,6980.125,7019.032220315729,6999.96084249782,7009.4965314067695,6956.9683499436005,0.0,0.0,0.0,0.0,0.0,0.0
1769715600.0,6966.25,6969.25,6966.0,6968.25,6968.16816379131,6971.3812188151,6959.71603523786,7021.5,6938.75,6980.125,7019.032220315729,6999.96084249782,7009.4965314067695,6957.01265018215,0.0,0.0,0.0,0.0,0.0,0.0
1769715900.0,6968.25,6969.75,6962.75,6963.75,6966.142415044839,6970.41765120278,6960.320728103549,7021.5,6938.75,6980.125,7019.032220315729,6999.96084249782,7009.4965314067695,6957.049322498559,0.0,0.0,0.0,0.0,0.0,0.0
1769716200.0,6964.0,6968.0,6963.75,6967.75,6966.76917248005,6970.55141083864,6961.298697495869,7021.5,6938.75,6980.125,7019.032220315729,6999.96084249782,7009.4965314067695,6957.089669080579,0.0,0.0,0.0,0.0,0.0,0.0
1769716500.0,6967.75,6969.25,6961.25,6962.0,6964.35467692718,6969.172870916749,6961.61516496062,7021.5,6938.75,6980.125,7019.032220315729,6999.96084249782,7009.4965314067695,6957.12859680757,0.0,0.0,0.0,0.0,0.0,0.0
1769716800.0,6962.25,6967.25,6961.25,6965.25,6964.409329966499,6968.78908103912,6962.246118215409,7021.5,6938.75,6980.125,7019.032220315729,6999.96084249782,7009.4965314067695,6957.168599117649,0.0,0.0,0.0,0.0,0.0,0.0
1769717100.0,6965.0,6970.5,6964.25,6969.25,6966.433228529199,6969.421150251969,6963.246492913349,7021.5,6938.75,6980.125,7019.032220315729,6999.96084249782,7009.4965314067695,6957.22637697322,0.0,0.0,0.0,0.0,0.0,0.0
1769717400.0,6969.5,6970.0,6966.25,6966.5,6966.39942952112,6969.216137417199,6963.89189061817,7021.5,6938.75,6980.125,7019.032220315729,6999.96084249782,7009.4965314067695,6957.2739701622095,0.0,0.0,0.0,0.0,0.0,0.0
1769717700.0,6966.5,6968.25,6964.75,6968.25,6967.226409017449,6969.4399804899,6964.6715664453695,7021.5,6938.75,6980.125,7019.032220315729,6999.96084249782,7009.4965314067695,6957.316420984949,0.0,0.0,0.0,0.0,0.0,0.0
1769718000.0,6968.25,6969.5,6966.0,6969.25,6968.2322899683095,6969.834166756999,6965.497907328079,7021.5,6938.75,6980.125,7019.032220315729,6999.96084249782,7009.4965314067695,6957.360344717489,0.0,0.0,0.0,0.0,0.0,0.0
1769718300.0,6969.25,6971.25,6966.0,6966.5,6967.50729852523,6969.437435859069,6965.979302439449,7021.5,6938.75,6980.125,7019.032220315729,6999.96084249782,7009.4965314067695,6957.434576146839,0.0,0.0,0.0,0.0,0.0,0.0
1769718600.0,6966.5,6970.25,6964.5,6970.25,6968.84944113835,6970.0059146207495,6966.81121133915,7021.5,6938.75,6980.125,7019.032220315729,6999.96084249782,7009.4965314067695,6957.501125447159,0.0,0.0,0.0,0.0,0.0,0.0
1769718900.0,6970.25,6979.75,6969.0,6977.25,6973.097578027359,6972.182080011579,6968.3043873286,7021.5,6938.75,6980.125,7019.032220315729,6999.96084249782,7009.4965314067695,6957.68876458433,0.0,0.0,0.0,0.0,0.0,0.0
1769719200.0,6977.25,6979.5,6974.75,6977.25,6975.73699712495,6973.941486140199,6969.687925258169,7021.5,6938.75,6980.125,7019.032220315729,6999.96084249782,7009.4965314067695,6957.870485866099,0.0,0.0,0.0,0.0,0.0,0.0
1769719500.0,6977.25,6980.0,6975.5,6979.5,6978.388357150189,6975.90882439631,6971.20089813817,7021.5,6938.75,6980.125,7019.032220315729,6999.96084249782,7009.4965314067695,6958.02496114252,0.0,0.0,0.0,0.0,0.0,0.0
1769719800.0,6979.5,6988.25,6979.5,6987.75,6983.94098263056,6979.53377784185,6973.45322977613,7021.5,6938.75,6980.125,7019.032220315729,6999.96084249782,7009.4965314067695,6958.53653742119,0.0,0.0,0.0,0.0,0.0,0.0
1769720100.0,6987.75,6999.0,6986.5,6989.75,6988.240055112949,6982.96373343224,6975.74554200853,7021.5,6938.75,6980.125,7019.032220315729,6999.96084249782,7009.4965314067695,6960.25421947987,0.0,0.0,0.0,0.0,0.0,0.0
1769720400.0,6990.0,6995.75,6989.0,6992.25,6991.9142844813,6986.343320719169,6978.1249293546,7021.5,6938.75,6980.125,7019.032220315729,6999.96084249782,7009.4965314067695,6960.654245607229,0.0,0.0,0.0,0.0,0.0,0.0
1769720700.0,6992.25,6993.25,6988.5,6990.75,6993.19716004511,6988.6742762780295,6980.170038036779,7021.5,6938.75,6980.125,7019.032220315729,6999.96084249782,7009.4965314067695,6960.782471869879,0.0,0.0,0.0,0.0,0.0,0.0
1769721000.0,6990.75,6991.5,6987.5,6989.5,6993.06866612199,6990.191884258619,6981.92849967583,7021.5,6938.75,6980.125,7019.032220315729,6999.96084249782,7009.4965314067695,6960.86079849528,0.0,0.0,0.0,0.0,0.0,0.0
1769721300.0,6989.25,6990.0,6988.25,6989.25,6992.5603650606,6991.2821178516,6983.52241156522,7021.5,6938.75,6980.125,7019.032220315729,6999.96084249782,7009.4965314067695,6960.895270578199,0.0,0.0,0.0,0.0,0.0,0.0
1769721600.0,6989.25,6989.25,6986.5,6987.5,6991.1259831343095,6991.64548912536,6984.807112179609,7021.5,6938.75,6980.125,7019.032220315729,6999.96084249782,7009.4965314067695,6960.913939878879,0.0,0.0,0.0,0.0,0.0,0.0
1769721900.0,6987.75,6992.0,6985.25,6989.0,6990.7416156604495,6992.2186482895895,6986.139275071319,7021.5,6938.75,6980.125,7019.032220315729,6999.96084249782,7009.4965314067695,6960.947894320409,0.0,0.0,0.0,0.0,0.0,0.0
1769722200.0,6989.75,7002.5,6989.75,6993.0,6992.29689687823,6993.59030580697,6987.7731564111,7021.5,6938.75,6980.125,7019.032220315729,6999.96084249782,7009.4965314067695,6961.13179117242,0.0,0.0,0.0,0.0,0.0,0.0
1769722500.0,6993.0,6995.0,6991.5,6994.0,6993.6411538044595,6994.87660394369,6989.37656092814,7021.5,6938.75,6980.125,7019.032220315729,6999.96084249782,7009.4965314067695,6961.173613615069,0.0,0.0,0.0,0.0,0.0,0.0
1769722800.0,6994.0,6994.75,6988.75,6990.75,6992.770434342649,6995.034531511759,6990.5113074170695,7021.5,6938.75,6980.125,7019.032220315729,6999.96084249782,7009.4965314067695,6961.215852583369,0.0,0.0,0.0,0.0,0.0,0.0
1769723100.0,6991.0,6992.0,6988.75,6990.0,6991.72203831946,6994.883818317439,6991.4678739457495,7021.5,6938.75,6980.125,7019.032220315729,6999.96084249782,7009.4965314067695,6961.2461180991895,0.0,0.0,0.0,0.0,0.0,0.0
1769723400.0,6990.0,6992.0,6987.75,6991.5,6991.69792877668,6995.04313331868,6992.49080014616,7021.5,6938.75,6980.125,7019.032220315729,6999.96084249782,7009.4965314067695,6961.280607527509,0.0,0.0,0.0,0.0,0.0,0.0
1769723700.0,6991.5,6994.25,6989.75,6989.75,6990.769177874129,6994.65571375735,6993.239037783779,7021.5,6938.75,6980.125,7019.032220315729,6999.96084249782,7009.4965314067695,6961.31734819478,0.0,0.0,0.0,0.0,0.0,0.0
1769727600.0,6992.75,6994.25,6982.75,6983.25,6986.96568726622,6992.640848463529,6993.2405193397,7021.5,6938.75,6980.125,7019.032220315729,6999.96084249782,7009.4965314067695,6986.75,0.0,0.0,0.0,0.0,0.0,0.0
1769727900.0,6983.25,6992.25,6983.25,6984.0,6984.91816745429,6991.09470912251,6993.29706367064,7021.5,6938.75,6980.125,7019.032220315729,6999.96084249782,7009.4965314067695,6986.62047965846,0.0,0.0,0.0,0.0,0.0,0.0
1769728200.0,6984.0,6984.5,6973.5,6974.25,6978.92930141069,6987.33768440451,6992.31984647195,7021.5,6938.75,6980.125,7019.032220315729,6999.96084249782,7009.4965314067695,6983.2834160397,0.0,0.0,0.0,0.0,0.0,0.0
1769728500.0,6974.25,6978.75,6973.25,6977.75,6976.95987375372,6985.065253754789,6991.751670990479,7021.5,6938.75,6980.125,7019.032220315729,6999.96084249782,7009.4965314067695,6982.04962779156,0.0,0.0,0.0,0.0,0.0,0.0
1769728800.0,6978.0,6983.75,6975.5,6983.25,6978.599540037009,6984.5345392317795,6991.77154019007,7021.5,6938.75,6980.125,7019.032220315729,6999.96084249782,7009.4965314067695,6981.921447209569,0.0,0.0,0.0,0.0,0.0,0.0
1769729100.0,6983.25,6988.0,6968.5,6981.75,6979.1097408039595,6983.71110024423,6991.61522191892,7021.5,6938.75,6980.125,7019.032220315729,6999.96084249782,7009.4965314067695,6981.16860069189,0.0,0.0,0.0,0.0,0.0,0.0
1769729400.0,6981.25,6991.75,6981.0,6990.75,6983.97771642033,6985.261696601409,6992.38075837126,7021.5,6938.75,6980.125,7019.032220315729,6999.96084249782,7009.4965314067695,6982.17951473137,0.0,0.0,0.0,0.0,0.0,0.0
1769729700.0,6990.5,6995.0,6989.5,6993.0,6988.26678156415,6987.094941464269,6993.305857131129,7021.5,6938.75,6980.125,7019.032220315729,6999.96084249782,7009.4965314067695,6983.01945488123,0.0,0.0,0.0,0.0,0.0,0.0
1769730000.0,6992.5,6994.0,6991.25,6993.0,6990.987247518559,6988.59514573619,6994.146396440549,7021.5,6938.75,6980.125,7019.032220315729,6999.96084249782,7009.4965314067695,6983.35278290283,0.0,0.0,0.0,0.0,0.0,0.0
1769730300.0,6993.0,6994.25,6988.0,6990.75,6991.53976424857,6989.25395852117,6994.67536029976,7021.5,6938.75,6980.125,7019.032220315729,6999.96084249782,7009.4965314067695,6983.742017861309,0.0,0.0,0.0,0.0,0.0,0.0
1769730600.0,6990.5,6990.75,6987.25,6988.5,6990.68451112179,6989.213996969729,6994.914394312799,7021.5,6938.75,6980.125,7019.032220315729,6999.96084249782,7009.4965314067695,6983.861297953599,0.0,0.0,0.0,0.0,0.0,0.0
1769730900.0,6988.25,6988.75,6985.25,6986.5,6989.067950064539,6988.659197307619,6994.90971684871,7021.5,6938.75,6980.125,7019.032220315729,6999.96084249782,7009.4965314067695,6983.9487736284,0.0,0.0,0.0,0.0,0.0,0.0
1769731200.0,6986.5,6990.0,6985.25,6989.75,6989.5631780963295,6988.9879073987395,6995.221331787649,7021.5,6938.75,6980.125,7019.032220315729,6999.96084249782,7009.4965314067695,6984.17819692759,0.0,0.0,0.0,0.0,0.0,0.0
1769731500.0,6989.5,6989.5,6985.5,6986.5,6988.25563300162,6988.4325692802395,6995.1554211986895,7021.5,6938.75,6980.125,7019.032220315729,6999.96084249782,7009.4965314067695,6984.28282738848,0.0,0.0,0.0,0.0,0.0,0.0
1769731800.0,6986.5,6986.75,6981.5,6984.25,6986.297007691999,6987.397505168339,6994.84208050232,7021.5,6938.75,6980.125,7019.032220315729,6999.96084249782,7009.4965314067695,6984.27571562015,0.0,0.0,0.0,0.0,0.0,0.0
1769732100.0,6984.25,6987.5,6982.5,6983.25,6984.56835028299,6986.2822107701095,6994.428370138129,7021.5,6938.75,6980.125,7019.032220315729,6999.96084249782,7009.4965314067695,6984.28352550586,0.0,0.0,0.0,0.0,0.0,0.0
1769732400.0,6983.5,6984.0,6977.5,6980.25,6982.046670007369,6984.609674921279,6993.7152414843995,7021.5,6938.75,6980.125,7019.032220315729,6999.96084249782,7009.4965314067695,6983.991755176259,0.0,0.0,0.0,0.0,0.0,0.0
1769732700.0,6980.5,6982.25,6974.5,6978.5,6979.664843412659,6982.79513868612,6992.853689503189,7021.5,6938.75,6980.125,7019.032220315729,6999.96084249782,7009.4965314067695,6983.516871455579,0.0,0.0,0.0,0.0,0.0,0.0
1769733000.0,6978.75,6991.0,6977.0,6979.5,6978.75301312112,6981.556075853099,6992.139328084029,7021.5,6938.75,6980.125,7019.032220315729,6999.96084249782,7009.4965314067695,6983.40023262041,0.0,0.0,0.0,0.0,0.0,0.0
1769733300.0,6979.5,6981.5,6976.0,6980.0,6978.5546271821495,6980.675636817339,6991.51109048689,7021.5,6938.75,6980.125,7019.032220315729,6999.96084249782,7009.4965314067695,6983.242004167069,0.0,0.0,0.0,0.0,0.0,0.0
1769733600.0,6980.25,6982.75,6975.75,6976.25,6976.7317198719,6979.03936890894,6990.52447686852,7021.5,6938.75,6980.125,7019.032220315729,6999.96084249782,7009.4965314067695,6983.0988978604,0.0,0.0,0.0,0.0,0.0,0.0
1769733900.0,6976.5,6978.5,6974.75,6977.5,6976.312786220839,6978.02733545856,6989.7223663757495,7021.5,6938.75,6980.125,7019.032220315729,6999.96084249782,7009.4965314067695,6982.93393290485,0.0,0.0,0.0,0.0,0.0,0.0
1769734200.0,6977.75,6978.75,6976.5,6976.5,6975.69775389322,6976.97704517836,6988.86023291084,7021.5,6938.75,6980.125,7019.032220315729,6999.96084249782,7009.4965314067695,6982.86635664981,0.0,0.0,0.0,0.0,0.0,0.0
1769734500.0,6976.75,6980.75,6976.5,6977.0,6975.68070037415,6976.271852662039,6988.09824533471,7021.5,6938.75,6980.125,7019.032220315729,6999.96084249782,7009.4965314067695,6982.755130089669,0.0,0.0,0.0,0.0,0.0,0.0
1769734800.0,6977.25,6977.75,6972.0,6974.5,6974.570139968029,6975.10849852226,6987.12017522691,7021.5,6938.75,6980.125,7019.032220315729,6999.96084249782,7009.4965314067695,6982.4295696195395,0.0,0.0,0.0,0.0,0.0,0.0
1769735100.0,6974.5,6976.25,6973.25,6974.5,6973.97464119823,6974.19104510103,6986.20050203525,7021.5,6938.75,6980.125,7019.032220315729,6999.96084249782,7009.4965314067695,6982.16276541663,0.0,0.0,0.0,0.0,0.0,0.0
1769735400.0,6974.75,6975.25,6970.0,6971.25,6972.12298872871,6972.671713940879,6985.0001659973495,7021.5,6938.75,6980.125,7019.032220315729,6999.96084249782,7009.4965314067695,6981.77874308211,0.0,0.0,0.0,0.0,0.0,0.0
1769735700.0,6971.0,6972.0,6970.25,6971.25,6971.0617735119395,6971.467033278919,6983.87582032876,7021.5,6938.75,6980.125,7019.032220315729,6999.96084249782,7009.4965314067695,6981.46221417683,0.0,0.0,0.0,0.0,0.0,0.0
1769736000.0,6971.5,6972.0,6967.0,6968.75,6969.29713436301,6969.904936062069,6982.564830571419,7021.5,6938.75,6980.125,7019.032220315729,6999.96084249782,7009.4965314067695,6980.974011561259,0.0,0.0,0.0,0.0,0.0,0.0
1769736300.0,6968.5,6971.5,6966.5,6968.0,6967.945487557409,6968.486793407779,6981.2623011243095,7021.5,6938.75,6980.125,7019.032220315729,6999.96084249782,7009.4965314067695,6980.615536716479,0.0,0.0,0.0,0.0,0.0,0.0
1769736600.0,6967.75,6968.75,6964.5,6966.0,6966.25830019891,6966.8811452624595,6979.83961494433,7021.5,6938.75,6980.125,7019.032220315729,6999.96084249782,7009.4965314067695,6980.20669181175,0.0,0.0,0.0,0.0,0.0,0.0
1769736900.0,6966.0,6966.25,6959.5,6959.75,6962.2907171610195,6964.067862598889,6977.86711670525,7021.5,6938.75,6980.125,7019.032220315729,6999.96084249782,7009.4965314067695,6979.50558922857,0.0,0.0,0.0,0.0,0.0,0.0
1769737200.0,6959.75,6960.0,6952.0,6957.0,6958.60587443394,6961.1343766158,6975.74659901372,7021.5,6938.75,6980.125,7019.032220315729,6999.96084249782,7009.4965314067695,6978.02885763795,0.0,0.0,0.0,0.0,0.0,0.0
1769737500.0,6957.0,6960.0,6954.25,6957.75,6956.858171394129,6958.98214560593,6973.851922656419,7021.5,6938.75,6980.125,7019.032220315729,6999.96084249782,7009.4965314067695,6977.38554877723,0.0,0.0,0.0,0.0,0.0,0.0
1769737800.0,6957.75,6964.75,6957.75,6964.25,6959.175179619199,6958.9134923488,6972.763220539299,7021.5,6938.75,6980.125,7019.032220315729,6999.96084249782,7009.4965314067695,6976.963902978279,0.0,0.0,0.0,0.0,0.0,0.0
1769738100.0,6964.0,6964.75,6960.5,6962.75,6960.14494971952,6958.577778619369,6971.5982498053,7021.5,6938.75,6980.125,7019.032220315729,6999.96084249782,7009.4965314067695,6976.5851232868,0.0,0.0,0.0,0.0,0.0,0.0
1769738400.0,6962.75,6963.75,6959.0,6960.0,6959.57891821179,6957.70657944644,6970.23403682296,7021.5,6938.75,6980.125,7019.032220315729,6999.96084249782,7009.4965314067695,6976.17367236862,0.0,0.0,0.0,0.0,0.0,0.0
1769738700.0,6959.75,6964.5,6957.75,6959.25,6958.978792211839,6956.8883969162,6968.89225670568,7021.5,6938.75,6980.125,7019.032220315729,6999.96084249782,7009.4965314067695,6975.57968745367,0.0,0.0,0.0,0.0,0.0,0.0
1769739000.0,6959.5,6961.0,6956.0,6957.25,6957.73779259817,6955.802552405639,6967.443159705909,7021.5,6938.75,6980.125,7019.032220315729,6999.96084249782,7009.4965314067695,6975.020100639549,0.0,0.0,0.0,0.0,0.0,0.0
1769739300.0,6957.5,6960.75,6952.25,6952.25,6954.62182731331,6953.749350004099,6965.58523046291,7021.5,6938.75,6980.125,7019.032220315729,6999.96084249782,7009.4965314067695,6974.19742628645,0.0,0.0,0.0,0.0,0.0,0.0
1769739600.0,6952.5,6953.0,6945.25,6948.0,6950.69696537593,6951.086111564599,6963.42590362168,7021.5,6938.75,6980.125,7019.032220315729,6999.96084249782,7009.4965314067695,6972.648174567489,0.0,0.0,0.0,0.0,0.0,0.0
1769739900.0,6948.0,6950.75,6945.25,6945.5,6947.15655827093,6948.36046759699,6961.16870323688,7021.5,6938.75,6980.125,7019.032220315729,6999.96084249782,7009.4965314067695,6972.016589541179,0.0,0.0,0.0,0.0,0.0,0.0
1769740200.0,6945.5,6949.25,6943.25,6947.5,6946.103941912869,6946.71012713599,6959.287253433819,7021.5,6938.75,6980.125,7019.032220315729,6999.96084249782,7009.4965314067695,6971.28503032706,0.0,0.0,0.0,0.0,0.0,0.0
1769740500.0,6947.5,6952.75,6947.0,6950.0,6946.89771498317,6946.077633357009,6957.808358766079,7021.5,6938.75,6980.125,7019.032220315729,6999.96084249782,7009.4965314067695,6970.855738003749,0.0,0.0,0.0,0.0,0.0,0.0
1769740800.0,6949.75,6952.75,6947.75,6950.0,6947.61910532162,6945.664054946769,6956.446512828859,7021.5,6938.75,6980.125,7019.032220315729,6999.96084249782,7009.4965314067695,6970.53765657768,0.0,0.0,0.0,0.0,0.0,0.0
1769741100.0,6950.25,6952.5,6949.5,6950.5,6948.491458263589,6945.552183707479,6955.24609159178,7021.5,6938.75,6980.125,7019.032220315729,6999.96084249782,7009.4965314067695,6970.302608366939,0.0,0.0,0.0,0.0,0.0,0.0
1769741400.0,6951.0,6957.75,6951.0,6957.25,6952.4684476864795,6947.239240338689,6954.842557236169,7021.5,6938.75,6980.125,7019.032220315729,6999.96084249782,7009.4965314067695,6969.83973741458,0.0,0.0,0.0,0.0,0.0,0.0
1769741700.0,6957.25,6961.25,6957.0,6961.0,6956.897656506149,6949.65724353234,6954.870287537459,7021.5,6938.75,6980.125,7019.032220315729,6999.96084249782,7009.4965314067695,6969.55827661857,0.0,0.0,0.0,0.0,0.0,0.0
1769742000.0,6961.0,6967.25,6960.75,6965.5,6961.88658268766,6952.850476793549,6955.376411063479,7021.5,6938.75,6980.125,7019.032220315729,6999.96084249782,7009.4965314067695,6969.38477304667,0.0,0.0,0.0,0.0,0.0,0.0
1769742300.0,6965.5,6970.75,6965.5,6970.25,6967.26214317405,6956.72826254134,6956.35270064737,7021.5,6938.75,6980.125,7019.032220315729,6999.96084249782,7009.4965314067695,6969.37480041356,0.0,0.0,0.0,0.0,0.0,0.0
1769742600.0,6970.0,6970.25,6965.25,6966.0,6968.4025049885695,6958.912669525689,6956.835031597449,7021.5,6938.75,6980.125,7019.032220315729,6999.96084249782,7009.4965314067695,6969.34062374303,0.0,0.0,0.0,0.0,0.0,0.0
1769742900.0,6965.75,6968.5,6963.5,6967.0,6969.35662741448,6960.985875871829,6957.399850523159,7021.5,6938.75,6980.125,7019.032220315729,6999.96084249782,7009.4965314067695,6969.28042205141,0.0,0.0,0.0,0.0,0.0,0.0
1769743200.0,6966.75,6968.25,6961.0,6963.75,6968.1273135218,6961.898146146719,6957.601406230119,7021.5,6938.75,6980.125,7019.032220315729,6999.96084249782,7009.4965314067695,6969.2134676427395,0.0,0.0,0.0,0.0,0.0,0.0
1769743500.0,6964.0,6966.5,6962.25,6965.0,6967.730910370659,6962.9617202563895,6957.929761822779,7021.5,6938.75,6980.125,7019.032220315729,6999.96084249782,7009.4965314067695,6969.152176296249,0.0,0.0,0.0,0.0,0.0,0.0
1769743800.0,6965.0,6971.25,6964.25,6970.0,6969.74033616396,6965.077414063369,6958.76318288693,7021.5,6938.75,6980.125,7019.032220315729,6999.96084249782,7009.4965314067695,6969.1398213126495,0.0,0.0,0.0,0.0,0.0,0.0
1769744100.0,6970.25,6971.5,6968.75,6969.0,6970.366643404989,6966.562345868269,6959.44536943782,7021.5,6938.75,6980.125,7019.032220315729,6999.96084249782,7009.4965314067695,6969.1474040186795,0.0,0.0,0.0,0.0,0.0,0.0
1769744400.0,6968.5,6968.75,6965.5,6967.0,6969.616724846949,6967.268647144309,6959.8827430518195,7021.5,6938.75,6980.125,7019.032220315729,6999.96084249782,7009.4965314067695,6969.130629206969,0.0,0.0,0.0,0.0,0.0,0.0
1769744700.0,6967.25,6970.0,6967.0,6969.75,6970.329236411049,6968.50797282641,6960.582796584879,7021.5,6938.75,6980.125,7019.032220315729,6999.96084249782,7009.4965314067695,6969.12807351148,0.0,0.0,0.0,0.0,0.0,0.0
1769745000.0,6969.5,6971.75,6966.0,6967.25,6969.435777103719,6968.87828824334,6960.98380409301,7021.5,6938.75,6980.125,7019.032220315729,6999.96084249782,7009.4965314067695,6969.116793102819,0.0,0.0,0.0,0.0,0.0,0.0
1769745300.0,6967.25,6968.75,6966.0,6966.25,6968.267494261369,6968.9006560033795,6961.261167316869,7021.5,6938.75,6980.125,7019.032220315729,6999.96084249782,7009.4965314067695,6969.098863173889,0.0,0.0,0.0,0.0,0.0,0.0
1769745600.0,6966.25,6968.5,6965.25,6966.5,6967.569863230579,6968.94665883971,6961.5523244821,7021.5,6938.75,6980.125,7019.032220315729,6999.96084249782,7009.4965314067695,6969.08236181322,0.0,0.0,0.0,0.0,0.0,0.0
1769745900.0,6966.75,6969.75,6965.75,6969.5,6968.545200648679,6969.69721639395,6962.140166638939,7021.5,6938.75,6980.125,7019.032220315729,6999.96084249782,7009.4965314067695,6969.07740834731,0.0,0.0,0.0,0.0,0.0,0.0
1769746200.0,6969.75,6971.75,6969.75,6971.75,6970.22930121594,6970.84284548636,6962.92585215705,7021.5,6938.75,6980.125,7019.032220315729,6999.96084249782,7009.4965314067695,6969.08764473877,0.0,0.0,0.0,0.0,0.0,0.0
1769746500.0,6971.75,6973.25,6971.25,6972.75,6971.737307646849,6972.000844369039,6963.76560103226,7021.5,6938.75,6980.125,7019.032220315729,6999.96084249782,7009.4965314067695,6969.110739859339,0.0,0.0,0.0,0.0,0.0,0.0
1769746800.0,6973.0,6973.5,6971.5,6971.5,6972.01242274995,6972.605478098079,6964.42226882369,7021.5,6938.75,6980.125,7019.032220315729,6999.96084249782,7009.4965314067695,6969.12977568028,0.0,0.0,0.0,0.0,0.0,0.0
1769747100.0,6971.25,6971.25,6967.0,6970.5,6971.6155861404895,6972.812505307729,6964.93381981486,7021.5,6938.75,6980.125,7019.032220315729,6999.96084249782,7009.4965314067695,6969.133131423219,0.0,0.0,0.0,0.0,0.0,0.0
1769747400.0,6970.25,6973.25,6969.5,6972.0,6972.02305657247,6973.31266785306,6965.56826553175,7021.5,6938.75,6980.125,7019.032220315729,6999.96084249782,7009.4965314067695,6969.14821343638,0.0,0.0,0.0,0.0,0.0,0.0
1769747700.0,6971.75,6973.25,6971.25,6971.75,6972.10177083215,6973.62016896257,6966.135546255569,7021.5,6938.75,6980.125,7019.032220315729,6999.96084249782,7009.4965314067695,6969.16278378864,0.0,0.0,0.0,0.0,0.0,0.0
1769748000.0,6971.75,6972.0,6969.75,6970.0,6971.24316148196,6973.3955031756195,6966.4847643370795,7021.5,6938.75,6980.125,7019.032220315729,6999.96084249782,7009.4965314067695,6969.169917370429,0.0,0.0,0.0,0.0,0.0,0.0
1769748300.0,6970.25,6971.0,6969.25,6969.5,6970.411992524069,6973.04379173862,6966.75998015747,7021.5,6938.75,6980.125,7019.032220315729,6999.96084249782,7009.4965314067695,6969.17249567556,0.0,0.0,0.0,0.0,0.0,0.0
1769748600.0,6969.25,6969.5,6966.75,6968.25,6969.256018678469,6972.40399886867,6966.88855037917,7021.5,6938.75,6980.125,7019.032220315729,6999.96084249782,7009.4965314067695,6969.165719996599,0.0,0.0,0.0,0.0,0.0,0.0
1769748900.0,6968.25,6968.25,6964.25,6965.5,6967.18391786088,6971.157405207699,6966.725502223139,7021.5,6938.75,6980.125,7019.032220315729,6999.96084249782,7009.4965314067695,6969.139508028569,0.0,0.0,0.0,0.0,0.0,0.0
1769749200.0,6965.5,6969.75,6965.5,6968.5,6967.364787175769,6970.84558705932,6966.88558954076,7021.5,6938.75,6980.125,7019.032220315729,6999.96084249782,7009.4965314067695,6969.13107540285,0.0,0.0,0.0,0.0,0.0,0.0
1769749500.0,6968.75,6970.25,6967.0,6968.75,6967.65944849233,6970.62756777505,6967.06184908773,7021.5,6938.75,6980.125,7019.032220315729,6999.96084249782,7009.4965314067695,6969.12806524316,0.0,0.0,0.0,0.0,0.0,0.0
1769749800.0,6968.75,6968.75,6964.0,6965.75,6966.430450948889,6969.681283948449,6966.91703551416,7021.5,6938.75,6980.125,7019.032220315729,6999.96084249782,7009.4965314067695,6969.10978246485,0.0,0.0,0.0,0.0,0.0,0.0
1769750100.0,6965.5,6966.5,6962.5,6963.75,6964.71971220606,6968.3857431514,6966.57697893067,7021.5,6938.75,6980.125,7019.032220315729,6999.96084249782,7009.4965314067695,6969.07506118092,0.0,0.0,0.0,0.0,0.0,0.0
1769750400.0,6964.0,6966.5,6963.5,6964.75,6964.188481100739,6967.55396572859,6966.365616292909,7021.5,6938.75,6980.125,7019.032220315729,6999.96084249782,7009.4965314067695,6969.05657997149,0.0,0.0,0.0,0.0,0.0,0.0
1769750700.0,6964.5,6966.5,6963.0,6964.75,6963.93689809198,6966.862492219109,6966.170735026039,7021.5,6938.75,6980.125,7019.032220315729,6999.96084249782,7009.4965314067695,6969.03727361221,0.0,0.0,0.0,0.0,0.0,0.0
1769751000.0,6964.75,6965.0,6961.5,6962.25,6962.64116435683,6965.66923591463,6965.732890127239,7021.5,6938.75,6980.125,7019.032220315729,6999.96084249782,7009.4965314067695,6969.00179234962,0.0,0.0,0.0,0.0,0.0,0.0
1769751300.0,6962.0,6964.75,6961.5,6962.75,6962.1464524433695,6964.81203439194,6965.37941873539,7021.5,6938.75,6980.125,7019.032220315729,6999.96084249782,7009.4965314067695,6968.971928070159,0.0,0.0,0.0,0.0,0.0,0.0
1769751600.0,6962.5,6964.25,6959.5,6960.0,6960.584142122069,6963.42914992003,6964.768742030689,7021.5,6938.75,6980.125,7019.032220315729,6999.96084249782,7009.4965314067695,6968.908073181169,0.0,0.0,0.0,0.0,0.0,0.0
1769751900.0,6960.0,6962.5,6959.0,6960.75,6960.05502855239,6962.48729273549,6964.281003307749,7021.5,6938.75,6980.125,7019.032220315729,6999.96084249782,7009.4965314067695,6968.867316260829,0.0,0.0,0.0,0.0,0.0,0.0
1769752200.0,6960.75,6961.0,6958.75,6959.25,6959.09549930237,6961.355343565499,6963.67539386078,7021.5,6938.75,6980.125,7019.032220315729,6999.96084249782,7009.4965314067695,6968.823142806539,0.0,0.0,0.0,0.0,0.0,0.0
1769752500.0,6959.5,6960.5,6956.5,6956.5,6957.2506242716,6959.75956501553,6962.831352158,7021.5,6938.75,6980.125,7019.032220315729,6999.96084249782,7009.4965314067695,6968.749705469319,0.0,0.0,0.0,0.0,0.0,0.0
1769752800.0,6956.75,6958.0,6953.75,6953.75,6954.852314210109,6957.78597293441,6961.76611502774,7021.5,6938.75,6980.125,7019.032220315729,6999.96084249782,7009.4965314067695,6968.629543133299,0.0,0.0,0.0,0.0,0.0,0.0
1769753100.0,6953.5,6955.25,6952.25,6954.5,6953.833251145609,6956.377806736429,6960.857653759849,7021.5,6938.75,6980.125,7019.032220315729,6999.96084249782,7009.4965314067695,6968.52035022979,0.0,0.0,0.0,0.0,0.0,0.0
1769753400.0,6954.5,6954.5,6950.25,6952.25,6952.245679093099,6954.69725228038,6959.785583502759,7021.5,6938.75,6980.125,7019.032220315729,6999.96084249782,7009.4965314067695,6968.397470815929,0.0,0.0,0.0,0.0,0.0,0.0
1769753700.0,6952.75,6952.75,6947.0,6947.75,6949.20017249946,6952.23740532081,6958.32950761717,7021.5,6938.75,6980.125,7019.032220315729,6999.96084249782,7009.4965314067695,6968.217442231439,0.0,0.0,0.0,0.0,0.0,0.0
1769754000.0,6947.5,6950.75,6946.0,6947.75,6947.4413347265,6950.26025959857,6956.982393827489,7021.5,6938.75,6980.125,7019.032220315729,6999.96084249782,7009.4965314067695,6968.03632326152,0.0,0.0,0.0,0.0,0.0,0.0
1769754300.0,6947.75,6949.25,6940.5,6946.0,6945.672659840309,6948.254738590939,6955.556707783379,7021.5,6938.75,6980.125,7019.032220315729,6999.96084249782,7009.4965314067695,6967.63216848263,0.0,0.0,0.0,0.0,0.0,0.0
1769754600.0,6945.5,6949.0,6943.75,6944.5,6944.02550926157,6946.29432737085,6954.08476453553,7021.5,6938.75,6980.125,7019.032220315729,6999.96084249782,7009.4965314067695,6967.41323723608,0.0,0.0,0.0,0.0,0.0,0.0
1769754900.0,6944.5,6951.5,6944.25,6949.5,6945.63167871435,6945.99363681795,6953.24265611097,7021.5,6938.75,6980.125,7019.032220315729,6999.96084249782,7009.4965314067695,6967.24569243227,0.0,0.0,0.0,0.0,0.0,0.0
1769755200.0,6949.75,6950.25,6946.5,6947.25,6945.74945297047,6945.26304276204,6952.237560216549,7021.5,6938.75,6980.125,7019.032220315729,6999.96084249782,7009.4965314067695,6967.15032097931,0.0,0.0,0.0,0.0,0.0,0.0
1769755500.0,6947.0,6947.0,6943.75,6944.5,6944.626924739499,6944.0512179547895,6951.029765157299,7021.5,6938.75,6980.125,7019.032220315729,6999.96084249782,7009.4965314067695,6967.0222168150995,0.0,0.0,0.0,0.0,0.0,0.0
1769755800.0,6944.25,6948.25,6944.0,6948.0,6945.74908917323,6943.99663176491,6950.28017580907,7021.5,6938.75,6980.125,7019.032220315729,6999.96084249782,7009.4965314067695,6966.8341795447295,0.0,0.0,0.0,0.0,0.0,0.0
1769756100.0,6948.0,6948.75,6935.0,6937.5,6941.45383843681,6941.41570008856,6948.510134983109,7021.5,6938.75,6980.125,7019.032220315729,6999.96084249782,7009.4965314067695,6965.992625332179,0.0,0.0,0.0,0.0,0.0,0.0
1769756400.0,6937.5,6943.25,6936.5,6940.75,6940.41794650236,6940.1687261097295,6947.2132326764995,7021.5,6938.75,6980.125,7019.032220315729,6999.96084249782,7009.4965314067695,6965.6654771421,0.0,0.0,0.0,0.0,0.0,0.0
1769756700.0,6940.75,6948.0,6940.0,6948.0,6943.45123546368,6941.02388974529,6946.77070210059,7021.5,6938.75,6980.125,7019.032220315729,6999.96084249782,7009.4965314067695,6965.5073406227,0.0,0.0,0.0,0.0,0.0,0.0
1769757000.0,6947.75,6949.75,6946.0,6946.25,6944.650873107949,6941.37443553858,6946.1927677155,7021.5,6938.75,6980.125,7019.032220315729,6999.96084249782,7009.4965314067695,6965.362447010089,0.0,0.0,0.0,0.0,0.0,0.0
1769757300.0,6946.5,6946.75,6941.75,6944.5,6944.6177119780195,6941.30059425645,6945.489049560179,7021.5,6938.75,6980.125,7019.032220315729,6999.96084249782,7009.4965314067695,6965.23090599136,0.0,0.0,0.0,0.0,0.0,0.0
1769757600.0,6944.25,6945.0,6941.75,6943.75,6944.26186493739,6941.11995463476,6944.771957402009,7021.5,6938.75,6980.125,7019.032220315729,6999.96084249782,7009.4965314067695,6965.014789946949,0.0,0.0,0.0,0.0,0.0,0.0
1769757900.0,6943.75,6943.75,6939.25,6940.25,6942.35371588321,6940.163906699089,6943.75845895291,7021.5,6938.75,6980.125,7019.032220315729,6999.96084249782,7009.4965314067695,6964.75099539605,0.0,0.0,0.0,0.0,0.0,0.0
1769758200.0,6940.25,6943.75,6938.25,6941.75,6941.908405972659,6939.80952312505,6942.98655276827,7021.5,6938.75,6980.125,7019.032220315729,6999.96084249782,7009.4965314067695,6964.54372733491,0.0,0.0,0.0,0.0,0.0,0.0
1769758500.0,6941.25,6943.5,6934.75,6936.25,6938.997114686559,6938.211030406979,6941.716164454259,7021.5,6938.75,6980.125,7019.032220315729,6999.96084249782,7009.4965314067695,6964.25206053598,0.0,0.0,0.0,0.0,0.0,0.0
1769758800.0,6936.25,6937.5,6931.5,6937.0,6937.582038312449,6937.13976015309,6940.62878142107,7021.5,6938.75,6980.125,7019.032220315729,6999.96084249782,7009.4965314067695,6963.899222402079,0.0,0.0,0.0,0.0,0.0,0.0
1769759100.0,6937.0,6938.0,6931.75,6937.5,6937.03153560968,6936.444742402499,6939.68634552571,7021.5,6938.75,6980.125,7019.032220315729,6999.96084249782,7009.4965314067695,6963.63806579736,0.0,0.0,0.0,0.0,0.0,0.0
1769759400.0,6937.75,6938.75,6933.75,6934.5,6935.32869462284,6935.19063623055,6938.51739668903,7021.5,6938.75,6980.125,7019.032220315729,6999.96084249782,7009.4965314067695,6963.434551176179,0.0,0.0,0.0,0.0,0.0,0.0
1769759700.0,6934.25,6936.25,6928.25,6930.25,6932.28432234022,6933.16444007643,6937.009122605619,7021.5,6938.75,6980.125,7019.032220315729,6999.96084249782,7009.4965314067695,6962.95011136021,0.0,0.0,0.0,0.0,0.0,0.0
1769760000.0,6930.25,6934.5,6927.25,6934.25,6932.43742617282,6932.5558304426295,6936.038782674939,7021.5,6938.75,6980.125,7019.032220315729,6999.96084249782,7009.4965314067695,6962.23182478513,0.0,0.0,0.0,0.0,0.0,0.0
1769760300.0,6934.25,6935.75,6926.0,6928.25,6929.762215568439,6930.63403342229,6934.53564104146,7021.5,6938.75,6980.125,7019.032220315729,6999.96084249782,7009.4965314067695,6961.56832008635,0.0,0.0,0.0,0.0,0.0,0.0
1769760600.0,6928.25,6938.5,6927.5,6937.25,6932.601032150639,6931.359121666929,6934.08811329538,7021.5,6938.75,6980.125,7019.032220315729,6999.96084249782,7009.4965314067695,6961.2072294030995,0.0,0.0,0.0,0.0,0.0,0.0
1769760900.0,6937.5,6940.25,6933.25,6937.0,6934.42698547061,6931.969670773849,6933.66642635232,7021.5,6938.75,6980.125,7019.032220315729,6999.96084249782,7009.4965314067695,6960.89817451214,0.0,0.0,0.0,0.0,0.0,0.0
1769761200.0,6936.75,6942.25,6936.75,6940.75,6937.4910377712895,6933.472642246819,6933.6821499608595,7021.5,6938.75,6980.125,7019.032220315729,6999.96084249782,7009.4965314067695,6960.6504238527095,0.0,0.0,0.0,0.0,0.0,0.0
1769761500.0,6940.5,6943.25,6937.5,6938.25,6938.23640700863,6934.149623943779,6933.45833186028,7021.5,6938.75,6980.125,7019.032220315729,6999.96084249782,7009.4965314067695,6960.46698737886,0.0,0.0,0.0,0.0,0.0,0.0
1769761800.0,6938.0,6938.25,6926.5,6928.0,6933.675200860809,6932.207803362349,6932.2103927361795,7021.5,6938.75,6980.125,7019.032220315729,6999.96084249782,7009.4965314067695,6959.998789917369,0.0,0.0,0.0,0.0,0.0,0.0
1769762100.0,6928.0,6933.25,6926.25,6931.75,6932.591991948259,6931.58336546781,6931.45743568704,7021.5,6938.75,6980.125,7019.032220315729,6999.96084249782,7009.4965314067695,6959.61990406505,0.0,0.0,0.0,0.0,0.0,0.0
1769762400.0,6931.75,6933.5,6929.0,6933.5,6932.809435411489,6931.55333545918,6930.95840844947,7021.5,6938.75,6980.125,7019.032220315729,6999.96084249782,7009.4965314067695,6959.43609228419,0.0,0.0,0.0,0.0,0.0,0.0
1769762700.0,6933.25,6939.0,6930.5,6938.25,6935.32172328766,6932.75886929784,6931.00566684905,7021.5,6938.75,6980.125,7019.032220315729,6999.96084249782,7009.4965314067695,6959.20147067908,0.0,0.0,0.0,0.0,0.0,0.0
1769763000.0,6938.0,6943.0,6935.25,6942.75,6939.143119777819,6934.91720811695,6931.53480204071,7021.5,6938.75,6980.125,7019.032220315729,6999.96084249782,7009.4965314067695,6959.05277362143,0.0,0.0,0.0,0.0,0.0,0.0
1769763300.0,6942.75,6945.75,6940.25,6941.0,6940.68420968515,6936.29754488418,6931.865338335279,7021.5,6938.75,6980.125,7019.032220315729,6999.96084249782,7009.4965314067695,6958.834328252369,0.0,0.0,0.0,0.0,0.0,0.0
1769763600.0,6941.0,6943.75,6938.75,6943.25,6942.670035594219,6938.018723096519,6932.42389524729,7021.5,6938.75,6980.125,7019.032220315729,6999.96084249782,7009.4965314067695,6958.629047030339,0.0,0.0,0.0,0.0,0.0,0.0
1769763900.0,6943.5,6945.0,6937.0,6938.75,6941.6216801569,6938.33360243391,6932.496022870449,7021.5,6938.75,6980.125,7019.032220315729,6999.96084249782,7009.4965314067695,6958.45473618901,0.0,0.0,0.0,0.0,0.0,0.0
1769764200.0,6938.5,6938.75,6931.5,6933.0,6938.02787939444,6937.169222765399,6931.986003163949,7021.5,6938.75,6980.125,7019.032220315729,6999.96084249782,7009.4965314067695,6958.262884834209,0.0,0.0,0.0,0.0,0.0,0.0
1769764500.0,6932.75,6935.75,6930.0,6934.75,6936.52634286965,6936.648657928639,6931.709694724,7021.5,6938.75,6980.125,7019.032220315729,6999.96084249782,7009.4965314067695,6958.06518521197,0.0,0.0,0.0,0.0,0.0,0.0
1769764800.0,6934.75,6936.5,6931.75,6932.0,6934.22399469018,6935.5441739963,6931.18551986901,7021.5,6938.75,6980.125,7019.032220315729,6999.96084249782,7009.4965314067695,6957.894539352959,0.0,0.0,0.0,0.0,0.0,0.0
1769765100.0,6931.75,6933.75,6929.25,6932.0,6932.789283196639,6934.643879194159,6930.71506641391,7021.5,6938.75,6980.125,7019.032220315729,6999.96084249782,7009.4965314067695,6957.72861122342,0.0,0.0,0.0,0.0,0.0,0.0
1769765400.0,6932.0,6933.5,6929.5,6930.5,6931.2096974160595,6933.542949072629,6930.139554669429,7021.5,6938.75,6980.125,7019.032220315729,6999.96084249782,7009.4965314067695,6957.51383474389,0.0,0.0,0.0,0.0,0.0,0.0
1769765700.0,6930.5,6935.75,6928.5,6929.5,6929.80253534237,6932.40404041262,6929.518087663389,7021.5,6938.75,6980.125,7019.032220315729,6999.96084249782,7009.4965314067695,6957.36183462139,0.0,0.0,0.0,0.0,0.0,0.0
1769766000.0,6929.25,6931.75,6928.25,6929.5,6929.011578779539,6931.486336553209,6928.957362493799,7021.5,6938.75,6980.125,7019.032220315729,6999.96084249782,7009.4965314067695,6957.212370655049,0.0,0.0,0.0,0.0,0.0,0.0
1769766300.0,6929.5,6929.5,6920.25,6920.5,6924.23028629054,6928.516541997829,6927.52296311084,7021.5,6938.75,6980.125,7019.032220315729,6999.96084249782,7009.4965314067695,6956.513653696419,0.0,0.0,0.0,0.0,0.0,0.0
1769766600.0,6920.5,6924.0,6917.5,6923.5,6922.793353935899,6926.84273271161,6926.51695604951,7021.5,6938.75,6980.125,7019.032220315729,6999.96084249782,7009.4965314067695,6956.039172440989,0.0,0.0,0.0,0.0,0.0,0.0
1769766900.0,6923.5,6930.5,6923.5,6926.5,6923.53582810344,6926.2489614602,6925.909888569529,7021.5,6938.75,6980.125,7019.032220315729,6999.96084249782,7009.4965314067695,6955.600477942329,0.0,0.0,0.0,0.0,0.0,0.0
1769767200.0,6926.25,6935.25,6926.0,6930.0,6925.89665447208,6926.67487163789,6925.725707269599,7021.5,6938.75,6980.125,7019.032220315729,6999.96084249782,7009.4965314067695,6955.3068511906995,0.0,0.0,0.0,0.0,0.0,0.0
1769767500.0,6929.75,6932.25,6927.75,6928.75,6926.9193779895695,6926.7597249725795,6925.44368959218,7021.5,6938.75,6980.125,7019.032220315729,6999.96084249782,7009.4965314067695,6955.169060411839,0.0,0.0,0.0,0.0,0.0,0.0
1769767800.0,6928.75,6934.25,6927.5,6933.5,6929.96327457754,6928.05085402376,6925.690654164289,7021.5,6938.75,6980.125,7019.032220315729,6999.96084249782,7009.4965314067695,6955.0297564824095,0.0,0.0,0.0,0.0,0.0,0.0
1769768100.0,6933.5,6935.0,6931.75,6933.5,6931.92974033582,6929.15167493209,6925.9381319410495,7021.5,6938.75,6980.125,7019.032220315729,6999.96084249782,7009.4965314067695,6954.93489621292,0.0,0.0,0.0,0.0,0.0,0.0
1769768400.0,6933.5,6936.0,6932.5,6935.5,6934.128611147749,6930.584512920859,6926.392213676329,7021.5,6938.75,6980.125,7019.032220315729,6999.96084249782,7009.4965314067695,6954.80281844999,0.0,0.0,0.0,0.0,0.0,0.0
1769768700.0,6935.25,6935.5,6929.75,6932.0,6933.752761893539,6930.9159343731,6926.469243607659,7021.5,6938.75,6980.125,7019.032220315729,6999.96084249782,7009.4965314067695,6954.6472224441395,0.0,0.0,0.0,0.0,0.0,0.0
1769769000.0,6932.0,6940.0,6932.0,6938.0,6936.355722192739,6932.693932432449,6927.17702261172,7021.5,6938.75,6980.125,7019.032220315729,6999.96084249782,7009.4965314067695,6954.498964253769,0.0,0.0,0.0,0.0,0.0,0.0
1769769300.0,6938.25,6943.25,6938.25,6939.75,6938.776279334639,6934.60417296726,6928.03132899817,7021.5,6938.75,6980.125,7019.032220315729,6999.96084249782,7009.4965314067695,6954.39353749878,0.0,0.0,0.0,0.0,0.0,0.0
1769769600.0,6939.75,6941.0,6936.0,6940.25,6940.43149788255,6936.3030467447,6928.891694696489,7021.5,6938.75,6980.125,7019.032220315729,6999.96084249782,7009.4965314067695,6954.25829115656,0.0,0.0,0.0,0.0,0.0,0.0
1769769900.0,6940.75,6942.25,6938.0,6940.25,6941.3292683583195,6937.693817673719,6929.70498376189,7021.5,6938.75,6980.125,7019.032220315729,6999.96084249782,7009.4965314067695,6954.103027507689,0.0,0.0,0.0,0.0,0.0,0.0
1769770200.0,6940.5,6943.75,6938.5,6940.0,6941.6152231447795,6938.760463460079,6930.44766404207,7021.5,6938.75,6980.125,7019.032220315729,6999.96084249782,7009.4965314067695,6954.043115988369,0.0,0.0,0.0,0.0,0.0,0.0
1769770500.0,6940.0,6940.0,6937.5,6938.75,6941.03126721538,6939.305169632989,6931.02039897939,7021.5,6938.75,6980.125,7019.032220315729,6999.96084249782,7009.4965314067695,6953.99134073322,0.0,0.0,0.0,0.0,0.0,0.0
1769770800.0,6939.0,6947.0,6938.0,6944.25,6943.20839827839,6941.09414276725,6932.13199056543,7021.5,6938.75,6980.125,7019.032220315729,6999.96084249782,7009.4965314067695,6953.898042506439,0.0,0.0,0.0,0.0,0.0,0.0
1769771100.0,6944.5,6945.25,6942.0,6944.5,6944.59111706474,6942.601158464569,6933.20103627483,7021.5,6938.75,6980.125,7019.032220315729,6999.96084249782,7009.4965314067695,6953.84659108053,0.0,0.0,0.0,0.0,0.0,0.0
1769771400.0,6944.5,6948.75,6944.5,6948.25,6947.15656507513,6944.73888334143,6934.5911555413495,7021.5,6938.75,6980.125,7019.032220315729,6999.96084249782,7009.4965314067695,6953.798233198199,0.0,0.0,0.0,0.0,0.0,0.0
1769771700.0,6948.25,6950.75,6947.5,6947.5,6948.26351133455,6946.27157502897,6935.8134705025295,7021.5,6938.75,6980.125,7019.032220315729,6999.96084249782,7009.4965314067695,6953.75040522714,0.0,0.0,0.0,0.0,0.0,0.0
1769772000.0,6947.5,6952.5,6947.5,6952.25,6951.108474195829,6948.66522223367,6937.446981006739,7021.5,6938.75,6980.125,7019.032220315729,6999.96084249782,7009.4965314067695,6953.7314531259,0.0,0.0,0.0,0.0,0.0,0.0
1769772300.0,6952.25,6953.0,6950.5,6952.75,6952.97655762611,6950.70638050642,6939.022212858949,7021.5,6938.75,6980.125,7019.032220315729,6999.96084249782,7009.4965314067695,6953.723214824309,0.0,0.0,0.0,0.0,0.0,0.0
1769772600.0,6952.75,6959.25,6952.0,6958.25,6956.640385649959,6953.6917752788695,6941.058608161779,7021.5,6938.75,6980.125,7019.032220315729,6999.96084249782,7009.4965314067695,6953.76838611483,0.0,0.0,0.0,0.0,0.0,0.0
1769772900.0,6958.5,6959.25,6956.5,6958.25,6958.743473706039,6956.08081203965,6942.9537310145,7021.5,6938.75,6980.125,7019.032220315729,6999.96084249782,7009.4965314067695,6953.79080539536,0.0,0.0,0.0,0.0,0.0,0.0
1769773200.0,6958.25,6961.0,6957.75,6958.25,6959.824793951139,6957.9677834636195,6944.715801323489,7021.5,6938.75,6980.125,7019.032220315729,6999.96084249782,7009.4965314067695,6953.820551682569,0.0,0.0,0.0,0.0,0.0,0.0
1769773500.0,6958.25,6958.75,6949.75,6952.5,6957.45191341992,6958.00386891132,6945.75827529569,7021.5,6938.75,6980.125,7019.032220315729,6999.96084249782,7009.4965314067695,6953.818781133729,0.0,0.0,0.0,0.0,0.0,0.0
1769773800.0,6952.5,6968.25,6952.5,6967.5,6963.04564635912,6961.670676752659,6948.27522513169,7021.5,6938.75,6980.125,7019.032220315729,6999.96084249782,7009.4965314067695,6954.0004873137195,0.0,0.0,0.0,0.0,0.0,0.0
1769774100.0,6967.5,6970.75,6966.25,6968.5,6966.90017199861,6964.852045581089,6950.71468514058,7021.5,6938.75,6980.125,7019.032220315729,6999.96084249782,7009.4965314067695,6954.170651871959,0.0,0.0,0.0,0.0,0.0,0.0
1769774400.0,6968.75,6975.75,6968.5,6975.25,6972.3861514581595,6969.050571815849,6953.67442882874,7021.5,6938.75,6980.125,7019.032220315729,6999.96084249782,7009.4965314067695,6954.48191827069,0.0,0.0,0.0,0.0,0.0,0.0
1769774700.0,6975.5,6975.75,6965.5,6965.75,6970.93180419812,6970.036252461749,6955.436189200919,7021.5,6938.75,6980.125,7019.032220315729,6999.96084249782,7009.4965314067695,6954.669363491789,0.0,0.0,0.0,0.0,0.0,0.0
1769775000.0,6965.75,6969.5,6965.0,6967.0,6970.291807339119,6971.03400077006,6957.193334679329,7021.5,6938.75,6980.125,7019.032220315729,6999.96084249782,7009.4965314067695,6954.74029722022,0.0,0.0,0.0,0.0,0.0,0.0
1769775300.0,6967.0,6969.0,6965.25,6966.5,6969.38498310006,6971.60846092215,6958.7640113067,7021.5,6938.75,6980.125,7019.032220315729,6999.96084249782,7009.4965314067695,6954.79624941284,0.0,0.0,0.0,0.0,0.0,0.0
1769775600.0,6966.5,6970.5,6963.25,6969.75,6970.190773098479,6972.76860485948,6960.547717458039,7021.5,6938.75,6980.125,7019.032220315729,6999.96084249782,7009.4965314067695,6954.909312396329,0.0,0.0,0.0,0.0,0.0,0.0
1769775900.0,6970.0,6970.0,6965.25,6965.75,6968.58609324186,6972.61222041087,6961.77895679536,7021.5,6938.75,6980.125,7019.032220315729,6999.96084249782,7009.4965314067695,6955.026964490809,0.0,0.0,0.0,0.0,0.0,0.0
1769776200.0,6965.75,6968.5,6965.75,6966.5,6967.793450778619,6972.5532869852195,6962.986442265929,7021.5,6938.75,6980.125,7019.032220315729,6999.96084249782,7009.4965314067695,6955.07747152694,0.0,0.0,0.0,0.0,0.0,0.0
1769776500.0,6966.5,6972.0,6965.0,6965.25,6966.59065867074,6972.0844923065,6963.9643565078995,7021.5,6938.75,6980.125,7019.032220315729,6999.96084249782,7009.4965314067695,6955.14383414957,0.0,0.0,0.0,0.0,0.0,0.0
1769776800.0,6965.0,6968.5,6962.0,6962.25,6964.308235054649,6970.849233983649,6964.54728150894,7021.5,6938.75,6980.125,7019.032220315729,6999.96084249782,7009.4965314067695,6955.20265538228,0.0,0.0,0.0,0.0,0.0,0.0
1769777100.0,6962.25,6966.75,6960.75,6962.5,6962.9679462819995,6969.798784173129,6965.098481821539,7021.5,6938.75,6980.125,7019.032220315729,6999.96084249782,7009.4965314067695,6955.26845604751,0.0,0.0,0.0,0.0,0.0,0.0
1769777400.0,6962.25,6963.75,6956.0,6958.25,6960.075677011289,6967.79290511563,6965.15486462548,7021.5,6938.75,6980.125,7019.032220315729,6999.96084249782,7009.4965314067695,6955.30621435129,0.0,0.0,0.0,0.0,0.0,0.0
1769777700.0,6958.5,6962.0,6958.0,6961.5,6959.892984313629,6966.87489991139,6965.52638858843,7021.5,6938.75,6980.125,7019.032220315729,6999.96084249782,7009.4965314067695,6955.3424453813395,0.0,0.0,0.0,0.0,0.0,0.0
1769778000.0,6961.25,6965.0,6959.5,6965.0,6961.58945098742,6966.92943949655,6966.21688950469,7021.5,6938.75,6980.125,7019.032220315729,6999.96084249782,7009.4965314067695,6955.387278084259,0.0,0.0,0.0,0.0,0.0,0.0
1769778300.0,6964.75,6968.0,6963.75,6964.75,6962.63289911743,6966.860894651009,6966.81622949745,7021.5,6938.75,6980.125,7019.032220315729,6999.96084249782,7009.4965314067695,6955.45259722618,0.0,0.0,0.0,0.0,0.0,0.0
1769778600.0,6964.75,6970.25,6964.5,6968.5,6965.17641995455,6967.688803272699,6967.74401188426,7021.5,6938.75,6980.125,7019.032220315729,6999.96084249782,7009.4965314067695,6955.515864344429,0.0,0.0,0.0,0.0,0.0,0.0
1769778900.0,6968.75,6970.25,6965.25,6965.75,6965.46804049102,6967.64244404817,6968.30501263268,7021.5,6938.75,6980.125,7019.032220315729,6999.96084249782,7009.4965314067695,6955.558988537129,0.0,0.0,0.0,0.0,0.0,0.0
1769779200.0,6966.0,6966.5,6961.25,6962.0,6963.8046152138395,6966.6261575852295,6968.42129672376,7021.5,6938.75,6980.125,7019.032220315729,6999.96084249782,7009.4965314067695,6955.603401333229,0.0,0.0,0.0,0.0,0.0,0.0
1769779500.0,6962.0,6966.0,6958.25,6963.5,6963.4707657871795,6966.1196017642,6968.66674605905,7021.5,6938.75,6980.125,7019.032220315729,6999.96084249782,7009.4965314067695,6955.65760678278,0.0,0.0,0.0,0.0,0.0,0.0
1769779800.0,6964.25,6964.25,6947.25,6954.75,6959.00661341007,6963.491756890249,6967.97300151271,7021.5,6938.75,6980.125,7019.032220315729,6999.96084249782,7009.4965314067695,6955.65194075786,0.0,0.0,0.0,0.0,0.0,0.0
1769780100.0,6954.75,6958.25,6951.25,6955.5,6956.58396486226,6961.48350809543,6967.3883819153,7021.5,6938.75,6980.125,7019.032220315729,6999.96084249782,7009.4965314067695,6955.6474941842,0.0,0.0,0.0,0.0,0.0,0.0
1769780400.0,6955.5,6962.5,6953.0,6962.0,6958.3338500051295,6961.4304571095,6967.50038252541,7021.5,6938.75,6980.125,7019.032220315729,6999.96084249782,7009.4965314067695,6955.681340280889,0.0,0.0,0.0,0.0,0.0,0.0
1769780700.0,6962.0,6962.5,6955.75,6956.0,6956.64341354273,6959.890863623479,6966.96858717667,7021.5,6938.75,6980.125,7019.032220315729,6999.96084249782,7009.4965314067695,6955.704149544849,0.0,0.0,0.0,0.0,0.0,0.0
1769781000.0,6956.0,6959.0,6954.75,6957.0,6956.1541905021695,6958.86839563283,6966.56214727499,7021.5,6938.75,6980.125,7019.032220315729,6999.96084249782,7009.4965314067695,6955.71283841425,0.0,0.0,0.0,0.0,0.0,0.0
1769781300.0,6957.0,6958.75,6955.25,6957.0,6955.95363440581,6958.0314675426,6966.1695620193095,7021.5,6938.75,6980.125,7019.032220315729,6999.96084249782,7009.4965314067695,6955.72129892045,0.0,0.0,0.0,0.0,0.0,0.0
1769781600.0,6957.0,6962.25,6955.0,6960.25,6957.51610454364,6958.160882956229,6966.126374241129,7021.5,6938.75,6980.125,7019.032220315729,6999.96084249782,7009.4965314067695,6955.7797653833195,0.0,0.0,0.0,0.0,0.0,0.0
1769781900.0,6960.5,6964.25,6960.0,6961.0,6958.9586183827,6958.46886391692,6966.15009861553,7021.5,6938.75,6980.125,7019.032220315729,6999.96084249782,7009.4965314067695,6955.85445778075,0.0,0.0,0.0,0.0,0.0,0.0
1769782200.0,6961.0,6965.75,6959.0,6964.0,6961.382024210459,6959.48274215283,6966.468861546849,7021.5,6938.75,6980.125,7019.032220315729,6999.96084249782,7009.4965314067695,6955.93416096392,0.0,0.0,0.0,0.0,0.0,0.0
1769782500.0,6964.0,6966.75,6962.0,6963.5,6962.68055633667,6960.206225428379,6966.70030380099,7021.5,6938.75,6980.125,7019.032220315729,6999.96084249782,7009.4965314067695,6956.01935352904,0.0,0.0,0.0,0.0,0.0,0.0
1769782800.0,6963.5,6965.25,6961.0,6961.75,6962.612661335859,6960.37465298093,6966.721370624269,7021.5,6938.75,6980.125,7019.032220315729,6999.96084249782,7009.4965314067695,6956.09330100417,0.0,0.0,0.0,0.0,0.0,0.0
1769783100.0,6961.75,6967.5,6961.0,6966.25,6964.71331543542,6961.636693132939,6967.19297642098,7021.5,6938.75,6980.125,7019.032220315729,6999.96084249782,7009.4965314067695,6956.297861399429,0.0,0.0,0.0,0.0,0.0,0.0
1769783400.0,6966.25,6981.75,6961.0,6979.0,6972.21209212453,6965.850914097579,6968.93629294847,,,,6976.083760128779,6931.336837232449,6953.710298680619,6958.66458220128,0.0,0.0,0.0,0.0,0.0,0.0
1769783700.0,6979.25,6983.75,6971.75,6983.75,6979.171138066819,6970.50235448268,6971.034551807669,,,,6976.083760128779,6931.336837232449,6953.710298680619,6960.35830452331,0.0,0.0,0.0,0.0,0.0,0.0
1769784000.0,6984.0,6985.5,6974.25,6974.75,6978.95073198421,6972.07511148238,6972.04032424818,,,,6976.083760128779,6931.336837232449,6953.710298680619,6961.3316490863,0.0,0.0,0.0,0.0,0.0,0.0
1769784300.0,6975.0,6978.25,6966.25,6974.5,6978.377762841579,6973.266565729369,6972.93369582118,,,,6976.083760128779,6931.336837232449,6953.710298680619,6962.10219074164,0.0,0.0,0.0,0.0,0.0,0.0
1769784600.0,6974.5,6981.5,6967.75,6971.5,6976.284848100299,6973.45501141129,6973.43783969557,,,,6976.083760128779,6931.336837232449,6953.710298680619,6962.673871348589,0.0,0.0,0.0,0.0,0.0,0.0
1769784900.0,6971.5,6978.0,6960.25,6965.25,6971.69510556082,6972.00592486735,6973.243883331749,,,,6976.083760128779,6931.336837232449,6953.710298680619,6962.90193146956,0.0,0.0,0.0,0.0,0.0,0.0
1769785200.0,6965.0,6974.75,6964.5,6965.5,6968.7747595682695,6970.8260971755,6973.072849870169,,,,6976.083760128779,6931.336837232449,6953.710298680619,6963.13417905133,0.0,0.0,0.0,0.0,0.0,0.0
1769785500.0,6965.75,6983.5,6965.25,6981.75,6974.820662514429,6973.85683102638,6974.577387808849,,,,6976.083760128779,6931.336837232449,6953.710298680619,6963.8712249438895,0.0,0.0,0.0,0.0,0.0,0.0
1769785800.0,6982.0,6989.0,6976.0,6983.0,6979.25394571069,6976.63456109237,6976.08928600503,,,,6976.083760128779,6931.336837232449,6953.710298680619,6964.8364674306395,0.0,0.0,0.0,0.0,0.0,0.0
1769786100.0,6983.0,6986.5,6979.25,6980.75,6980.85247457691,6978.321007929199,6977.2453536167595,,,,6976.083760128779,6931.336837232449,6953.710298680619,6965.44416399216,0.0,0.0,0.0,0.0,0.0,0.0
1769786400.0,6980.75,6984.5,6974.0,6975.75,6979.25654242745,6978.413815330229,6977.785561339129,,,,6976.083760128779,6931.336837232449,6953.710298680619,6965.864619872779,0.0,0.0,0.0,0.0,0.0,0.0
1769786700.0,6975.75,6976.0,6960.5,6962.0,6971.37297084208,6975.01268563093,6976.84836140857,,,,6976.083760128779,6931.336837232449,6953.710298680619,6965.8759593743,0.0,0.0,0.0,0.0,0.0,0.0
1769787000.0,6962.0,6966.75,6957.0,6965.75,6968.12503554367,6973.087690593309,6976.34675674042,6989.0,6960.25,6974.625,6976.083760128779,6931.336837232449,6953.710298680619,6965.74191516844,0.0,0.0,0.0,0.0,0.0,0.0
1769787300.0,6965.75,6981.25,6965.75,6978.75,6972.4733310108595,6974.69873749203,6977.207219600339,6989.0,6960.25,6974.625,6976.083760128779,6931.336837232449,6953.710298680619,6966.13337274383,0.0,0.0,0.0,0.0,0.0,0.0
1769787600.0,6978.75,6986.25,6977.75,6983.25,6977.51288725337,6977.1209419752495,6978.45580472614,6989.0,6960.25,6974.625,6976.083760128779,6931.336837232449,6953.710298680619,6966.6152696972395,0.0,0.0,0.0,0.0,0.0,0.0
1769787900.0,6983.25,6991.25,6982.0,6983.75,6980.9441520656,6979.210838647469,6979.65131135223,6989.0,6960.25,6974.625,6976.083760128779,6931.336837232449,6953.710298680619,6967.2061119574,0.0,0.0,0.0,0.0,0.0,0.0
1769788200.0,6983.75,6985.25,6971.0,6975.25,6978.87756690852,6978.7792811901,6979.86655754809,6989.0,6960.25,6974.625,6976.083760128779,6931.336837232449,6953.710298680619,6967.50851894817,0.0,0.0,0.0,0.0,0.0,0.0
1769788500.0,6975.5,6976.5,6967.5,6969.5,6974.63998688823,6976.946630472319,6979.454344615219,6989.0,6960.25,6974.625,6976.083760128779,6931.336837232449,6953.710298680619,6967.59848172852,0.0,0.0,0.0,1.0,0.0,0.0
1769788800.0,6969.5,6972.0,6966.25,6968.0,6971.16644592497,6975.02139694564,6978.898423550299,6989.0,6960.25,6974.625,6976.083760128779,6931.336837232449,6953.710298680619,6967.62738292621,0.0,0.0,0.0,0.0,0.0,0.0
1769789100.0,6968.25,6975.25,6965.0,6967.0,6968.5080096516995,6973.155575915959,6978.26130623631,6989.0,6960.25,6974.625,6976.083760128779,6931.336837232449,6953.710298680619,6967.66059757236,0.0,0.0,0.0,0.0,0.0,0.0
1769789400.0,6967.25,6971.0,6964.5,6968.0,6967.40332027491,6971.847303626319,6977.75624051412,6989.0,6960.25,6974.625,6976.083760128779,6931.336837232449,6953.710298680619,6967.66385701692,0.0,0.0,0.0,0.0,0.0,0.0
1769789700.0,6968.0,6968.0,6957.25,6958.75,6962.3158104421,6968.45977354359,6976.31529562967,6989.0,6960.25,6974.625,6976.083760128779,6931.336837232449,6953.710298680619,6967.52147286046,0.0,0.0,0.0,0.0,0.0,0.0
1769790000.0,6958.75,6959.75,6951.25,6953.0,6956.43567107488,6964.2366280333,6974.36700210427,6989.0,6960.25,6974.625,6976.083760128779,6931.336837232449,6953.710298680619,6967.18762346239,0.0,0.0,0.0,0.0,0.0,0.0
1769790300.0,6953.25,6963.75,6950.5,6958.5,6955.62575451164,6962.139376929639,6973.11144727092,6989.0,6960.25,6974.625,6976.083760128779,6931.336837232449,6953.710298680619,6966.9427069984295,0.0,0.0,0.0,0.0,0.0,0.0
1769790600.0,6958.75,6966.5,6956.5,6957.5,6954.91901731052,6960.19709939017,6971.829745376889,6989.0,6960.25,6974.625,6976.083760128779,6931.336837232449,6953.710298680619,6966.77433211646,0.0,0.0,0.0,0.0,0.0,0.0
1769790900.0,6957.5,6967.5,6956.75,6960.75,6956.329256473239,6959.4480878676095,6970.9642865229,6989.0,6960.25,6974.625,6976.083760128779,6931.336837232449,6953.710298680619,6966.66830764088,0.0,0.0,0.0,0.0,0.0,0.0
1769791200.0,6960.5,6972.5,6960.25,6967.0,6960.51408860953,6960.43576852104,6970.7970403646295,6989.0,6960.25,6974.625,6976.083760128779,6931.336837232449,6953.710298680619,6966.666791027749,0.0,0.0,0.0,0.0,0.0,0.0
1769791500.0,6967.0,6967.5,6960.0,6962.25,6961.0181770972495,6960.120209735859,6970.14265579685,6989.0,6960.25,6974.625,6976.083760128779,6931.336837232449,6953.710298680619,6966.61604154401,0.0,0.0,0.0,0.0,0.0,0.0
1769791800.0,6962.25,6963.0,6955.25,6961.5,6961.053154217389,6959.718567309809,6969.44927348693,6989.0,6960.25,6974.625,6976.083760128779,6931.336837232449,6953.710298680619,6966.50522354588,0.0,0.0,0.0,0.0,0.0,0.0
1769792100.0,6961.5,6961.75,6951.75,6954.5,6957.7198834631,6957.69119138039,6968.0743389502095,6989.0,6960.25,6974.625,6976.083760128779,6931.336837232449,6953.710298680619,6966.352714934769,0.0,0.0,0.0,0.0,0.0,0.0
1769792400.0,6954.75,6955.5,6943.5,6944.5,6950.79097088784,6953.578108432999,6965.756582703079,6989.0,6960.25,6974.625,6976.083760128779,6931.336837232449,6953.710298680619,6965.9535919910695,0.0,0.0,0.0,0.0,0.0,0.0
1769792700.0,6944.25,6945.25,6935.0,6939.25,6943.96936884098,6948.93532634583,6963.054760753659,6989.0,6960.25,6974.625,6976.083760128779,6931.336837232449,6953.710298680619,6965.35956615461,0.0,0.0,0.0,0.0,0.0,0.0
1769793000.0,6939.0,6945.0,6938.25,6939.0,6939.7684014467895,6945.11658015541,6960.51477733472,6989.0,6960.25,6974.625,6976.083760128779,6931.336837232449,6953.710298680619,6964.898967764099,0.0,0.0,0.0,0.0,0.0,0.0
1769793300.0,6939.0,6943.5,6936.5,6942.25,6939.0219523922,6942.865865857179,6958.489245066399,6989.0,6960.25,6974.625,6976.083760128779,6931.336837232449,6953.710298680619,6964.5321700901495,0.0,0.0,0.0,0.0,0.0,0.0
1769793600.0,6942.25,6955.5,6940.75,6951.25,6943.29167181002,6943.35083012362,6957.538286704719,6989.0,6960.25,6974.625,6976.083760128779,6931.336837232449,6953.710298680619,6964.245270335799,0.0,0.0,0.0,0.0,0.0,0.0
1769793900.0,6951.25,6960.0,6949.5,6959.0,6950.075285291769,6945.784550094259,6957.45851449936,6989.0,6960.25,6974.625,6976.083760128779,6931.336837232449,6953.710298680619,6964.122719395549,0.0,0.0,0.0,0.0,0.0,0.0
1769794200.0,6958.75,6963.5,6950.75,6951.5,6950.87591444984,6946.02369894169,6956.612930063719,6989.0,6960.25,6974.625,6976.083760128779,6931.336837232449,6953.710298680619,6963.9641419869495,0.0,0.0,0.0,0.0,0.0,0.0
1769794500.0,6951.5,6956.5,6943.5,6949.25,6950.316982886129,6945.74349509459,6955.598249093149,6989.0,6960.25,6974.625,6976.083760128779,6931.336837232449,6953.710298680619,6963.72744760136,0.0,0.0,0.0,0.0,0.0,0.0
1769794800.0,6949.25,6953.5,6945.25,6953.0,6951.80554925241,6946.521961517689,6955.04721737975,6989.0,6960.25,6974.625,6976.083760128779,6931.336837232449,6953.710298680619,6963.575960732201,0.0,0.0,0.0,0.0,0.0,0.0
1769795100.0,6953.25,6959.75,6947.5,6952.0,6952.269179262729,6946.98864420643,6954.43691524507,6989.0,6960.25,6974.625,6976.083760128779,6931.336837232449,6953.710298680619,6963.43146349329,0.0,0.0,0.0,0.0,0.0,0.0
1769795400.0,6952.25,6955.25,6945.5,6946.25,6949.735670903629,6946.00942941816,6953.28093336174,6989.0,6960.25,6974.625,6976.083760128779,6931.336837232449,6953.710298680619,6963.25548525646,0.0,0.0,0.0,0.0,0.0,0.0
1769795700.0,6946.25,6952.5,6939.0,6939.25,6944.6952272015,6943.522099492379,6951.488990977709,6989.0,6960.25,6974.625,6976.083760128779,6931.336837232449,6953.710298680619,6962.99275323832,0.0,0.0,0.0,0.0,0.0,0.0
1769796000.0,6939.25,6945.75,6936.5,6944.0,6943.85787693115,6942.7154382297995,6950.321312430639,6989.0,6960.25,6974.625,6976.083760128779,6931.336837232449,6953.710298680619,6962.68582709275,0.0,0.0,0.0,0.0,0.0,0.0
1769796300.0,6944.0,6950.75,6942.25,6943.75,6943.314731910529,6942.05844618143,6949.21838030446,6989.0,6960.25,6974.625,6976.083760128779,6931.336837232449,6953.710298680619,6962.50652264525,0.0,0.0,0.0,0.0,0.0,0.0
1769796600.0,6943.75,6944.5,6938.75,6940.0,6941.24818920464,6940.65425467514,6947.81467266155,6989.0,6960.25,6974.625,6976.083760128779,6931.336837232449,6953.710298680619,6962.3093932581,0.0,0.0,0.0,0.0,0.0,0.0
1769796900.0,6940.0,6941.5,6928.25,6929.0,6934.67860181167,6936.830586252329,6945.382784208589,6989.0,6960.25,6974.625,6976.083760128779,6931.336837232449,6953.710298680619,6961.851848079799,0.0,0.0,0.0,0.0,0.0,0.0
1769797200.0,6928.75,6932.25,6918.75,6930.25,6931.27526381329,6934.06249725727,6943.262420864279,6989.0,6960.25,6974.625,6976.083760128779,6931.336837232449,6953.710298680619,6961.06807170425,0.0,0.0,0.0,0.0,0.0,0.0
1769797500.0,6930.25,6943.25,6930.0,6942.5,6935.336790546249,6934.91373785601,6942.570360457599,6989.0,6960.25,6974.625,6976.083760128779,6931.336837232449,6953.710298680619,6960.72440613384,0.0,0.0,0.0,0.0,0.0,0.0
1769797800.0,6942.5,6945.0,6926.0,6927.25,6930.70923491708,6931.916576799879,6940.36486005976,6989.0,6960.25,6974.625,6976.083760128779,6931.336837232449,6953.710298680619,6960.258723260849,0.0,0.0,0.0,0.0,0.0,0.0
1769798100.0,6927.0,6937.0,6926.25,6933.75,6931.114461024589,6931.14807371601,6939.00114842043,6989.0,6960.25,6974.625,6976.083760128779,6931.336837232449,6953.710298680619,6959.90243808713,0.0,0.0,1.0,0.0,0.0,0.0
1769798400.0,6934.0,6939.5,6933.0,6936.5,6932.92141217789,6931.292668674319,6938.033744695619,6989.0,6960.25,6974.625,6976.083760128779,6931.336837232449,6953.710298680619,6959.647626424079,0.0,0.0,0.0,0.0,0.0,0.0
1769798700.0,6936.25,6948.25,6935.25,6948.0,6939.842752337289,6934.363877404069,6938.33991841443,6989.0,6960.25,6974.625,6976.083760128779,6931.336837232449,6953.710298680619,6959.453539592209,0.0,0.0,0.0,0.0,0.0,0.0
1769799000.0,6948.0,6959.0,6947.25,6958.25,6949.31409827251,6939.52959584339,6939.70108159477,6989.0,6960.25,6974.625,6976.083760128779,6931.336837232449,6953.710298680619,6959.385459151999,0.0,0.0,0.0,0.0,0.0,0.0
1769799300.0,6958.25,6969.0,6956.75,6961.75,6956.94951440153,6944.722807026579,6941.344544388299,6989.0,6960.25,6974.625,6976.083760128779,6931.336837232449,6953.710298680619,6959.430754199219,0.0,0.0,0.0,0.0,0.0,0.0
1769799600.0,6962.0,6970.25,6961.75,6967.0,6964.10725507713,6950.3452296223695,6943.42987556708,6989.0,6960.25,6974.625,6976.083760128779,6931.336837232449,6953.710298680619,6959.547657753599,0.0,0.0,0.0,0.0,0.0,0.0
1769799900.0,6967.25,6975.25,6966.0,6969.25,6969.38116284971,6955.547908478489,6945.61421223032,6989.0,6960.25,6974.625,6976.083760128779,6931.336837232449,6953.710298680619,6959.6821052739,0.0,0.0,0.0,0.0,0.0,0.0
1769800200.0,6969.25,6971.75,6963.0,6967.75,6971.5450124648,6959.44418260683,6947.50103591668,6989.0,6960.25,6974.625,6976.083760128779,6931.336837232449,6953.710298680619,6959.7664228063895,0.0,0.0,0.0,0.0,0.0,0.0
1769800500.0,6967.75,6969.75,6964.0,6966.25,6971.705111843549,6962.23949249147,6949.109369328729,6989.0,6960.25,6974.625,6976.083760128779,6931.336837232449,6953.710298680619,6959.82851153669,0.0,0.0,0.0,0.0,0.0,0.0
1769800800.0,6966.5,6972.5,6966.25,6969.25,6972.81899987117,6965.22968716752,6950.922296090879,6989.0,6960.25,6974.625,6976.083760128779,6931.336837232449,6953.710298680619,6959.90647473958,0.0,0.0,0.0,0.0,0.0,0.0
1769801100.0,6969.25,6975.0,6961.0,6961.25,6969.220831333169,6965.634013375729,6951.78695748402,6989.0,6960.25,6974.625,6976.083760128779,6931.336837232449,6953.710298680619,6959.964037473709,0.0,0.0,0.0,0.0,0.0,0.0
1769801400.0,6961.25,6968.5,6953.5,6965.75,6968.78853271085,6967.005066410619,6953.06070932678,6989.0,6960.25,6974.625,6976.083760128779,6931.336837232449,6953.710298680619,6960.010524004049,0.0,0.0,0.0,0.0,0.0,0.0
1769801700.0,6965.5,6968.0,6962.0,6964.0,6967.4158102803995,6967.62008572365,6954.06788495595,6989.0,6960.25,6974.625,6976.083760128779,6931.336837232449,6953.710298680619,6960.049087405479,0.0,0.0,0.0,0.0,0.0,0.0
1769802000.0,6964.25,6967.25,6960.0,6960.75,6964.763027510709,6967.236254994389,6954.671148599949,6989.0,6960.25,6974.625,6976.083760128779,6931.336837232449,6953.710298680619,6960.06784914933,0.0,0.0,0.0,0.0,0.0,0.0
1769802300.0,6960.5,6962.0,6955.25,6956.25,6960.750639035289,6965.71948846897,6954.7689303575,6989.0,6960.25,6974.625,6976.083760128779,6931.336837232449,6953.710298680619,6960.04963938739,0.0,0.0,0.0,0.0,0.0,0.0
1769802600.0,6956.25,6968.25,6956.25,6967.5,6963.6414157276995,6967.191726059001,6956.024320214269,6989.0,6960.25,6974.625,6976.083760128779,6931.336837232449,6953.710298680619,6960.086340103149,0.0,0.0,0.0,0.0,0.0,0.0
1769802900.0,6967.75,6970.75,6952.0,6953.5,6958.6448408842,6964.858308520629,6955.74563499492,6989.0,6960.25,6974.625,6976.083760128779,6931.336837232449,6953.710298680619,6960.07426663342,0.0,1.0,0.0,0.0,0.0,0.0
1769803200.0,6953.5,6960.0,6952.75,6955.75,6956.56242711097,6963.42652321875,6955.71971293288,6989.0,6960.25,6974.625,6976.083760128779,6931.336837232449,6953.710298680619,6960.036764196319,0.0,0.0,0.0,0.0,0.0,0.0
1769803500.0,6955.75,6956.5,6947.25,6952.5,6953.73213542125,6961.38436305408,6955.36044052107,6989.0,6960.25,6974.625,6976.083760128779,6931.336837232449,6953.710298680619,6959.962780856,0.0,0.0,0.0,0.0,0.0,0.0
1769803800.0,6952.75,6954.75,6947.25,6948.25,6949.97742349064,6958.600127562039,6954.587983204119,6989.0,6960.25,6974.625,6976.083760128779,6931.336837232449,6953.710298680619,6959.894831001149,0.0,0.0,0.0,0.0,0.0,0.0
1769804100.0,6948.0,6948.25,6943.5,6945.5,6946.41607904956,6955.589472720129,6953.58681255942,6989.0,6960.25,6974.625,6976.083760128779,6931.336837232449,6953.710298680619,6959.747051472559,0.0,0.0,0.0,0.0,0.0,0.0
1769804400.0,6945.25,6948.25,6940.75,6947.75,6945.470789952579,6953.650622143809,6952.890477225849,6989.0,6960.25,6974.625,6976.083760128779,6931.336837232449,6953.710298680619,6959.59901509376,0.0,0.0,0.0,0.0,0.0,0.0
1769804700.0,6947.75,6952.5,6943.5,6948.25,6945.36146493826,6952.174963161259,6952.2973572006495,6989.0,6960.25,6974.625,6976.083760128779,6931.336837232449,6953.710298680619,6959.48437865462,0.0,0.0,0.0,0.0,0.0,0.0
1769805000.0,6948.5,6956.0,6947.5,6953.5,6948.08463161625,6952.27162728846,6952.2916517799995,6989.0,6960.25,6974.625,6976.083760128779,6931.336837232449,6953.710298680619,6959.40193991427,0.0,0.0,0.0,0.0,0.0,0.0
1769805300.0,6953.5,6957.75,6948.75,6953.5,6950.002147653249,6952.36495174212,6952.2896821399,6989.0,6960.25,6974.625,6976.083760128779,6931.336837232449,6953.710298680619,6959.345183368149,0.0,0.0,0.0,0.0,0.0,0.0
1769805600.0,6953.5,6961.25,6952.25,6959.75,6954.38573171299,6954.00872872519,6952.937136388139,6989.0,6960.25,6974.625,6976.083760128779,6931.336837232449,6953.710298680619,6959.330539275459,0.0,0.0,0.0,0.0,0.0,0.0
1769805900.0,6959.75,6974.25,6959.0,6974.0,6964.17296400446,6958.918461165979,6955.01502212368,6989.0,6960.25,6974.625,6976.083760128779,6931.336837232449,6953.710298680619,6959.452054925329,0.0,0.0,0.0,0.0,0.0,0.0
1769806200.0,6973.75,6976.75,6957.75,6961.75,6964.337608320219,6959.920669407579,6955.68273025863,6989.0,6960.25,6974.625,6976.083760128779,6931.336837232449,6953.710298680619,6959.58920282454,0.0,0.0,0.0,0.0,0.0,0.0
1769806500.0,6961.5,6970.0,6956.75,6968.0,6967.291663717019,6962.28049348382,6956.950237477529,6989.0,6960.25,6974.625,6976.083760128779,6931.336837232449,6953.710298680619,6959.977924519039,0.0,0.0,0.0,0.0,0.0,0.0
1769806800.0,6967.75,6973.25,6961.0,6962.75,6966.410342516309,6962.89533694008,6957.5860008708,6989.0,6960.25,6974.625,6976.083760128779,6931.336837232449,6953.710298680619,6960.07023008678,0.0,0.0,0.0,0.0,0.0,0.0
1769807100.0,6963.0,6963.5,6957.75,6959.25,6963.93568316242,6962.497643879389,6957.814451385089,6989.0,6960.25,6974.625,6976.083760128779,6931.336837232449,6953.710298680619,6960.07062736224,0.0,0.0,0.0,0.0,0.0,0.0
1769807400.0,6959.25,6964.75,6959.25,6963.5,6964.283113781609,6963.19183235441,6958.46488227519,6989.0,6960.25,6974.625,6976.083760128779,6931.336837232449,6953.710298680619,6960.077814866399,0.0,0.0,0.0,0.0,0.0,0.0
1769807700.0,6963.25,6964.25,6962.0,6963.5,6964.40105677235,6963.73250457147,6959.068064145699,6989.0,6960.25,6974.625,6976.083760128779,6931.336837232449,6953.710298680619,6960.081377883719,0.0,0.0,0.0,0.0,0.0,0.0
1769808000.0,6963.75,6969.75,6962.25,6968.5,6966.82202757213,6965.388496396889,6960.1436388993,6989.0,6960.25,6974.625,6976.083760128779,6931.336837232449,6953.710298680619,6960.09148613854,0.0,0.0,0.0,0.0,0.0,0.0
1769808300.0,6968.5,6968.75,6963.25,6963.25,6965.70179142637,6965.41364326767,6960.59835989694,6989.0,6960.25,6974.625,6976.083760128779,6931.336837232449,6953.710298680619,6960.096011803639,0.0,0.0,0.0,0.0,0.0,0.0
1769808600.0,6963.25,6964.0,6960.5,6962.0,6964.27134755225,6965.0837652316895,6960.88865852031,6989.0,6960.25,6974.625,6976.083760128779,6931.336837232449,6953.710298680619,6960.097308757349,0.0,0.0,0.0,0.0,0.0,0.0
1769808900.0,6962.0,6962.75,6958.0,6959.75,6962.194672703699,6964.214719312249,6960.9224648541995,6989.0,6960.25,6974.625,6976.083760128779,6931.336837232449,6953.710298680619,6960.097374537139,0.0,0.0,0.0,0.0,0.0,0.0
1769809200.0,6959.75,6959.75,6957.5,6958.25,6960.115544398849,6963.091584602979,6960.795227441829,6989.0,6960.25,6974.625,6976.083760128779,6931.336837232449,6953.710298680619,6960.09659811391,0.0,0.0,0.0,0.0,0.0,0.0
1769809500.0,6958.5,6959.5,6957.75,6959.25,6959.30046491291,6962.38684719015,6960.77675297509,6989.0,6960.25,6974.625,6976.083760128779,6931.336837232449,6953.710298680619,6960.09564498289,0.0,0.0,0.0,0.0,0.0,0.0
1769809800.0,6959.25,6963.25,6959.0,6961.75,6960.05294296946,6962.40683352566,6961.01457721519,6989.0,6960.25,6974.625,6976.083760128779,6931.336837232449,6953.710298680619,6960.09701051042,0.0,0.0,0.0,0.0,0.0,0.0
1769810100.0,6962.0,6963.5,6960.5,6961.25,6960.33932922615,6962.282527853959,6961.180606688599,6989.0,6960.25,6974.625,6976.083760128779,6931.336837232449,6953.710298680619,6960.098260457969,0.0,0.0,0.0,0.0,0.0,0.0
1769986800.0,6938.5,6947.75,6920.0,6935.5,6947.990577676789,6955.760986224919,6958.66989001512,6989.0,6960.25,6974.625,6976.083760128779,6931.336837232449,6953.710298680619,6934.41666666667,0.0,0.0,0.0,0.0,0.0,0.0
1769987100.0,6935.5,6936.25,6924.5,6925.0,6935.12098111046,6947.762488057129,6955.247505360059,6989.0,6960.25,6974.625,6976.083760128779,6931.336837232449,6953.710298680619,6932.89418377322,0.0,0.0,0.0,0.0,0.0,0.0
1769987400.0,6925.0,6930.25,6920.25,6928.5,6928.9821820894595,6942.0605596988,6952.42693498865,6989.0,6960.25,6974.625,6976.083760128779,6931.336837232449,6953.710298680619,6931.59459418717,0.0,0.0,0.0,0.0,0.0,0.0
1769987700.0,6928.5,6932.25,6923.25,6924.75,6923.75012905313,6936.485242181099,6949.4191206477,6989.0,6960.25,6974.625,6976.083760128779,6931.336837232449,6953.710298680619,6931.064863050479,0.0,0.0,0.0,0.0,0.0,0.0
1769988000.0,6924.5,6927.5,6922.25,6925.5,6921.340462444309,6932.157828826799,6946.704648535389,6989.0,6960.25,6974.625,6976.083760128779,6931.336837232449,6953.710298680619,6930.467722181939,0.0,0.0,0.0,0.0,0.0,0.0
1769988300.0,6925.5,6931.75,6918.25,6929.75,6922.445739314129,6929.75163722198,6944.626940141659,6989.0,6960.25,6974.625,6976.083760128779,6931.336837232449,6953.710298680619,6929.97743561582,0.0,0.0,0.0,0.0,0.0,0.0
1769988600.0,6929.5,6940.0,6927.25,6939.0,6928.17615253604,6930.18734047217,6943.659946736159,6989.0,6960.25,6974.625,6976.083760128779,6931.336837232449,6953.710298680619,6930.72772902177,0.0,0.0,0.0,0.0,0.0,0.0
1769988900.0,6939.25,6945.5,6938.75,6943.5,6934.40926337487,6931.78885943519,6943.23584630742,6989.0,6960.25,6974.625,6976.083760128779,6931.336837232449,6953.710298680619,6931.58185494317,0.0,0.0,0.0,0.0,0.0,0.0
1769989200.0,6943.5,6949.75,6940.5,6948.25,6940.9142377593,6934.4047508742,6943.3427705165195,6989.0,6960.25,6974.625,6976.083760128779,6931.336837232449,6953.710298680619,6932.34635500053,0.0,0.0,0.0,0.0,0.0,0.0
1769989500.0,6948.0,6952.25,6947.75,6949.75,6945.84857504104,6937.0346356193695,6943.607472941339,6989.0,6960.25,6974.625,6976.083760128779,6931.336837232449,6953.710298680619,6933.54182830996,0.0,0.0,0.0,0.0,0.0,0.0
1769989800.0,6949.5,6952.5,6945.5,6949.25,6948.676786448569,6939.16090071274,6943.8118157428,6989.0,6960.25,6974.625,6976.083760128779,6931.336837232449,6953.710298680619,6934.236116258519,0.0,0.0,0.0,0.0,0.0,0.0
1769990100.0,6949.25,6949.25,6945.25,6946.5,6948.98711313053,6940.29565959242,6943.727090286609,6989.0,6960.25,6974.625,6976.083760128779,6931.336837232449,6953.710298680619,6934.613259095309,0.0,0.0,0.0,0.0,0.0,0.0
1769990400.0,6946.5,6947.25,6938.0,6942.25,6946.93811195303,6940.226639810539,6943.2183027805695,6989.0,6960.25,6974.625,6976.083760128779,6931.336837232449,6953.710298680619,6935.20370488866,0.0,0.0,0.0,0.0,0.0,0.0
1769990700.0,6942.0,6949.5,6939.0,6948.25,6948.41672613833,6941.70636857249,6943.37472523014,6989.0,6960.25,6974.625,6976.083760128779,6931.336837232449,6953.710298680619,6935.68868691798,0.0,0.0,0.0,0.0,0.0,0.0
1769991000.0,6948.0,6954.25,6945.5,6951.75,6950.9503697049895,6943.83817891496,6943.89124590265,6989.0,6960.25,6974.625,6976.083760128779,6931.336837232449,6953.710298680619,6936.45103643531,0.0,0.0,0.0,0.0,0.0,0.0
1769991300.0,6951.5,6958.5,6951.25,6955.0,6954.009086426349,6946.43554694411,6944.716306452229,6989.0,6960.25,6974.625,6976.083760128779,6931.336837232449,6953.710298680619,6937.58837007275,0.0,0.0,0.0,0.0,0.0,0.0
1769991600.0,6955.0,6959.75,6954.75,6957.75,6957.120461372479,6949.27998764856,6945.775861313429,6989.0,6960.25,6974.625,6976.083760128779,6931.336837232449,6953.710298680619,6938.3574445581,0.0,0.0,0.0,0.0,0.0,0.0
1769991900.0,6957.5,6960.5,6954.75,6956.5,6958.274250644299,6951.319480964459,6946.6390851877295,6989.0,6960.25,6974.625,6976.083760128779,6931.336837232449,6953.710298680619,6938.906192570669,0.0,0.0,0.0,0.0,0.0,0.0
1769992200.0,6956.75,6958.0,6954.0,6956.75,6958.89356796147,6953.05451059716,6947.47386945481,6989.0,6960.25,6974.625,6976.083760128779,6931.336837232449,6953.710298680619,6939.33275833663,0.0,0.0,0.0,0.0,0.0,0.0
1769992500.0,6956.5,6965.75,6956.25,6963.25,6962.233678093169,6956.08326366157,6948.927403586649,6989.0,6960.25,6974.625,6976.083760128779,6931.336837232449,6953.710298680619,6940.4343613314795,0.0,0.0,0.0,0.0,0.0,0.0
1769992800.0,6963.25,6964.5,6959.25,6962.25,6963.643593267479,6958.30510374556,6950.18002146422,6989.0,6960.25,6974.625,6976.083760128779,6931.336837232449,6953.710298680619,6941.19470087175,0.0,0.0,0.0,0.0,0.0,0.0
1769993100.0,6962.5,6963.75,6960.25,6961.5,6963.92546869932,6959.910794222649,6951.270465994459,6989.0,6960.25,6974.625,6976.083760128779,6931.336837232449,6953.710298680619,6941.71073967322,0.0,0.0,0.0,0.0,0.0,0.0
1769993400.0,6961.5,6963.75,6960.5,6960.5,6963.3810689885195,6960.9377192557795,6952.18325040658,6989.0,6960.25,6974.625,6976.083760128779,6931.336837232449,6953.710298680619,6941.966050190849,0.0,0.0,0.0,0.0,0.0,0.0
1769993700.0,6960.75,6961.0,6958.25,6958.75,6961.977185422699,6961.29575785822,6952.852450376399,6989.0,6960.25,6974.625,6976.083760128779,6931.336837232449,6953.710298680619,6942.240253176879,0.0,0.0,0.0,0.0,0.0,0.0
1769994000.0,6958.5,6963.0,6956.75,6962.25,6962.63343253058,6962.405838996199,6953.83712504442,6989.0,6960.25,6974.625,6976.083760128779,6931.336837232449,6953.710298680619,6942.852946956989,0.0,0.0,0.0,0.0,0.0,0.0
1769994300.0,6962.25,6962.25,6946.25,6946.5,6955.243149383919,6959.34929667905,6953.124729196619,6989.0,6960.25,6974.625,6976.083760128779,6931.336837232449,6953.710298680619,6943.26979888604,0.0,0.0,0.0,0.0,0.0,0.0
1769994600.0,6946.75,6947.0,6932.25,6936.25,6945.477686999119,6954.22478295699,6951.40269198434,6989.0,6960.25,6974.625,6976.083760128779,6931.336837232449,6953.710298680619,6943.016793281189,0.0,0.0,0.0,0.0,0.0,0.0
1769994900.0,6936.25,6943.0,6933.5,6937.5,6939.9839194364295,6950.273570314949,6949.931487652109,6989.0,6960.25,6974.625,6976.083760128779,6931.336837232449,6953.710298680619,6942.8102228320195,0.0,0.0,0.0,0.0,0.0,0.0
1769995200.0,6937.5,6942.25,6935.5,6940.0,6937.96874009367,6947.62627585592,6948.8239905376895,6989.0,6960.25,6974.625,6976.083760128779,6931.336837232449,6953.710298680619,6942.71911398253,0.0,0.0,0.0,0.0,0.0,0.0
1769995500.0,6940.25,6945.25,6940.25,6941.5,6937.732426650429,6945.8241038878,6947.95231885791,6989.0,6960.25,6974.625,6976.083760128779,6931.336837232449,6953.710298680619,6942.71132471012,0.0,0.0,0.0,0.0,0.0,0.0
1769995800.0,6941.5,6942.25,6928.75,6930.75,6932.63960973262,6941.684152594389,6946.03447948447,6989.0,6960.25,6974.625,6976.083760128779,6931.336837232449,6953.710298680619,6942.17336625716,0.0,0.0,0.0,0.0,0.0,0.0
1769996100.0,6930.75,6939.25,6930.5,6938.0,6933.24079911743,6940.10195863546,6945.00543200401,6989.0,6960.25,6974.625,6976.083760128779,6931.336837232449,6953.710298680619,6942.006941310669,0.0,0.0,0.0,0.0,0.0,0.0
1769996400.0,6937.75,6938.25,6927.5,6928.75,6929.434869640229,6936.54226910071,6943.098444804659,6989.0,6960.25,6974.625,6976.083760128779,6931.336837232449,6953.710298680619,6941.62235378652,0.0,0.0,0.0,0.0,0.0,0.0
1769996700.0,6928.5,6930.25,6920.75,6923.5,6924.7528330141795,6932.353212571719,6940.78962802345,6989.0,6960.25,6974.625,6976.083760128779,6931.336837232449,6953.710298680619,6941.00502997239,0.0,0.0,0.0,0.0,0.0,0.0
1769997000.0,6923.25,6926.25,6921.75,6925.5,6923.091138672909,6929.46290927005,6938.858114981669,6989.0,6960.25,6974.625,6976.083760128779,6931.336837232449,6953.710298680619,6940.656042319009,0.0,0.0,0.0,0.0,0.0,0.0
1769997300.0,6925.75,6928.5,6915.0,6917.25,6918.37394668356,6925.11027668244,6936.21952492903,6989.0,6960.25,6974.625,6976.083760128779,6931.336837232449,6953.710298680619,6939.582491927539,0.0,0.0,0.0,0.0,0.0,0.0
1769997600.0,6917.25,6924.5,6915.5,6923.75,6918.9139362918195,6923.230402958539,6934.449705287049,6989.0,6960.25,6974.625,6976.083760128779,6931.336837232449,6953.710298680619,6939.02081590542,0.0,0.0,0.0,0.0,0.0,0.0
1769997900.0,6923.75,6924.0,6920.25,6921.75,6918.65613246846,6921.29008937453,6932.610686187079,6989.0,6960.25,6974.625,6976.083760128779,6931.336837232449,6953.710298680619,6938.7733341577095,0.0,0.0,0.0,0.0,0.0,0.0
1769998200.0,6921.5,6922.0,6912.0,6919.0,6917.46742094599,6919.116807925459,6930.63100272617,6989.0,6960.25,6974.625,6976.083760128779,6931.336837232449,6953.710298680619,6938.1395877271,0.0,0.0,0.0,0.0,0.0,0.0
1769998500.0,6919.0,6923.25,6913.5,6915.25,6915.1639713123495,6916.50628909995,6928.41842506084,6989.0,6960.25,6974.625,6976.083760128779,6931.336837232449,6953.710298680619,6937.67658939577,0.0,0.0,0.0,0.0,0.0,0.0
1769998800.0,6915.25,6920.0,6913.5,6918.75,6915.67802275719,6915.34275180564,6926.74005641144,6989.0,6960.25,6974.625,6976.083760128779,6931.336837232449,6953.710298680619,6937.320237592329,0.0,0.0,0.0,0.0,0.0,0.0
1769999100.0,6918.75,6920.75,6914.75,6917.25,6915.52974922188,6914.13410439527,6925.04284994469,6989.0,6960.25,6974.625,6976.083760128779,6931.336837232449,6953.710298680619,6937.00657451325,0.0,0.0,0.0,0.0,0.0,0.0
1769999400.0,6917.0,6922.5,6913.25,6913.25,6913.69554775065,6912.26540728488,6923.07072972619,6989.0,6960.25,6974.625,6976.083760128779,6931.336837232449,6953.710298680619,6936.68657792413,0.0,0.0,0.0,0.0,0.0,0.0
1769999700.0,6913.5,6920.0,6912.25,6920.0,6916.01534374721,6912.52527103333,6921.95522921214,6989.0,6960.25,6974.625,6976.083760128779,6931.336837232449,6953.710298680619,6936.448813297199,0.0,0.0,0.0,0.0,0.0,0.0
1770000000.0,6920.0,6921.75,6916.5,6918.0,6916.684604913679,6912.365134640239,6920.73268202609,6989.0,6960.25,6974.625,6976.083760128779,6931.336837232449,6953.710298680619,6936.2833782340695,0.0,0.0,0.0,0.0,0.0,0.0
1770000300.0,6918.0,6919.25,6912.75,6913.25,6914.8997122465,6911.1669433651,6919.1268789426995,6989.0,6960.25,6974.625,6976.083760128779,6931.336837232449,6953.710298680619,6935.98152310117,0.0,0.0,0.0,0.0,0.0,0.0
1770000600.0,6913.5,6913.5,6905.25,6910.5,6912.51272395593,6909.605057201999,6917.372145153549,6989.0,6960.25,6974.625,6976.083760128779,6931.336837232449,6953.710298680619,6934.980967934939,0.0,0.0,0.0,0.0,0.0,0.0
1770000900.0,6910.5,6911.5,6905.25,6906.5,6909.1536076967395,6907.4320654986195,6915.350641272539,6989.0,6960.25,6974.625,6976.083760128779,6931.336837232449,6953.710298680619,6934.59821309555,0.0,0.0,0.0,0.0,0.0,0.0
1770001200.0,6906.5,6910.0,6905.5,6907.5,6907.648881147,6906.00011446919,6913.59895685943,6989.0,6960.25,6974.625,6976.083760128779,6931.336837232449,6953.710298680619,6934.25279765604,0.0,0.0,0.0,0.0,0.0,0.0
1770001500.0,6907.5,6909.75,6905.25,6907.75,6906.9869026404995,6904.99617323795,6912.021682329319,6989.0,6960.25,6974.625,6976.083760128779,6931.336837232449,6953.710298680619,6934.02273149921,0.0,0.0,0.0,0.0,0.0,0.0
1770001800.0,6907.75,6908.75,6895.75,6900.5,6903.1973616756795,6902.4799373434,6909.83220729612,6989.0,6960.25,6974.625,6976.083760128779,6931.336837232449,6953.710298680619,6933.038682474709,0.0,0.0,0.0,0.0,0.0,0.0
1770002100.0,6900.25,6904.0,6898.5,6902.0,6901.69504209915,6900.891747062719,6907.9788980903095,6989.0,6960.25,6974.625,6976.083760128779,6931.336837232449,6953.710298680619,6932.51706115416,0.0,0.0,0.0,0.0,0.0,0.0
1770002400.0,6902.25,6903.5,6899.5,6902.25,6901.06846077258,6899.762713630659,6906.310059294379,6989.0,6960.25,6974.625,6976.083760128779,6931.336837232449,6953.710298680619,6932.22164510675,0.0,0.0,0.0,0.0,0.0,0.0
1770002700.0,6902.25,6905.0,6896.5,6898.5,6899.038874201779,6898.01789820866,6904.400158900389,6989.0,6960.25,6974.625,6976.083760128779,6931.336837232449,6953.710298680619,6931.709711495299,0.0,0.0,0.0,0.0,0.0,0.0
1770003000.0,6898.25,6900.25,6892.75,6894.75,6896.1077149556795,6895.7640966032795,6902.26697116306,6989.0,6960.25,6974.625,6976.083760128779,6931.336837232449,6953.710298680619,6930.916898734979,0.0,0.0,0.0,0.0,0.0,0.0
1770003300.0,6894.75,6895.25,6890.25,6890.5,6892.3749293417795,6892.96793404358,6899.87551263693,6989.0,6960.25,6974.625,6976.083760128779,6931.336837232449,6953.710298680619,6930.272198490249,0.0,0.0,0.0,0.0,0.0,0.0
1770003600.0,6890.5,6891.5,6886.0,6889.75,6889.87092129667,6890.59897069573,6897.606875728439,6989.0,6960.25,6974.625,6976.083760128779,6931.336837232449,6953.710298680619,6929.523709489639,0.0,0.0,0.0,0.0,0.0,0.0
1770003900.0,6889.75,6894.5,6884.75,6893.25,6890.2514968331,6889.64494957548,6895.89296819544,6989.0,6960.25,6974.625,6976.083760128779,6931.336837232449,6953.710298680619,6928.81572686603,0.0,0.0,0.0,0.0,0.0,0.0
1770004200.0,6893.5,6893.5,6887.75,6890.0,6889.163387332829,6888.181816458809,6893.99811522455,6989.0,6960.25,6974.625,6976.083760128779,6931.336837232449,6953.710298680619,6928.19169336401,0.0,0.0,0.0,0.0,0.0,0.0
1770004500.0,6890.0,6893.0,6883.0,6886.0,6886.73916738312,6886.10941460715,6891.858254089229,6989.0,6960.25,6974.625,6976.083760128779,6931.336837232449,6953.710298680619,6927.502051753439,0.0,0.0,0.0,0.0,0.0,0.0
1770004800.0,6886.25,6887.25,6875.5,6876.25,6880.655064419029,6882.104342813949,6888.897163209849,6989.0,6960.25,6974.625,6976.083760128779,6931.336837232449,6953.710298680619,6926.180013648859,0.0,0.0,0.0,0.0,0.0,0.0
1770005100.0,6876.0,6880.75,6873.5,6880.75,6879.234607544459,6880.05278938382,6886.64669766012,6989.0,6960.25,6974.625,6976.083760128779,6931.336837232449,6953.710298680619,6925.155090865879,0.0,0.0,0.0,0.0,0.0,0.0
1770005400.0,6880.5,6880.75,6873.5,6879.25,6877.90178812235,6878.12994649463,6884.43818181161,6989.0,6960.25,6974.625,6976.083760128779,6931.336837232449,6953.710298680619,6924.411316539529,0.0,0.0,0.0,0.0,0.0,0.0
1770005700.0,6879.25,6890.75,6877.5,6890.5,6882.8292379908,6879.48523187293,6883.58755390437,6989.0,6960.25,6974.625,6976.083760128779,6931.336837232449,6953.710298680619,6923.44981494853,0.0,0.0,0.0,0.0,0.0,0.0
1770006000.0,6890.5,6890.75,6887.5,6889.5,6885.70285704578,6880.49576081915,6882.733792901389,6989.0,6960.25,6974.625,6976.083760128779,6931.336837232449,6953.710298680619,6923.1624215455995,0.0,0.0,0.0,0.0,0.0,0.0
1770006300.0,6889.5,6893.0,6887.75,6888.5,6887.1524354861795,6881.20720742859,6881.87698460825,6989.0,6960.25,6974.625,6976.083760128779,6931.336837232449,6953.710298680619,6922.89306725394,0.0,0.0,0.0,0.0,0.0,0.0
1770006600.0,6888.25,6893.0,6888.25,6892.25,6889.946929490229,6882.8408220402,6881.5081797536395,6989.0,6960.25,6974.625,6976.083760128779,6931.336837232449,6953.710298680619,6922.64849450534,0.0,0.0,0.0,0.0,0.0,0.0
1770006900.0,6892.25,6894.25,6891.5,6893.5,6892.327817450509,6884.60192359938,6881.33440749284,6989.0,6960.25,6974.625,6976.083760128779,6931.336837232449,6953.710298680619,6922.455660473929,0.0,0.0,0.0,0.0,0.0,0.0
1770007200.0,6893.5,6902.25,6893.5,6900.75,6897.31670422892,6887.9457004971,6881.961552754889,6989.0,6960.25,6974.625,6976.083760128779,6931.336837232449,6953.710298680619,6922.05406622354,0.0,0.0,0.0,0.0,0.0,0.0
1770007500.0,6900.75,6901.5,6897.5,6897.75,6898.901508543419,6890.03014047087,6882.27296697367,6989.0,6960.25,6974.625,6976.083760128779,6931.336837232449,6953.710298680619,6921.914392398309,0.0,0.0,0.0,0.0,0.0,0.0
1770007800.0,6897.5,6898.75,6895.0,6898.0,6899.84339091934,6891.864028450949,6882.62554632285,6989.0,6960.25,6974.625,6976.083760128779,6931.336837232449,6953.710298680619,6921.746668414909,0.0,0.0,0.0,0.0,0.0,0.0
1770008100.0,6898.0,6899.25,6896.5,6897.0,6899.75939436827,6893.16653660419,6882.88615073619,6989.0,6960.25,6974.625,6976.083760128779,6931.336837232449,6953.710298680619,6921.64099639025,0.0,0.0,0.0,0.0,0.0,0.0
1770008400.0,6897.0,6898.0,6892.75,6894.25,6898.17880829293,6893.583865105889,6882.8793376762,6989.0,6960.25,6974.625,6976.083760128779,6931.336837232449,6953.710298680619,6921.416217538739,0.0,0.0,0.0,0.0,0.0,0.0
1770008700.0,6894.25,6896.5,6892.0,6893.0,6896.41091886666,6893.6359038253195,6882.778061752029,6989.0,6960.25,6974.625,6976.083760128779,6931.336837232449,6953.710298680619,6921.224913718889,0.0,0.0,0.0,0.0,0.0,0.0
1770009000.0,6893.25,6893.75,6888.0,6891.75,6894.57370327412,6893.382691690969,6882.588261502439,6989.0,6960.25,6974.625,6976.083760128779,6931.336837232449,6953.710298680619,6921.02047619324,0.0,0.0,0.0,0.0,0.0,0.0
1770009300.0,6891.75,6893.75,6887.5,6888.5,6891.763473479879,6892.378327062769,6882.1088202662295,6989.0,6960.25,6974.625,6976.083760128779,6931.336837232449,6953.710298680619,6920.87584742255,0.0,0.0,0.0,0.0,0.0,0.0
1770009600.0,6888.75,6890.0,6886.25,6888.25,6889.84721652513,6891.500449649099,6881.66970345703,6989.0,6960.25,6974.625,6976.083760128779,6931.336837232449,6953.710298680619,6920.70556248288,0.0,0.0,0.0,0.0,0.0,0.0
1770009900.0,6888.25,6888.5,6883.5,6885.0,6887.085186655279,6889.98372998504,6880.957663614459,6989.0,6960.25,6974.625,6976.083760128779,6931.336837232449,6953.710298680619,6920.4616383926095,0.0,0.0,0.0,0.0,0.0,0.0
1770010200.0,6884.75,6885.25,6877.75,6879.75,6882.84669066614,6887.44555452023,6879.78489060578,6989.0,6960.25,6974.625,6976.083760128779,6931.336837232449,6953.710298680619,6920.07043361582,0.0,0.0,0.0,0.0,0.0,0.0
1770010500.0,6879.75,6884.0,6879.25,6882.5,6881.62627408145,6886.0604835514,6879.01066996536,6989.0,6960.25,6974.625,6976.083760128779,6931.336837232449,6953.710298680619,6919.83819105965,0.0,0.0,0.0,0.0,0.0,0.0
1770010800.0,6882.75,6885.75,6880.5,6881.25,6880.419027284,6884.640650157659,6878.19368245569,6989.0,6960.25,6974.625,6976.083760128779,6931.336837232449,6953.710298680619,6919.440746759259,0.0,0.0,0.0,0.0,0.0,0.0
1770011100.0,6881.25,6883.5,6878.0,6883.5,6880.9287248662795,6884.066505539389,6877.69863686506,6989.0,6960.25,6974.625,6976.083760128779,6931.336837232449,6953.710298680619,6919.143017968359,0.0,0.0,0.0,0.0,0.0,0.0
1770011400.0,6883.5,6887.0,6878.75,6878.75,6879.1030596235,6882.4522938686,6876.77924168867,6989.0,6960.25,6974.625,6976.083760128779,6931.336837232449,6953.710298680619,6918.798465096719,0.0,0.0,0.0,0.0,0.0,0.0
1770011700.0,6879.0,6882.25,6877.5,6880.75,6879.06873332254,6881.65947304334,6876.16283203827,6989.0,6960.25,6974.625,6976.083760128779,6931.336837232449,6953.710298680619,6918.5542267457595,0.0,0.0,0.0,0.0,0.0,0.0
1770012000.0,6880.5,6885.0,6879.25,6880.75,6879.200592628519,6881.0507685351895,6875.621349358869,6989.0,6960.25,6974.625,6976.083760128779,6931.336837232449,6953.710298680619,6918.27332624247,0.0,0.0,0.0,0.0,0.0,0.0
1770012300.0,6881.0,6881.25,6876.25,6877.0,6877.586220856399,6879.661775062589,6874.761698303039,6989.0,6960.25,6974.625,6976.083760128779,6931.336837232449,6953.710298680619,6918.06554309625,0.0,0.0,0.0,0.0,0.0,0.0
1770012600.0,6876.75,6878.0,6874.0,6874.0,6875.216983669739,6877.816063376739,6873.683592051079,6989.0,6960.25,6974.625,6976.083760128779,6931.336837232449,6953.710298680619,6917.65311948965,0.0,0.0,0.0,0.0,0.0,0.0
1770012900.0,6874.0,6877.75,6868.75,6875.25,6874.45992018889,6876.65437331795,6872.84173386288,6989.0,6960.25,6974.625,6976.083760128779,6931.336837232449,6953.710298680619,6916.920683757569,0.0,0.0,0.0,0.0,0.0,0.0
1770013200.0,6875.25,6875.75,6869.0,6873.5,6873.279344885909,6875.31565819947,6871.90954273356,6989.0,6960.25,6974.625,6976.083760128779,6931.336837232449,6953.710298680619,6916.4959612556095,0.0,0.0,0.0,0.0,0.0,0.0
1770013500.0,6873.25,6877.5,6868.75,6877.0,6874.38647660244,6875.138595560929,6871.43602310795,6989.0,6960.25,6974.625,6976.083760128779,6931.336837232449,6953.710298680619,6916.18712120824,0.0,0.0,0.0,0.0,0.0,0.0
1770013800.0,6876.75,6879.25,6871.5,6871.75,6872.664680801599,6873.745344211779,6870.48444561946,6989.0,6960.25,6974.625,6976.083760128779,6931.336837232449,6953.710298680619,6915.8932823519,0.0,0.0,0.0,0.0,0.0,0.0
1770014100.0,6871.75,6873.5,6864.5,6867.25,6869.486223428739,6871.5335404486395,6869.165745863899,6989.0,6960.25,6974.625,6976.083760128779,6931.336837232449,6953.710298680619,6915.37289108176,0.0,0.0,0.0,0.0,0.0,0.0
1770014400.0,6867.5,6876.0,6867.5,6875.25,6871.50662511037,6871.758799016269,6868.79792302393,6989.0,6960.25,6974.625,6976.083760128779,6931.336837232449,6953.710298680619,6915.0625112509,0.0,0.0,0.0,0.0,0.0,0.0
1770014700.0,6875.25,6876.5,6868.25,6869.5,6870.13066785211,6870.57933971472,6867.8930180903,6989.0,6960.25,6974.625,6976.083760128779,6931.336837232449,6953.710298680619,6914.819867944299,0.0,0.0,0.0,0.0,0.0,0.0
1770015000.0,6869.5,6872.75,6867.75,6870.75,6869.971829028679,6869.9780291956395,6867.21205276749,6989.0,6960.25,6974.625,6976.083760128779,6931.336837232449,6953.710298680619,6914.52530152223,0.0,0.0,0.0,0.0,0.0,0.0
1770015300.0,6871.0,6875.75,6869.25,6875.25,6872.17489944929,6870.663015730929,6867.07518048692,6989.0,6960.25,6974.625,6976.083760128779,6931.336837232449,6953.710298680619,6914.268821545679,0.0,0.0,0.0,0.0,0.0,0.0
1770015600.0,6875.25,6880.25,6875.0,6878.75,6875.3627488835,6872.1580319101295,6867.340493961509,6989.0,6960.25,6974.625,6976.083760128779,6931.336837232449,6953.710298680619,6913.8418149051895,0.0,0.0,0.0,0.0,0.0,0.0
1770015900.0,6878.75,6888.5,6874.75,6888.5,6882.1643668404595,6875.86756808216,6868.625036937729,6989.0,6960.25,6974.625,6976.083760128779,6931.336837232449,6953.710298680619,6913.43796868345,0.0,0.0,0.0,0.0,0.0,0.0
1770016200.0,6888.75,6889.0,6881.75,6881.75,6883.12155107881,6877.287778035849,6869.150516353429,6989.0,6960.25,6974.625,6976.083760128779,6931.336837232449,6953.710298680619,6913.18798010087,0.0,0.0,0.0,0.0,0.0,0.0
1770016500.0,6882.0,6884.5,6878.25,6883.5,6884.421865683819,6878.9148696537595,6869.8473633944095,6989.0,6960.25,6974.625,6976.083760128779,6931.336837232449,6953.710298680619,6913.0434350899895,0.0,0.0,0.0,0.0,0.0,0.0
1770016800.0,6883.5,6888.25,6883.5,6885.75,6886.18125539216,6880.828044633359,6870.7541020237295,6989.0,6960.25,6974.625,6976.083760128779,6931.336837232449,6953.710298680619,6912.881717313029,0.0,0.0,0.0,0.0,0.0,0.0
1770017100.0,6886.25,6889.5,6884.75,6888.75,6888.589264980609,6883.1542150244495,6871.93225963373,6989.0,6960.25,6974.625,6976.083760128779,6931.336837232449,6953.710298680619,6912.7791514519595,0.0,0.0,0.0,0.0,0.0,0.0
1770017400.0,6888.75,6890.75,6886.0,6886.75,6888.95222083063,6884.56714718438,6872.844543911609,6989.0,6960.25,6974.625,6976.083760128779,6931.336837232449,6953.710298680619,6912.633169797929,0.0,0.0,0.0,0.0,0.0,0.0
1770017700.0,6887.0,6892.5,6884.75,6891.75,6891.42074399152,6886.956896567989,6874.23172402353,6989.0,6960.25,6974.625,6976.083760128779,6931.336837232449,6953.710298680619,6912.5183494972,0.0,0.0,0.0,0.0,0.0,0.0
1770018000.0,6891.5,6891.75,6885.75,6887.5,6890.719225254919,6887.84460094499,6875.102909884729,6989.0,6960.25,6974.625,6976.083760128779,6931.336837232449,6953.710298680619,6912.3882974074495,0.0,0.0,0.0,0.0,0.0,0.0
1770018300.0,6887.5,6891.0,6887.25,6889.0,6890.80584921337,6888.913816634359,6876.08720138609,6989.0,6960.25,6974.625,6976.083760128779,6931.336837232449,6953.710298680619,6912.24933888442,0.0,0.0,0.0,0.0,0.0,0.0
1770018600.0,6889.25,6895.0,6887.5,6894.75,6893.5025465462895,6891.18641459974,6877.61471032599,6989.0,6960.25,6974.625,6976.083760128779,6931.336837232449,6953.710298680619,6912.07486580522,0.0,0.0,0.0,0.0,0.0,0.0
1770018900.0,6894.5,6897.25,6894.0,6896.75,6896.033124551959,6893.5142306902,6879.25823504573,6989.0,6960.25,6974.625,6976.083760128779,6931.336837232449,6953.710298680619,6911.949732725339,0.0,0.0,0.0,0.0,0.0,0.0
1770019200.0,6896.5,6902.0,6895.25,6901.75,6899.893204353069,6896.624384568479,6881.31799798216,6989.0,6960.25,6974.625,6976.083760128779,6931.336837232449,6953.710298680619,6911.710819049969,0.0,0.0,0.0,0.0,0.0,0.0
1770019500.0,6901.5,6905.75,6899.25,6901.0,6901.76139513929,6898.94024741221,6883.1685589442895,6989.0,6960.25,6974.625,6976.083760128779,6931.336837232449,6953.710298680619,6911.557165382809,0.0,0.0,0.0,0.0,0.0,0.0
1770019800.0,6901.0,6906.5,6900.5,6903.0,6903.67335574702,6901.2733731935,6885.10688471063,6989.0,6960.25,6974.625,6976.083760128779,6931.336837232449,6953.710298680619,6911.469876526249,0.0,0.0,0.0,0.0,0.0,0.0
1770020100.0,6902.75,6909.0,6901.5,6908.25,6907.19749575418,6904.4212342604,6887.460875338669,6989.0,6960.25,6974.625,6976.083760128779,6931.336837232449,6953.710298680619,6911.411128871119,0.0,0.0,0.0,0.0,0.0,0.0
1770020400.0,6908.25,6910.25,6906.5,6908.0,6909.05098108707,6906.8652864304295,6889.630841429799,6989.0,6960.25,6974.625,6976.083760128779,6931.336837232449,6953.710298680619,6911.3739147794195,0.0,0.0,0.0,0.0,0.0,0.0
1770020700.0,6908.0,6910.0,6904.75,6907.5,6909.699920903409,6908.656491267199,6891.6017608271895,6989.0,6960.25,6974.625,6976.083760128779,6931.336837232449,6953.710298680619,6911.33431978059,0.0,0.0,0.0,0.0,0.0,0.0
1770021000.0,6907.5,6914.75,6906.75,6913.25,6912.64504430716,6911.45725194585,6894.03171342319,6989.0,6960.25,6974.625,6976.083760128779,6931.336837232449,6953.710298680619,6911.337572931609,0.0,0.0,0.0,0.0,0.0,0.0
1770021300.0,6913.25,6917.75,6912.5,6916.5,6915.842360519209,6914.46483081299,6896.628125231189,6989.0,6960.25,6974.625,6976.083760128779,6931.336837232449,6953.710298680619,6911.381596864449,0.0,0.0,0.0,0.0,0.0,0.0
1770021600.0,6916.75,6917.0,6913.25,6915.75,6917.2275396789,6916.640229674739,6898.963689862459,6989.0,6960.25,6974.625,6976.083760128779,6931.336837232449,6953.710298680619,6911.41516670823,0.0,0.0,0.0,0.0,0.0,0.0
1770021900.0,6915.75,6918.25,6914.25,6917.25,6918.54902571775,6918.68113747727,6901.28717199695,6989.0,6960.25,6974.625,6976.083760128779,6931.336837232449,6953.710298680619,6911.450081033179,0.0,0.0,0.0,0.0,0.0,0.0
1770022200.0,6917.5,6921.0,6915.5,6918.25,6919.6020741249495,6920.48298416895,6903.545790679759,6989.0,6960.25,6974.625,6976.083760128779,6931.336837232449,6953.710298680619,6911.50654833832,0.0,0.0,0.0,0.0,0.0,0.0
1770022500.0,6918.5,6919.75,6917.5,6917.5,6919.6473488373795,6921.64966831933,6905.56133539019,6989.0,6960.25,6974.625,6976.083760128779,6931.336837232449,6953.710298680619,6911.54168390961,0.0,0.0,0.0,0.0,0.0,0.0
1770022800.0,6917.5,6918.25,6911.0,6913.25,6917.36875605732,6921.420988519079,6906.98737750403,6989.0,6960.25,6974.625,6976.083760128779,6931.336837232449,6953.710298680619,6911.574740980869,0.0,0.0,0.0,0.0,0.0,0.0
1770023100.0,6913.25,6914.0,6907.0,6911.5,6914.882366721749,6920.66586554427,6908.122336689699,6989.0,6960.25,6974.625,6976.083760128779,6931.336837232449,6953.710298680619,6911.566193516949,0.0,0.0,0.0,0.0,0.0,0.0
1770023400.0,6911.75,6914.25,6910.0,6913.0,6913.9251111069,6920.29338702635,6909.32160326123,6989.0,6960.25,6974.625,6976.083760128779,6931.336837232449,6953.710298680619,6911.571615678239,0.0,0.0,0.0,0.0,0.0,0.0
1770023700.0,6913.0,6917.25,6909.5,6917.25,6915.34092565214,6920.9304110658495,6910.864066389529,6989.0,6960.25,6974.625,6976.083760128779,6931.336837232449,6953.710298680619,6911.58832355058,0.0,0.0,0.0,0.0,0.0,0.0
1770024000.0,6916.75,6927.5,6915.5,6927.0,6920.965780001429,6923.775041717749,6913.29314767489,6989.0,6960.25,6974.625,6976.083760128779,6931.336837232449,6953.710298680619,6911.812049702419,0.0,0.0,0.0,0.0,0.0,0.0
1770024300.0,6927.0,6927.0,6922.0,6923.25,6922.63495163805,6925.0842839553,6915.14979033837,6989.0,6960.25,6974.625,6976.083760128779,6931.336837232449,6953.710298680619,6911.8833869684095,0.0,0.0,0.0,0.0,0.0,0.0
1770024600.0,6923.0,6928.5,6921.75,6925.0,6924.40414026247,6926.488523031549,6917.04107887086,6989.0,6960.25,6974.625,6976.083760128779,6931.336837232449,6953.710298680619,6911.989266165269,0.0,0.0,0.0,0.0,0.0,0.0
1770024900.0,6925.0,6927.5,6924.0,6925.75,6925.739308845609,6927.72238412458,6918.85990511752,6989.0,6960.25,6974.625,6976.083760128779,6931.336837232449,6953.710298680619,6912.051033814059,0.0,0.0,0.0,0.0,0.0,0.0
1770025200.0,6925.75,6927.25,6922.75,6924.0,6925.571487164199,6928.19377334589,6920.3516755683795,6989.0,6960.25,6974.625,6976.083760128779,6931.336837232449,6953.710298680619,6912.11568859927,0.0,0.0,0.0,0.0,0.0,0.0
1770025500.0,6924.25,6927.75,6923.75,6926.75,6926.653016024899,6929.15650087605,6922.003380600079,6989.0,6960.25,6974.625,6976.083760128779,6931.336837232449,6953.710298680619,6912.168400900409,0.0,0.0,0.0,0.0,0.0,0.0
1770025800.0,6926.75,6927.75,6924.0,6924.5,6926.10850923343,6929.2847710467495,6923.28599849447,6989.0,6960.25,6974.625,6976.083760128779,6931.336837232449,6953.710298680619,6912.219832436899,0.0,0.0,0.0,0.0,0.0,0.0
1770026100.0,6924.5,6926.5,6923.25,6925.25,6926.005232820509,6929.473170063559,6924.534623914829,6989.0,6960.25,6974.625,6976.083760128779,6931.336837232449,6953.710298680619,6912.272050467929,0.0,0.0,0.0,0.0,0.0,0.0
1770026400.0,6925.25,6929.5,6924.0,6924.5,6925.4785652457895,6929.34362415666,6925.5958975779695,6989.0,6960.25,6974.625,6976.083760128779,6931.336837232449,6953.710298680619,6912.348273716189,0.0,0.0,0.0,0.0,0.0,0.0
1770026700.0,6924.5,6926.75,6922.5,6922.5,6924.094066302019,6928.64625509067,6926.35316636797,6989.0,6960.25,6974.625,6976.083760128779,6931.336837232449,6953.710298680619,6912.4019850984,0.0,0.0,0.0,0.0,0.0,0.0
1770027000.0,6922.5,6926.25,6922.0,6924.0,6923.9015930570395,6928.35771324246,6927.18914429038,6989.0,6960.25,6974.625,6976.083760128779,6931.336837232449,6953.710298680619,6912.464294785919,0.0,0.0,0.0,0.0,0.0,0.0
1770027300.0,6924.25,6926.0,6923.5,6925.0,6924.2522414428595,6928.290369216799,6928.04635000612,6989.0,6960.25,6974.625,6976.083760128779,6931.336837232449,6953.710298680619,6912.51780904018,0.0,0.0,0.0,0.0,0.0,0.0
1770027600.0,6925.25,6927.5,6922.0,6923.25,6923.61248273998,6927.727717240829,6928.63873882306,6989.0,6960.25,6974.625,6976.083760128779,6931.336837232449,6953.710298680619,6912.572206396159,0.0,0.0,0.0,0.0,0.0,0.0
1770027900.0,6923.5,6925.25,6922.5,6924.5,6923.81127065087,6927.50797025639,6929.294773064529,6989.0,6960.25,6974.625,6976.083760128779,6931.336837232449,6953.710298680619,6912.60912480276,0.0,0.0,0.0,0.0,0.0,0.0
1770028200.0,6924.25,6926.5,6923.0,6924.75,6924.06623032007,6927.32913925824,6929.90651263171,6989.0,6960.25,6974.625,6976.083760128779,6931.336837232449,6953.710298680619,6912.657476605639,0.0,0.0,0.0,0.0,0.0,0.0
1770028500.0,6925.0,6925.0,6917.25,6918.25,6921.060904281359,6925.51047400615,6929.77925706262,6989.0,6960.25,6974.625,6976.083760128779,6931.336837232449,6953.710298680619,6912.701706656409,0.0,0.0,0.0,0.0,0.0,0.0
1770028800.0,6918.5,6919.5,6915.5,6917.25,6918.68437863399,6923.71305886289,6929.53355052928,6989.0,6960.25,6974.625,6976.083760128779,6931.336837232449,6953.710298680619,6912.735527174769,0.0,0.0,0.0,0.0,0.0,0.0
1770029100.0,6917.25,6918.25,6914.5,6917.0,6917.12748242522,6922.13183975225,6929.2557805874,6989.0,6960.25,6974.625,6976.083760128779,6931.336837232449,6953.710298680619,6912.748975597269,0.0,0.0,0.0,0.0,0.0,0.0
1770029400.0,6916.75,6919.25,6915.75,6918.0,6916.735133835339,6921.051057895779,6929.07800915518,6989.0,6960.25,6974.625,6976.083760128779,6931.336837232449,6953.710298680619,6912.768865690139,0.0,0.0,0.0,0.0,0.0,0.0
1770029700.0,6918.25,6919.0,6916.0,6917.25,6916.2399568089895,6919.95723354029,6928.8129117351,6989.0,6960.25,6974.625,6976.083760128779,6931.336837232449,6953.710298680619,6912.78927303729,0.0,0.0,0.0,0.0,0.0,0.0
1770030000.0,6917.5,6919.0,6916.0,6916.75,6915.79571037944,6918.921755407549,6928.493016923309,6989.0,6960.25,6974.625,6976.083760128779,6931.336837232449,6953.710298680619,6912.80351861834,0.0,0.0,0.0,0.0,0.0,0.0
1770030300.0,6916.75,6922.25,6916.0,6922.0,6918.18537636108,6919.37089357041,6928.7171117843,6989.0,6960.25,6974.625,6976.083760128779,6931.336837232449,6953.710298680619,6912.8257611092195,0.0,0.0,0.0,0.0,0.0,0.0
1770030600.0,6922.0,6926.5,6921.25,6926.25,6921.865997224279,6920.80055173252,6929.344074531539,6989.0,6960.25,6974.625,6976.083760128779,6931.336837232449,6953.710298680619,6912.88663744696,0.0,0.0,0.0,0.0,0.0,0.0
1770030900.0,6926.25,6926.25,6922.5,6924.25,6923.251874439269,6921.482388740959,6929.6996448582695,6989.0,6960.25,6974.625,6976.083760128779,6931.336837232449,6953.710298680619,6912.92377389371,0.0,0.0,0.0,0.0,0.0,0.0
1770031200.0,6924.5,6926.75,6924.25,6926.0,6924.94869668049,6922.47456347318,6930.190434143449,6989.0,6960.25,6974.625,6976.083760128779,6931.336837232449,6953.710298680619,6912.984555537029,0.0,0.0,0.0,0.0,0.0,0.0
1770031500.0,6926.0,6932.25,6925.5,6932.0,6928.89266368863,6924.7771106649,6931.24626668679,6989.0,6960.25,6974.625,6976.083760128779,6931.336837232449,6953.710298680619,6913.126804535739,0.0,0.0,0.0,0.0,0.0,0.0
1770031800.0,6932.0,6933.25,6928.5,6931.5,6931.053854939069,6926.539249431299,6932.155389222639,6989.0,6960.25,6974.625,6976.083760128779,6931.336837232449,6953.710298680619,6913.26787159731,0.0,0.0,0.0,0.0,0.0,0.0
1770032100.0,6931.5,6933.75,6931.0,6933.75,6933.371070272,6928.53029580361,6933.2119176206,6989.0,6960.25,6974.625,6976.083760128779,6931.336837232449,6953.710298680619,6913.3619906904,0.0,0.0,0.0,0.0,0.0,0.0
1770032400.0,6933.5,6934.5,6931.25,6932.75,6934.17821097838,6929.89504981874,6934.0691722548,6989.0,6960.25,6974.625,6976.083760128779,6931.336837232449,6953.710298680619,6913.453885903989,0.0,0.0,0.0,0.0,0.0,0.0
1770032700.0,6933.0,6937.0,6933.0,6935.25,6935.72082515466,6931.606727363939,6935.102519293139,6989.0,6960.25,6974.625,6976.083760128779,6931.336837232449,6953.710298680619,6913.59712311518,0.0,0.0,0.0,0.0,0.0,0.0
1770033000.0,6935.5,6935.5,6931.5,6933.0,6935.417803271969,6932.41889686917,6935.80827384851,6989.0,6960.25,6974.625,6976.083760128779,6931.336837232449,6953.710298680619,6913.66880711022,0.0,0.0,0.0,0.0,0.0,0.0
1770033300.0,6933.0,6934.0,6930.5,6931.75,6934.4359875767095,6932.7330542095,6936.3124894557595,6989.0,6960.25,6974.625,6976.083760128779,6931.336837232449,6953.710298680619,6913.7188481891,0.0,0.0,0.0,0.0,0.0,0.0
1770033600.0,6931.5,6937.25,6931.0,6935.75,6935.6192503811,6933.94147594,6937.17188685577,6989.0,6960.25,6974.625,6976.083760128779,6931.336837232449,6953.710298680619,6913.82569888664,0.0,0.0,0.0,0.0,0.0,0.0
1770033900.0,6935.75,6938.5,6934.5,6936.5,6936.61902004261,6935.07992159281,6938.0254943848295,6989.0,6960.25,6974.625,6976.083760128779,6931.336837232449,6953.710298680619,6913.9499357163295,0.0,0.0,0.0,0.0,0.0,0.0
1770034200.0,6936.75,6937.25,6935.0,6936.25,6937.00991300983,6935.909127715549,6938.77009210425,6989.0,6960.25,6974.625,6976.083760128779,6931.336837232449,6953.710298680619,6914.04970462229,0.0,0.0,0.0,0.0,0.0,0.0
1770034500.0,6936.25,6941.75,6935.5,6941.25,6939.578328936899,6937.78671547046,6939.955767302329,6989.0,6960.25,6974.625,6976.083760128779,6931.336837232449,6953.710298680619,6914.199223638429,0.0,0.0,0.0,0.0,0.0,0.0
1770034800.0,6941.0,6942.25,6938.75,6938.75,6939.867894731499,6938.662154236849,6940.7760223509495,6989.0,6960.25,6974.625,6976.083760128779,6931.336837232449,6953.710298680619,6914.34695393682,0.0,0.0,0.0,0.0,0.0,0.0
1770035100.0,6938.75,6942.5,6938.75,6942.0,6941.497631257789,6940.136052999869,6941.85046372709,6989.0,6960.25,6974.625,6976.083760128779,6931.336837232449,6953.710298680619,6914.4943750679595,0.0,0.0,0.0,0.0,0.0,0.0
1770035400.0,6941.75,6945.0,6941.25,6943.0,6942.888061549919,6941.54280907464,6942.92838746602,6989.0,6960.25,6974.625,6976.083760128779,6931.336837232449,6953.710298680619,6914.76104439918,0.0,0.0,0.0,0.0,0.0,0.0
1770035700.0,6943.0,6943.5,6941.0,6942.0,6943.140257807359,6942.393370607249,6943.80242204738,6989.0,6960.25,6974.625,6976.083760128779,6931.336837232449,6953.710298680619,6914.86037179676,0.0,0.0,0.0,0.0,0.0,0.0
1770036000.0,6941.75,6944.25,6941.75,6943.75,6944.0123277658095,6943.46654271816,6944.770804590359,6989.0,6960.25,6974.625,6976.083760128779,6931.336837232449,6953.710298680619,6914.93477860861,0.0,0.0,0.0,0.0,0.0,0.0
1770036300.0,6943.75,6944.5,6941.0,6941.25,6943.21697916138,6943.66603015599,6945.387368290209,6989.0,6960.25,6974.625,6976.083760128779,6931.336837232449,6953.710298680619,6915.05371582703,0.0,0.0,0.0,0.0,0.0,0.0
1770036600.0,6941.0,6941.25,6936.75,6937.75,6940.88689267432,6942.89573185844,6945.573285767339,6989.0,6960.25,6974.625,6976.083760128779,6931.336837232449,6953.710298680619,6915.215165132479,0.0,0.0,0.0,0.0,0.0,0.0
1770036900.0,6938.0,6938.0,6934.25,6936.25,6938.6002542446095,6941.82674669385,6945.56566834467,6989.0,6960.25,6974.625,6976.083760128779,6931.336837232449,6953.710298680619,6915.336173038089,0.0,0.0,0.0,0.0,0.0,0.0
1770037200.0,6936.25,6936.5,6930.25,6931.25,6934.690869583,6939.6487269134695,6945.016754526559,6989.0,6960.25,6974.625,6976.083760128779,6931.336837232449,6953.710298680619,6915.4689543409995,0.0,0.0,0.0,0.0,0.0,0.0
1770037500.0,6931.25,6937.0,6929.75,6933.75,6933.4696878988,6938.4305758562095,6944.740454011439,6989.0,6960.25,6974.625,6976.083760128779,6931.336837232449,6953.710298680619,6915.59062182052,0.0,0.0,0.0,0.0,0.0,0.0
1770037800.0,6933.75,6937.5,6933.5,6937.25,6934.502111530999,6938.265355550309,6944.821820853779,6989.0,6960.25,6974.625,6976.083760128779,6931.336837232449,6953.710298680619,6915.67637398634,0.0,0.0,0.0,0.0,0.0,0.0
1770038100.0,6937.5,6939.0,6933.75,6934.25,6933.794992135199,6937.3593668186095,6944.564458773701,6989.0,6960.25,6974.625,6976.083760128779,6931.336837232449,6953.710298680619,6915.809567988999,0.0,0.0,0.0,0.0,0.0,0.0
1770038400.0,6934.0,6938.5,6933.5,6935.0,6933.792407189149,6936.77829007646,6944.380271705079,6989.0,6960.25,6974.625,6976.083760128779,6931.336837232449,6953.710298680619,6915.8999012742,0.0,0.0,0.0,0.0,0.0,0.0
1770038700.0,6935.0,6936.5,6933.0,6933.5,6933.140473458239,6935.9114485548,6944.03219418542,6989.0,6960.25,6974.625,6976.083760128779,6931.336837232449,6953.710298680619,6915.988121028729,0.0,0.0,0.0,0.0,0.0,0.0
1770039000.0,6933.5,6937.5,6930.0,6930.75,6931.46075046984,6934.50249272743,6943.40318118901,6989.0,6960.25,6974.625,6976.083760128779,6931.336837232449,6953.710298680619,6916.1214016963095,0.0,0.0,0.0,0.0,0.0,0.0
1770039300.0,6930.75,6936.0,6929.5,6936.0,6933.041804568629,6934.6416667514695,6943.34066659347,6989.0,6960.25,6974.625,6976.083760128779,6931.336837232449,6953.710298680619,6916.23325670696,0.0,0.0,0.0,0.0,0.0,0.0
1770039600.0,6936.0,6937.25,6934.5,6937.25,6934.74561247324,6935.06928840128,6943.39215862849,6989.0,6960.25,6974.625,6976.083760128779,6931.336837232449,6953.710298680619,6916.305041466279,0.0,0.0,0.0,0.0,0.0,0.0
1770039900.0,6937.25,6940.25,6937.0,6938.75,6936.607109404569,6935.79658853812,6943.5759109589,6989.0,6960.25,6974.625,6976.083760128779,6931.336837232449,6953.710298680619,6916.43586460558,0.0,0.0,0.0,0.0,0.0,0.0
1770040200.0,6938.5,6942.0,6938.0,6941.75,6939.26089056148,6937.142285064309,6944.03799263478,6989.0,6960.25,6974.625,6976.083760128779,6931.336837232449,6953.710298680619,6916.546224443519,0.0,0.0,0.0,0.0,0.0,0.0
1770040500.0,6941.75,6945.0,6941.5,6942.5,6941.27824087709,6938.435042080359,6944.5264467513,6989.0,6960.25,6974.625,6976.083760128779,6931.336837232449,6953.710298680619,6916.759336133479,0.0,0.0,0.0,0.0,0.0,0.0
1770040800.0,6942.25,6946.5,6941.25,6943.0,6942.725708242089,6939.616266399389,6945.0135916051095,6989.0,6960.25,6974.625,6976.083760128779,6931.336837232449,6953.710298680619,6917.01237867265,0.0,0.0,0.0,0.0,0.0,0.0
1770041100.0,6943.25,6945.75,6942.0,6942.5,6943.2970532644995,6940.451685371079,6945.39615693597,6989.0,6960.25,6974.625,6976.083760128779,6931.336837232449,6953.710298680619,6917.203455925959,0.0,0.0,0.0,0.0,0.0,0.0
1770041400.0,6942.75,6947.75,6941.75,6945.75,6945.132027339049,6941.930301171599,6946.069130645829,6989.0,6960.25,6974.625,6976.083760128779,6931.336837232449,6953.710298680619,6917.46077681108,0.0,0.0,0.0,0.0,0.0,0.0
1770041700.0,6945.5,6947.0,6944.0,6944.5,6945.57008596584,6942.817203552009,6946.54697886138,6989.0,6960.25,6974.625,6976.083760128779,6931.336837232449,6953.710298680619,6917.664638929669,0.0,0.0,0.0,0.0,0.0,0.0
1770042000.0,6944.5,6946.0,6942.75,6945.5,6946.20680509845,6943.770578811879,6947.07588686024,6989.0,6960.25,6974.625,6976.083760128779,6931.336837232449,6953.710298680619,6917.88566255341,0.0,0.0,0.0,0.0,0.0,0.0
1770042300.0,6945.25,6946.0,6942.75,6943.5,6945.5133651794695,6944.030225797949,6947.3421793057,6989.0,6960.25,6974.625,6976.083760128779,6931.336837232449,6953.710298680619,6918.331198584059,0.0,0.0,0.0,0.0,0.0,0.0
1770042600.0,6943.5,6960.25,6941.75,6960.0,6953.014894656199,6948.31631338796,6949.27655483711,,,,6975.08123899752,6946.218219552809,6960.649729275159,6922.58690042679,0.0,0.0,0.0,0.0,0.0,0.0
1770042900.0,6960.25,6970.25,6957.0,6967.5,6961.311970240719,6953.68260802174,6951.8312375857395,,,,6975.08123899752,6946.218219552809,6960.649729275159,6925.68084464734,0.0,0.0,0.0,0.0,0.0,0.0
1770043200.0,6967.25,6975.25,6963.25,6973.5,6969.25097380971,6959.547527225101,6954.806255234759,,,,6975.08123899752,6946.218219552809,6960.649729275159,6928.35976301915,0.0,0.0,0.0,0.0,0.0,0.0
1770043500.0,6973.75,6978.0,6971.0,6976.75,6975.4969803450895,6965.116814983709,6957.88606716869,,,,6975.08123899752,6946.218219552809,6960.649729275159,6930.71784219585,0.0,0.0,0.0,0.0,0.0,0.0
1770043800.0,6976.75,6986.5,6976.75,6981.75,6981.42861187683,6970.85391177294,6961.24221999473,,,,6975.08123899752,6946.218219552809,6960.649729275159,6933.30042769953,0.0,0.0,0.0,0.0,0.0,0.0
1770044100.0,6981.5,6983.75,6970.0,6974.75,6981.24896483238,6973.723882430229,6963.61288270725,,,,6975.08123899752,6946.218219552809,6960.649729275159,6934.84444812442,0.0,0.0,0.0,0.0,0.0,0.0
1770044400.0,6973.75,6985.75,6970.75,6985.75,6985.963034730889,6978.68696420341,6966.925935218889,,,,6975.08123899752,6946.218219552809,6960.649729275159,6936.72247655656,0.0,0.0,0.0,0.0,0.0,0.0
1770044700.0,6985.75,6993.5,6984.25,6993.0,6992.0047201569,6984.435972811079,6970.725934804839,,,,6975.08123899752,6946.218219552809,6960.649729275159,6938.94592753037,0.0,0.0,0.0,0.0,0.0,0.0
1770045000.0,6993.0,7000.5,6990.25,6999.25,6998.37177168744,6990.5681681917395,6974.87308970066,,,,6975.08123899752,6946.218219552809,6960.649729275159,6941.14537971095,0.0,0.0,0.0,0.0,0.0,0.0
1770045300.0,6999.25,7004.0,6995.75,7002.75,7003.55826313082,6996.31363971665,6979.0562375890695,,,,6975.08123899752,6946.218219552809,6960.649729275159,6943.235012571679,0.0,0.0,0.0,0.0,0.0,0.0
1770045600.0,7003.0,7005.0,6999.0,7000.5,7005.152446594409,7000.291156987069,6982.675854851959,,,,6975.08123899752,6946.218219552809,6960.649729275159,6944.82050019424,0.0,0.0,0.0,0.0,0.0,0.0
1770045900.0,7000.5,7002.0,6993.5,6994.75,7002.7623537193795,7001.925099165919,6985.407308951019,,,,6975.08123899752,6946.218219552809,6960.649729275159,6946.2164409825,0.0,0.0,0.0,0.0,0.0,0.0
1770046200.0,6994.75,7000.0,6992.5,6999.25,7002.920782188229,7004.16993360753,6988.370605155649,7005.0,6941.75,6973.375,6975.08123899752,6946.218219552809,6960.649729275159,6947.6103041355,0.0,0.0,0.0,0.0,0.0,0.0
1770046500.0,6999.25,7005.5,6998.25,7005.0,7005.41621076687,7007.233425044969,6991.67721801795,7005.0,6941.75,6973.375,6975.08123899752,6946.218219552809,6960.649729275159,6948.5941449035,0.0,0.0,0.0,0.0,0.0,0.0
1770046800.0,7005.0,7005.5,6996.75,6999.0,7003.709329143419,7008.0508273285695,6994.086893576189,7005.0,6941.75,6973.375,6975.08123899752,6946.218219552809,6960.649729275159,6949.62277016325,0.0,0.0,0.0,0.0,0.0,0.0
1770047100.0,6999.0,6999.25,6994.5,6994.5,7000.09870575218,7007.388154892439,6995.81619389545,7005.0,6941.75,6973.375,6975.08123899752,6946.218219552809,6960.649729275159,6950.475710844939,0.0,0.0,0.0,0.0,0.0,0.0
1770047400.0,6994.5,7000.0,6992.5,6997.75,6999.15808176252,7007.441733373579,6997.71316938562,7005.0,6941.75,6973.375,6975.08123899752,6946.218219552809,6960.649729275159,6951.343511159719,0.0,0.0,0.0,0.0,0.0,0.0
1770047700.0,6998.0,6998.5,6991.25,6995.25,6997.203057707279,7006.670667415189,6999.17121380932,7005.0,6941.75,6973.375,6975.08123899752,6946.218219552809,6960.649729275159,6952.265865337909,0.0,0.0,0.0,0.0,0.0,0.0
1770048000.0,6995.0,6996.0,6989.25,6990.25,6993.436358858549,7004.60947218389,6999.962327609959,7005.0,6941.75,6973.375,6975.08123899752,6946.218219552809,6960.649729275159,6953.04960148372,0.0,0.0,0.0,0.0,0.0,0.0
1770048300.0,6990.5,6996.5,6986.75,6996.0,6993.83432832496,7004.1731141479995,7001.244511512939,7005.0,6941.75,6973.375,6975.08123899752,6946.218219552809,6960.649729275159,6953.7629270321395,0.0,0.0,0.0,0.0,0.0,0.0
1770048600.0,6996.0,6999.25,6994.25,6998.5,6995.352544517609,7004.28723784041,7002.6475317512495,7005.0,6941.75,6973.375,6975.08123899752,6946.218219552809,6960.649729275159,6954.37994399125,0.0,0.0,0.0,0.0,0.0,0.0
1770048900.0,6998.75,7002.5,6996.75,7000.25,6997.2056121939195,7004.67965353583,7004.085285790439,7005.0,6941.75,6973.375,6975.08123899752,6946.218219552809,6960.649729275159,6955.02691351799,0.0,0.0,0.0,0.0,0.0,0.0
1770049200.0,7000.0,7004.5,6999.5,7002.0,6999.24375989397,7005.309445236429,7005.55517513784,7005.0,6941.75,6973.375,6975.08123899752,6946.218219552809,6960.649729275159,6955.523837533419,0.0,0.0,0.0,0.0,0.0,0.0
1770049500.0,7002.25,7003.75,6998.75,7003.5,7001.246751126239,7006.07901380949,7007.028922136919,7005.0,6941.75,6973.375,6975.08123899752,6946.218219552809,6960.649729275159,6956.087607606009,0.0,0.0,0.0,0.0,0.0,0.0
1770049800.0,7003.5,7003.5,6998.25,7002.25,7001.85545714981,7006.28478916908,7008.22182019203,7005.0,6941.75,6973.375,6975.08123899752,6946.218219552809,6960.649729275159,6956.60971932471,0.0,0.0,0.0,0.0,0.0,0.0
1770050100.0,7002.25,7003.25,6999.75,7000.25,7001.194140062889,7005.8435269338,7009.07597967094,7005.0,6941.75,6973.375,6975.08123899752,6946.218219552809,6960.649729275159,6956.99897446635,0.0,0.0,0.0,0.0,0.0,0.0
1770050400.0,7000.25,7000.5,6996.5,6999.25,7000.22379499994,7005.12431429091,7009.71871156,7005.0,6941.75,6973.375,6975.08123899752,6946.218219552809,6960.649729275159,6957.37821974408,0.0,0.0,0.0,0.0,0.0,0.0
1770050700.0,6999.25,6999.5,6992.5,6996.75,6998.35235313981,7003.812292384339,7010.010213402709,7005.0,6941.75,6973.375,6975.08123899752,6946.218219552809,6960.649729275159,6957.896875797949,0.0,0.0,0.0,0.0,0.0,0.0
1770051000.0,6996.75,7001.25,6994.75,7000.25,6998.86936084785,7003.514020382379,7010.595928785559,7005.0,6941.75,6973.375,6975.08123899752,6946.218219552809,6960.649729275159,6958.25446047216,0.0,0.0,0.0,0.0,0.0,0.0
1770051300.0,7000.5,7006.5,7000.25,7005.5,7001.78453104638,7004.49860511693,7011.63674532186,7005.0,6941.75,6973.375,6975.08123899752,6946.218219552809,6960.649729275159,6958.752766498,0.0,0.0,0.0,0.0,0.0,0.0
1770051600.0,7005.5,7011.25,7004.25,7011.0,7006.322106491019,7006.609287525869,7013.12690689743,7005.0,6941.75,6973.375,6975.08123899752,6946.218219552809,6960.649729275159,6959.55578145661,0.0,0.0,0.0,0.0,0.0,0.0
1770051900.0,7011.0,7011.5,7008.0,7011.0,7009.1438687234995,7008.280493775679,7014.466359574109,7005.0,6941.75,6973.375,6975.08123899752,6946.218219552809,6960.649729275159,6960.056255585109,0.0,0.0,0.0,0.0,0.0,0.0
1770052200.0,7011.25,7013.5,7009.25,7009.5,7010.07652036939,7009.21160682739,7015.5104767581,7005.0,6941.75,6973.375,6975.08123899752,6946.218219552809,6960.649729275159,6960.666405703079,0.0,0.0,0.0,0.0,0.0,0.0
1770052500.0,7009.75,7012.0,7008.0,7011.25,7011.370339460809,7010.338498008699,7016.61593383874,7005.0,6941.75,6973.375,6975.08123899752,6946.218219552809,6960.649729275159,6961.2090915893095,0.0,0.0,0.0,0.0,0.0,0.0
1770052800.0,7011.25,7011.5,7007.25,7009.25,7011.06555638316,7010.69510820199,7017.3909467581,7005.0,6941.75,6973.375,6975.08123899752,6946.218219552809,6960.649729275159,6961.65870621374,0.0,0.0,0.0,0.0,0.0,0.0
1770053100.0,7009.25,7010.5,7007.75,7010.25,7011.215461983939,7011.1630775145895,7018.169019788939,7005.0,6941.75,6973.375,6975.08123899752,6946.218219552809,6960.649729275159,6961.878644124859,0.0,0.0,0.0,0.0,0.0,0.0
1770053400.0,7010.0,7013.25,7009.25,7012.0,7012.04485430974,7011.912931870839,7019.02782629125,7005.0,6941.75,6973.375,6975.08123899752,6946.218219552809,6960.649729275159,6962.187523385929,0.0,0.0,0.0,0.0,0.0,0.0
1770053700.0,7012.25,7014.0,7009.75,7011.75,7012.34152820238,7012.4005598009,7019.75530658,7005.0,6941.75,6973.375,6975.08123899752,6946.218219552809,6960.649729275159,6962.53287086793,0.0,0.0,0.0,0.0,0.0,0.0
1770054000.0,7011.75,7012.0,7008.25,7010.75,7011.93786394679,7012.48699054702,7020.28349739389,7005.0,6941.75,6973.375,6975.08123899752,6946.218219552809,6960.649729275159,6962.79724670202,0.0,0.0,0.0,0.0,0.0,0.0
1770054300.0,7010.5,7012.0,7010.25,7011.75,7012.080104730309,7012.742757485759,7020.8335787016995,7005.0,6941.75,6973.375,6975.08123899752,6946.218219552809,6960.649729275159,6962.98706178422,0.0,0.0,0.0,0.0,0.0,0.0
1770054600.0,7011.75,7015.0,7010.25,7014.75,7013.56441501454,7013.63970748989,7021.61127846549,7005.0,6941.75,6973.375,6975.08123899752,6946.218219552809,6960.649729275159,6963.32767395043,0.0,0.0,0.0,0.0,0.0,0.0
1770054900.0,7014.5,7017.25,7011.25,7011.75,7012.97498129343,7013.576092435999,7021.980887003409,7005.0,6941.75,6973.375,6975.08123899752,6946.218219552809,6960.649729275159,6963.870532459479,0.0,0.0,0.0,0.0,0.0,0.0
1770055200.0,7012.0,7015.0,7011.75,7014.0,7013.62529189827,7014.02662532818,7022.51418229491,7005.0,6941.75,6973.375,6975.08123899752,6946.218219552809,6960.649729275159,6964.1739735318,0.0,0.0,0.0,0.0,0.0,0.0
1770055500.0,7014.0,7014.25,7011.5,7012.75,7013.371716959879,7014.034937935669,7022.83850355098,7005.0,6941.75,6973.375,6975.08123899752,6946.218219552809,6960.649729275159,6964.427728294329,0.0,0.0,0.0,0.0,0.0,0.0
1770055800.0,7013.0,7013.25,7010.0,7010.25,7011.93675068128,7013.369874950779,7022.839908043849,7005.0,6941.75,6973.375,6975.08123899752,6946.218219552809,6960.649729275159,6964.6497261470995,0.0,0.0,0.0,0.0,0.0,0.0
1770056100.0,7010.25,7010.75,7007.5,7008.5,7010.138654524009,7012.34032773239,7022.61937714465,7005.0,6941.75,6973.375,6975.08123899752,6946.218219552809,6960.649729275159,6964.91885771463,0.0,0.0,0.0,0.0,0.0,0.0
1770056400.0,7008.25,7009.25,7004.25,7008.75,7009.12252863303,7011.51464332581,7022.40021786692,7005.0,6941.75,6973.375,6975.08123899752,6946.218219552809,6960.649729275159,6965.2818007005,0.0,0.0,0.0,0.0,0.0,0.0
1770056700.0,7008.75,7010.25,7007.25,7008.5,7008.391468381989,7010.74075785619,7022.13173818415,7005.0,6941.75,6973.375,6975.08123899752,6946.218219552809,6960.649729275159,6965.52168073106,0.0,0.0,0.0,0.0,0.0,0.0
1770057000.0,7008.25,7010.0,7008.0,7008.75,7008.101260257639,7010.14065046972,7021.870164936469,7005.0,6941.75,6973.375,6975.08123899752,6946.218219552809,6960.649729275159,6965.74003261445,0.0,0.0,0.0,0.0,0.0,0.0
1770057300.0,7008.75,7011.25,7008.5,7009.0,7008.09813998504,7009.6898599590295,7021.6160975289595,7005.0,6941.75,6973.375,6975.08123899752,6946.218219552809,6960.649729275159,6965.980150886499,0.0,0.0,0.0,0.0,0.0,0.0
1770057600.0,7009.0,7013.0,7008.25,7012.0,7009.617548081,7010.05094136542,7021.6543135071,7005.0,6941.75,6973.375,6975.08123899752,6946.218219552809,6960.649729275159,6966.22710768821,0.0,0.0,0.0,0.0,0.0,0.0
1770057900.0,7012.25,7015.75,7012.0,7014.5,7011.845531875039,7010.96057833313,7021.91354469371,7005.0,6941.75,6973.375,6975.08123899752,6946.218219552809,6960.649729275159,6966.48670623733,0.0,0.0,0.0,0.0,0.0,0.0
1770058200.0,7014.75,7014.75,7013.0,7013.0,7012.533831856909,7011.32731239852,7021.96553152199,7005.0,6941.75,6973.375,6975.08123899752,6946.218219552809,6960.649729275159,6966.705781941399,0.0,0.0,0.0,0.0,0.0,0.0
1770058500.0,7013.0,7014.75,7012.25,7013.0,7012.94195987398,7011.6169623386195,7021.980532237109,7005.0,6941.75,6973.375,6975.08123899752,6946.218219552809,6960.649729275159,6966.8904451750195,0.0,0.0,0.0,0.0,0.0,0.0
1770058800.0,7012.75,7015.0,7011.5,7014.75,7014.018658852309,7012.27818986266,7022.1427879514695,7005.0,6941.75,6973.375,6975.08123899752,6946.218219552809,6960.649729275159,6967.1843693172095,0.0,0.0,0.0,0.0,0.0,0.0
1770059100.0,7014.75,7015.75,7014.0,7015.0,7014.78154019823,7012.87277677125,7022.28762941629,7005.0,6941.75,6973.375,6975.08123899752,6946.218219552809,6960.649729275159,6967.372471087089,0.0,0.0,0.0,0.0,0.0,0.0
1770059400.0,7015.0,7016.75,7015.0,7015.0,7015.21015493481,7013.34869682305,7022.3910769624,7005.0,6941.75,6973.375,6975.08123899752,6946.218219552809,6960.649729275159,6967.599529583519,0.0,0.0,0.0,0.0,0.0,0.0
1770059700.0,7015.25,7016.5,7014.25,7015.0,7015.42136799532,7013.725616818339,7022.456686030119,7005.0,6941.75,6973.375,6975.08123899752,6946.218219552809,6960.649729275159,6967.78951048347,0.0,0.0,0.0,0.0,0.0,0.0
1770060000.0,7015.0,7016.25,7014.0,7015.5,7015.7399342954195,7014.1446779156695,7022.53946385695,7005.0,6941.75,6973.375,6975.08123899752,6946.218219552809,6960.649729275159,6967.977519815089,0.0,0.0,0.0,0.0,0.0,0.0
1770060300.0,7015.75,7016.25,7014.25,7015.75,7016.00841508462,7014.53613234892,7022.61303320347,7005.0,6941.75,6973.375,6975.08123899752,6946.218219552809,6960.649729275159,6968.15850420998,0.0,0.0,0.0,0.0,0.0,0.0
1770060600.0,7016.0,7016.0,7011.0,7013.5,7015.027262769479,7014.28274990473,7022.42028757925,7005.0,6941.75,6973.375,6975.08123899752,6946.218219552809,6960.649729275159,6968.47412154805,0.0,0.0,0.0,0.0,0.0,0.0
1770060900.0,7013.5,7013.5,7010.25,7010.5,7012.89612004355,7013.3112872414895,7021.90314132112,7005.0,6941.75,6973.375,6975.08123899752,6946.218219552809,6960.649729275159,6968.674764440089,0.0,0.0,0.0,0.0,0.0,0.0
1770061200.0,7010.5,7013.75,7009.5,7013.25,7012.87265211043,7013.180901840649,7021.67966193501,7005.0,6941.75,6973.375,6975.08123899752,6946.218219552809,6960.649729275159,6968.93448463504,0.0,0.0,0.0,0.0,0.0,0.0
1770061500.0,7013.25,7015.25,7011.25,7011.5,7012.0237731194,7012.630485115989,7021.265090196959,7005.0,6941.75,6973.375,6975.08123899752,6946.218219552809,6960.649729275159,6969.1454858998595,0.0,0.0,0.0,0.0,0.0,0.0
1770061800.0,7011.5,7012.25,7009.5,7010.75,7011.14237689683,7011.9843892850395,7020.77710642486,7005.0,6941.75,6973.375,6975.08123899752,6946.218219552809,6960.649729275159,6969.35284913466,0.0,0.0,0.0,0.0,0.0,0.0
1770062100.0,7010.5,7015.75,7001.25,7003.0,7006.8388580436795,7009.522264509809,7019.4983299458,7005.0,6941.75,6973.375,6975.08123899752,6946.218219552809,6960.649729275159,6969.926173768619,0.0,0.0,0.0,0.0,0.0,0.0
1770062400.0,7003.0,7010.5,6998.25,7008.0,7006.616067500049,7008.73840769797,7018.80343823762,7005.0,6941.75,6973.375,6975.08123899752,6946.218219552809,6960.649729275159,6970.84498357916,0.0,0.0,0.0,0.0,0.0,0.0
1770062700.0,7007.75,7012.5,7007.5,7010.75,7007.9388515274395,7008.7900723863895,7018.42029633023,7005.0,6941.75,6973.375,6975.08123899752,6946.218219552809,6960.649729275159,6971.14810630594,0.0,0.0,0.0,0.0,0.0,0.0
1770063000.0,7010.75,7012.5,7005.5,7005.75,7006.441889384109,7007.60648525101,7017.526980801719,7005.0,6941.75,6973.375,6975.08123899752,6946.218219552809,6960.649729275159,6971.4021669246795,0.0,0.0,0.0,0.0,0.0,0.0
1770063300.0,7005.5,7008.75,7002.25,7006.5,7005.93736614921,7006.8344930759295,7016.75467827921,7005.0,6941.75,6973.375,6975.08123899752,6946.218219552809,6960.649729275159,6971.73140529288,0.0,0.0,0.0,0.0,0.0,0.0
1770063600.0,7006.5,7010.0,7006.0,7009.75,7007.29594312267,7007.028648327339,7016.35450463453,7005.0,6941.75,6973.375,6975.08123899752,6946.218219552809,6960.649729275159,6971.9865004534295,0.0,0.0,0.0,0.0,0.0,0.0
1770063900.0,7009.75,7010.0,7004.5,7005.75,7006.28676785259,7006.21893428149,7015.55195637415,7005.0,6941.75,6973.375,6975.08123899752,6946.218219552809,6960.649729275159,6972.20171512652,0.0,0.0,0.0,0.0,0.0,0.0
1770064200.0,7005.5,7007.0,7004.0,7004.0,7004.84796351908,7005.139883574409,7014.608797574429,7005.0,6941.75,6973.375,6975.08123899752,6946.218219552809,6960.649729275159,6972.409940891889,0.0,0.0,0.0,0.0,0.0,0.0
1770064500.0,7004.0,7004.75,7001.25,7002.0,7003.02804104762,7003.77982161796,7013.510224369549,7005.0,6941.75,6973.375,6975.08123899752,6946.218219552809,6960.649729275159,6972.6328154965095,0.0,0.0,0.0,0.0,0.0,0.0
1770064800.0,7002.0,7003.25,7000.0,7000.75,7001.352033698189,7002.37890380102,7012.34593054887,7005.0,6941.75,6973.375,6975.08123899752,6946.218219552809,6960.649729275159,6972.88704772388,0.0,0.0,0.0,0.0,0.0,0.0
1770065100.0,7000.5,7005.75,6999.75,7004.0,7001.985199385989,7002.06866493826,7011.586989191829,7005.0,6941.75,6973.375,6975.08123899752,6946.218219552809,6960.649729275159,6973.154048300919,0.0,0.0,0.0,0.0,0.0,0.0
1770065400.0,7004.0,7005.5,6998.5,7002.0,7001.526930842229,7001.356643726889,7010.663481906579,7005.0,6941.75,6973.375,6975.08123899752,6946.218219552809,6960.649729275159,6973.6651508244895,0.0,0.0,0.0,0.0,0.0,0.0
1770065700.0,7002.0,7005.75,7001.0,7003.0,7001.817292453729,7001.05929844732,7009.898088367249,7005.0,6941.75,6973.375,6975.08123899752,6946.218219552809,6960.649729275159,6975.094978108939,0.0,0.0,0.0,0.0,0.0,0.0
1770066000.0,7003.25,7004.0,6997.5,7001.25,7001.232216757499,7000.42129526918,7008.996500724549,7005.0,6941.75,6973.375,6975.08123899752,6946.218219552809,6960.649729275159,6975.46033541948,0.0,0.0,0.0,0.0,0.0,0.0
1770066300.0,7001.0,7007.25,6999.0,7006.5,7003.49390729805,7001.24287053182,7008.692807357969,7005.0,6941.75,6973.375,6975.08123899752,6946.218219552809,6960.649729275159,6975.69957868793,0.0,0.0,0.0,0.0,0.0,0.0
1770066600.0,7006.5,7007.0,7004.25,7004.5,7004.00997507724,7001.46517211836,7008.196480658919,7005.0,6941.75,6973.375,6975.08123899752,6946.218219552809,6960.649729275159,6975.77848379813,0.0,0.0,0.0,0.0,0.0,0.0
1770066900.0,7004.5,7006.0,7003.0,7003.75,7003.98453315296,7001.498608041949,7007.65084867678,7005.0,6941.75,6973.375,6975.08123899752,6946.218219552809,6960.649729275159,6975.8171246935,0.0,0.0,0.0,0.0,0.0,0.0
1770067200.0,7003.75,7006.0,7002.0,7005.0,7004.5806079553895,7001.870961482719,7007.266790359309,7005.0,6941.75,6973.375,6975.08123899752,6946.218219552809,6960.649729275159,6975.85449450505,0.0,0.0,0.0,0.0,0.0,0.0
1770067500.0,7005.0,7005.75,7004.25,7004.25,7004.590262678809,7002.023370219529,7006.82688202513,7005.0,6941.75,6973.375,6975.08123899752,6946.218219552809,6960.649729275159,6975.874337145389,0.0,0.0,0.0,0.0,0.0,0.0
1770067800.0,7004.25,7006.0,7004.0,7005.25,7005.071944129109,7002.42638545895,7006.51650401724,7005.0,6941.75,6973.375,6975.08123899752,6946.218219552809,6960.649729275159,6975.9093503778195,0.0,0.0,0.0,0.0,0.0,0.0
1770068100.0,7005.0,7005.75,7002.0,7002.75,7004.142632839719,7002.163312527629,7005.965338377469,7005.0,6941.75,6973.375,6975.08123899752,6946.218219552809,6960.649729275159,6975.9303265873195,0.0,0.0,0.0,0.0,0.0,0.0
1770068400.0,7002.5,7003.75,7002.25,7002.5,7003.414400578969,7001.907680451,7005.42341140778,7005.0,6941.75,6973.375,6975.08123899752,6946.218219552809,6960.649729275159,6975.94692767689,0.0,0.0,0.0,0.0,0.0,0.0
1770068700.0,7002.75,7004.75,7002.0,7004.5,7003.92954173137,7002.217756690389,7005.123289710659,7005.0,6941.75,6973.375,6975.08123899752,6946.218219552809,6960.649729275159,6975.962247255879,0.0,0.0,0.0,0.0,0.0,0.0
1770069000.0,7004.5,7004.5,7002.0,7002.75,7003.41027905762,7002.0613627539,7004.66093632028,7005.0,6941.75,6973.375,6975.08123899752,6946.218219552809,6960.649729275159,6975.99283991766,0.0,0.0,0.0,0.0,0.0,0.0
1770069300.0,7002.75,7004.75,7002.0,7003.25,7003.3261227104695,7002.07744565693,7004.280787085459,7005.0,6941.75,6973.375,6975.08123899752,6946.218219552809,6960.649729275159,6976.01524033644,0.0,0.0,0.0,0.0,0.0,0.0
1770073200.0,7004.25,7011.75,7002.5,7010.0,7006.574884080969,7003.789547210499,7004.62359775609,7005.0,6941.75,6973.375,6975.08123899752,6946.218219552809,6960.649729275159,7008.083333333329,0.0,0.0,0.0,0.0,0.0,0.0
1770073500.0,7010.25,7016.75,7010.25,7014.0,7010.57962906773,7006.21401086411,7005.35457514256,7005.0,6941.75,6973.375,6975.08123899752,6946.218219552809,6960.649729275159,7010.482244510709,0.0,0.0,0.0,0.0,0.0,0.0
1770073800.0,7014.0,7014.75,7011.0,7011.75,7011.948307154839,7007.66194537868,7005.800190864809,7005.0,6941.75,6973.375,6975.08123899752,6946.218219552809,6960.649729275159,7010.80559981789,0.0,0.0,0.0,0.0,0.0,0.0
1770074100.0,7012.0,7014.75,7012.0,7013.0,7013.297390011039,7009.1635410094095,7006.34190879566,7005.0,6941.75,6973.375,6975.08123899752,6946.218219552809,6960.649729275159,7011.1134600079595,0.0,0.0,0.0,0.0,0.0,0.0
1770074400.0,7013.0,7013.75,7012.5,7013.75,7014.37975637187,7010.57813296667,7006.92106372507,7005.0,6941.75,6973.375,6975.08123899752,6946.218219552809,6960.649729275159,7011.273310561301,0.0,0.0,0.0,0.0,0.0,0.0
1770074700.0,7014.0,7015.5,7011.5,7014.5,7015.28595973458,7011.914261995969,7007.53473535797,7005.0,6941.75,6973.375,6975.08123899752,6946.218219552809,6960.649729275159,7011.60457857794,0.0,0.0,0.0,0.0,0.0,0.0
1770075000.0,7014.75,7016.75,7013.5,7016.75,7016.811434814649,7013.552759778189,7008.335225342969,7005.0,6941.75,6973.375,6975.08123899752,6946.218219552809,6960.649729275159,7012.0617807893495,0.0,0.0,0.0,0.0,0.0,0.0
1770075300.0,7017.0,7022.25,7017.0,7022.0,7020.192836127169,7016.181131761679,7009.619107284079,7005.0,6941.75,6973.375,6975.08123899752,6946.218219552809,6960.649729275159,7013.57703686403,0.0,0.0,0.0,0.0,0.0,0.0
1770075600.0,7021.75,7021.75,7017.0,7018.25,7020.34126324518,7017.38047559943,7010.4215390815,7005.0,6941.75,6973.375,6975.08123899752,6946.218219552809,6960.649729275159,7014.244076881059,0.0,0.0,0.0,0.0,0.0,0.0
1770075900.0,7018.0,7019.0,7015.5,7016.5,7019.38824104936,7017.88891915145,7010.9823594483,7005.0,6941.75,6973.375,6975.08123899752,6946.218219552809,6960.649729275159,7014.4235127026695,0.0,0.0,0.0,0.0,0.0,0.0
1770076200.0,7016.5,7017.5,7015.25,7016.25,7018.49728518484,7018.19766251188,7011.473204076299,7005.0,6941.75,6973.375,6975.08123899752,6946.218219552809,6960.649729275159,7014.517734692639,0.0,0.0,0.0,0.0,0.0,0.0
1770076500.0,7016.25,7016.75,7014.75,7015.25,7017.3207884103695,7018.15537739879,7011.8212346130695,7005.0,6941.75,6973.375,6975.08123899752,6946.218219552809,6960.649729275159,7014.55769230769,0.0,0.0,0.0,0.0,0.0,0.0
1770076800.0,7015.25,7016.5,7013.0,7014.25,7015.99988404727,7017.824870638499,7012.03633332147,7005.0,6941.75,6973.375,6975.08123899752,6946.218219552809,6960.649729275159,7014.55944412701,0.0,0.0,0.0,0.0,0.0,0.0
1770077100.0,7014.25,7016.0,7013.75,7014.5,7015.234417980179,7017.57039632879,7012.257004569739,7005.0,6941.75,6973.375,6975.08123899752,6946.218219552809,6960.649729275159,7014.56583307037,0.0,0.0,0.0,0.0,0.0,0.0
1770077400.0,7014.5,7016.25,7009.25,7014.5,7014.731069447769,7017.32031778006,7012.457043632109,7005.0,6941.75,6973.375,6975.08123899752,6946.218219552809,6960.649729275159,7014.45271190084,0.0,0.0,0.0,0.0,0.0,0.0
1770077700.0,7014.5,7017.75,7014.0,7017.0,7015.63242478492,7017.69896040204,7012.896333625509,7005.0,6941.75,6973.375,6975.08123899752,6946.218219552809,6960.649729275159,7014.549223676179,0.0,0.0,0.0,0.0,0.0,0.0
1770078000.0,7017.0,7021.25,7016.5,7020.25,7017.79618814993,7018.78536732831,7013.63555109534,7005.0,6941.75,6973.375,6975.08123899752,6946.218219552809,6960.649729275159,7014.91555012939,0.0,0.0,0.0,0.0,0.0,0.0
1770078300.0,7020.25,7023.25,7020.25,7020.75,7019.39690353005,7019.771135879119,7014.36912995069,7005.0,6941.75,6973.375,6975.08123899752,6946.218219552809,6960.649729275159,7015.356091558199,0.0,0.0,0.0,0.0,0.0,0.0
1770078600.0,7020.75,7021.75,7020.0,7020.25,7020.117688714129,7020.422029646739,7014.9937092868695,7005.0,6941.75,6973.375,6975.08123899752,6946.218219552809,6960.649729275159,7015.543287910359,0.0,0.0,0.0,0.0,0.0,0.0
1770078900.0,7020.5,7021.0,7020.0,7020.75,7020.750046468989,7021.0430777948095,7015.61995604512,7005.0,6941.75,6973.375,6975.08123899752,6946.218219552809,6960.649729275159,7015.643972003019,0.0,0.0,0.0,0.0,0.0,0.0
1770079200.0,7020.5,7020.5,7017.25,7018.75,7020.10336380182,7021.0169499925,7015.989055285069,7005.0,6941.75,6973.375,6975.08123899752,6946.218219552809,6960.649729275159,7015.77121525202,0.0,0.0,0.0,0.0,0.0,0.0
1770079500.0,7018.75,7018.75,7017.5,7017.5,7019.01624052554,7020.64342704483,7016.19638385283,7005.0,6941.75,6973.375,6975.08123899752,6946.218219552809,6960.649729275159,7015.812793335759,0.0,0.0,0.0,0.0,0.0,0.0
1770079800.0,7017.75,7018.75,7015.75,7017.75,7018.406542553939,7020.35915326241,7016.40832113659,7005.0,6941.75,6973.375,6975.08123899752,6946.218219552809,6960.649729275159,7015.85506458249,0.0,0.0,0.0,0.0,0.0,0.0
1770080100.0,7018.0,7018.75,7016.75,7018.25,7018.2474425869395,7020.214588344949,7016.65043453997,7005.0,6941.75,6973.375,6975.08123899752,6946.218219552809,6960.649729275159,7015.898554851279,0.0,0.0,0.0,0.0,0.0,0.0
1770080400.0,7018.25,7019.75,7017.25,7019.5,7018.753615654169,7020.375039046609,7016.998162594819,7005.0,6941.75,6973.375,6975.08123899752,6946.218219552809,6960.649729275159,7016.024968803809,0.0,0.0,0.0,0.0,0.0,0.0
1770080700.0,7019.5,7020.5,7018.75,7019.75,7019.1957375906895,7020.540686298479,7017.34071122739,7005.0,6941.75,6973.375,6975.08123899752,6946.218219552809,6960.649729275159,7016.12238082061,0.0,0.0,0.0,0.0,0.0,0.0
1770081000.0,7020.0,7022.25,7020.0,7021.5,7020.32151876618,7021.084636179269,7017.83342265751,7005.0,6941.75,6973.375,6975.08123899752,6946.218219552809,6960.649729275159,7016.282518690619,0.0,0.0,0.0,0.0,0.0,0.0
1770081300.0,7021.75,7023.0,7021.25,7021.5,7021.01768007964,7021.506013217409,7018.284756016579,7005.0,6941.75,6973.375,6975.08123899752,6946.218219552809,6960.649729275159,7016.51539455462,0.0,0.0,0.0,0.0,0.0,0.0
1770081600.0,7021.75,7023.5,7021.0,7021.0,7021.181333806489,7021.70113815635,7018.645767825729,7005.0,6941.75,6973.375,6975.08123899752,6946.218219552809,6960.649729275159,7016.738630146359,0.0,0.0,0.0,0.0,0.0,0.0
1770081900.0,7021.0,7021.5,7020.0,7020.5,7021.00187299096,7021.70955978164,7018.92268489165,7005.0,6941.75,6973.375,6975.08123899752,6946.218219552809,6960.649729275159,7016.846327041009,0.0,0.0,0.0,0.0,0.0,0.0
1770082200.0,7020.5,7020.75,7017.75,7018.75,7019.999386470619,7021.2541016595,7018.9921667938,7005.0,6941.75,6973.375,6975.08123899752,6946.218219552809,6960.649729275159,7016.905177327009,0.0,0.0,0.0,0.0,0.0,0.0
1770082500.0,7019.0,7019.25,7017.5,7017.5,7018.731774295769,7020.54243418554,7018.92052779528,7005.0,6941.75,6973.375,6975.08123899752,6946.218219552809,6960.649729275159,7016.92245472298,0.0,0.0,0.0,0.0,0.0,0.0
1770082800.0,7017.5,7019.75,7017.0,7019.5,7018.90639525762,7020.431675731609,7019.053814142159,7005.0,6941.75,6973.375,6975.08123899752,6946.218219552809,6960.649729275159,7016.984249565309,0.0,0.0,0.0,0.0,0.0,0.0
1770083100.0,7019.5,7019.5,7015.25,7015.5,7017.086027843379,7019.328739108159,7018.75766637275,7005.0,6941.75,6973.375,6975.08123899752,6946.218219552809,6960.649729275159,7016.977818953729,0.0,0.0,0.0,0.0,0.0,0.0
1770083400.0,7015.75,7017.75,7015.0,7017.25,7016.8108563689,7018.83995284287,7018.65681856414,7005.0,6941.75,6973.375,6975.08123899752,6946.218219552809,6960.649729275159,7016.972007438009,0.0,0.0,0.0,0.0,0.0,0.0
1770083700.0,7017.0,7018.25,7016.0,7017.25,7016.686956197979,7018.428336209089,7018.55705046719,7005.0,6941.75,6973.375,6975.08123899752,6946.218219552809,6960.649729275159,7016.9760126334195,0.0,0.0,0.0,0.0,0.0,0.0
1770084000.0,7017.25,7017.25,7013.5,7014.0,7015.071896902679,7017.275172926889,7018.12263750407,7005.0,6941.75,6973.375,6975.08123899752,6946.218219552809,6960.649729275159,7016.922870906889,0.0,0.0,0.0,0.0,0.0,0.0
1770084300.0,7013.75,7014.75,7013.25,7014.25,7014.22275512718,7016.383975264819,7017.73923056887,7005.0,6941.75,6973.375,6975.08123899752,6946.218219552809,6960.649729275159,7016.883068712769,0.0,0.0,0.0,0.0,0.0,0.0
1770084600.0,7014.0,7014.0,7011.5,7012.5,7012.90429182546,7015.2172019246,7017.1970409161795,7005.0,6941.75,6973.375,6975.08123899752,6946.218219552809,6960.649729275159,7016.74424207382,0.0,0.0,0.0,0.0,0.0,0.0
1770084900.0,7012.75,7016.5,7012.25,7016.25,7013.981421751079,7015.195527828169,7017.0762453178895,7005.0,6941.75,6973.375,6975.08123899752,6946.218219552809,6960.649729275159,7016.70786940932,0.0,0.0,0.0,0.0,0.0,0.0
1770085200.0,7016.0,7017.0,7014.25,7014.5,7013.89722252283,7014.75505253937,7016.779218768729,7005.0,6941.75,6973.375,6975.08123899752,6946.218219552809,6960.649729275159,7016.68534202459,0.0,0.0,0.0,0.0,0.0,0.0
1770085500.0,7014.25,7014.25,7011.75,7012.0,7012.684001707359,7013.78272036779,7016.241124123359,7005.0,6941.75,6973.375,6975.08123899752,6946.218219552809,6960.649729275159,7016.61732219144,0.0,0.0,0.0,0.0,0.0,0.0
1770085800.0,7012.0,7012.75,7010.75,7011.0,7011.4854247903695,7012.746904119729,7015.63439970847,7005.0,6941.75,6973.375,6975.08123899752,6946.218219552809,6960.649729275159,7016.524177077729,0.0,0.0,0.0,0.0,0.0,0.0
1770086100.0,7011.0,7011.75,7008.75,7010.25,7010.43311415045,7011.7250843578195,7014.990299530499,7005.0,6941.75,6973.375,6975.08123899752,6946.218219552809,6960.649729275159,7016.37408590544,0.0,0.0,0.0,0.0,0.0,0.0
1770086400.0,7010.0,7011.0,7008.0,7010.0,7009.72966723775,7010.84334559848,7014.363756238919,7005.0,6941.75,6973.375,6975.08123899752,6946.218219552809,6960.649729275159,7016.22279648693,0.0,0.0,0.0,0.0,0.0,0.0
1770086700.0,7009.75,7010.75,7008.25,7010.25,7009.49815969439,7010.205274426289,7013.805843823279,7005.0,6941.75,6973.375,6975.08123899752,6946.218219552809,6960.649729275159,7016.10429555188,0.0,0.0,0.0,0.0,0.0,0.0
1770087000.0,7010.0,7012.25,7009.75,7011.0,7009.808376615089,7009.89533437287,7013.364005319159,7005.0,6941.75,6973.375,6975.08123899752,6946.218219552809,6960.649729275159,7016.02233101967,0.0,0.0,0.0,0.0,0.0,0.0
1770087300.0,7011.25,7014.0,7011.25,7012.75,7010.9392268887195,7010.1061260445,7013.133949320139,7005.0,6941.75,6973.375,6975.08123899752,6946.218219552809,6960.649729275159,7015.96259649028,0.0,0.0,0.0,0.0,0.0,0.0
1770087600.0,7012.5,7013.5,7011.25,7012.75,7011.71511919548,7010.310787781639,7012.92028115324,7005.0,6941.75,6973.375,6975.08123899752,6946.218219552809,6960.649729275159,7015.92671994503,0.0,0.0,0.0,0.0,0.0,0.0
1770087900.0,7012.75,7016.25,7012.5,7014.5,7013.09085926974,7010.94310899576,7012.90298061609,7005.0,6941.75,6973.375,6975.08123899752,6946.218219552809,6960.649729275159,7015.898278519139,0.0,0.0,0.0,0.0,0.0,0.0
1770088200.0,7014.75,7015.25,7012.0,7012.25,7012.8719175590695,7010.930700240199,7012.654977624489,7005.0,6941.75,6973.375,6975.08123899752,6946.218219552809,6960.649729275159,7015.87092901291,0.0,0.0,0.0,0.0,0.0,0.0
1770088500.0,7012.25,7013.5,7010.5,7012.5,7012.84029337196,7011.004485324989,7012.45102596563,7005.0,6941.75,6973.375,6975.08123899752,6946.218219552809,6960.649729275159,7015.82347504621,0.0,0.0,0.0,0.0,0.0,0.0
1770088800.0,7012.5,7015.0,7012.5,7015.0,7014.029142325389,7011.707798597149,7012.520834574289,7005.0,6941.75,6973.375,6975.08123899752,6946.218219552809,6960.649729275159,7015.813749510829,0.0,0.0,0.0,0.0,0.0,0.0
1770089100.0,7015.0,7016.0,7014.0,7014.75,7014.64500009702,7012.244521093459,7012.561052631069,7005.0,6941.75,6973.375,6975.08123899752,6946.218219552809,6960.649729275159,7015.80273639366,0.0,0.0,0.0,0.0,0.0,0.0
1770089400.0,7014.5,7015.5,7013.0,7014.25,7014.75627717455,7012.577469213859,7012.547913828979,7005.0,6941.75,6973.375,6975.08123899752,6946.218219552809,6960.649729275159,7015.7840580793,0.0,0.0,0.0,0.0,0.0,0.0
1770089700.0,7014.25,7016.25,7014.0,7015.5,7015.395585903229,7013.17437433137,7012.666075428429,7005.0,6941.75,6973.375,6975.08123899752,6946.218219552809,6960.649729275159,7015.77916862029,0.0,0.0,0.0,0.0,0.0,0.0
1770090000.0,7015.5,7018.5,7015.25,7018.25,7017.101594042299,7014.35958039863,7013.06136578505,7005.0,6941.75,6973.375,6975.08123899752,6946.218219552809,6960.649729275159,7015.808407990319,0.0,0.0,0.0,0.0,0.0,0.0
1770090300.0,7018.25,7018.75,7016.75,7017.5,7017.76351468068,7015.155755647919,7013.35240596637,7005.0,6941.75,6973.375,6975.08123899752,6946.218219552809,6960.649729275159,7015.8382906492,0.0,0.0,0.0,0.0,0.0,0.0
1770090600.0,7017.5,7017.75,7016.0,7017.0,7017.863914654879,7015.68756725608,7013.5721121507395,7005.0,6941.75,6973.375,6975.08123899752,6946.218219552809,6960.649729275159,7015.845385731979,0.0,0.0,0.0,0.0,0.0,0.0
1770090900.0,7017.0,7018.75,7016.75,7017.25,7017.97346313445,7016.18422682198,7013.802846711519,7005.0,6941.75,6973.375,6975.08123899752,6946.218219552809,6960.649729275159,7015.86983930683,0.0,0.0,0.0,0.0,0.0,0.0
1770091200.0,7017.5,7020.75,7017.25,7020.0,7019.31651490183,7017.2712449786995,7014.3021034321,7005.0,6941.75,6973.375,6975.08123899752,6946.218219552809,6960.649729275159,7015.9189171574,0.0,0.0,0.0,0.0,0.0,0.0
1770091500.0,7020.0,7020.25,7019.25,7019.75,7019.97891084954,7018.0965349483295,7014.74070875494,7005.0,6941.75,6973.375,6975.08123899752,6946.218219552809,6960.649729275159,7015.94725926264,0.0,0.0,0.0,0.0,0.0,0.0
1770091800.0,7019.5,7019.5,7017.25,7018.5,7019.70809055222,7018.45269741149,7015.019225803049,7005.0,6941.75,6973.375,6975.08123899752,6946.218219552809,6960.649729275159,7015.9628352316595,0.0,0.0,0.0,0.0,0.0,0.0
1770092100.0,7018.75,7018.75,7017.5,7018.25,7019.3359641239595,7018.66770943121,7015.252012387649,7005.0,6941.75,6973.375,6975.08123899752,6946.218219552809,6960.649729275159,7015.97575976301,0.0,0.0,0.0,0.0,0.0,0.0
1770092400.0,7018.5,7018.75,7017.25,7017.25,7018.549982392189,7018.5790148202095,7015.36460704322,7005.0,6941.75,6973.375,6975.08123899752,6946.218219552809,6960.649729275159,7015.9869345137995,0.0,0.0,0.0,0.0,0.0,0.0
1770092700.0,7017.5,7018.25,7016.5,7018.0,7018.373448986,7018.6751165182895,7015.54624620008,7005.0,6941.75,6973.375,6975.08123899752,6946.218219552809,6960.649729275159,7015.996113104389,0.0,0.0,0.0,0.0,0.0,0.0
1770093000.0,7018.25,7021.75,7018.25,7020.25,7019.334325004859,7019.297808779809,7015.9470709556,7005.0,6941.75,6973.375,6975.08123899752,6946.218219552809,6960.649729275159,7016.06664878123,0.0,0.0,0.0,0.0,0.0,0.0
1770093300.0,7020.5,7021.25,7019.5,7020.75,7020.164948943349,7019.919553854669,7016.37064604993,7005.0,6941.75,6973.375,6975.08123899752,6946.218219552809,6960.649729275159,7016.11086598296,0.0,0.0,0.0,0.0,0.0,0.0
1770093600.0,7020.75,7022.0,7020.5,7021.25,7020.89917933553,7020.53837568546,7016.81510494141,7005.0,6941.75,6973.375,6975.08123899752,6946.218219552809,6960.649729275159,7016.14561752988,0.0,0.0,0.0,0.0,0.0,0.0
1770093900.0,7021.5,7022.0,7020.75,7021.75,7021.562502836529,7021.152768442999,7017.27869853794,7005.0,6941.75,6973.375,6975.08123899752,6946.218219552809,6960.649729275159,7016.16983771384,0.0,0.0,0.0,0.0,0.0,0.0
1770094200.0,7022.0,7023.0,7021.5,7022.25,7022.17403634246,7021.761617987039,7017.7597887191,7005.0,6941.75,6973.375,6975.08123899752,6946.218219552809,6960.649729275159,7016.25048124722,0.0,0.0,0.0,0.0,0.0,0.0
1770094500.0,7022.0,7022.5,7021.75,7022.25,7022.5040615955495,7022.239791973339,7018.20516124775,7005.0,6941.75,6973.375,6975.08123899752,6946.218219552809,6960.649729275159,7016.28778929224,0.0,0.0,0.0,0.0,0.0,0.0
1770094800.0,7022.25,7022.5,7018.5,7019.0,7021.067599504099,7021.800431216359,7018.2811024597495,7005.0,6941.75,6973.375,6975.08123899752,6946.218219552809,6960.649729275159,7016.337826348419,0.0,0.0,0.0,0.0,0.0,0.0
1770095100.0,7019.25,7019.75,7017.0,7017.25,7019.253547153729,7020.97717489888,7018.16844924356,7005.0,6941.75,6973.375,6975.08123899752,6946.218219552809,6960.649729275159,7016.35576114382,0.0,0.0,0.0,0.0,0.0,0.0
1770095400.0,7017.0,7017.5,7015.75,7017.0,7017.968801657989,7020.21413511817,7018.03557987325,7005.0,6941.75,6973.375,6975.08123899752,6946.218219552809,6960.649729275159,7016.360909219739,0.0,0.0,0.0,0.0,0.0,0.0
1770095700.0,7017.0,7018.25,7016.5,7017.0,7017.17692439012,7019.5680424711,7017.90993969147,7005.0,6941.75,6973.375,6975.08123899752,6946.218219552809,6960.649729275159,7016.366969617759,0.0,0.0,0.0,0.0,0.0,0.0
1770096000.0,7016.75,7020.0,7016.5,7019.5,7017.93833549566,7019.644645513889,7018.049614044729,7005.0,6941.75,6973.375,6975.08123899752,6946.218219552809,6960.649729275159,7016.38713717205,0.0,0.0,0.0,0.0,0.0,0.0
1770096300.0,7019.75,7020.25,7018.0,7018.25,7017.85833680944,7019.387985108169,7018.0484553569095,7005.0,6941.75,6973.375,6975.08123899752,6946.218219552809,6960.649729275159,7016.40023062334,0.0,0.0,0.0,0.0,0.0,0.0
1770096600.0,7018.5,7019.5,7017.5,7019.5,7018.448989478739,7019.47866132074,7018.1747693280395,7005.0,6941.75,6973.375,6975.08123899752,6946.218219552809,6960.649729275159,7016.414377126939,0.0,0.0,0.0,0.0,0.0,0.0
1770096900.0,7019.25,7020.75,7019.25,7019.75,7018.971995848619,7019.6086290392495,7018.31627607575,7005.0,6941.75,6973.375,6975.08123899752,6946.218219552809,6960.649729275159,7016.441160267819,0.0,0.0,0.0,0.0,0.0,0.0
1770097200.0,7019.75,7020.25,7019.0,7019.75,7019.3161986839295,7019.708847604939,7018.44603535588,7005.0,6941.75,6973.375,6975.08123899752,6946.218219552809,6960.649729275159,7016.4596637756695,0.0,0.0,0.0,0.0,0.0,0.0
1770097500.0,7020.0,7023.5,7019.75,7023.0,7021.122527425219,7020.59263884085,7018.900762215249,7005.0,6941.75,6973.375,6975.08123899752,6946.218219552809,6960.649729275159,7016.52644498674,0.0,0.0,0.0,0.0,0.0,0.0
1770097800.0,7023.0,7023.0,7020.5,7022.0,7021.768626221859,7021.065147209029,7019.21820766507,7005.0,6941.75,6973.375,6975.08123899752,6946.218219552809,6960.649729275159,7016.58034559495,0.0,0.0,0.0,0.0,0.0,0.0
1770098100.0,7022.0,7022.25,7021.0,7021.25,7021.773344002209,7021.25723050258,7019.43360734599,7005.0,6941.75,6973.375,6975.08123899752,6946.218219552809,6960.649729275159,7016.603349866539,0.0,0.0,0.0,0.0,0.0,0.0
1770098400.0,7021.5,7021.75,7019.0,7020.0,7021.1229973010595,7021.09233642027,7019.50230452826,7005.0,6941.75,6973.375,6975.08123899752,6946.218219552809,6960.649729275159,7016.635984990619,0.0,0.0,0.0,0.0,0.0,0.0
1770098700.0,7020.0,7022.0,7019.75,7022.0,7021.6519096638895,7021.441373220229,7019.77048555008,7005.0,6941.75,6973.375,6975.08123899752,6946.218219552809,6960.649729275159,7016.6648892534895,0.0,0.0,0.0,0.0,0.0,0.0
1770099000.0,7022.0,7023.25,7022.0,7023.0,7022.452380504419,7021.9667205898695,7020.120740145339,7005.0,6941.75,6973.375,6975.08123899752,6946.218219552809,6960.649729275159,7016.715741014639,0.0,0.0,0.0,0.0,0.0,0.0
1770099300.0,7023.0,7024.0,7022.5,7023.5,7023.1730212740995,7022.51202143857,7020.495462330309,7005.0,6941.75,6973.375,6975.08123899752,6946.218219552809,6960.649729275159,7016.78475246076,0.0,0.0,0.0,0.0,0.0,0.0
1770099600.0,7023.5,7023.5,7022.5,7023.0,7023.3444582372495,7022.823315624099,7020.78936604256,7005.0,6941.75,6973.375,6975.08123899752,6946.218219552809,6960.649729275159,7016.826094068039,0.0,0.0,0.0,0.0,0.0,0.0
1770099900.0,7023.0,7024.0,7021.5,7021.5,7022.6741177414,7022.69134902934,7020.90457808801,7005.0,6941.75,6973.375,6975.08123899752,6946.218219552809,6960.649729275159,7016.89625124101,0.0,0.0,0.0,0.0,0.0,0.0
1770100200.0,7021.25,7023.75,7020.5,7023.75,7023.30710965618,7023.12616593206,7021.24116904916,7005.0,6941.75,6973.375,6975.08123899752,6946.218219552809,6960.649729275159,7016.96206490827,0.0,0.0,0.0,0.0,0.0,0.0
1770100500.0,7023.5,7023.75,7021.25,7022.75,7023.1931197287995,7023.2213344557695,7021.4475923521995,7005.0,6941.75,6973.375,6975.08123899752,6946.218219552809,6960.649729275159,7017.04720290918,0.0,0.0,0.0,0.0,0.0,0.0
1770100800.0,7022.75,7024.5,7022.0,7023.75,7023.57698509288,7023.532829096919,7021.73957896076,7005.0,6941.75,6973.375,6975.08123899752,6946.218219552809,6960.649729275159,7017.10126182146,0.0,0.0,0.0,0.0,0.0,0.0
1770101100.0,7023.75,7023.75,7021.5,7022.5,7023.18321448755,7023.463510029929,7021.87845697152,7005.0,6941.75,6973.375,6975.08123899752,6946.218219552809,6960.649729275159,7017.134764470609,0.0,0.0,0.0,0.0,0.0,0.0
1770101400.0,7022.75,7023.5,7022.0,7023.25,7023.27278069295,7023.577227531609,7022.08161600524,7005.0,6941.75,6973.375,6975.08123899752,6946.218219552809,6960.649729275159,7017.1596403268195,0.0,0.0,0.0,0.0,0.0,0.0
1770101700.0,7023.0,7023.25,7021.75,7021.75,7022.580318214549,7023.28349506981,7022.11194353013,7005.0,6941.75,6973.375,6975.08123899752,6946.218219552809,6960.649729275159,7017.17347589987,0.0,0.0,0.0,0.0,0.0,0.0
1770102000.0,7021.75,7023.75,7021.5,7022.0,7022.25083060206,7023.089591494369,7022.162454118559,7005.0,6941.75,6973.375,6975.08123899752,6946.218219552809,6960.649729275159,7017.23126968831,0.0,0.0,0.0,0.0,0.0,0.0
1770102300.0,7022.0,7023.0,7021.0,7022.25,7022.16544618781,7022.980211063709,7022.231799388,7005.0,6941.75,6973.375,6975.08123899752,6946.218219552809,6960.649729275159,7017.2752448681,0.0,0.0,0.0,0.0,0.0,0.0
1770102600.0,7022.25,7024.0,7022.0,7022.75,7022.362599020639,7023.00432704709,7022.34454867142,7005.0,6941.75,6973.375,6975.08123899752,6946.218219552809,6960.649729275159,7017.309997724569,0.0,0.0,0.0,0.0,0.0,0.0
1770102900.0,7022.75,7023.5,7019.25,7020.0,7021.153006237179,7022.3314065853,7022.161754551829,7005.0,6941.75,6973.375,6975.08123899752,6946.218219552809,6960.649729275159,7017.345317583309,0.0,0.0,0.0,0.0,0.0,0.0
1770103200.0,7020.0,7020.75,7019.5,7019.75,7020.2737332977895,7021.706376944389,7021.96268157664,7005.0,6941.75,6973.375,6975.08123899752,6946.218219552809,6960.649729275159,7017.36637580892,0.0,0.0,0.0,0.0,0.0,0.0
1770103500.0,7019.5,7021.0,7019.0,7020.75,7020.23483863785,7021.435449754849,7021.87792367923,7005.0,6941.75,6973.375,6975.08123899752,6946.218219552809,6960.649729275159,7017.39166747728,0.0,0.0,0.0,0.0,0.0,0.0
1770103800.0,7020.5,7023.0,7019.5,7022.5,7021.10438399254,7021.64616474751,7021.97718709652,7005.0,6941.75,6973.375,6975.08123899752,6946.218219552809,6960.649729275159,7017.41934851706,0.0,0.0,0.0,0.0,0.0,0.0
1770104100.0,7022.25,7023.5,7021.75,7023.25,7022.053782845869,7022.006552056239,7022.144279174049,7005.0,6941.75,6973.375,6975.08123899752,6946.218219552809,6960.649729275159,7017.444001731659,0.0,0.0,0.0,0.0,0.0,0.0
1770104400.0,7023.25,7024.0,7022.5,7023.75,7022.91089894702,7022.4272276876,7022.348576321269,7005.0,6941.75,6973.375,6975.08123899752,6946.218219552809,6960.649729275159,7017.4962120008095,0.0,0.0,0.0,0.0,0.0,0.0
1770104700.0,7023.75,7025.75,7023.25,7025.5,7024.30033901294,7023.20689667012,7022.71660371834,7005.0,6941.75,6973.375,6975.08123899752,6946.218219552809,6960.649729275159,7017.66672617662,0.0,0.0,0.0,0.0,0.0,0.0
1770105000.0,7025.25,7025.75,7024.0,7025.0,7024.911424469859,7023.721063561,7023.00416271423,7005.0,6941.75,6973.375,6975.08123899752,6946.218219552809,6960.649729275159,7017.75236634195,0.0,0.0,0.0,0.0,0.0,0.0
1770105300.0,7024.75,7025.75,7023.25,7023.5,7024.5211480837,7023.76440976905,7023.1133578461995,7005.0,6941.75,6973.375,6975.08123899752,6946.218219552809,6960.649729275159,7017.81743175456,0.0,0.0,0.0,0.0,0.0,0.0
1770105600.0,7023.25,7023.5,7019.5,7022.75,7023.86059399338,7023.60439096958,7023.134153137959,7005.0,6941.75,6973.375,6975.08123899752,6946.218219552809,6960.649729275159,7017.952164505339,0.0,0.0,0.0,0.0,0.0,0.0
1770105900.0,7022.75,7025.75,7020.0,7025.5,7024.751470591959,7024.14759620036,7023.434555598919,7005.0,6941.75,6973.375,6975.08123899752,6946.218219552809,6960.649729275159,7018.128829624149,0.0,0.0,0.0,0.0,0.0,0.0
1770106200.0,7025.25,7027.25,7025.0,7026.5,7025.782016772279,7024.83635896075,7023.814025586929,7005.0,6941.75,6973.375,6975.08123899752,6946.218219552809,6960.649729275159,7018.372454640459,0.0,0.0,0.0,0.0,0.0,0.0
1770106500.0,7026.5,7027.0,7024.75,7025.75,7026.032640841519,7025.207781018719,7024.08594754152,7005.0,6941.75,6973.375,6975.08123899752,6946.218219552809,6960.649729275159,7018.49658644356,0.0,0.0,0.0,0.0,0.0,0.0
1770106800.0,7025.75,7027.0,7024.0,7026.25,7026.38761875995,7025.625925415349,7024.38689867388,7005.0,6941.75,6973.375,6975.08123899752,6946.218219552809,6960.649729275159,7018.57426156086,0.0,0.0,0.0,0.0,0.0,0.0
1770107100.0,7026.5,7026.75,7022.5,7022.5,7024.73600719557,7025.024636255979,7024.275418884889,7005.0,6941.75,6973.375,6975.08123899752,6946.218219552809,6960.649729275159,7018.64544168987,0.0,0.0,0.0,0.0,0.0,0.0
1770107400.0,7022.5,7023.25,7020.5,7021.0,7022.918901361119,7024.14174061401,7024.013029752729,7005.0,6941.75,6973.375,6975.08123899752,6946.218219552809,6960.649729275159,7018.69095740284,0.0,0.0,0.0,0.0,0.0,0.0
1770107700.0,7020.75,7022.25,7018.5,7020.0,7021.278690256299,7023.15487918819,7023.66225023599,7005.0,6941.75,6973.375,6975.08123899752,6946.218219552809,6960.649729275159,7018.71056774881,0.0,0.0,0.0,0.0,0.0,0.0
1770108000.0,7019.5,7021.5,7018.75,7020.75,7020.639401685889,7022.52242951382,7023.41050787897,7005.0,6941.75,6973.375,6975.08123899752,6946.218219552809,6960.649729275159,7018.723966521389,0.0,0.0,0.0,0.0,0.0,0.0
1770108300.0,7020.5,7020.75,7019.0,7019.0,7019.437956250929,7021.5654082856,7022.99278204803,7005.0,6941.75,6973.375,6975.08123899752,6946.218219552809,6960.649729275159,7018.73379325449,0.0,0.0,0.0,0.0,0.0,0.0
1770108600.0,7018.75,7019.25,7016.75,7017.25,7017.88813317656,7020.34413513848,7022.42107061299,7005.0,6941.75,6973.375,6975.08123899752,6946.218219552809,6960.649729275159,7018.72065802323,0.0,0.0,0.0,0.0,0.0,0.0
1770108900.0,7017.5,7018.0,7016.0,7017.5,7017.110017285119,7019.40705689257,7021.913376607859,7005.0,6941.75,6973.375,6975.08123899752,6946.218219552809,6960.649729275159,7018.705255827919,0.0,0.0,0.0,0.0,0.0,0.0
1770109200.0,7017.5,7021.25,7017.5,7019.25,7017.56905938578,7019.082741434009,7021.620755152149,7005.0,6941.75,6973.375,6975.08123899752,6946.218219552809,6960.649729275159,7018.71504700226,0.0,0.0,0.0,0.0,0.0,0.0
1770109500.0,7019.25,7023.25,7019.25,7019.75,7018.19923352484,7018.95638527306,7021.3992956495495,7005.0,6941.75,6973.375,6975.08123899752,6946.218219552809,6960.649729275159,7018.73679328445,0.0,0.0,0.0,0.0,0.0,0.0
1770109800.0,7019.5,7019.5,7017.0,7017.25,7017.451895288889,7018.24788782986,7020.93417684967,7005.0,6941.75,6973.375,6975.08123899752,6946.218219552809,6960.649729275159,7018.72963013715,0.0,0.0,0.0,0.0,0.0,0.0
1770110100.0,7017.5,7019.25,7016.5,7019.0,7017.88937873118,7018.116455939369,7020.6821028573995,7005.0,6941.75,6973.375,6975.08123899752,6946.218219552809,6960.649729275159,7018.72519656223,0.0,0.0,0.0,0.0,0.0,0.0
1770110400.0,7019.0,7019.25,7015.75,7015.75,7016.638877564869,7017.2196397403795,7020.111645524789,7005.0,6941.75,6973.375,6975.08123899752,6946.218219552809,6960.649729275159,7018.70359461876,0.0,0.0,0.0,0.0,0.0,0.0
1770110700.0,7016.0,7016.75,7014.5,7015.0,7015.52906937973,7016.313580381289,7019.50391033903,7005.0,6941.75,6973.375,6975.08123899752,6946.218219552809,6960.649729275159,7018.65639503022,0.0,0.0,0.0,0.0,0.0,0.0
1770111000.0,7015.25,7017.25,7014.0,7016.0,7015.378483497179,7015.838423426159,7019.04289710987,7005.0,6941.75,6973.375,6975.08123899752,6946.218219552809,6960.649729275159,7018.62751369728,0.0,0.0,0.0,0.0,0.0,0.0
1770111300.0,7015.75,7016.0,7012.25,7012.75,7013.76965249735,7014.66457664845,7018.2794712741,7005.0,6941.75,6973.375,6975.08123899752,6946.218219552809,6960.649729275159,7018.57278533261,0.0,0.0,0.0,0.0,0.0,0.0
1770111600.0,7013.0,7015.5,7012.75,7014.5,7013.67536120148,7014.159426227519,7017.75215987488,7005.0,6941.75,6973.375,6975.08123899752,6946.218219552809,6960.649729275159,7018.5342506127,0.0,0.0,0.0,0.0,0.0,0.0
1770111900.0,7014.5,7015.25,7013.25,7015.0,7013.9449176392,7013.898600820559,7017.315713901559,7005.0,6941.75,6973.375,6975.08123899752,6946.218219552809,6960.649729275159,7018.506270058459,0.0,0.0,0.0,0.0,0.0,0.0
1770112200.0,7015.0,7016.0,7013.75,7013.75,7013.579170905879,7013.404689012969,7016.78325057375,7005.0,6941.75,6973.375,6975.08123899752,6946.218219552809,6960.649729275159,7018.47766832405,0.0,0.0,0.0,0.0,0.0,0.0
1770112500.0,7013.5,7014.5,7012.0,7014.25,7013.65155324201,7013.153504610639,7016.34275923727,7005.0,6941.75,6973.375,6975.08123899752,6946.218219552809,6960.649729275159,7018.417103952779,0.0,0.0,0.0,0.0,0.0,0.0
1770112800.0,7014.5,7017.25,7014.25,7016.75,7014.973517472789,7013.60037476664,7016.19487505439,7005.0,6941.75,6973.375,6975.08123899752,6946.218219552809,6960.649729275159,7018.39724421464,0.0,0.0,0.0,0.0,0.0,0.0
1770113100.0,7017.0,7018.0,7016.75,7017.25,7016.095995213859,7014.124518558019,7016.11254609344,7005.0,6941.75,6973.375,6975.08123899752,6946.218219552809,6960.649729275159,7018.389790351909,0.0,0.0,0.0,0.0,0.0,0.0
1770113400.0,7017.5,7018.25,7016.0,7016.25,7016.32883022541,7014.3354772700095,7015.936180683079,7005.0,6941.75,6973.375,6975.08123899752,6946.218219552809,6960.649729275159,7018.3806872961895,0.0,0.0,0.0,0.0,0.0,0.0
1770113700.0,7016.25,7017.25,7014.5,7015.75,7016.22132267645,7014.408712257909,7015.7241172201,7005.0,6941.75,6973.375,6975.08123899752,6946.218219552809,6960.649729275159,7018.36362852173,0.0,0.0,0.0,0.0,0.0,0.0
1770114000.0,7015.5,7016.0,7014.25,7014.25,7015.40696994018,7014.11744482585,7015.37560925627,7005.0,6941.75,6973.375,6975.08123899752,6946.218219552809,6960.649729275159,7018.3459308537695,0.0,0.0,0.0,0.0,0.0,0.0
1770114300.0,7014.25,7015.25,7013.5,7014.5,7015.004149393059,7013.95946772108,7015.0812906571,7005.0,6941.75,6973.375,6975.08123899752,6946.218219552809,6960.649729275159,7018.32559559905,0.0,0.0,0.0,0.0,0.0,0.0
1770114600.0,7014.5,7014.5,7012.75,7012.75,7013.89989346855,7013.41417142007,7014.63084332705,7005.0,6941.75,6973.375,6975.08123899752,6946.218219552809,6960.649729275159,7018.300098643949,0.0,0.0,0.0,0.0,0.0,0.0
1770114900.0,7012.75,7013.25,7011.25,7011.5,7012.604146099209,7012.673661608659,7014.0871459071395,7005.0,6941.75,6973.375,6975.08123899752,6946.218219552809,6960.649729275159,7018.257465320829,0.0,0.0,0.0,0.0,0.0,0.0
1770115200.0,7011.5,7012.0,7010.25,7010.75,7011.45027966773,7011.898079394679,7013.50876164884,7005.0,6941.75,6973.375,6975.08123899752,6946.218219552809,6960.649729275159,7018.16456988315,0.0,0.0,0.0,0.0,0.0,0.0
1770115500.0,7010.75,7011.75,7010.25,7011.0,7010.89345614797,7011.344565224759,7013.001870999679,7005.0,6941.75,6973.375,6975.08123899752,6946.218219552809,6960.649729275159,7018.13190975606,0.0,0.0,0.0,0.0,0.0,0.0
1770115800.0,7011.25,7012.75,7010.75,7012.5,7011.337080595889,7011.287206139809,7012.6910227098,7005.0,6941.75,6973.375,6975.08123899752,6946.218219552809,6960.649729275159,7018.09496718571,0.0,0.0,0.0,0.0,0.0,0.0
1770116100.0,7012.5,7012.5,7011.0,7011.25,7011.070100815899,7010.95591468107,7012.27846388306,7005.0,6941.75,6973.375,6975.08123899752,6946.218219552809,6960.649729275159,7018.05460865234,0.0,0.0,0.0,0.0,0.0,0.0
1770116400.0,7011.25,7012.25,7009.0,7009.5,7010.09449676181,7010.273294707489,7011.71985152418,7005.0,6941.75,6973.375,6975.08123899752,6946.218219552809,6960.649729275159,7017.974812472909,0.0,0.0,0.0,0.0,0.0,0.0
1770116700.0,7009.5,7010.75,7008.75,7009.0,7009.28078392692,7009.61213184106,7011.154932892039,7005.0,6941.75,6973.375,6975.08123899752,6946.218219552809,6960.649729275159,7017.93129223821,0.0,0.0,0.0,0.0,0.0,0.0
1770117000.0,7009.0,7012.5,7008.5,7011.75,7010.166339259669,7009.77861061564,7010.92043025925,7005.0,6941.75,6973.375,6975.08123899752,6946.218219552809,6960.649729275159,7017.8800609767995,0.0,0.0,0.0,0.0,0.0,0.0
1770117300.0,7011.5,7012.0,7010.0,7011.0,7010.42049142557,7009.75816391191,7010.631610794339,7005.0,6941.75,6973.375,6975.08123899752,6946.218219552809,6960.649729275159,7017.827054028289,0.0,0.0,0.0,0.0,0.0,0.0
1770117600.0,7011.25,7013.5,7011.25,7012.0,7011.105569413389,7010.01641758805,7010.47326615535,7005.0,6941.75,6973.375,6975.08123899752,6946.218219552809,6960.649729275159,7017.793351092119,0.0,0.0,0.0,0.0,0.0,0.0
1770117900.0,7011.75,7012.5,7010.25,7010.75,7010.95318875598,7009.943287416189,7010.203742443499,7005.0,6941.75,6973.375,6975.08123899752,6946.218219552809,6960.649729275159,7017.76426178535,0.0,0.0,0.0,0.0,0.0,0.0
1770118200.0,7010.5,7010.5,7006.75,7008.5,7009.76825135055,7009.345694359219,7009.727531847139,7005.0,6941.75,6973.375,6975.08123899752,6946.218219552809,6960.649729275159,7017.633233854919,0.0,0.0,0.0,0.0,0.0,0.0
1770118500.0,7008.5,7009.25,7007.25,7008.0,7008.787732369479,7008.7501424782795,7009.24019942994,7005.0,6941.75,6973.375,6975.08123899752,6946.218219552809,6960.649729275159,7017.58728528665,0.0,0.0,0.0,0.0,0.0,0.0
1770118800.0,7008.0,7011.0,7008.0,7010.5,7009.419547736759,7008.903841643059,7009.052876590879,7005.0,6941.75,6973.375,6975.08123899752,6946.218219552809,6960.649729275159,7017.53723397601,0.0,0.0,0.0,0.0,0.0,0.0
1770119100.0,7010.75,7012.0,7009.25,7009.75,7009.49381311032,7008.868083655299,7008.8087318733005,7005.0,6941.75,6973.375,6975.08123899752,6946.218219552809,6960.649729275159,7017.49824491827,0.0,0.0,0.0,0.0,0.0,0.0
1770119400.0,7009.5,7009.5,7007.0,7009.0,7009.198938783339,7008.67401106306,7008.51179178856,7005.0,6941.75,6973.375,6975.08123899752,6946.218219552809,6960.649729275159,7017.44009861366,0.0,0.0,0.0,0.0,0.0,0.0
1770119700.0,7009.0,7012.0,7009.0,7010.75,7009.886140349429,7008.970004312149,7008.42424793574,7005.0,6941.75,6973.375,6975.08123899752,6946.218219552809,6960.649729275159,7017.36073921344,0.0,0.0,0.0,0.0,0.0,0.0
1770120000.0,7010.75,7013.5,7008.0,7010.25,7010.0956066871095,7009.10985184095,7008.298862445769,7005.0,6941.75,6973.375,6975.08123899752,6946.218219552809,6960.649729275159,7017.25990990584,0.0,0.0,0.0,0.0,0.0,0.0
1770120300.0,7010.0,7014.0,7010.0,7013.75,7011.93992323523,7010.11307965109,7008.55168376171,7005.0,6941.75,6973.375,6975.08123899752,6946.218219552809,6960.649729275159,7017.22750180792,0.0,0.0,0.0,0.0,0.0,0.0
1770120600.0,7013.75,7016.25,7013.25,7016.25,7014.31995478419,7011.57717683734,7009.0526242253,7005.0,6941.75,6973.375,6975.08123899752,6946.218219552809,6960.649729275159,7017.20624626782,0.0,0.0,0.0,0.0,0.0,0.0
1770120900.0,7016.5,7017.5,7015.0,7017.5,7016.39218949424,7013.104313232069,7009.6546306255295,7005.0,6941.75,6973.375,6975.08123899752,6946.218219552809,6960.649729275159,7017.20032555909,0.0,0.0,0.0,0.0,0.0,0.0
1770121200.0,7017.25,7018.25,7015.5,7017.0,7017.37618229695,7014.24046064633,7010.169151223789,7005.0,6941.75,6973.375,6975.08123899752,6946.218219552809,6960.649729275159,7017.19714216745,0.0,0.0,0.0,0.0,0.0,0.0
1770121500.0,7017.0,7020.5,7016.75,7019.75,7019.231650533259,7015.855045317589,7010.937676337339,7005.0,6941.75,6973.375,6975.08123899752,6946.218219552809,6960.649729275159,7017.224141294199,0.0,0.0,0.0,0.0,0.0,0.0
1770121800.0,7019.75,7022.0,7019.25,7020.75,7020.77649229071,7017.4232589046,7011.76087137339,7005.0,6941.75,6973.375,6975.08123899752,6946.218219552809,6960.649729275159,7017.25754633977,0.0,0.0,0.0,0.0,0.0,0.0
1770122100.0,7021.0,7021.75,7020.0,7021.5,7021.98341780991,7018.8837272141,7012.60831500731,7005.0,6941.75,6973.375,6975.08123899752,6946.218219552809,6960.649729275159,7017.287188914819,0.0,0.0,0.0,0.0,0.0,0.0
1770122400.0,7021.5,7022.25,7020.75,7021.5,7022.59994261863,7020.062149300989,7013.400020506149,7005.0,6941.75,6973.375,6975.08123899752,6946.218219552809,6960.649729275159,7017.31623358037,0.0,0.0,0.0,0.0,0.0,0.0
1770122700.0,7021.5,7023.25,7021.0,7022.75,7023.45126414253,7021.31315631904,7014.26836305018,7005.0,6941.75,6973.375,6975.08123899752,6946.218219552809,6960.649729275159,7017.369696344869,0.0,0.0,0.0,0.0,0.0,0.0
1770123000.0,7022.75,7023.25,7020.25,7021.0,7022.994654032979,7021.873697940619,7014.897147672769,7005.0,6941.75,6973.375,6975.08123899752,6946.218219552809,6960.649729275159,7017.417376617939,0.0,0.0,0.0,0.0,0.0,0.0
1770123300.0,7020.5,7021.5,7019.5,7020.0,7022.08391314624,7022.047525899779,7015.380049184279,7005.0,6941.75,6973.375,6975.08123899752,6946.218219552809,6960.649729275159,7017.434980200849,0.0,0.0,0.0,0.0,0.0,0.0
1770123600.0,7020.25,7020.25,7018.25,7018.75,7020.79270304862,7021.839761180449,7015.70097706021,7005.0,6941.75,6973.375,6975.08123899752,6946.218219552809,6960.649729275159,7017.45341821445,0.0,0.0,0.0,0.0,0.0,0.0
1770123900.0,7018.5,7020.75,7018.0,7020.5,7020.7586369408,7022.06475999729,7016.181029656789,7005.0,6941.75,6973.375,6975.08123899752,6946.218219552809,6960.649729275159,7017.47849896973,0.0,0.0,0.0,0.0,0.0,0.0
1770124200.0,7020.25,7021.5,7018.5,7018.75,7019.84370233543,7021.778845074719,7016.44693349856,7005.0,6941.75,6973.375,6975.08123899752,6946.218219552809,6960.649729275159,7017.498098655319,0.0,0.0,0.0,0.0,0.0,0.0
1770124500.0,7018.75,7020.75,7018.25,7019.75,7019.724166639609,7021.7565821267,7016.79764323547,7005.0,6941.75,6973.375,6975.08123899752,6946.218219552809,6960.649729275159,7017.5140368168595,0.0,0.0,0.0,0.0,0.0,0.0
1770124800.0,7019.75,7019.75,7016.0,7017.0,7018.2985135647095,7021.02213701775,7016.83934598406,7005.0,6941.75,6973.375,6975.08123899752,6946.218219552809,6960.649729275159,7017.514740134039,0.0,0.0,0.0,0.0,0.0,0.0
1770125100.0,7017.0,7020.25,7017.0,7020.0,7018.862008203009,7021.13259311122,7017.187891228899,7005.0,6941.75,6973.375,6975.08123899752,6946.218219552809,6960.649729275159,7017.526375620059,0.0,0.0,0.0,0.0,0.0,0.0
1770125400.0,7020.0,7021.5,7018.0,7020.0,7019.242446962449,7021.198229122369,7017.511509918189,7005.0,6941.75,6973.375,6975.08123899752,6946.218219552809,6960.649729275159,7017.55958578542,0.0,0.0,0.0,0.0,0.0,0.0
1770125700.0,7020.25,7020.25,7017.0,7018.25,7018.6416559052295,7020.79256308408,7017.6307997246595,7005.0,6941.75,6973.375,6975.08123899752,6946.218219552809,6960.649729275159,7017.56678171935,0.0,0.0,0.0,0.0,0.0,0.0
1770126000.0,7018.25,7018.75,7015.75,7016.0,7017.1718242046,7019.875237417439,7017.508245145,7005.0,6941.75,6973.375,6975.08123899752,6946.218219552809,6960.649729275159,7017.56130944419,0.0,0.0,0.0,0.0,0.0,0.0
1770126300.0,7016.0,7018.0,7015.75,7017.75,7017.11853159776,7019.5342845756695,7017.5742755771,7005.0,6941.75,6973.375,6975.08123899752,6946.218219552809,6960.649729275159,7017.558482185679,0.0,0.0,0.0,0.0,0.0,0.0
1770126600.0,7017.5,7017.5,7015.0,7016.5,7016.519101185279,7018.927672889719,7017.50561122128,7005.0,6941.75,6973.375,6975.08123899752,6946.218219552809,6960.649729275159,7017.54428530451,0.0,0.0,0.0,0.0,0.0,0.0
1770126900.0,7016.25,7017.5,7015.0,7015.25,7015.57223616972,7018.104658833509,7017.31171578653,7005.0,6941.75,6973.375,6975.08123899752,6946.218219552809,6960.649729275159,7017.52600035572,0.0,0.0,0.0,0.0,0.0,0.0
1770127200.0,7015.25,7016.75,7014.0,7014.75,7014.77938070965,7017.293482798819,7017.079015886729,7005.0,6941.75,6973.375,6975.08123899752,6946.218219552809,6960.649729275159,7017.49806074511,0.0,0.0,0.0,0.0,0.0,0.0
1770127500.0,7014.75,7014.75,7012.0,7012.25,7013.119600064159,7015.99916701643,7016.60369408872,7005.0,6941.75,6973.375,6975.08123899752,6946.218219552809,6960.649729275159,7017.443977876959,0.0,0.0,0.0,0.0,0.0,0.0
1770127800.0,7012.25,7013.25,7011.5,7012.0,7012.01961411035,7014.870504783649,7016.13563112228,7005.0,6941.75,6973.375,6975.08123899752,6946.218219552809,6960.649729275159,7017.37247084661,0.0,0.0,0.0,0.0,0.0,0.0
1770128100.0,7012.0,7012.0,7009.0,7010.0,7010.4404846649895,7013.449409473509,7015.493819573199,7005.0,6941.75,6973.375,6975.08123899752,6946.218219552809,6960.649729275159,7017.237114800159,0.0,0.0,0.0,0.0,0.0,0.0
1770128400.0,7010.0,7012.0,7010.0,7010.75,7009.9107393369595,7012.4764144396995,7014.975139919879,7005.0,6941.75,6973.375,6975.08123899752,6946.218219552809,6960.649729275159,7017.1519041477495,0.0,0.0,0.0,0.0,0.0,0.0
1770128700.0,7010.75,7012.0,7007.5,7009.5,7009.082086276419,7011.381546158659,7014.36468784015,7005.0,6941.75,6973.375,6975.08123899752,6946.218219552809,6960.649729275159,7016.872002120899,0.0,0.0,0.0,0.0,0.0,0.0
1770129000.0,7009.5,7017.0,7003.5,7008.0,7007.93791568492,7010.1279146344295,7013.643498046959,,,,7014.156201048379,6978.744737143659,6996.450469096019,7015.43959530495,0.0,0.0,0.0,0.0,0.0,0.0
1770129300.0,7008.0,7012.25,7001.0,7004.25,7005.49769053361,7008.18812339528,7012.587286098629,,,,7014.156201048379,6978.744737143659,6996.450469096019,7014.322868898749,0.0,0.0,0.0,0.0,0.0,0.0
1770129600.0,7004.5,7010.5,6995.75,6999.0,7001.51568733914,7005.31466250179,7011.065195461099,,,,7014.156201048379,6978.744737143659,6996.450469096019,7012.59920256546,0.0,0.0,0.0,0.0,0.0,0.0
1770129900.0,6998.75,7008.75,6997.25,7007.75,7003.42429662008,7005.1612188666695,7010.55797162372,,,,7014.156201048379,6978.744737143659,6996.450469096019,7011.90838056063,0.0,0.0,0.0,0.0,0.0,0.0
1770130200.0,7007.25,7008.0,6996.25,6996.25,6999.2130097502595,7002.22480212273,7008.902089696439,,,,7014.156201048379,6978.744737143659,6996.450469096019,7011.090226950069,0.0,0.0,0.0,0.0,0.0,0.0
1770130500.0,6996.0,6997.5,6980.0,6981.5,6989.5006058077,6996.18532828498,7005.84300273293,,,,7014.156201048379,6978.744737143659,6996.450469096019,7008.517415589209,0.0,0.0,0.0,0.0,0.0,0.0
1770130800.0,6981.75,6984.25,6968.0,6975.5,6980.653715087469,6989.77656914811,7002.38538567651,,,,7014.156201048379,6978.744737143659,6996.450469096019,7004.17598604815,0.0,0.0,0.0,0.0,0.0,0.0
1770131100.0,6975.25,6980.75,6967.0,6976.25,6975.79881405128,6984.76777970693,6999.257402429949,,,,7014.156201048379,6978.744737143659,6996.450469096019,7001.847783561329,0.0,0.0,0.0,0.0,0.0,0.0
1770131400.0,6976.25,6976.75,6962.5,6966.0,6968.20633092866,6978.202998070919,6995.301438566739,,,,7014.156201048379,6978.744737143659,6996.450469096019,6999.37946595763,0.0,0.0,0.0,0.0,0.0,0.0
1770131700.0,6965.75,6975.0,6964.5,6971.25,6966.48217337512,6974.22879722965,6992.180339186069,,,,7014.156201048379,6978.744737143659,6996.450469096019,6997.700278540559,0.0,0.0,0.0,0.0,0.0,0.0
1770132000.0,6971.0,6976.0,6955.5,6956.0,6958.5220535115095,6967.315492123609,6987.71920871118,,,,7014.156201048379,6978.744737143659,6996.450469096019,6995.46657409309,0.0,0.0,0.0,0.0,0.0,0.0
1770132300.0,6956.0,6971.5,6954.25,6968.25,6960.01079698287,6964.83016801035,6984.85726106533,,,,7014.156201048379,6978.744737143659,6996.450469096019,6993.66411397478,0.0,0.0,0.0,0.0,0.0,0.0
1770132600.0,6968.25,6972.5,6962.0,6962.5,6958.738442784859,6961.54108422188,6981.62438084247,7017.0,6954.25,6985.625,7014.156201048379,6978.744737143659,6996.450469096019,6992.30705832043,0.0,0.0,0.0,0.0,0.0,0.0
1770132900.0,6962.5,6967.5,6957.0,6967.25,6960.740823874429,6960.20272232522,6979.13393437892,7017.0,6954.25,6985.625,7014.156201048379,6978.744737143659,6996.450469096019,6991.214330599159,0.0,0.0,0.0,0.0,0.0,0.0
1770133200.0,6967.0,6969.0,6959.75,6960.0,6958.90169520694,6957.49284156176,6976.095344527979,7017.0,6954.25,6985.625,7014.156201048379,6978.744737143659,6996.450469096019,6990.2985075855495,0.0,0.0,0.0,0.0,0.0,0.0
1770133500.0,6959.75,6974.25,6955.75,6974.0,6964.9117693636,6958.933219697839,6974.74524377732,7017.0,6954.25,6985.625,7014.156201048379,6978.744737143659,6996.450469096019,6989.2960851954995,0.0,0.0,0.0,0.0,0.0,0.0
1770133800.0,6974.0,6979.25,6966.5,6975.0,6969.50029349902,6960.562684203301,6973.62270743894,7017.0,6954.25,6985.625,7014.156201048379,6978.744737143659,6996.450469096019,6988.675020400129,0.0,0.0,0.0,0.0,0.0,0.0
1770134100.0,6974.75,6981.0,6974.25,6978.0,6974.00777516549,6962.827768757969,6972.918929099819,7017.0,6954.25,6985.625,7014.156201048379,6978.744737143659,6996.450469096019,6988.383727419539,0.0,0.0,0.0,0.0,0.0,0.0
1770134400.0,6978.0,6978.75,6969.25,6969.75,6972.85892279322,6962.80121143379,6971.44187063103,7017.0,6954.25,6985.625,7014.156201048379,6978.744737143659,6996.450469096019,6987.95105095059,0.0,0.0,0.0,0.0,0.0,0.0
1770134700.0,6969.75,6973.5,6967.25,6968.25,6971.34463665748,6962.54522524919,6969.94377554288,7017.0,6954.25,6985.625,7014.156201048379,6978.744737143659,6996.450469096019,6987.571534171089,0.0,0.0,0.0,0.0,0.0,0.0
1770135000.0,6968.25,6973.25,6965.0,6966.75,6969.61997709972,6962.09217782194,6968.426733946119,7017.0,6954.25,6985.625,7014.156201048379,6978.744737143659,6996.450469096019,6987.1328452054595,0.0,0.0,0.0,0.0,0.0,0.0
1770135300.0,6966.75,6970.5,6963.25,6965.0,6967.666011127069,6961.4080192375195,6966.866850993119,7017.0,6954.25,6985.625,7014.156201048379,6978.744737143659,6996.450469096019,6986.68380556586,0.0,0.0,0.0,0.0,0.0,0.0
1770135600.0,6965.0,6967.0,6953.25,6955.25,6961.690524642149,6958.5386162802,6964.44086459334,7017.0,6954.25,6985.625,7014.156201048379,6978.744737143659,6996.450469096019,6985.9688611438,0.0,0.0,0.0,0.0,0.0,0.0
1770135900.0,6955.5,6963.0,6953.0,6954.25,6957.481946052239,6956.04067726167,6962.11493631478,7017.0,6954.25,6985.625,7014.156201048379,6978.744737143659,6996.450469096019,6985.2012517452395,0.0,0.0,0.0,0.0,0.0,0.0
1770136200.0,6954.5,6958.25,6950.25,6957.25,6956.437860909509,6954.850108168809,6960.2967661076,7017.0,6954.25,6985.625,7014.156201048379,6978.744737143659,6996.450469096019,6984.37131349327,0.0,0.0,0.0,0.0,0.0,0.0
1770136500.0,6957.25,6960.75,6952.25,6955.25,6955.0010783792895,6953.497764064239,6958.434920850749,7017.0,6954.25,6985.625,7014.156201048379,6978.744737143659,6996.450469096019,6983.75624148106,0.0,0.0,0.0,0.0,0.0,0.0
1770136800.0,6955.5,6958.0,6953.25,6956.0,6954.6486515428,6952.693992379989,6956.817498898729,7017.0,6954.25,6985.625,7014.156201048379,6978.744737143659,6996.450469096019,6983.293940695789,0.0,0.0,0.0,0.0,0.0,0.0
1770137100.0,6956.0,6960.75,6952.75,6957.75,6955.46487800015,6952.58972884763,6955.53140416108,7017.0,6954.25,6985.625,7014.156201048379,6978.744737143659,6996.450469096019,6982.88260345969,0.0,0.0,0.0,0.0,0.0,0.0
1770137400.0,6957.75,6957.75,6949.0,6954.25,6954.432848368369,6951.752483040699,6954.01118232453,7017.0,6954.25,6985.625,7014.156201048379,6978.744737143659,6996.450469096019,6982.350581025879,0.0,0.0,0.0,0.0,0.0,0.0
1770137700.0,6954.0,6956.75,6952.25,6952.75,6953.17237991373,6950.801766056001,6952.48037253795,7017.0,6954.25,6985.625,7014.156201048379,6978.744737143659,6996.450469096019,6981.9757424768195,0.0,0.0,0.0,0.0,0.0,0.0
1770138000.0,6953.0,6953.75,6949.5,6951.25,6951.76666046175,6949.75446701473,6950.94019656191,7017.0,6954.25,6985.625,7014.156201048379,6978.744737143659,6996.450469096019,6981.436862530079,0.0,0.0,0.0,0.0,0.0,0.0
1770138300.0,6951.25,6952.25,6946.5,6951.75,6951.248634038429,6949.1225547102795,6949.598510451339,7017.0,6954.25,6985.625,7014.156201048379,6978.744737143659,6996.450469096019,6980.92752899041,0.0,0.0,0.0,0.0,0.0,0.0
1770138600.0,6951.75,6953.25,6932.25,6937.25,6943.97499212152,6945.1007877578495,6946.89134719847,7017.0,6954.25,6985.625,7014.156201048379,6978.744737143659,6996.450469096019,6979.20542828607,0.0,0.0,0.0,0.0,0.0,0.0
1770138900.0,6937.5,6945.5,6935.5,6938.75,6940.245133894279,6942.261191609159,6944.5691447440695,7017.0,6954.25,6985.625,7014.156201048379,6978.744737143659,6996.450469096019,6978.178105484039,0.0,0.0,0.0,0.0,0.0,0.0
1770139200.0,6938.75,6945.75,6936.5,6944.75,6941.05763710062,6941.52729575555,6943.071253735219,7017.0,6954.25,6985.625,7014.156201048379,6978.744737143659,6996.450469096019,6977.61457467944,0.0,0.0,0.0,0.0,0.0,0.0
1770139500.0,6944.5,6948.0,6934.25,6934.5,6936.834867930689,6938.49356802425,6940.66092549931,7017.0,6954.25,6985.625,7014.156201048379,6978.744737143659,6996.450469096019,6977.0836265218795,0.0,0.0,0.0,0.0,0.0,0.0
1770139800.0,6934.5,6935.5,6927.75,6928.0,6931.2185283543395,6934.49343917645,6937.7905131730995,7017.0,6954.25,6985.625,7014.156201048379,6978.744737143659,6996.450469096019,6976.0912179732695,0.0,0.0,0.0,0.0,0.0,0.0
1770140100.0,6927.75,6930.5,6925.25,6927.5,6927.699031819009,6931.196247547739,6935.113739155399,7017.0,6954.25,6985.625,7014.156201048379,6978.744737143659,6996.450469096019,6975.354917867109,0.0,0.0,0.0,0.0,0.0,0.0
1770140400.0,6927.25,6927.25,6920.0,6922.25,6923.2475543058,6927.3083000302495,6932.127404029659,7017.0,6954.25,6985.625,7014.156201048379,6978.744737143659,6996.450469096019,6974.378351047119,0.0,0.0,0.0,0.0,0.0,0.0
1770140700.0,6922.25,6929.5,6920.75,6927.0,6923.107875758839,6925.42783724923,6929.88821771893,7017.0,6954.25,6985.625,7014.156201048379,6978.744737143659,6996.450469096019,6973.54961547059,0.0,0.0,0.0,0.0,0.0,0.0
1770141000.0,6927.0,6933.75,6920.75,6925.5,6922.665501845419,6923.656954667629,6927.69891775957,7017.0,6954.25,6985.625,7014.156201048379,6978.744737143659,6996.450469096019,6972.782139979439,0.0,0.0,0.0,0.0,0.0,0.0
1770141300.0,6925.5,6927.25,6922.5,6923.0,6921.4928307766095,6921.727409880749,6925.45346058142,7017.0,6954.25,6985.625,7014.156201048379,6978.744737143659,6996.450469096019,6972.19612998644,0.0,0.0,0.0,0.0,0.0,0.0
1770141600.0,6923.0,6927.0,6920.75,6921.25,6920.18626270917,6919.852843511029,6923.234109520729,7017.0,6954.25,6985.625,7014.156201048379,6978.744737143659,6996.450469096019,6971.663546981799,0.0,0.0,0.0,0.0,0.0,0.0
1770141900.0,6921.25,6931.5,6920.0,6925.75,6921.823532355779,6919.57781668384,6921.68584079366,7017.0,6954.25,6985.625,7014.156201048379,6978.744737143659,6996.450469096019,6970.71659147181,0.0,0.0,0.0,0.0,0.0,0.0
1770142200.0,6925.75,6926.0,6910.25,6913.25,6917.00118260988,6916.39275045582,6919.00491607931,7017.0,6954.25,6985.625,7014.156201048379,6978.744737143659,6996.450469096019,6969.70085268818,0.0,0.0,0.0,0.0,0.0,0.0
1770142500.0,6913.25,6918.75,6911.5,6918.25,6916.583022647729,6915.154006468049,6917.080301182419,7017.0,6954.25,6985.625,7014.156201048379,6978.744737143659,6996.450469096019,6968.9411477495,0.0,0.0,0.0,0.0,0.0,0.0
1770142800.0,6918.25,6919.75,6912.75,6912.75,6913.87263230972,6912.9139997435495,6914.77444240149,7017.0,6954.25,6985.625,7014.156201048379,6978.744737143659,6996.450469096019,6968.26993658365,0.0,0.0,0.0,0.0,0.0,0.0
1770143100.0,6912.75,6914.25,6908.25,6909.75,6910.909519555959,6910.4673915705,6912.3731268333895,7017.0,6954.25,6985.625,7014.156201048379,6978.744737143659,6996.450469096019,6967.54968759756,0.0,0.0,0.0,0.0,0.0,0.0
1770143400.0,6909.5,6910.25,6903.0,6906.25,6907.559900495269,6907.72779016924,6909.832184297709,7017.0,6954.25,6985.625,7014.156201048379,6978.744737143659,6996.450469096019,6966.60594972525,0.0,0.0,0.0,0.0,0.0,0.0
1770143700.0,6906.25,6910.25,6903.5,6910.0,6907.52427138379,6906.552205766519,6907.91167486613,7017.0,6954.25,6985.625,7014.156201048379,6978.744737143659,6996.450469096019,6966.02542835652,0.0,0.0,0.0,0.0,0.0,0.0
1770144000.0,6910.0,6910.0,6902.5,6903.75,6904.71891638282,6904.18214946991,6905.53512748293,7017.0,6954.25,6985.625,7014.156201048379,6978.744737143659,6996.450469096019,6965.485623677119,0.0,0.0,0.0,0.0,0.0,0.0
1770144300.0,6903.75,6905.0,6900.0,6903.25,6902.935467315469,6902.253917141649,6903.32945959848,7017.0,6954.25,6985.625,7014.156201048379,6978.744737143659,6996.450469096019,6964.84853443234,0.0,0.0,0.0,0.0,0.0,0.0
1770144600.0,6903.5,6903.5,6899.5,6900.25,6900.591229050619,6900.069933688949,6901.02497185619,7017.0,6954.25,6985.625,7014.156201048379,6978.744737143659,6996.450469096019,6964.33848209725,0.0,0.0,0.0,0.0,0.0,0.0
1770144900.0,6900.5,6906.0,6894.0,6894.5,6896.546937663789,6896.991045975459,6898.34499995578,7017.0,6954.25,6985.625,7014.156201048379,6978.744737143659,6996.450469096019,6963.448770119479,0.0,0.0,0.0,0.0,0.0,0.0
1770145200.0,6894.5,6898.25,6889.0,6891.5,6892.780449881419,6893.8596039512095,6895.60095680955,7017.0,6954.25,6985.625,7014.156201048379,6978.744737143659,6996.450469096019,6962.186913156789,0.0,0.0,0.0,0.0,0.0,0.0
1770145500.0,6891.25,6894.25,6886.25,6888.25,6889.103668674859,6890.62779437476,6892.77248155007,7017.0,6954.25,6985.625,7014.156201048379,6978.744737143659,6996.450469096019,6961.2669069601,0.0,0.0,0.0,0.0,0.0,0.0
1770145800.0,6888.25,6910.75,6887.25,6910.0,6897.71037313119,6893.5354970074095,6892.45056766105,7017.0,6954.25,6985.625,7014.156201048379,6978.744737143659,6996.450469096019,6959.9617673678595,0.0,0.0,0.0,0.0,0.0,0.0
1770146100.0,6910.0,6916.25,6908.0,6913.75,6905.28744199841,6897.03079387782,6892.59886577212,7017.0,6954.25,6985.625,7014.156201048379,6978.744737143659,6996.450469096019,6959.126243642309,0.0,0.0,0.0,0.0,0.0,0.0
1770146400.0,6913.75,6918.5,6912.0,6912.75,6909.68902274582,6899.804797916459,6892.692222351089,7017.0,6954.25,6985.625,7014.156201048379,6978.744737143659,6996.450469096019,6958.53103478437,0.0,0.0,0.0,0.0,0.0,0.0
1770146700.0,6912.75,6915.0,6903.25,6908.25,6910.21947699621,6901.08831228201,6892.3713792380595,7017.0,6954.25,6985.625,7014.156201048379,6978.744737143659,6996.450469096019,6957.64628372589,0.0,0.0,0.0,0.0,0.0,0.0
1770147000.0,6908.0,6915.0,6904.25,6905.25,6908.960991422099,6901.49570573793,6891.81930412879,7017.0,6954.25,6985.625,7014.156201048379,6978.744737143659,6996.450469096019,6956.81642597574,0.0,0.0,0.0,0.0,0.0,0.0
1770147300.0,6905.25,6911.5,6904.5,6909.25,6909.9917632261795,6902.9091128584,6891.77489854727,7017.0,6954.25,6985.625,7014.156201048379,6978.744737143659,6996.450469096019,6956.392320418239,0.0,0.0,0.0,0.0,0.0,0.0
1770147600.0,6909.25,6913.25,6905.75,6907.5,6909.691500434469,6903.71342075343,6891.607261628,7017.0,6954.25,6985.625,7014.156201048379,6978.744737143659,6996.450469096019,6955.87384540647,0.0,0.0,0.0,0.0,0.0,0.0
1770147900.0,6907.5,6908.5,6901.25,6901.25,6906.3454432565595,6902.88437313312,6890.858815513429,7017.0,6954.25,6985.625,7014.156201048379,6978.744737143659,6996.450469096019,6955.33773112119,0.0,0.0,0.0,0.0,0.0,0.0
1770148200.0,6901.75,6908.5,6897.25,6906.25,6906.58716575338,6903.49838380562,6890.73233761928,7017.0,6954.25,6985.625,7014.156201048379,6978.744737143659,6996.450469096019,6954.66834337602,0.0,0.0,0.0,0.0,0.0,0.0
1770148500.0,6906.25,6917.0,6905.75,6914.5,6910.74399497796,6906.10903277878,6891.519322704929,7017.0,6954.25,6985.625,7014.156201048379,6978.744737143659,6996.450469096019,6954.163423877079,0.0,0.0,0.0,0.0,0.0,0.0
1770148800.0,6914.25,6916.75,6909.25,6909.5,6910.89509664797,6907.06235579379,6891.784732978769,7017.0,6954.25,6985.625,7014.156201048379,6978.744737143659,6996.450469096019,6953.75336682277,0.0,0.0,0.0,0.0,0.0,0.0
1770149100.0,6909.75,6913.75,6908.75,6913.25,6912.718390463179,6908.80967480624,6892.468034315119,7017.0,6954.25,6985.625,7014.156201048379,6978.744737143659,6996.450469096019,6953.45104982987,0.0,0.0,0.0,0.0,0.0,0.0
1770149400.0,6913.25,6917.0,6910.0,6916.75,6915.4804769762395,6911.141343505579,6893.51259435406,7017.0,6954.25,6985.625,7014.156201048379,6978.744737143659,6996.450469096019,6953.16806177679,0.0,0.0,0.0,0.0,0.0,0.0
1770149700.0,6916.5,6922.25,6912.0,6918.5,6917.95612453744,6913.50826886435,6894.710420087499,7017.0,6954.25,6985.625,7014.156201048379,6978.744737143659,6996.450469096019,6952.81271338593,0.0,0.0,0.0,0.0,0.0,0.0
1770150000.0,6918.5,6921.25,6913.75,6921.0,6920.57999901262,6916.07757867425,6896.126337408689,7017.0,6954.25,6985.625,7014.156201048379,6978.744737143659,6996.450469096019,6952.527207911309,0.0,0.0,0.0,0.0,0.0,0.0
1770150300.0,6921.0,6924.5,6920.75,6921.75,6922.41624273023,6918.36582782926,6897.562103270529,7017.0,6954.25,6985.625,7014.156201048379,6978.744737143659,6996.450469096019,6952.28159772394,0.0,0.0,0.0,0.0,0.0,0.0
1770150600.0,6921.75,6935.0,6921.25,6934.5,6929.5869202115,6923.393849932029,6900.25454888462,7017.0,6954.25,6985.625,7014.156201048379,6978.744737143659,6996.450469096019,6951.990466518309,0.0,0.0,0.0,0.0,0.0,0.0
1770150900.0,6934.75,6938.5,6931.75,6937.25,6935.22838196001,6928.181646950389,6903.07929189641,7017.0,6954.25,6985.625,7014.156201048379,6978.744737143659,6996.450469096019,6951.806273331779,0.0,0.0,0.0,0.0,0.0,0.0
1770151200.0,6937.25,6937.25,6928.5,6932.25,6936.020346175839,6930.821000363239,6905.22288063799,7017.0,6954.25,6985.625,7014.156201048379,6978.744737143659,6996.450469096019,6951.587071389349,0.0,0.0,0.0,0.0,0.0,0.0
1770151500.0,6932.25,6935.5,6930.5,6935.25,6937.60084060706,6933.658825179799,6907.55716240716,7017.0,6954.25,6985.625,7014.156201048379,6978.744737143659,6996.450469096019,6951.444171315679,0.0,0.0,0.0,0.0,0.0,0.0
1770151800.0,6935.25,6941.25,6934.25,6940.25,6940.68988436288,6937.14810755399,6910.272898831699,7017.0,6954.25,6985.625,7014.156201048379,6978.744737143659,6996.450469096019,6951.26853648591,0.0,0.0,0.0,0.0,0.0,0.0
1770152100.0,6940.25,6944.25,6939.0,6940.5,6942.428525747369,6939.983101195249,6912.84959137396,7017.0,6954.25,6985.625,7014.156201048379,6978.744737143659,6996.450469096019,6950.843917751509,0.0,0.0,0.0,0.0,0.0,0.0
1770152400.0,6940.5,6945.25,6938.0,6944.5,6945.13551420778,6943.19926941428,6915.6817873275195,7017.0,6954.25,6985.625,7014.156201048379,6978.744737143659,6996.450469096019,6950.72090163043,0.0,0.0,0.0,0.0,0.0,0.0
1770152700.0,6944.25,6945.0,6940.25,6942.5,6945.539685457519,6945.22894183584,6918.128581121349,7017.0,6954.25,6985.625,7014.156201048379,6978.744737143659,6996.450469096019,6950.692562239659,0.0,0.0,0.0,0.0,0.0,0.0
1770153000.0,6942.25,6943.75,6940.25,6941.75,6945.10046300176,6946.5821344794895,6920.34351055737,7017.0,6954.25,6985.625,7014.156201048379,6978.744737143659,6996.450469096019,6950.667058524949,0.0,0.0,0.0,0.0,0.0,0.0
1770153300.0,6941.75,6946.0,6931.75,6934.25,6940.87629840017,6945.6958373528,6921.642748763489,7017.0,6954.25,6985.625,7014.156201048379,6978.744737143659,6996.450469096019,6950.602133621989,0.0,0.0,0.0,0.0,0.0,0.0
1770153600.0,6934.0,6939.0,6932.5,6937.5,6939.56654615127,6945.637706719909,6923.19978895759,7017.0,6954.25,6985.625,7014.156201048379,6978.744737143659,6996.450469096019,6950.57954210307,0.0,0.0,0.0,0.0,0.0,0.0
1770153900.0,6937.5,6940.75,6936.75,6940.25,6939.962654891639,6946.1483821250795,6924.9432786526195,7017.0,6954.25,6985.625,7014.156201048379,6978.744737143659,6996.450469096019,6950.56370063343,0.0,0.0,0.0,0.0,0.0,0.0
1770154200.0,6940.0,6940.5,6935.75,6935.75,6937.94126791037,6945.33116625934,6926.109029467059,7017.0,6954.25,6985.625,7014.156201048379,6978.744737143659,6996.450469096019,6950.54932399684,0.0,0.0,0.0,0.0,0.0,0.0
1770154500.0,6935.75,6937.75,6934.5,6934.75,6936.114817222389,6944.2937109155,6927.09779936937,7017.0,6954.25,6985.625,7014.156201048379,6978.744737143659,6996.450469096019,6950.53671743343,0.0,0.0,0.0,0.0,0.0,0.0
1770154800.0,6935.0,6939.25,6934.75,6937.5,6936.29320625036,6944.01705792074,6928.308408182729,7017.0,6954.25,6985.625,7014.156201048379,6978.744737143659,6996.450469096019,6950.518834122179,0.0,0.0,0.0,0.0,0.0,0.0
1770155100.0,6937.5,6938.25,6934.75,6935.0,6935.21317510397,6943.0720063790395,6929.181445337709,7017.0,6954.25,6985.625,7014.156201048379,6978.744737143659,6996.450469096019,6950.51027363058,0.0,0.0,0.0,0.0,0.0,0.0
1770155400.0,6935.0,6936.0,6933.5,6935.0,6934.559450666699,6942.204209566469,6929.99787291525,7017.0,6954.25,6985.625,7014.156201048379,6978.744737143659,6996.450469096019,6950.493847117719,0.0,0.0,0.0,0.0,0.0,0.0
1770155700.0,6935.0,6938.75,6935.0,6938.75,6936.02550700065,6942.34182388894,6931.148327403919,7017.0,6954.25,6985.625,7014.156201048379,6978.744737143659,6996.450469096019,6950.484162918439,0.0,0.0,0.0,0.0,0.0,0.0
1770159600.0,6934.0,6938.25,6933.5,6937.75,6936.518217174729,6942.1350003956095,6932.11737090936,7017.0,6954.25,6985.625,7014.156201048379,6978.744737143659,6996.450469096019,6936.5,0.0,0.0,0.0,0.0,0.0,0.0
1770159900.0,6937.75,6938.0,6931.25,6934.5,6935.269186519449,6941.08808577687,6932.684091559419,7017.0,6954.25,6985.625,7014.156201048379,6978.744737143659,6996.450469096019,6935.62912766511,0.0,0.0,0.0,0.0,0.0,0.0
1770160200.0,6934.75,6941.75,6934.5,6941.5,6937.916130255529,6941.902760295639,6933.93535913244,7017.0,6954.25,6985.625,7014.156201048379,6978.744737143659,6996.450469096019,6936.614769609229,0.0,0.0,0.0,0.0,0.0,0.0
1770160500.0,6941.25,6944.5,6941.0,6941.0,6939.379201689389,6942.39469361763,6935.0470220127,7017.0,6954.25,6985.625,7014.156201048379,6978.744737143659,6996.450469096019,6938.01482346282,0.0,0.0,0.0,0.0,0.0,0.0
1770160800.0,6941.0,6941.25,6936.5,6938.25,6938.946937461869,6942.060454269949,6935.79519671212,7017.0,6954.25,6985.625,7014.156201048379,6978.744737143659,6996.450469096019,6938.097044456809,0.0,0.0,0.0,0.0,0.0,0.0
1770161100.0,6938.5,6940.0,6933.75,6935.25,6937.17564135571,6940.98420011822,6936.1786582470995,7017.0,6954.25,6985.625,7014.156201048379,6978.744737143659,6996.450469096019,6937.867651013929,0.0,0.0,0.0,0.0,0.0,0.0
1770161400.0,6935.25,6936.25,6933.5,6934.5,6935.67357059187,6939.86088726968,6936.454987324009,7017.0,6954.25,6985.625,7014.156201048379,6978.744737143659,6996.450469096019,6937.64569594324,0.0,0.0,0.0,0.0,0.0,0.0
1770161700.0,6934.75,6936.5,6933.75,6936.5,6935.72016999799,6939.390769848799,6936.9155796961095,7017.0,6954.25,6985.625,7014.156201048379,6978.744737143659,6996.450469096019,6937.54206405694,0.0,0.0,0.0,0.0,0.0,0.0
1770162000.0,6936.5,6937.75,6935.0,6937.5,6936.28108083293,6939.21808165246,6937.443759089219,7017.0,6954.25,6985.625,7014.156201048379,6978.744737143659,6996.450469096019,6937.5052938781,0.0,0.0,0.0,0.0,0.0,0.0
1770162300.0,6937.5,6940.0,6935.0,6939.25,6937.52673574592,6939.48139231185,6938.111826003519,7017.0,6954.25,6985.625,7014.156201048379,6978.744737143659,6996.450469096019,6937.55947841063,0.0,0.0,0.0,0.0,0.0,0.0
1770162600.0,6939.25,6940.75,6938.5,6940.5,6938.945217629949,6939.98238503959,6938.857733787289,7017.0,6954.25,6985.625,7014.156201048379,6978.744737143659,6996.450469096019,6937.6546452603,0.0,0.0,0.0,0.0,0.0,0.0
1770162900.0,6940.5,6943.25,6939.0,6942.5,6940.81310306618,6940.86629956204,6939.75291588145,7017.0,6954.25,6985.625,7014.156201048379,6978.744737143659,6996.450469096019,6938.070570332839,0.0,0.0,0.0,0.0,0.0,0.0
1770163200.0,6942.75,6943.75,6935.25,6938.75,6940.132318211229,6940.63519090263,6940.19186430231,7017.0,6954.25,6985.625,7014.156201048379,6978.744737143659,6996.450469096019,6938.219386029639,0.0,0.0,0.0,0.0,0.0,0.0
1770163500.0,6938.75,6941.0,6937.5,6939.0,6939.768357246429,6940.477715598349,6940.619470566359,7017.0,6954.25,6985.625,7014.156201048379,6978.744737143659,6996.450469096019,6938.2877264298995,0.0,0.0,0.0,0.0,0.0,0.0
1770163800.0,6939.0,6939.0,6936.0,6937.0,6938.52631519575,6939.82440060508,6940.803605581479,7017.0,6954.25,6985.625,7014.156201048379,6978.744737143659,6996.450469096019,6938.2299472048,0.0,0.0,0.0,0.0,0.0,0.0
1770164100.0,6937.25,6942.25,6937.25,6941.75,6940.0376574808,6940.44369167884,6941.45879575012,7017.0,6954.25,6985.625,7014.156201048379,6978.744737143659,6996.450469096019,6938.3560244463,0.0,0.0,0.0,0.0,0.0,0.0
1770164400.0,6941.75,6942.5,6939.5,6940.0,6940.137251688259,6940.4998455264995,6941.879808814049,7017.0,6954.25,6985.625,7014.156201048379,6978.744737143659,6996.450469096019,6938.42101710723,0.0,0.0,0.0,0.0,0.0,0.0
1770164700.0,6939.75,6941.75,6936.75,6938.5,6939.44257506891,6940.152635106009,6942.10849494504,7017.0,6954.25,6985.625,7014.156201048379,6978.744737143659,6996.450469096019,6938.451355940089,0.0,0.0,0.0,0.0,0.0,0.0
1770165000.0,6938.25,6941.75,6938.0,6941.5,6940.445937554099,6940.593363543349,6942.6232401239895,7017.0,6954.25,6985.625,7014.156201048379,6978.744737143659,6996.450469096019,6938.52042098649,0.0,0.0,0.0,0.0,0.0,0.0
1770165300.0,6941.5,6942.25,6939.5,6940.25,6940.46077886191,6940.629458556759,6942.9644210671895,7017.0,6954.25,6985.625,7014.156201048379,6978.744737143659,6996.450469096019,6938.58488964346,0.0,0.0,0.0,0.0,0.0,0.0
1770165600.0,6940.25,6940.25,6937.0,6937.75,6939.2262676,6940.02045076932,6943.01470796377,7017.0,6954.25,6985.625,7014.156201048379,6978.744737143659,6996.450469096019,6938.57801913957,0.0,0.0,0.0,0.0,0.0,0.0
1770165900.0,6937.75,6939.25,6935.5,6936.5,6937.81866685283,6939.19187573154,6942.923604292179,7017.0,6954.25,6985.625,7014.156201048379,6978.744737143659,6996.450469096019,6938.5365744457495,0.0,0.0,0.0,0.0,0.0,0.0
1770166200.0,6936.25,6938.0,6933.5,6934.25,6935.840285432089,6937.93781361647,6942.597740978789,7017.0,6954.25,6985.625,7014.156201048379,6978.744737143659,6996.450469096019,6938.40524396751,0.0,0.0,0.0,0.0,0.0,0.0
1770166500.0,6934.25,6937.0,6934.0,6934.0,6934.504693690789,6936.83548030278,6942.260539246169,7017.0,6954.25,6985.625,7014.156201048379,6978.744737143659,6996.450469096019,6938.304922607749,0.0,0.0,0.0,0.0,0.0,0.0
1770166800.0,6934.25,6944.0,6934.25,6943.5,6938.36507425692,6938.289544925829,6942.92089882446,7017.0,6954.25,6985.625,7014.156201048379,6978.744737143659,6996.450469096019,6938.50379444357,0.0,0.0,0.0,0.0,0.0,0.0
1770167100.0,6943.5,6943.75,6938.0,6940.0,6939.169392471529,6938.622672199909,6943.165051628829,7017.0,6954.25,6985.625,7014.156201048379,6978.744737143659,6996.450469096019,6938.60172488573,0.0,0.0,0.0,0.0,0.0,0.0
1770167400.0,6940.25,6945.0,6940.25,6944.25,6941.75000252807,6939.95269130968,6943.82294197359,7017.0,6954.25,6985.625,7014.156201048379,6978.744737143659,6996.450469096019,6938.825083293669,0.0,0.0,0.0,0.0,0.0,0.0
1770167700.0,6944.25,6945.75,6943.0,6944.5,6943.481690541569,6941.10818641644,6944.45179514897,7017.0,6954.25,6985.625,7014.156201048379,6978.744737143659,6996.450469096019,6939.10807350505,0.0,0.0,0.0,0.0,0.0,0.0
1770168000.0,6944.5,6946.5,6944.25,6946.0,6945.24278139129,6942.4248742071,6945.18240186112,7017.0,6954.25,6985.625,7014.156201048379,6978.744737143659,6996.450469096019,6939.29283728417,0.0,0.0,0.0,0.0,0.0,0.0
1770168300.0,6945.75,6946.0,6944.5,6945.25,6945.89983079367,6943.31008227437,6945.774591696099,7017.0,6954.25,6985.625,7014.156201048379,6978.744737143659,6996.450469096019,6939.452658635219,0.0,0.0,0.0,0.0,0.0,0.0
1770168600.0,6945.25,6947.0,6944.5,6945.5,6946.328079190799,6944.083170690449,6946.340996019439,7017.0,6954.25,6985.625,7014.156201048379,6978.744737143659,6996.450469096019,6939.72040307416,0.0,0.0,0.0,0.0,0.0,0.0
1770168900.0,6945.5,6946.25,6941.5,6941.75,6944.66201900643,6943.76616251539,6946.46961233364,7017.0,6954.25,6985.625,7014.156201048379,6978.744737143659,6996.450469096019,6939.86120477833,0.0,0.0,0.0,0.0,0.0,0.0
1770169200.0,6941.75,6943.0,6941.5,6942.75,6944.00164693544,6943.72993157534,6946.681956894309,7017.0,6954.25,6985.625,7014.156201048379,6978.744737143659,6996.450469096019,6939.9103407168095,0.0,0.0,0.0,0.0,0.0,0.0
1770169500.0,6943.0,6945.5,6940.5,6941.25,6942.7988526984,6943.306338097779,6946.71373380121,7017.0,6954.25,6985.625,7014.156201048379,6978.744737143659,6996.450469096019,6939.978596189339,0.0,0.0,0.0,0.0,0.0,0.0
1770169800.0,6941.5,6943.25,6940.75,6942.25,6942.49503809142,6943.186811128249,6946.83604083886,7017.0,6954.25,6985.625,7014.156201048379,6978.744737143659,6996.450469096019,6940.024272644099,0.0,0.0,0.0,0.0,0.0,0.0
1770170100.0,6942.25,6945.5,6941.75,6944.5,6943.39513746942,6943.63196111812,6947.171792635339,7017.0,6954.25,6985.625,7014.156201048379,6978.744737143659,6996.450469096019,6940.104628866349,0.0,0.0,0.0,0.0,0.0,0.0
1770170400.0,6944.5,6947.0,6944.5,6946.25,6944.816869372649,6944.419707162529,6947.65427501438,7017.0,6954.25,6985.625,7014.156201048379,6978.744737143659,6996.450469096019,6940.340076458379,0.0,0.0,0.0,0.0,0.0,0.0
1770170700.0,6946.5,6951.25,6946.25,6951.0,6948.0152820559,6946.23469304166,6948.58307801232,7017.0,6954.25,6985.625,7014.156201048379,6978.744737143659,6996.450469096019,6940.9281580528195,0.0,0.0,0.0,0.0,0.0,0.0
1770171000.0,6950.75,6950.75,6947.75,6948.25,6948.648598123,6947.02825937113,6949.151238873689,7017.0,6954.25,6985.625,7014.156201048379,6978.744737143659,6996.450469096019,6941.123281112649,0.0,0.0,0.0,0.0,0.0,0.0
1770171300.0,6948.5,6949.75,6945.75,6945.75,6947.73553106668,6947.034974937849,6949.40943892951,7017.0,6954.25,6985.625,7014.156201048379,6978.744737143659,6996.450469096019,6941.26271143134,0.0,0.0,0.0,0.0,0.0,0.0
1770171600.0,6946.0,6946.0,6944.0,6945.0,6946.703790576479,6946.826368250419,6949.560129857269,7017.0,6954.25,6985.625,7014.156201048379,6978.744737143659,6996.450469096019,6941.31858451626,0.0,0.0,0.0,0.0,0.0,0.0
1770171900.0,6945.0,6946.25,6941.25,6943.5,6945.260959974519,6946.25549122859,6949.533330399009,7017.0,6954.25,6985.625,7014.156201048379,6978.744737143659,6996.450469096019,6941.36699500103,0.0,0.0,0.0,0.0,0.0,0.0
1770172200.0,6943.0,6945.25,6942.75,6944.5,6944.80761793813,6946.010437919789,6949.600013127239,7017.0,6954.25,6985.625,7014.156201048379,6978.744737143659,6996.450469096019,6941.396250439059,0.0,0.0,0.0,0.0,0.0,0.0
1770172500.0,6944.5,6945.5,6943.25,6943.25,6943.9115806756,6945.4785025131,6949.52120532519,7017.0,6954.25,6985.625,7014.156201048379,6978.744737143659,6996.450469096019,6941.42675518528,0.0,0.0,0.0,0.0,0.0,0.0
1770172800.0,6943.25,6943.75,6939.75,6943.5,6943.478778687179,6945.085657562589,6949.46232741231,7017.0,6954.25,6985.625,7014.156201048379,6978.744737143659,6996.450469096019,6941.452812429759,0.0,0.0,0.0,0.0,0.0,0.0
1770173100.0,6943.5,6944.75,6942.5,6943.25,6943.110334336409,6944.686751749639,6949.37052063964,7017.0,6954.25,6985.625,7014.156201048379,6978.744737143659,6996.450469096019,6941.46969739189,0.0,0.0,0.0,0.0,0.0,0.0
1770173400.0,6943.25,6943.25,6939.75,6943.0,6942.7882766339,6944.285680997559,6949.24831886368,7017.0,6954.25,6985.625,7014.156201048379,6978.744737143659,6996.450469096019,6941.4837235168,0.0,0.0,0.0,0.0,0.0,0.0
1770173700.0,6943.0,6944.25,6941.75,6942.5,6942.377156683289,6943.823364996179,6949.07226128309,7017.0,6954.25,6985.625,7014.156201048379,6978.744737143659,6996.450469096019,6941.497816672039,0.0,0.0,0.0,0.0,0.0,0.0
1770174000.0,6942.75,6943.75,6940.5,6941.5,6941.66817608305,6943.18881998034,6948.79472414063,7017.0,6954.25,6985.625,7014.156201048379,6978.744737143659,6996.450469096019,6941.5026182641595,0.0,0.0,0.0,0.0,0.0,0.0
1770174300.0,6941.75,6943.0,6940.75,6942.5,6941.75107940395,6942.91246659563,6948.629889307999,7017.0,6954.25,6985.625,7014.156201048379,6978.744737143659,6996.450469096019,6941.50809829228,0.0,0.0,0.0,0.0,0.0,0.0
1770174600.0,6942.25,6946.0,6942.25,6944.5,6942.8287967118895,6943.183330430659,6948.673541452919,7017.0,6954.25,6985.625,7014.156201048379,6978.744737143659,6996.450469096019,6941.553950202459,0.0,0.0,0.0,0.0,0.0,0.0
1770174900.0,6944.25,6945.25,6941.25,6942.5,6942.57314580745,6942.911847992529,6948.4978011125095,7017.0,6954.25,6985.625,7014.156201048379,6978.744737143659,6996.450469096019,6941.59116471931,0.0,0.0,0.0,0.0,0.0,0.0
1770175200.0,6942.5,6944.5,6940.75,6943.5,6942.91681290589,6942.938380456289,6948.42834314353,7017.0,6954.25,6985.625,7014.156201048379,6978.744737143659,6996.450469096019,6941.6143178781695,0.0,0.0,0.0,0.0,0.0,0.0
1770175500.0,6943.5,6946.0,6942.75,6944.25,6943.51825494032,6943.14973937766,6948.43211190229,7017.0,6954.25,6985.625,7014.156201048379,6978.744737143659,6996.450469096019,6941.65402556663,0.0,0.0,0.0,0.0,0.0,0.0
1770175800.0,6944.0,6947.5,6944.0,6947.25,6945.37098173087,6944.0728748517395,6948.73669974506,7017.0,6954.25,6985.625,7014.156201048379,6978.744737143659,6996.450469096019,6941.722244906129,0.0,0.0,0.0,0.0,0.0,0.0
1770176100.0,6947.0,6949.5,6945.75,6949.0,6947.38871487648,6945.27068085786,6949.1918118738895,7017.0,6954.25,6985.625,7014.156201048379,6978.744737143659,6996.450469096019,6941.806816206909,0.0,0.0,0.0,0.0,0.0,0.0
1770176400.0,6949.0,6949.5,6946.25,6946.25,6947.2799773097395,6945.571430413959,6949.321589569239,7017.0,6954.25,6985.625,7014.156201048379,6978.744737143659,6996.450469096019,6941.859869733599,0.0,0.0,0.0,0.0,0.0,0.0
1770176700.0,6946.0,6946.5,6942.5,6943.75,6945.92155562673,6945.1898350289,6949.174603369939,7017.0,6954.25,6985.625,7014.156201048379,6978.744737143659,6996.450469096019,6941.915057782259,0.0,0.0,0.0,0.0,0.0,0.0
1770177000.0,6944.0,6945.5,6943.0,6945.0,6945.617199086209,6945.177732266489,6949.15803055107,7017.0,6954.25,6985.625,7014.156201048379,6978.744737143659,6996.450469096019,6941.94012125616,0.0,0.0,0.0,0.0,0.0,0.0
1770177300.0,6945.0,6947.25,6945.0,6946.75,6946.253239386169,6945.59683917802,6949.31461405087,7017.0,6954.25,6985.625,7014.156201048379,6978.744737143659,6996.450469096019,6941.97760667597,0.0,0.0,0.0,0.0,0.0,0.0
1770177600.0,6946.75,6947.75,6946.25,6946.75,6946.63658876218,6945.936585098189,6949.45140807177,7017.0,6954.25,6985.625,7014.156201048379,6978.744737143659,6996.450469096019,6942.01392085875,0.0,0.0,0.0,0.0,0.0,0.0
1770177900.0,6946.75,6947.75,6945.25,6946.0,6946.48559933991,6946.02289022199,6949.492302637909,7017.0,6954.25,6985.625,7014.156201048379,6978.744737143659,6996.450469096019,6942.042020056249,0.0,0.0,0.0,0.0,0.0,0.0
1770178200.0,6946.25,6948.25,6946.25,6946.75,6946.726846558129,6946.27231394426,6949.599139504289,7017.0,6954.25,6985.625,7014.156201048379,6978.744737143659,6996.450469096019,6942.07261392475,0.0,0.0,0.0,0.0,0.0,0.0
1770178500.0,6946.5,6947.0,6945.5,6946.75,6946.856014453109,6946.4697948785,6949.689854037089,7017.0,6954.25,6985.625,7014.156201048379,6978.744737143659,6996.450469096019,6942.099953583909,0.0,0.0,0.0,0.0,0.0,0.0
1770178800.0,6946.5,6946.75,6944.25,6944.75,6945.937516157899,6946.1264910705395,6949.55891613103,7017.0,6954.25,6985.625,7014.156201048379,6978.744737143659,6996.450469096019,6942.12612176699,0.0,0.0,0.0,0.0,0.0,0.0
1770179100.0,6945.0,6945.5,6944.0,6945.25,6945.58063646674,6945.958980789829,6949.480440098069,7017.0,6954.25,6985.625,7014.156201048379,6978.744737143659,6996.450469096019,6942.1460051676195,0.0,0.0,0.0,0.0,0.0,0.0
1770179400.0,6945.25,6946.75,6945.25,6946.75,6946.08577589701,6946.18724614035,6949.5543334001495,7017.0,6954.25,6985.625,7014.156201048379,6978.744737143659,6996.450469096019,6942.16830230277,0.0,0.0,0.0,0.0,0.0,0.0
1770179700.0,6946.5,6947.0,6945.75,6946.75,6946.4090484095195,6946.36987825213,6949.61500339854,7017.0,6954.25,6985.625,7014.156201048379,6978.744737143659,6996.450469096019,6942.19198542027,0.0,0.0,0.0,0.0,0.0,0.0
1770180000.0,6946.5,6948.5,6946.5,6947.25,6946.85231233156,6946.63859998639,6949.71514067873,7017.0,6954.25,6985.625,7014.156201048379,6978.744737143659,6996.450469096019,6942.24412728618,0.0,0.0,0.0,0.0,0.0,0.0
1770180300.0,6947.25,6947.75,6946.5,6946.5,6946.75609390874,6946.66699162956,6949.72284483711,7017.0,6954.25,6985.625,7014.156201048379,6978.744737143659,6996.450469096019,6942.2607642985595,0.0,0.0,0.0,0.0,0.0,0.0
1770180600.0,6946.5,6947.5,6945.25,6946.25,6946.557618490059,6946.6209075224,6949.69637371661,7017.0,6954.25,6985.625,7014.156201048379,6978.744737143659,6996.450469096019,6942.287614154059,0.0,0.0,0.0,0.0,0.0,0.0
1770180900.0,6946.0,6946.0,6944.5,6946.0,6946.29896798511,6946.51384065753,6949.638267767549,7017.0,6954.25,6985.625,7014.156201048379,6978.744737143659,6996.450469096019,6942.30779136596,0.0,0.0,0.0,0.0,0.0,0.0
1770181200.0,6946.25,6946.5,6944.75,6945.25,6945.764015744629,6946.23289886737,6949.49923334225,7017.0,6954.25,6985.625,7014.156201048379,6978.744737143659,6996.450469096019,6942.327716691119,0.0,0.0,0.0,0.0,0.0,0.0
1770181500.0,6945.25,6946.75,6943.5,6944.25,6944.939119922609,6945.74748778445,6949.25931910609,7017.0,6954.25,6985.625,7014.156201048379,6978.744737143659,6996.450469096019,6942.3496363450095,0.0,0.0,0.0,0.0,0.0,0.0
1770181800.0,6944.5,6945.0,6943.5,6943.75,6944.186049192949,6945.219688243999,6948.977565690399,7017.0,6954.25,6985.625,7014.156201048379,6978.744737143659,6996.450469096019,6942.361489236149,0.0,0.0,0.0,0.0,0.0,0.0
1770182100.0,6944.0,6946.0,6944.0,6945.5,6944.5905838729195,6945.21912659985,6948.889808523049,7017.0,6954.25,6985.625,7014.156201048379,6978.744737143659,6996.450469096019,6942.375630124509,0.0,0.0,0.0,0.0,0.0,0.0
1770182400.0,6945.5,6946.5,6945.25,6946.0,6945.12501624492,6945.344813025329,6948.8535038172195,7017.0,6954.25,6985.625,7014.156201048379,6978.744737143659,6996.450469096019,6942.392326059359,0.0,0.0,0.0,0.0,0.0,0.0
1770182700.0,6946.0,6946.75,6945.25,6945.5,6945.241375138589,6945.32587659387,6948.761844805739,7017.0,6954.25,6985.625,7014.156201048379,6978.744737143659,6996.450469096019,6942.406687467809,0.0,0.0,0.0,0.0,0.0,0.0
1770183000.0,6945.75,6945.75,6942.0,6943.25,6944.22764808531,6944.75201025695,6948.437995806829,7017.0,6954.25,6985.625,7014.156201048379,6978.744737143659,6996.450469096019,6942.424336399909,0.0,0.0,0.0,0.0,0.0,0.0
1770183300.0,6943.5,6944.25,6942.5,6944.0,6943.96292345605,6944.4671055584495,6948.20861073373,7017.0,6954.25,6985.625,7014.156201048379,6978.744737143659,6996.450469096019,6942.430086094319,0.0,0.0,0.0,0.0,0.0,0.0
1770183600.0,6944.0,6945.75,6943.75,6945.25,6944.43151604167,6944.54739738776,6948.11907325617,7017.0,6954.25,6985.625,7014.156201048379,6978.744737143659,6996.450469096019,6942.441051572519,0.0,0.0,0.0,0.0,0.0,0.0
1770183900.0,6945.25,6946.5,6945.0,6946.25,6945.24138128409,6944.86766674051,6948.1339610347395,7017.0,6954.25,6985.625,7014.156201048379,6978.744737143659,6996.450469096019,6942.45570344926,0.0,0.0,0.0,0.0,0.0,0.0
1770184200.0,6946.25,6947.25,6945.75,6945.75,6945.5218210913,6945.01207696988,6948.09103164666,7017.0,6954.25,6985.625,7014.156201048379,6978.744737143659,6996.450469096019,6942.478155779319,0.0,0.0,0.0,0.0,0.0,0.0
1770184500.0,6945.75,6948.75,6945.5,6948.75,6947.159854766999,6945.88030544308,6948.35621376946,7017.0,6954.25,6985.625,7014.156201048379,6978.744737143659,6996.450469096019,6942.55589370688,0.0,0.0,0.0,0.0,0.0,0.0
1770184800.0,6948.75,6949.75,6947.0,6949.5,6948.54934216295,6946.784614198559,6948.675329826349,7017.0,6954.25,6985.625,7014.156201048379,6978.744737143659,6996.450469096019,6942.61475231407,0.0,0.0,0.0,0.0,0.0,0.0
1770185100.0,6949.75,6951.5,6949.25,6949.5,6949.3866724372,6947.5279628463495,6948.96693079478,7017.0,6954.25,6985.625,7014.156201048379,6978.744737143659,6996.450469096019,6942.72190815578,0.0,0.0,0.0,0.0,0.0,0.0
1770185400.0,6949.5,6953.0,6949.5,6952.0,6951.07512253711,6948.756261247239,6949.4912004176995,7017.0,6954.25,6985.625,7014.156201048379,6978.744737143659,6996.450469096019,6942.865605309839,0.0,0.0,0.0,0.0,0.0,0.0
1770185700.0,6952.0,6952.25,6949.5,6949.5,6950.851146197079,6949.13753954401,6949.7147746970095,7017.0,6954.25,6985.625,7014.156201048379,6978.744737143659,6996.450469096019,6942.9154391210295,0.0,0.0,0.0,0.0,0.0,0.0
1770186000.0,6949.25,6950.0,6947.25,6948.75,6950.254491889579,6949.25080336231,6949.839433874549,7017.0,6954.25,6985.625,7014.156201048379,6978.744737143659,6996.450469096019,6942.98565940332,0.0,0.0,0.0,0.0,0.0,0.0
1770186300.0,6948.75,6951.0,6948.75,6950.75,6950.7810425756,6949.826105903219,6950.156330322749,7017.0,6954.25,6985.625,7014.156201048379,6978.744737143659,6996.450469096019,6943.049614187889,0.0,0.0,0.0,0.0,0.0,0.0
1770186600.0,6950.75,6952.5,6949.5,6952.5,6951.91366460635,6950.72025009547,6950.626067712969,7017.0,6954.25,6985.625,7014.156201048379,6978.744737143659,6996.450469096019,6943.169599080389,0.0,0.0,0.0,0.0,0.0,0.0
1770186900.0,6952.5,6954.75,6952.25,6954.25,6953.42549315755,6951.87521542317,6951.2377158050995,7017.0,6954.25,6985.625,7014.156201048379,6978.744737143659,6996.450469096019,6943.319352899,0.0,0.0,0.0,0.0,0.0,0.0
1770187200.0,6954.25,6956.0,6954.0,6955.5,6954.918841332649,6953.11743995062,6951.929314948899,7017.0,6954.25,6985.625,7014.156201048379,6978.744737143659,6996.450469096019,6943.527696362439,0.0,0.0,0.0,0.0,0.0,0.0
1770187500.0,6955.5,6959.25,6955.5,6958.5,6957.236068614299,6954.8623938540695,6952.875733066139,7017.0,6954.25,6985.625,7014.156201048379,6978.744737143659,6996.450469096019,6943.89505865427,0.0,0.0,0.0,0.0,0.0,0.0
1770187800.0,6958.25,6958.25,6955.25,6956.0,6957.37224181231,6955.64925114681,6953.49006844996,7017.0,6954.25,6985.625,7014.156201048379,6978.744737143659,6996.450469096019,6944.137627126,0.0,0.0,0.0,0.0,0.0,0.0
1770188100.0,6956.0,6956.25,6954.25,6955.25,6956.96057537239,6956.07518549594,6953.976010064999,7017.0,6954.25,6985.625,7014.156201048379,6978.744737143659,6996.450469096019,6944.28966074659,0.0,0.0,0.0,0.0,0.0,0.0
1770188400.0,6955.25,6956.75,6954.25,6956.75,6957.31754374463,6956.76148641612,6954.574834434549,7017.0,6954.25,6985.625,7014.156201048379,6978.744737143659,6996.450469096019,6944.41141240155,0.0,0.0,0.0,0.0,0.0,0.0
1770188700.0,6956.75,6957.25,6955.0,6956.25,6957.20638808003,6957.16497723572,6955.07161538319,7017.0,6954.25,6985.625,7014.156201048379,6978.744737143659,6996.450469096019,6944.505541894569,0.0,0.0,0.0,0.0,0.0,0.0
1770189000.0,6956.5,6959.5,6956.5,6958.5,6958.14946199304,6958.01814251569,6955.7574757639095,7017.0,6954.25,6985.625,7014.156201048379,6978.744737143659,6996.450469096019,6944.75292261895,0.0,0.0,0.0,0.0,0.0,0.0
1770189300.0,6958.25,6959.0,6957.25,6957.75,6958.307026066889,6958.49599464329,6956.308753985129,7017.0,6954.25,6985.625,7014.156201048379,6978.744737143659,6996.450469096019,6944.8249043059695,0.0,0.0,0.0,0.0,0.0,0.0
1770189600.0,6957.75,6959.5,6957.5,6959.0,6958.93956623088,6959.16008075813,6956.941289303029,7017.0,6954.25,6985.625,7014.156201048379,6978.744737143659,6996.450469096019,6944.927266684999,0.0,0.0,0.0,0.0,0.0,0.0
1770189900.0,6958.75,6959.25,6957.5,6958.25,6958.90399344611,6959.48024293378,6957.44235934435,7017.0,6954.25,6985.625,7014.156201048379,6978.744737143659,6996.450469096019,6944.996348062689,0.0,0.0,0.0,0.0,0.0,0.0
1770190200.0,6958.0,6958.5,6955.5,6958.0,6958.690814453629,6959.640503374209,6957.8725970632795,7017.0,6954.25,6985.625,7014.156201048379,6978.744737143659,6996.450469096019,6945.15481120798,0.0,0.0,0.0,0.0,0.0,0.0
1770190500.0,6958.0,6959.5,6957.75,6959.25,6959.10934518239,6960.04286726148,6958.39183147079,7017.0,6954.25,6985.625,7014.156201048379,6978.744737143659,6996.450469096019,6945.24148998032,0.0,0.0,0.0,0.0,0.0,0.0
1770190800.0,6959.0,6960.0,6958.75,6959.5,6959.45090933117,6960.39758824798,6958.8902706327,7017.0,6954.25,6985.625,7014.156201048379,6978.744737143659,6996.450469096019,6945.34805132986,0.0,0.0,0.0,0.0,0.0,0.0
1770191100.0,6959.25,6959.75,6958.0,6959.0,6959.37793664488,6960.52688711608,6959.29164232464,7017.0,6954.25,6985.625,7014.156201048379,6978.744737143659,6996.450469096019,6945.495223248479,0.0,0.0,0.0,0.0,0.0,0.0
1770191400.0,6959.25,6961.0,6959.0,6960.25,6959.89928676526,6960.90621808754,6959.7834826238795,7017.0,6954.25,6985.625,7014.156201048379,6978.744737143659,6996.450469096019,6945.6218094754395,0.0,0.0,0.0,0.0,0.0,0.0
1770191700.0,6960.5,6960.75,6958.25,6959.0,6959.58351545599,6960.8714743972,6960.100889122559,7017.0,6954.25,6985.625,7014.156201048379,6978.744737143659,6996.450469096019,6945.7391790150095,0.0,0.0,0.0,0.0,0.0,0.0
1770192000.0,6958.75,6960.0,6950.25,6951.0,6955.4433100672795,6958.81729488284,6959.55829385747,7017.0,6954.25,6985.625,7014.156201048379,6978.744737143659,6996.450469096019,6946.03497171227,0.0,0.0,0.0,0.0,0.0,0.0
1770192300.0,6951.0,6956.5,6950.75,6956.25,6955.37402930977,6958.39660631214,6959.5858867211,7017.0,6954.25,6985.625,7014.156201048379,6978.744737143659,6996.450469096019,6946.273973816959,0.0,0.0,0.0,0.0,0.0,0.0
1770192600.0,6956.25,6959.75,6955.75,6958.5,6956.48527492774,6958.58758993007,6959.8340022904495,7017.0,6954.25,6985.625,7014.156201048379,6978.744737143659,6996.450469096019,6946.53334452461,0.0,0.0,0.0,0.0,0.0,0.0
1770192900.0,6958.5,6958.75,6954.75,6955.5,6955.773498306269,6957.980424867709,6959.74461416709,7017.0,6954.25,6985.625,7014.156201048379,6978.744737143659,6996.450469096019,6946.6792639429295,0.0,0.0,0.0,0.0,0.0,0.0
1770193200.0,6955.25,6955.5,6947.5,6947.75,6951.57017108038,6955.534749671439,6958.850572710479,7017.0,6954.25,6985.625,7014.156201048379,6978.744737143659,6996.450469096019,6946.7746885138295,0.0,0.0,0.0,0.0,0.0,0.0
1770193500.0,6947.75,6950.0,6942.5,6943.25,6946.76575460789,6952.386610949629,6957.544858935549,7017.0,6954.25,6985.625,7014.156201048379,6978.744737143659,6996.450469096019,6946.71862574628,0.0,0.0,0.0,0.0,0.0,0.0
1770193800.0,6943.0,6947.75,6941.0,6944.75,6944.5851137173995,6950.16446183255,6956.47761215357,7017.0,6954.25,6985.625,7014.156201048379,6978.744737143659,6996.450469096019,6946.6613854701,0.0,0.0,0.0,0.0,0.0,0.0
1770194100.0,6945.0,6947.5,6943.0,6943.5,6942.78995166778,6948.03676182555,6955.348994309549,7017.0,6954.25,6985.625,7014.156201048379,6978.744737143659,6996.450469096019,6946.63462355036,0.0,0.0,0.0,0.0,0.0,0.0
1770194400.0,6943.5,6950.5,6942.75,6950.0,6945.036532024489,6947.924366888779,6954.96541022349,7017.0,6954.25,6985.625,7014.156201048379,6978.744737143659,6996.450469096019,6946.650594209579,0.0,0.0,0.0,0.0,0.0,0.0
1770194700.0,6950.25,6950.5,6947.0,6947.5,6945.442547879959,6947.2435008373495,6954.345081783519,7017.0,6954.25,6985.625,7014.156201048379,6978.744737143659,6996.450469096019,6946.671593274709,0.0,0.0,0.0,0.0,0.0,0.0
1770195000.0,6947.5,6948.75,6944.75,6946.0,6945.10842867879,6946.34204292423,6953.60850802339,7017.0,6954.25,6985.625,7014.156201048379,6978.744737143659,6996.450469096019,6946.66900931082,0.0,0.0,0.0,0.0,0.0,0.0
1770195300.0,6946.0,6946.75,6943.5,6946.25,6945.1352412961,6945.6958526975795,6952.945389251609,7017.0,6954.25,6985.625,7014.156201048379,6978.744737143659,6996.450469096019,6946.651158492859,0.0,0.0,0.0,0.0,0.0,0.0
1770195600.0,6946.25,6950.25,6943.5,6947.5,6945.866980561899,6945.511423350569,6952.45460078619,7017.0,6954.25,6985.625,7014.156201048379,6978.744737143659,6996.450469096019,6946.66137742827,0.0,0.0,0.0,0.0,0.0,0.0
1770195900.0,6947.5,6949.5,6946.25,6946.5,6945.9286055436,6945.14928308399,6951.8920428908095,7017.0,6954.25,6985.625,7014.156201048379,6978.744737143659,6996.450469096019,6946.668677633639,0.0,0.0,0.0,0.0,0.0,0.0
1770196200.0,6946.25,6947.5,6941.5,6942.5,6944.0772941693895,6943.893728952339,6950.95316848736,7017.0,6954.25,6985.625,7014.156201048379,6978.744737143659,6996.450469096019,6946.630540411589,0.0,0.0,0.0,0.0,0.0,0.0
1770196500.0,6942.25,6943.25,6937.0,6938.5,6941.010477410509,6941.901972404519,6949.665054684489,7017.0,6954.25,6985.625,7014.156201048379,6978.744737143659,6996.450469096019,6946.444240083069,0.0,0.0,0.0,0.0,0.0,0.0
1770196800.0,6938.75,6939.5,6934.25,6935.5,6937.69218701833,6939.55645181793,6948.15652275019,7017.0,6954.25,6985.625,7014.156201048379,6978.744737143659,6996.450469096019,6946.226815327909,0.0,0.0,0.0,0.0,0.0,0.0
1770197100.0,6935.75,6938.5,6934.0,6937.75,6936.82270683054,6938.23244937379,6946.98685757128,7017.0,6954.25,6985.625,7014.156201048379,6978.744737143659,6996.450469096019,6946.056465320639,0.0,0.0,0.0,0.0,0.0,0.0
1770197400.0,6938.0,6940.5,6937.0,6938.0,6936.56286175227,6937.26143698889,6945.92666260165,7017.0,6954.25,6985.625,7014.156201048379,6978.744737143659,6996.450469096019,6945.95156841046,0.0,0.0,0.0,0.0,0.0,0.0
1770197700.0,6938.0,6939.25,6934.75,6938.0,6936.5576708442095,6936.52245315859,6944.943315365869,7017.0,6954.25,6985.625,7014.156201048379,6978.744737143659,6996.450469096019,6945.82803963219,0.0,0.0,0.0,0.0,0.0,0.0
1770198000.0,6938.0,6939.75,6932.5,6935.5,6935.47494135898,6935.354404414829,6943.773824958799,7017.0,6954.25,6985.625,7014.156201048379,6978.744737143659,6996.450469096019,6945.6586678328695,0.0,0.0,0.0,0.0,0.0,0.0
1770198300.0,6935.75,6939.0,6935.5,6937.0,6935.64531645783,6934.827820880069,6942.84553208944,7017.0,6954.25,6985.625,7014.156201048379,6978.744737143659,6996.450469096019,6945.56975918153,0.0,0.0,0.0,0.0,0.0,0.0
1770198600.0,6936.75,6938.75,6934.75,6937.5,6936.118399561779,6934.583327110689,6942.03894865967,7017.0,6954.25,6985.625,7014.156201048379,6978.744737143659,6996.450469096019,6945.4871412025295,0.0,0.0,0.0,0.0,0.0,0.0
1770198900.0,6937.5,6942.0,6937.25,6940.75,6938.102321325039,6935.25418701906,6941.630413598699,7017.0,6954.25,6985.625,7014.156201048379,6978.744737143659,6996.450469096019,6945.43370510317,0.0,0.0,0.0,0.0,0.0,0.0
1770199200.0,6941.0,6946.25,6938.75,6946.25,6942.1106460478895,6937.23650660706,6941.824974178429,7017.0,6954.25,6985.625,7014.156201048379,6978.744737143659,6996.450469096019,6945.4036702045,0.0,0.0,0.0,0.0,0.0,0.0
1770199500.0,6946.0,6948.25,6945.25,6945.5,6944.29371414649,6938.7385641859,6941.93430118283,7017.0,6954.25,6985.625,7014.156201048379,6978.744737143659,6996.450469096019,6945.413205041759,0.0,0.0,0.0,0.0,0.0,0.0
1770199800.0,6945.5,6946.5,6943.75,6944.75,6945.246862058039,6939.8324216457895,6941.96415699649,7017.0,6954.25,6985.625,7014.156201048379,6978.744737143659,6996.450469096019,6945.4094308328395,0.0,0.0,0.0,0.0,0.0,0.0
1770200100.0,6944.5,6948.5,6944.25,6948.0,6947.341188554569,6941.575082920989,6942.33341724797,7017.0,6954.25,6985.625,7014.156201048379,6978.744737143659,6996.450469096019,6945.4230082327795,0.0,0.0,0.0,0.0,0.0,0.0
1770200400.0,6948.25,6949.25,6947.0,6947.75,6948.437259022519,6942.974736106669,6942.65625279063,7017.0,6954.25,6985.625,7014.156201048379,6978.744737143659,6996.450469096019,6945.455483870969,0.0,0.0,0.0,0.0,0.0,0.0
1770200700.0,6947.75,6949.5,6946.25,6948.75,6949.486733002999,6944.39270478868,6943.0647567775695,7017.0,6954.25,6985.625,7014.156201048379,6978.744737143659,6996.450469096019,6945.50640078779,0.0,0.0,0.0,0.0,0.0,0.0
1770201000.0,6948.75,6954.0,6948.75,6953.5,6952.33131042389,6946.7505425634,6943.9401498819,7017.0,6954.25,6985.625,7014.156201048379,6978.744737143659,6996.450469096019,6945.60509852012,0.0,0.0,0.0,0.0,0.0,0.0
1770201300.0,6953.5,6954.25,6949.0,6949.75,6952.15449427112,6947.761479946779,6944.37050636603,7017.0,6954.25,6985.625,7014.156201048379,6978.744737143659,6996.450469096019,6945.659269547329,0.0,0.0,0.0,0.0,0.0,0.0
1770201600.0,6949.75,6950.25,6947.75,6949.75,6951.869877534339,6948.5836487875895,6944.77406276208,7017.0,6954.25,6985.625,7014.156201048379,6978.744737143659,6996.450469096019,6945.68776740806,0.0,0.0,0.0,0.0,0.0,0.0
1770201900.0,6949.75,6949.75,6947.75,6949.0,6951.176708018909,6949.059206489839,6945.074786986989,7017.0,6954.25,6985.625,7014.156201048379,6978.744737143659,6996.450469096019,6945.704653369389,0.0,0.0,0.0,0.0,0.0,0.0
1770202200.0,6949.0,6952.25,6949.0,6951.0,6951.59303544626,6949.929645759459,6945.563807048359,7017.0,6954.25,6985.625,7014.156201048379,6978.744737143659,6996.450469096019,6945.739445215129,0.0,0.0,0.0,0.0,0.0,0.0
1770202500.0,6951.0,6951.75,6949.5,6950.25,6951.3953829723005,6950.43999359728,6945.943306951969,7017.0,6954.25,6985.625,7014.156201048379,6978.744737143659,6996.450469096019,6945.769206313589,0.0,0.0,0.0,0.0,0.0,0.0
1770202800.0,6950.25,6952.0,6949.5,6951.0,6951.54876558238,6951.023330008799,6946.37562675518,7017.0,6954.25,6985.625,7014.156201048379,6978.744737143659,6996.450469096019,6945.8057142554,0.0,0.0,0.0,0.0,0.0,0.0
1770203100.0,6951.0,6951.75,6948.75,6948.75,6950.47553623938,6950.919312412029,6946.54661858066,7017.0,6954.25,6985.625,7014.156201048379,6978.744737143659,6996.450469096019,6945.83512086223,0.0,0.0,0.0,0.0,0.0,0.0
1770203400.0,6948.75,6949.75,6947.5,6949.25,6949.98009313817,6950.93114847776,6946.75859589567,7017.0,6954.25,6985.625,7014.156201048379,6978.744737143659,6996.450469096019,6945.854669972569,0.0,0.0,0.0,0.0,0.0,0.0
1770203700.0,6949.25,6952.0,6948.0,6951.25,6950.61016193017,6951.413161550239,6947.1635545634,7017.0,6954.25,6985.625,7014.156201048379,6978.744737143659,6996.450469096019,6945.8905383559495,0.0,0.0,0.0,0.0,0.0,0.0
1770204000.0,6951.5,6952.0,6950.0,6952.0,6951.354084361679,6951.972801549799,6947.61848962509,7017.0,6954.25,6985.625,7014.156201048379,6978.744737143659,6996.450469096019,6945.919868891389,0.0,0.0,0.0,0.0,0.0,0.0
1770204300.0,6952.0,6953.0,6949.75,6951.0,6951.308099248849,6952.160018773669,6947.93865392318,7017.0,6954.25,6985.625,7014.156201048379,6978.744737143659,6996.450469096019,6945.95374067492,0.0,0.0,0.0,0.0,0.0,0.0
1770204600.0,6951.0,6953.75,6949.75,6953.5,6952.46399913107,6952.909304721499,6948.4949522834895,7017.0,6954.25,6985.625,7014.156201048379,6978.744737143659,6996.450469096019,6945.99475241168,0.0,0.0,0.0,0.0,0.0,0.0
1770204900.0,6953.25,6956.0,6953.0,6954.75,6953.77333854995,6953.811243978769,6949.14126364164,7017.0,6954.25,6985.625,7014.156201048379,6978.744737143659,6996.450469096019,6946.071527956649,0.0,0.0,0.0,0.0,0.0,0.0
1770205200.0,6954.75,6955.0,6952.5,6952.75,6953.57688100363,6954.02845892986,6949.53486850571,7017.0,6954.25,6985.625,7014.156201048379,6978.744737143659,6996.450469096019,6946.121323446429,0.0,0.0,0.0,0.0,0.0,0.0
1770205500.0,6953.0,6962.5,6953.0,6962.25,6958.02727194793,6956.538509020999,6950.88175405534,7017.0,6954.25,6985.625,7014.156201048379,6978.744737143659,6996.450469096019,6946.50342435732,0.0,0.0,0.0,0.0,0.0,0.0
1770205800.0,6962.5,6965.75,6960.75,6962.75,6961.023790485629,6958.70012566226,6952.1841036795195,7017.0,6954.25,6985.625,7014.156201048379,6978.744737143659,6996.450469096019,6946.79857643075,0.0,0.0,0.0,0.0,0.0,0.0
1770206100.0,6962.75,6964.0,6960.75,6961.0,6961.93209809934,6960.0047598156,6953.21144066735,7017.0,6954.25,6985.625,7014.156201048379,6978.744737143659,6996.450469096019,6946.97239441848,0.0,0.0,0.0,0.0,0.0,0.0
1770206400.0,6961.25,6965.0,6959.75,6960.5,6962.09732094335,6960.905989831829,6954.11137346444,7017.0,6954.25,6985.625,7014.156201048379,6978.744737143659,6996.450469096019,6947.149989955899,0.0,0.0,0.0,0.0,0.0,0.0
1770206700.0,6960.25,6960.5,6955.0,6958.25,6960.94612264196,6961.03599651415,6954.711249202989,7017.0,6954.25,6985.625,7014.156201048379,6978.744737143659,6996.450469096019,6947.2637571530295,0.0,0.0,0.0,0.0,0.0,0.0
1770207000.0,6958.0,6959.75,6956.75,6959.75,6960.815072356319,6961.46161586545,6955.41920510995,7017.0,6954.25,6985.625,7014.156201048379,6978.744737143659,6996.450469096019,6947.31489592034,0.0,0.0,0.0,0.0,0.0,0.0
1770207300.0,6959.75,6961.0,6958.5,6959.5,6960.51344650561,6961.69787147011,6956.046342429319,7017.0,6954.25,6985.625,7014.156201048379,6978.744737143659,6996.450469096019,6947.400243463279,0.0,0.0,0.0,0.0,0.0,0.0
1770207600.0,6959.5,6960.0,6956.75,6956.75,6958.901747482009,6961.157165736039,6956.339490870149,7017.0,6954.25,6985.625,7014.156201048379,6978.744737143659,6996.450469096019,6947.468098763249,0.0,0.0,0.0,0.0,0.0,0.0
1770207900.0,6957.25,6957.25,6953.5,6955.25,6957.09369371248,6960.288806638549,6956.45102575595,7017.0,6954.25,6985.625,7014.156201048379,6978.744737143659,6996.450469096019,6947.5376481083995,0.0,0.0,0.0,0.0,0.0,0.0
1770208200.0,6955.25,6958.5,6955.25,6958.25,6957.398394355369,6960.27486298957,6956.8587729919,7017.0,6954.25,6985.625,7014.156201048379,6978.744737143659,6996.450469096019,6947.58784056034,0.0,0.0,0.0,0.0,0.0,0.0
1770208500.0,6958.5,6958.5,6950.75,6952.0,6954.557949235719,6958.67119194663,6956.58576465394,7017.0,6954.25,6985.625,7014.156201048379,6978.744737143659,6996.450469096019,6947.640317468769,0.0,0.0,0.0,0.0,0.0,0.0
1770208800.0,6952.25,6954.0,6950.25,6953.5,6953.514132184209,6957.687216783799,6956.4808840017395,7017.0,6954.25,6985.625,7014.156201048379,6978.744737143659,6996.450469096019,6947.678300220459,0.0,0.0,0.0,0.0,0.0,0.0
1770209100.0,6953.5,6957.0,6951.5,6953.25,6952.80063261946,6956.788336957839,6956.351728867409,7017.0,6954.25,6985.625,7014.156201048379,6978.744737143659,6996.450469096019,6947.7389140429395,0.0,0.0,0.0,0.0,0.0,0.0
1770209400.0,6953.0,6955.0,6950.5,6952.5,6952.0640545017195,6955.84150241701,6956.148534664209,7017.0,6954.25,6985.625,7014.156201048379,6978.744737143659,6996.450469096019,6947.7881347514995,0.0,0.0,0.0,0.0,0.0,0.0
1770209700.0,6952.25,6954.25,6951.0,6952.25,6951.56175185308,6954.98505529427,6955.92842639385,7017.0,6954.25,6985.625,7014.156201048379,6978.744737143659,6996.450469096019,6947.822102821669,0.0,0.0,0.0,0.0,0.0,0.0
1770210000.0,6952.25,6953.25,6948.25,6948.25,6949.38114370524,6953.2760178061,6955.3052660493195,7017.0,6954.25,6985.625,7014.156201048379,6978.744737143659,6996.450469096019,6947.8535865553595,0.0,0.0,0.0,0.0,0.0,0.0
1770210300.0,6948.25,6950.0,6946.75,6947.5,6947.72897723955,6951.67750907743,6954.6437046436695,7017.0,6954.25,6985.625,7014.156201048379,6978.744737143659,6996.450469096019,6947.85620638768,0.0,0.0,0.0,0.0,0.0,0.0
1770210600.0,6947.5,6950.25,6946.5,6949.0,6947.53736640964,6950.73820772743,6954.17961983444,7017.0,6954.25,6985.625,7014.156201048379,6978.744737143659,6996.450469096019,6947.86310232681,0.0,0.0,0.0,0.0,0.0,0.0
1770210900.0,6949.25,6953.0,6948.0,6951.25,6948.647188660289,6950.53619977547,6953.977222214609,7017.0,6954.25,6985.625,7014.156201048379,6978.744737143659,6996.450469096019,6947.894189568669,0.0,0.0,0.0,0.0,0.0,0.0
1770211200.0,6951.5,6953.75,6947.25,6950.5,6949.0987456248195,6950.1997210833,6953.708414168929,7017.0,6954.25,6985.625,7014.156201048379,6978.744737143659,6996.450469096019,6947.91795408071,0.0,0.0,0.0,0.0,0.0,0.0
1770211500.0,6950.25,6953.5,6950.25,6952.0,6950.19751887356,6950.31234861063,6953.610680623679,7017.0,6954.25,6985.625,7014.156201048379,6978.744737143659,6996.450469096019,6947.9484257471595,0.0,0.0,0.0,0.0,0.0,0.0
1770211800.0,6951.75,6959.0,6948.5,6954.75,6952.29381429095,6951.10683370185,6953.80143618476,7017.0,6954.25,6985.625,7014.156201048379,6978.744737143659,6996.450469096019,6948.06398959283,0.0,0.0,0.0,0.0,0.0,0.0
1770212100.0,6954.75,6955.75,6950.5,6952.5,6952.5484758209495,6951.218465068329,6953.74365574401,7017.0,6954.25,6985.625,7014.156201048379,6978.744737143659,6996.450469096019,6948.200541194659,0.0,0.0,0.0,0.0,0.0,0.0
1770212400.0,6952.5,6957.5,6951.75,6954.25,6953.551348194929,6951.75775777053,6953.86823045158,7017.0,6954.25,6985.625,7014.156201048379,6978.744737143659,6996.450469096019,6948.269012404,0.0,0.0,0.0,0.0,0.0,0.0
1770212700.0,6954.25,6954.25,6945.25,6945.75,6950.01859500857,6950.0994062234095,6953.10294150337,7017.0,6954.25,6985.625,7014.156201048379,6978.744737143659,6996.450469096019,6948.27206936844,0.0,0.0,0.0,0.0,0.0,0.0
1770213000.0,6945.75,6950.0,6944.75,6945.75,6947.760859106629,6948.741141259629,6952.38911549318,7017.0,6954.25,6985.625,7014.156201048379,6978.744737143659,6996.450469096019,6948.25077278268,0.0,0.0,0.0,0.0,0.0,0.0
1770213300.0,6945.75,6948.25,6945.75,6946.5,6946.74064971525,6947.82423741979,6951.801318529379,7017.0,6954.25,6985.625,7014.156201048379,6978.744737143659,6996.450469096019,6948.237413003239,0.0,0.0,0.0,0.0,0.0,0.0
1770213600.0,6946.25,6946.5,6942.0,6942.5,6944.218230476269,6946.0955085653495,6950.84031082181,7017.0,6954.25,6985.625,7014.156201048379,6978.744737143659,6996.450469096019,6948.146723688489,0.0,0.0,0.0,0.0,0.0,0.0
1770213900.0,6942.5,6944.0,6940.75,6942.25,6942.589265552359,6944.63381207101,6949.9205433316,7017.0,6954.25,6985.625,7014.156201048379,6978.744737143659,6996.450469096019,6948.042754988969,0.0,0.0,0.0,0.0,0.0,0.0
1770214200.0,6942.25,6946.0,6942.25,6945.25,6943.14444746543,6944.207398175749,6949.37583194512,7017.0,6954.25,6985.625,7014.156201048379,6978.744737143659,6996.450469096019,6947.98143951282,0.0,0.0,0.0,0.0,0.0,0.0
1770214500.0,6945.5,6946.25,6943.5,6944.25,6943.13701806036,6943.64465372575,6948.7670156839795,7017.0,6954.25,6985.625,7014.156201048379,6978.744737143659,6996.450469096019,6947.9410756486195,0.0,0.0,0.0,0.0,0.0,0.0
1770214800.0,6944.0,6946.0,6941.5,6944.25,6943.235208174039,6943.218438103319,6948.202415424569,7017.0,6954.25,6985.625,7014.156201048379,6978.744737143659,6996.450469096019,6947.881094945819,0.0,0.0,0.0,0.0,0.0,0.0
1770215100.0,6944.25,6950.0,6944.25,6949.25,6945.82538204411,6944.14892651828,6948.19619929269,7017.0,6954.25,6985.625,7014.156201048379,6978.744737143659,6996.450469096019,6947.879388696329,0.0,0.0,0.0,0.0,0.0,0.0
1770215400.0,6949.25,6950.25,6935.5,6941.5,6943.7474704586,6943.02660499334,6947.39153601732,,,,6977.8191793304195,6911.54171012799,6944.68044472921,6946.8670334799,0.0,0.0,0.0,0.0,0.0,0.0
1770215700.0,6941.75,6956.5,6937.0,6951.75,6947.455622161069,6944.68279993901,6947.70525629365,,,,6977.8191793304195,6911.54171012799,6944.68044472921,6947.07791223403,0.0,0.0,0.0,0.0,0.0,0.0
1770216000.0,6951.75,6958.5,6943.75,6952.25,6950.0829455126295,6946.207320675339,6948.05128401939,,,,6977.8191793304195,6911.54171012799,6944.68044472921,6947.441429873749,0.0,0.0,0.0,0.0,0.0,0.0
1770216300.0,6952.5,6960.75,6946.25,6956.0,6953.538979555869,6948.42181761539,6948.76297236689,,,,6977.8191793304195,6911.54171012799,6944.68044472921,6948.00491585702,0.0,0.0,0.0,0.0,0.0,0.0
1770216600.0,6955.75,6957.25,6935.25,6947.5,6951.4915740963,6948.149766832649,6948.548021984509,,,,6977.8191793304195,6911.54171012799,6944.68044472921,6947.88343326547,0.0,0.0,0.0,0.0,0.0,0.0
1770216900.0,6947.75,6949.5,6924.0,6928.0,6940.555405186319,6943.081875392229,6946.33423540446,,,,6977.8191793304195,6911.54171012799,6944.68044472921,6946.98527931586,0.0,0.0,0.0,0.0,0.0,0.0
1770217200.0,6928.0,6928.0,6910.5,6918.25,6928.83510771488,6936.488012578099,6943.270587918139,,,,6977.8191793304195,6911.54171012799,6944.68044472921,6944.23865531007,0.0,0.0,0.0,0.0,0.0,0.0
1770217500.0,6918.5,6937.75,6918.25,6935.25,6929.887566495279,6935.31278264223,6942.183736909949,,,,6977.8191793304195,6911.54171012799,6944.68044472921,6943.09633620878,0.0,0.0,0.0,0.0,0.0,0.0
1770217800.0,6935.5,6942.0,6930.0,6934.5,6930.51912023149,6934.21775723198,6941.101929775879,,,,6977.8191793304195,6911.54171012799,6944.68044472921,6942.535872585319,0.0,0.0,0.0,0.0,0.0,0.0
1770218100.0,6934.75,6939.0,6929.0,6932.75,6930.335336034669,6932.942553426629,6939.92222198718,,,,6977.8191793304195,6911.54171012799,6944.68044472921,6942.06378579523,0.0,0.0,0.0,0.0,0.0,0.0
1770218400.0,6932.75,6949.0,6931.5,6945.5,6936.666529684319,6935.126711281269,6940.15102300094,,,,6977.8191793304195,6911.54171012799,6944.68044472921,6942.060064282229,0.0,0.0,0.0,0.0,0.0,0.0
1770218700.0,6945.5,6955.0,6940.0,6944.75,6940.483615614339,6936.806568651459,6940.294376950789,,,,6977.8191793304195,6911.54171012799,6944.68044472921,6942.2514882448495,0.0,0.0,0.0,0.0,0.0,0.0
1770219000.0,6944.75,6947.0,6927.25,6929.0,6935.25263253025,6934.32663441267,6938.807553515419,6960.75,6910.5,6935.625,6977.8191793304195,6911.54171012799,6944.68044472921,6941.89436520145,0.0,0.0,0.0,0.0,0.0,0.0
1770219300.0,6928.75,6946.5,6918.75,6934.25,6934.493039291459,6933.63070446988,6937.975924617899,6960.75,6910.5,6935.625,6977.8191793304195,6911.54171012799,6944.68044472921,6941.3260214516395,0.0,0.0,0.0,0.0,0.0,0.0
1770219600.0,6934.25,6948.25,6931.75,6941.5,6937.6218510359595,6934.911444263959,6937.96103960403,6960.75,6910.5,6935.625,6977.8191793304195,6911.54171012799,6944.68044472921,6941.28790264894,0.0,0.0,0.0,0.0,0.0,0.0
1770219900.0,6941.5,6943.5,6930.25,6932.5,6935.27115490218,6933.78012948179,6937.026146362819,6960.75,6910.5,6935.625,6977.8191793304195,6911.54171012799,6944.68044472921,6941.107141744489,0.0,0.0,0.0,0.0,0.0,0.0
1770220200.0,6932.25,6937.25,6928.25,6933.75,6934.40325389342,6933.2013962567,6936.295465182489,6960.75,6910.5,6935.625,6977.8191793304195,6911.54171012799,6944.68044472921,6940.90425196581,0.0,0.0,0.0,0.0,0.0,0.0
1770220500.0,6933.5,6939.0,6927.5,6931.5,6932.8015796624395,6932.210432295939,6935.393404464349,6960.75,6910.5,6935.625,6977.8191793304195,6911.54171012799,6944.68044472921,6940.69044982578,0.0,0.0,0.0,0.0,0.0,0.0
1770220800.0,6931.75,6934.75,6915.75,6916.25,6924.4023750244,6927.6469880307695,6932.988761390689,6960.75,6910.5,6935.625,6977.8191793304195,6911.54171012799,6944.68044472921,6940.071585980239,0.0,0.0,0.0,0.0,0.0,0.0
1770221100.0,6916.25,6922.5,6911.25,6913.75,6917.96713310011,6923.312762007339,6930.5059643204395,6960.75,6910.5,6935.625,6977.8191793304195,6911.54171012799,6944.68044472921,6939.42458517659,0.0,0.0,0.0,0.0,0.0,0.0
1770221400.0,6913.5,6929.0,6911.0,6924.0,6919.13496818058,6922.35702320139,6929.27012781328,6960.75,6910.5,6935.625,6977.8191793304195,6911.54171012799,6944.68044472921,6938.90426741127,0.0,0.0,0.0,0.0,0.0,0.0
1770221700.0,6924.25,6928.25,6910.75,6913.25,6914.93104409368,6918.97942721833,6927.024428570549,6960.75,6910.5,6935.625,6977.8191793304195,6911.54171012799,6944.68044472921,6938.39932958928,0.0,0.0,1.0,0.0,0.0,0.0
1770222000.0,6913.0,6924.0,6909.25,6923.0,6917.28653906538,6918.70428718655,6925.9597718153,6960.75,6910.5,6935.625,6977.8191793304195,6911.54171012799,6944.68044472921,6937.91647498286,0.0,0.0,0.0,0.0,0.0,0.0
1770222300.0,6923.25,6930.25,6919.75,6928.75,6921.863192805489,6920.00204798502,6925.58089773877,6960.75,6910.5,6935.625,6977.8191793304195,6911.54171012799,6944.68044472921,6937.648000317349,0.0,0.0,0.0,0.0,0.0,0.0
1770222600.0,6928.75,6930.25,6917.0,6917.25,6919.33620230361,6918.302001268479,6924.056968416329,6960.75,6910.5,6935.625,6977.8191793304195,6911.54171012799,6944.68044472921,6937.339223801309,0.0,0.0,0.0,0.0,0.0,0.0
1770222900.0,6917.5,6921.0,6912.75,6913.25,6915.882263343609,6915.98575765632,6922.243978089449,6960.75,6910.5,6935.625,6977.8191793304195,6911.54171012799,6944.68044472921,6936.94731779985,0.0,0.0,0.0,0.0,0.0,0.0
1770223200.0,6913.25,6914.25,6899.0,6899.5,6907.117878318139,6910.74060412584,6919.15544719582,6960.75,6910.5,6935.625,6977.8191793304195,6911.54171012799,6944.68044472921,6936.26081806955,0.0,0.0,0.0,0.0,0.0,0.0
1770223500.0,6899.5,6900.5,6890.0,6893.5,6898.8370979232395,6905.01569795597,6915.68355210351,6960.75,6910.5,6935.625,6977.8191793304195,6911.54171012799,6944.68044472921,6935.22483373372,0.0,0.0,0.0,0.0,0.0,0.0
1770223800.0,6893.5,6899.75,6888.5,6899.75,6896.9764274768895,6901.96168115795,6913.123647004029,6960.75,6910.5,6935.625,6977.8191793304195,6911.54171012799,6944.68044472921,6934.24510119566,0.0,0.0,0.0,0.0,0.0,0.0
1770224100.0,6899.5,6913.25,6898.75,6911.25,6901.830551630799,6902.434976314429,6911.956416266819,6960.75,6910.5,6935.625,6977.8191793304195,6911.54171012799,6944.68044472921,6933.60122812186,0.0,0.0,0.0,0.0,0.0,0.0
1770224400.0,6911.0,6916.5,6908.25,6913.25,6906.25317729499,6903.45932693923,6911.10325786817,6960.75,6910.5,6935.625,6977.8191793304195,6911.54171012799,6944.68044472921,6933.1829807859895,0.0,0.0,0.0,0.0,0.0,0.0
1770224700.0,6913.25,6915.75,6907.75,6909.75,6907.574897245009,6903.560004590329,6909.973973903349,6960.75,6910.5,6935.625,6977.8191793304195,6911.54171012799,6944.68044472921,6932.82257220576,0.0,0.0,0.0,0.0,0.0,0.0
1770225000.0,6910.0,6914.5,6903.75,6913.25,6910.240895416609,6904.628297579159,6909.3117725638795,6960.75,6910.5,6935.625,6977.8191793304195,6911.54171012799,6944.68044472921,6932.4847978935195,0.0,0.0,0.0,0.0,0.0,0.0
1770225300.0,6913.0,6915.0,6902.25,6902.25,6906.62997306448,6902.88075282006,6907.58535502781,6960.75,6910.5,6935.625,6977.8191793304195,6911.54171012799,6944.68044472921,6932.19198206216,0.0,0.0,0.0,0.0,0.0,0.0
1770225600.0,6902.25,6906.0,6899.25,6900.5,6903.515763544299,6901.101994978159,6905.82593427952,6960.75,6910.5,6935.625,6977.8191793304195,6911.54171012799,6944.68044472921,6931.83358356805,0.0,0.0,0.0,0.0,0.0,0.0
1770225900.0,6900.5,6902.0,6877.25,6882.25,6892.721622675829,6895.19669800425,6902.331243138599,6960.75,6910.5,6935.625,6977.8191793304195,6911.54171012799,6944.68044472921,6930.05001691287,0.0,0.0,0.0,0.0,0.0,0.0
1770226200.0,6882.0,6893.25,6876.75,6881.5,6885.67617462595,6890.245817541389,6899.03344322819,6960.75,6910.5,6935.625,6977.8191793304195,6911.54171012799,6944.68044472921,6928.613633465549,0.0,0.0,0.0,0.0,0.0,0.0
1770226500.0,6881.25,6881.75,6869.5,6869.5,6875.68137449936,6883.30556667119,6894.75808073759,6960.75,6910.5,6935.625,6977.8191793304195,6911.54171012799,6944.68044472921,6927.62988604565,0.0,0.0,0.0,0.0,0.0,0.0
1770226800.0,6869.5,6876.75,6865.25,6876.0,6872.94651432667,6879.343130829519,6891.48838777037,6960.75,6910.5,6935.625,6977.8191793304195,6911.54171012799,6944.68044472921,6926.396505488119,0.0,0.0,0.0,0.0,0.0,0.0
1770227100.0,6876.0,6878.0,6866.25,6868.75,6868.2035967537295,6874.43971633181,6887.73497895332,6960.75,6910.5,6935.625,6977.8191793304195,6911.54171012799,6944.68044472921,6925.4371924102,0.0,0.0,0.0,0.0,0.0,0.0
1770227400.0,6868.5,6877.75,6862.5,6876.5,6869.49618844541,6872.50068010385,6885.08435418657,6960.75,6910.5,6935.625,6977.8191793304195,6911.54171012799,6944.68044472921,6924.340543579139,0.0,0.0,0.0,0.0,0.0,0.0
1770227700.0,6876.5,6883.75,6876.25,6882.0,6873.5085618370795,6872.45795320174,6883.228423085,6960.75,6910.5,6935.625,6977.8191793304195,6911.54171012799,6944.68044472921,6923.682738507529,0.0,0.0,0.0,0.0,0.0,0.0
1770228000.0,6882.0,6884.0,6871.0,6878.25,6874.62210813171,6871.675876868089,6881.1563687755,6960.75,6910.5,6935.625,6977.8191793304195,6911.54171012799,6944.68044472921,6923.080773463989,0.0,0.0,0.0,0.0,0.0,0.0
1770228300.0,6878.25,6885.75,6868.25,6869.0,6871.0906692729595,6868.90636181014,6878.3156395836495,6960.75,6910.5,6935.625,6977.8191793304195,6911.54171012799,6944.68044472921,6922.42447205497,0.0,0.0,0.0,0.0,0.0,0.0
1770228600.0,6868.75,6877.0,6868.25,6873.75,6871.4015423028195,6867.974382349979,6876.20838781732,6960.75,6910.5,6935.625,6977.8191793304195,6911.54171012799,6944.68044472921,6921.903649283049,0.0,0.0,0.0,0.0,0.0,0.0
1770228900.0,6873.75,6877.0,6868.75,6870.0,6870.0121358861,6866.445823309589,6873.905726631509,6960.75,6910.5,6935.625,6977.8191793304195,6911.54171012799,6944.68044472921,6921.477948185439,0.0,0.0,0.0,0.0,0.0,0.0
1770229200.0,6870.25,6881.0,6869.0,6880.5,6874.460587572999,6867.96374054773,6872.89517636437,6960.75,6910.5,6935.625,6977.8191793304195,6911.54171012799,6944.68044472921,6921.010289068659,0.0,0.0,0.0,0.0,0.0,0.0
1770229500.0,6880.75,6895.5,6880.75,6893.25,6883.673698932919,6872.54868040313,6873.319089433499,6960.75,6910.5,6935.625,6977.8191793304195,6911.54171012799,6944.68044472921,6920.54053667048,0.0,0.0,0.0,0.0,0.0,0.0
1770229800.0,6893.25,6894.0,6876.25,6880.75,6883.448762872539,6873.36434212282,6872.466260606079,6960.75,6910.5,6935.625,6977.8191793304195,6911.54171012799,6944.68044472921,6920.0014389401995,0.0,0.0,0.0,0.0,0.0,0.0
1770230100.0,6881.0,6887.25,6879.5,6885.25,6885.389349780249,6875.27115486343,6872.18267854221,6960.75,6910.5,6935.625,6977.8191793304195,6911.54171012799,6944.68044472921,6919.69532551182,0.0,0.0,0.0,0.0,0.0,0.0
1770230400.0,6885.25,6896.0,6883.0,6886.0,6886.873748610999,6877.13309057255,6872.040361743349,6960.75,6910.5,6935.625,6977.8191793304195,6911.54171012799,6944.68044472921,6919.32334896662,0.0,0.0,0.0,0.0,0.0,0.0
1770230700.0,6886.0,6889.5,6882.0,6883.25,6886.33321167904,6878.07167532072,6871.66691128137,6960.75,6910.5,6935.625,6977.8191793304195,6911.54171012799,6944.68044472921,6919.045620623179,0.0,0.0,0.0,0.0,0.0,0.0
1770231000.0,6883.25,6891.0,6877.0,6890.25,6889.259457784079,6880.65919413088,6872.085646138949,6960.75,6910.5,6935.625,6977.8191793304195,6911.54171012799,6944.68044472921,6918.7221274083595,0.0,0.0,0.0,0.0,0.0,0.0
1770231300.0,6889.75,6900.5,6889.25,6891.5,6891.58629154685,6883.16561736236,6872.645765004399,6960.75,6910.5,6935.625,6977.8191793304195,6911.54171012799,6944.68044472921,6918.4163415862395,0.0,0.0,0.0,0.0,0.0,0.0
1770231600.0,6891.75,6894.25,6885.25,6886.0,6890.199545146689,6883.90948588592,6872.63839734993,6960.75,6910.5,6935.625,6977.8191793304195,6911.54171012799,6944.68044472921,6918.033835335939,0.0,0.0,0.0,0.0,0.0,0.0
1770231900.0,6886.0,6889.75,6878.75,6888.25,6890.23207096755,6885.1125774613,6872.903345592829,6960.75,6910.5,6935.625,6977.8191793304195,6911.54171012799,6944.68044472921,6917.56902780934,0.0,0.0,0.0,0.0,0.0,0.0
1770232200.0,6888.5,6891.75,6886.5,6888.0,6889.9860249124495,6886.0657175983,6873.16217205667,6960.75,6910.5,6935.625,6977.8191793304195,6911.54171012799,6944.68044472921,6917.38747325594,0.0,0.0,0.0,0.0,0.0,0.0
1770232500.0,6887.75,6898.25,6887.25,6893.0,6892.14305064731,6888.110094023639,6873.95693461203,6960.75,6910.5,6935.625,6977.8191793304195,6911.54171012799,6944.68044472921,6917.20313201052,0.0,0.0,0.0,0.0,0.0,0.0
1770232800.0,6893.0,6896.75,6886.75,6892.5,6893.14897405701,6889.679076403249,6874.680323380259,6960.75,6910.5,6935.625,6977.8191793304195,6911.54171012799,6944.68044472921,6916.98168052415,0.0,0.0,0.0,0.0,0.0,0.0
1770233100.0,6892.25,6899.0,6889.75,6898.75,6896.69772524917,6892.523444525979,6876.03365026554,6960.75,6910.5,6935.625,6977.8191793304195,6911.54171012799,6944.68044472921,6916.810113677259,0.0,0.0,0.0,0.0,0.0,0.0
1770233400.0,6898.75,6908.75,6898.25,6907.5,6903.06575233997,6897.031739686119,6878.22953434394,6960.75,6910.5,6935.625,6977.8191793304195,6911.54171012799,6944.68044472921,6916.655094871349,0.0,0.0,0.0,0.0,0.0,0.0
1770233700.0,6907.5,6910.0,6903.25,6905.75,6906.03644785471,6900.2856307499,6880.12140335324,6960.75,6910.5,6935.625,6977.8191793304195,6911.54171012799,6944.68044472921,6916.56984946928,0.0,0.0,0.0,0.0,0.0,0.0
1770234000.0,6905.75,6915.25,6905.0,6911.0,6910.19046568614,6904.225426885009,6882.45177758907,6960.75,6910.5,6935.625,6977.8191793304195,6911.54171012799,6944.68044472921,6916.51242948002,0.0,0.0,0.0,0.0,0.0,0.0
1770234300.0,6911.25,6929.0,6908.5,6918.25,6916.0468029637495,6909.213529529689,6885.39426260794,6960.75,6910.5,6935.625,6977.8191793304195,6911.54171012799,6944.68044472921,6916.55708485974,0.0,0.0,0.0,0.0,0.0,0.0
1770234600.0,6918.0,6930.25,6916.0,6922.5,6921.47329429723,6914.30265531341,6888.59309094441,6960.75,6910.5,6935.625,6977.8191793304195,6911.54171012799,6944.68044472921,6916.639345480749,0.0,0.0,0.0,0.0,0.0,0.0
1770234900.0,6922.5,6928.75,6920.5,6928.25,6927.29756305425,6919.8273239855,6892.1822804555295,6960.75,6910.5,6935.625,6977.8191793304195,6911.54171012799,6944.68044472921,6916.73665508776,0.0,0.0,0.0,0.0,0.0,0.0
1770235200.0,6928.25,6930.25,6919.25,6923.5,6928.20138939696,6923.0796041042995,6895.0458974985495,6960.75,6910.5,6935.625,6977.8191793304195,6911.54171012799,6944.68044472921,6916.8166304678,0.0,0.0,0.0,0.0,0.0,0.0
1770235500.0,6923.5,6926.0,6922.25,6925.0,6929.010340168729,6925.9928242373,6897.8778064792195,6960.75,6910.5,6935.625,6977.8191793304195,6911.54171012799,6944.68044472921,6916.861085705749,0.0,0.0,0.0,0.0,0.0,0.0
1770235800.0,6925.0,6926.5,6912.75,6920.5,6926.88250104657,6927.1255314971595,6900.05737379927,6960.75,6910.5,6935.625,6977.8191793304195,6911.54171012799,6944.68044472921,6916.889699579189,0.0,0.0,0.0,0.0,0.0,0.0
1770236100.0,6920.5,6922.5,6916.0,6919.5,6924.66126075903,6927.65474339286,6901.9897735355,6960.75,6910.5,6935.625,6977.8191793304195,6911.54171012799,6944.68044472921,6916.90543479939,0.0,0.0,0.0,0.0,0.0,0.0
1770236400.0,6919.5,6925.0,6916.25,6923.25,6924.795917978669,6928.87005170005,6904.18136623344,6960.75,6910.5,6935.625,6977.8191793304195,6911.54171012799,6944.68044472921,6916.938012943059,0.0,0.0,0.0,0.0,0.0,0.0
1770236700.0,6923.5,6927.25,6919.75,6920.75,6923.4504230273,6929.101364366559,6905.96603942965,6960.75,6910.5,6935.625,6977.8191793304195,6911.54171012799,6944.68044472921,6916.973164983019,0.0,0.0,0.0,0.0,0.0,0.0
1770237000.0,6920.75,6926.25,6918.25,6924.25,6924.1334182551,6930.01560889054,6907.990692773729,6960.75,6910.5,6935.625,6977.8191793304195,6911.54171012799,6944.68044472921,6917.0154532752595,0.0,0.0,0.0,0.0,0.0,0.0
1770237300.0,6924.25,6928.25,6921.5,6927.5,6926.026901604901,6931.43667134715,6910.210932715089,6960.75,6910.5,6935.625,6977.8191793304195,6911.54171012799,6944.68044472921,6917.062720053859,0.0,0.0,0.0,0.0,0.0,0.0
1770237600.0,6927.5,6928.75,6922.75,6923.5,6925.1550173919495,6931.47518558824,6911.86180359606,6960.75,6910.5,6935.625,6977.8191793304195,6911.54171012799,6944.68044472921,6917.091228606059,0.0,0.0,0.0,0.0,0.0,0.0
1770237900.0,6923.5,6928.75,6920.0,6928.25,6926.79870080588,6932.550914447969,6913.88599470154,6960.75,6910.5,6935.625,6977.8191793304195,6911.54171012799,6944.68044472921,6917.123455117529,0.0,0.0,0.0,0.0,0.0,0.0
1770238200.0,6928.25,6930.5,6908.75,6910.5,6919.08502216329,6928.892846244989,6913.930113026129,6960.75,6910.5,6935.625,6977.8191793304195,6911.54171012799,6944.68044472921,6917.11780738111,0.0,0.0,0.0,0.0,0.0,0.0
1770238500.0,6910.25,6911.0,6901.75,6906.25,6912.05591654927,6924.69342582966,6913.527583192809,6960.75,6910.5,6935.625,6977.8191793304195,6911.54171012799,6944.68044472921,6916.83871425603,0.0,0.0,0.0,0.0,0.0,0.0
1770238800.0,6906.5,6922.5,6892.25,6898.0,6903.667891977339,6919.077503832559,6912.29642062314,6960.75,6910.5,6935.625,6977.8191793304195,6911.54171012799,6944.68044472921,6916.687927792769,0.0,0.0,0.0,0.0,0.0,0.0
1770239100.0,6898.5,6918.0,6898.0,6914.75,6906.75311231863,6918.53728769295,6912.879451783439,6960.75,6910.5,6935.625,6977.8191793304195,6911.54171012799,6944.68044472921,6916.650579698419,0.0,0.0,0.0,0.0,0.0,0.0
1770239400.0,6915.0,6925.5,6910.25,6923.25,6913.17174624145,6920.158728405429,6914.29689835828,6960.75,6910.5,6935.625,6977.8191793304195,6911.54171012799,6944.68044472921,6916.6665292075795,0.0,0.0,0.0,0.0,0.0,0.0
1770239700.0,6923.5,6924.25,6912.0,6919.75,6915.73817602009,6920.582560899729,6915.249035215869,6960.75,6910.5,6935.625,6977.8191793304195,6911.54171012799,6944.68044472921,6916.67117424686,0.0,0.0,0.0,0.0,0.0,0.0
1770240000.0,6920.0,6920.25,6913.0,6919.0,6917.07546317179,6920.6984823599,6916.05177723827,6960.75,6910.5,6935.625,6977.8191793304195,6911.54171012799,6944.68044472921,6916.67232557215,0.0,0.0,0.0,0.0,0.0,0.0
1770240300.0,6919.0,6923.0,6915.0,6920.5,6918.679747729339,6921.12116333793,6916.94746454291,6960.75,6910.5,6935.625,6977.8191793304195,6911.54171012799,6944.68044472921,6916.67536359069,0.0,0.0,0.0,0.0,0.0,0.0
1770240600.0,6920.5,6940.0,6919.25,6939.5,6928.96445138286,6926.150933154569,6919.73774223416,6960.75,6910.5,6935.625,6977.8191793304195,6911.54171012799,6944.68044472921,6916.724540673979,0.0,0.0,0.0,0.0,0.0,0.0
1770240900.0,6939.5,6941.5,6934.5,6936.75,6934.070204822499,6929.5685805378,6922.04011140075,6960.75,6910.5,6935.625,6977.8191793304195,6911.54171012799,6944.68044472921,6916.770849253349,0.0,0.0,0.0,0.0,0.0,0.0
1770241200.0,6936.75,6938.75,6931.75,6935.75,6936.582775756309,6932.07196189337,6924.06768383475,6960.75,6910.5,6935.625,6977.8191793304195,6911.54171012799,6944.68044472921,6916.79690919081,0.0,0.0,0.0,0.0,0.0,0.0
1770241500.0,6935.75,6939.0,6933.25,6935.5,6937.76166766398,6933.99612250396,6925.9156073661,6960.75,6910.5,6935.625,6977.8191793304195,6911.54171012799,6944.68044472921,6916.8260265317895,0.0,0.0,0.0,0.0,0.0,0.0
1770241800.0,6935.5,6937.25,6932.0,6935.5,6938.21301781056,6935.49776933061,6927.62089128886,6960.75,6910.5,6935.625,6977.8191793304195,6911.54171012799,6944.68044472921,6916.85198831835,0.0,0.0,0.0,0.0,0.0,0.0
1770242100.0,6935.5,6935.5,6928.25,6928.5,6934.807222017739,6934.90620608595,6928.46873490599,6960.75,6910.5,6935.625,6977.8191793304195,6911.54171012799,6944.68044472921,6916.870322611289,0.0,0.0,0.0,0.0,0.0,0.0
1770246000.0,6915.5,6923.75,6914.5,6923.25,6929.856312490239,6933.02311179939,6928.699334561439,6960.75,6910.5,6935.625,6977.8191793304195,6911.54171012799,6944.68044472921,6920.5,0.0,0.0,0.0,0.0,0.0,0.0
1770246300.0,6923.25,6926.0,6917.75,6922.0,6925.98234882153,6931.078651449079,6928.76921667843,6960.75,6910.5,6935.625,6977.8191793304195,6911.54171012799,6944.68044472921,6921.152755141639,0.0,0.0,0.0,0.0,0.0,0.0
1770246600.0,6922.0,6926.0,6921.0,6921.0,6923.02281486349,6929.15961074991,6928.715595111949,6960.75,6910.5,6935.625,6977.8191793304195,6911.54171012799,6944.68044472921,6921.37448661897,0.0,0.0,0.0,0.0,0.0,0.0
1770246900.0,6921.25,6925.5,6921.25,6922.5,6921.939077930049,6927.89665592758,6928.80575353687,6960.75,6910.5,6935.625,6977.8191793304195,6911.54171012799,6944.68044472921,6921.52442893401,0.0,0.0,0.0,0.0,0.0,0.0
1770247200.0,6922.75,6924.75,6920.25,6920.75,6920.50294509084,6926.3786979650495,6928.693883573779,6960.75,6910.5,6935.625,6977.8191793304195,6911.54171012799,6944.68044472921,6921.558931327159,0.0,0.0,0.0,0.0,0.0,0.0
1770247500.0,6920.5,6924.5,6919.5,6924.25,6921.41771980243,6925.965116305059,6928.93703614588,6960.75,6910.5,6935.625,6977.8191793304195,6911.54171012799,6944.68044472921,6921.6756400696,0.0,0.0,0.0,0.0,0.0,0.0
1770247800.0,6924.25,6928.75,6923.5,6924.75,6922.363680851599,6925.725075003969,6929.20038200392,6960.75,6910.5,6935.625,6977.8191793304195,6911.54171012799,6944.68044472921,6922.284483484999,0.0,0.0,0.0,0.0,0.0,0.0
1770248100.0,6925.0,6925.75,6919.25,6920.0,6920.73631990968,6924.326323382989,6928.93986533029,6960.75,6910.5,6935.625,6977.8191793304195,6911.54171012799,6944.68044472921,6922.23033902214,0.0,0.0,0.0,0.0,0.0,0.0
1770248400.0,6920.25,6921.75,6918.25,6920.0,6919.7787730870095,6923.156966695869,6928.68342510942,6960.75,6910.5,6935.625,6977.8191793304195,6911.54171012799,6944.68044472921,6922.10210846647,0.0,0.0,0.0,0.0,0.0,0.0
1770248700.0,6920.25,6923.5,6919.5,6921.75,6920.119525778259,6922.62002024503,6928.61208563075,6960.75,6910.5,6935.625,6977.8191793304195,6911.54171012799,6944.68044472921,6922.06945717487,0.0,0.0,0.0,0.0,0.0,0.0
1770249000.0,6922.0,6924.75,6920.75,6921.25,6920.186613334509,6922.05128232611,6928.480641180339,6960.75,6910.5,6935.625,6977.8191793304195,6911.54171012799,6944.68044472921,6922.07891816252,0.0,0.0,0.0,0.0,0.0,0.0
1770249300.0,6921.25,6921.25,6913.5,6918.5,6918.965114329129,6920.90011625174,6928.06103399509,6960.75,6910.5,6935.625,6977.8191793304195,6911.54171012799,6944.68044472921,6921.658019689839,0.0,0.0,0.0,0.0,0.0,0.0
1770249600.0,6918.25,6918.25,6911.5,6914.75,6916.43317398611,6919.02363678639,6927.2705466916495,6960.75,6910.5,6935.625,6977.8191793304195,6911.54171012799,6944.68044472921,6921.022788927519,0.0,0.0,0.0,0.0,0.0,0.0
1770249900.0,6914.75,6918.0,6913.75,6916.75,6915.896144082009,6917.985311968399,6926.73021955794,6960.75,6910.5,6935.625,6977.8191793304195,6911.54171012799,6944.68044472921,6920.710104482389,0.0,0.0,0.0,0.0,0.0,0.0
1770250200.0,6916.75,6919.25,6916.0,6917.5,6916.04119028,6917.335685425979,6926.29402777527,6960.75,6910.5,6935.625,6977.8191793304195,6911.54171012799,6944.68044472921,6920.53943015562,0.0,0.0,0.0,0.0,0.0,0.0
1770250500.0,6917.5,6922.25,6917.5,6922.25,6918.56204511544,6918.00555626368,6926.368685564989,6960.75,6910.5,6935.625,6977.8191793304195,6911.54171012799,6944.68044472921,6920.5467944075,0.0,0.0,0.0,0.0,0.0,0.0
1770250800.0,6922.25,6924.75,6921.0,6924.0,6921.096648709429,6919.01894763322,6926.60858167053,6960.75,6910.5,6935.625,6977.8191793304195,6911.54171012799,6944.68044472921,6920.65462869305,0.0,0.0,0.0,0.0,0.0,0.0
1770251100.0,6924.25,6928.5,6924.0,6927.0,6924.189919704359,6920.62218607396,6927.131361144699,6960.75,6910.5,6935.625,6977.8191793304195,6911.54171012799,6944.68044472921,6921.003175594001,0.0,0.0,0.0,0.0,0.0,0.0
1770251400.0,6927.0,6928.0,6925.0,6926.5,6925.874008867459,6921.835510535339,6927.555265530789,6960.75,6910.5,6935.625,6977.8191793304195,6911.54171012799,6944.68044472921,6921.16000096256,0.0,0.0,0.0,0.0,0.0,0.0
1770251700.0,6926.5,6928.5,6925.0,6928.25,6927.71245958876,6923.27902842405,6928.11957972993,6960.75,6910.5,6935.625,6977.8191793304195,6911.54171012799,6944.68044472921,6921.355409283169,0.0,0.0,0.0,0.0,0.0,0.0
1770252000.0,6928.25,6930.25,6928.25,6929.0,6929.13704487614,6924.657681808149,6928.71086381821,6960.75,6910.5,6935.625,6977.8191793304195,6911.54171012799,6944.68044472921,6921.5797634560395,0.0,0.0,0.0,0.0,0.0,0.0
1770252300.0,6928.75,6930.0,6928.0,6929.0,6929.912477832439,6925.789708264139,6929.24941476915,6960.75,6910.5,6935.625,6977.8191793304195,6911.54171012799,6944.68044472921,6921.76785115803,0.0,0.0,0.0,0.0,0.0,0.0
1770252600.0,6929.25,6929.5,6925.0,6925.5,6928.55959994512,6925.84208824641,6929.37689352004,6960.75,6910.5,6935.625,6977.8191793304195,6911.54171012799,6944.68044472921,6921.91299938379,0.0,0.0,0.0,0.0,0.0,0.0
1770252900.0,6925.5,6927.75,6924.0,6924.5,6927.089249406589,6925.62203220958,6929.380467193289,6960.75,6910.5,6935.625,6977.8191793304195,6911.54171012799,6944.68044472921,6922.035408097529,0.0,0.0,0.0,0.0,0.0,0.0
1770253200.0,6924.75,6927.5,6923.5,6926.5,6927.0509553314,6925.924338070469,6929.579057395709,6960.75,6910.5,6935.625,6977.8191793304195,6911.54171012799,6944.68044472921,6922.2133657676395,0.0,0.0,0.0,0.0,0.0,0.0
1770253500.0,6926.5,6932.75,6926.5,6932.25,6929.7834491066,6927.591644741209,6930.34670266781,6960.75,6910.5,6935.625,6977.8191793304195,6911.54171012799,6944.68044472921,6922.567088702989,0.0,0.0,0.0,0.0,0.0,0.0
1770253800.0,6932.25,6933.25,6931.0,6932.0,6931.340139315729,6928.89097444603,6931.0231110285395,6960.75,6910.5,6935.625,6977.8191793304195,6911.54171012799,6944.68044472921,6922.8884823197,0.0,0.0,0.0,0.0,0.0,0.0
1770254100.0,6931.75,6934.25,6930.75,6931.75,6932.11220120275,6929.880088402359,6931.6142968709,6960.75,6910.5,6935.625,6977.8191793304195,6911.54171012799,6944.68044472921,6923.28412768153,0.0,0.0,0.0,0.0,0.0,0.0
1770254400.0,6932.0,6932.0,6925.0,6925.5,6929.445341342989,6929.11656646874,6931.505761668939,6960.75,6910.5,6935.625,6977.8191793304195,6911.54171012799,6944.68044472921,6923.44465799925,0.0,0.0,0.0,0.0,0.0,0.0
1770254700.0,6925.25,6930.25,6924.5,6928.5,6929.12754424354,6929.20609992468,6931.70271274657,6960.75,6910.5,6935.625,6977.8191793304195,6911.54171012799,6944.68044472921,6923.57896908958,0.0,0.0,0.0,0.0,0.0,0.0
1770255000.0,6928.5,6931.25,6927.5,6929.0,6929.13249782177,6929.382089994089,6931.925494442829,6960.75,6910.5,6935.625,6977.8191793304195,6911.54171012799,6944.68044472921,6923.763603324909,0.0,0.0,0.0,0.0,0.0,0.0
1770255300.0,6929.0,6933.5,6928.75,6932.5,6930.8171245922595,6930.3763511614,6932.48242475756,6960.75,6910.5,6935.625,6977.8191793304195,6911.54171012799,6944.68044472921,6923.95947047717,0.0,0.0,0.0,0.0,0.0,0.0
1770255600.0,6932.5,6935.25,6930.25,6933.0,6932.1000058563095,6931.29929200606,6933.039874229859,6960.75,6910.5,6935.625,6977.8191793304195,6911.54171012799,6944.68044472921,6924.22910425582,0.0,0.0,0.0,0.0,0.0,0.0
1770255900.0,6933.5,6934.75,6930.5,6931.25,6932.004973722759,6931.600534292609,6933.36500855309,6960.75,6910.5,6935.625,6977.8191793304195,6911.54171012799,6944.68044472921,6924.41785038703,0.0,0.0,0.0,0.0,0.0,0.0
1770256200.0,6931.0,6934.0,6930.0,6930.5,6931.5142934817395,6931.635332098869,6933.5773542874595,6960.75,6910.5,6935.625,6977.8191793304195,6911.54171012799,6944.68044472921,6924.56512858101,0.0,0.0,0.0,0.0,0.0,0.0
1770256500.0,6930.5,6932.25,6929.25,6931.0,6931.39595780691,6931.76167119408,6933.81403687048,6960.75,6910.5,6935.625,6977.8191793304195,6911.54171012799,6944.68044472921,6924.727490341929,0.0,0.0,0.0,0.0,0.0,0.0
1770256800.0,6931.0,6932.75,6925.0,6926.0,6928.845401797699,6930.597148610719,6933.50490586854,6960.75,6910.5,6935.625,6977.8191793304195,6911.54171012799,6944.68044472921,6924.82919948561,0.0,0.0,0.0,0.0,0.0,0.0
1770257100.0,6926.25,6927.25,6920.75,6921.5,6925.01604358786,6928.49434005658,6932.74019428366,6960.75,6910.5,6935.625,6977.8191793304195,6911.54171012799,6944.68044472921,6924.7592104993,0.0,0.0,0.0,0.0,0.0,0.0
1770257400.0,6921.25,6922.0,6908.25,6908.5,6916.286063556419,6923.51167181375,6930.67395088128,6960.75,6910.5,6935.625,6977.8191793304195,6911.54171012799,6944.68044472921,6923.801522828269,0.0,0.0,0.0,0.0,0.0,0.0
1770257700.0,6908.5,6911.0,6898.75,6908.75,6911.0065945671295,6919.46239301871,6928.768397039929,6960.75,6910.5,6935.625,6977.8191793304195,6911.54171012799,6944.68044472921,6921.78633807172,0.0,0.0,0.0,0.0,0.0,0.0
1770258000.0,6908.5,6916.75,6907.0,6913.0,6910.00279924978,6917.20120941332,6927.42751109435,6960.75,6910.5,6935.625,6977.8191793304195,6911.54171012799,6944.68044472921,6921.32926761348,0.0,0.0,0.0,0.0,0.0,0.0
1770258300.0,6913.0,6915.75,6910.75,6915.25,6910.78252117148,6915.93457176737,6926.40643124065,6960.75,6910.5,6935.625,6977.8191793304195,6911.54171012799,6944.68044472921,6921.108841489309,0.0,0.0,0.0,0.0,0.0,0.0
1770258600.0,6915.25,6918.25,6914.0,6915.5,6911.68805267032,6914.999171653119,6925.477088605569,6960.75,6910.5,6935.625,6977.8191793304195,6911.54171012799,6944.68044472921,6920.896518214129,0.0,0.0,0.0,0.0,0.0,0.0
1770258900.0,6916.0,6921.75,6915.5,6917.5,6913.47431897543,6914.77581944538,6924.81483519615,6960.75,6910.5,6935.625,6977.8191793304195,6911.54171012799,6944.68044472921,6920.799946495449,0.0,0.0,0.0,0.0,0.0,0.0
1770259200.0,6917.75,6919.25,6916.25,6917.75,6914.9119552538095,6914.70607054759,6924.220792299339,6960.75,6910.5,6935.625,6977.8191793304195,6911.54171012799,6944.68044472921,6920.74400710114,0.0,0.0,0.0,0.0,0.0,0.0
1770259500.0,6917.5,6918.5,6909.75,6910.75,6912.53228314352,6912.95849254026,6922.941394001889,6960.75,6910.5,6935.625,6977.8191793304195,6911.54171012799,6944.68044472921,6920.48121067587,0.0,0.0,0.0,0.0,0.0,0.0
1770259800.0,6910.75,6911.5,6904.0,6905.75,6908.679376772559,6910.32371492073,6921.23227945605,6960.75,6910.5,6935.625,6977.8191793304195,6911.54171012799,6944.68044472921,6919.84333984111,0.0,0.0,0.0,0.0,0.0,0.0
1770260100.0,6905.5,6905.75,6895.5,6896.75,6901.97744170854,6905.96910618105,6918.71141929234,6960.75,6910.5,6935.625,6977.8191793304195,6911.54171012799,6944.68044472921,6918.863311184329,0.0,0.0,0.0,0.0,0.0,0.0
1770260400.0,6897.0,6904.75,6894.0,6902.75,6900.85598566665,6903.9375197138,6916.9879425159,6960.75,6910.5,6935.625,6977.8191793304195,6911.54171012799,6944.68044472921,6918.052390670729,0.0,0.0,0.0,0.0,0.0,0.0
1770260700.0,6903.25,6904.25,6898.25,6903.5,6900.785518427119,6902.531826509649,6915.4649820644,6960.75,6910.5,6935.625,6977.8191793304195,6911.54171012799,6944.68044472921,6917.6525335529195,0.0,0.0,0.0,0.0,0.0,0.0
1770261000.0,6903.5,6906.75,6901.75,6905.0,6901.72620189989,6901.83382521079,6914.2072790199,6960.75,6910.5,6935.625,6977.8191793304195,6911.54171012799,6944.68044472921,6917.31014441901,0.0,0.0,0.0,0.0,0.0,0.0
1770261300.0,6904.5,6905.5,6900.25,6903.5,6901.8049538410005,6900.9750396296795,6912.887211995489,6960.75,6910.5,6935.625,6977.8191793304195,6911.54171012799,6944.68044472921,6917.11415506303,0.0,0.0,0.0,0.0,0.0,0.0
1770261600.0,6903.5,6909.25,6902.5,6907.0,6903.73176700528,6901.225843102779,6912.02693670153,6960.75,6910.5,6935.625,6977.8191793304195,6911.54171012799,6944.68044472921,6916.82234204618,0.0,0.0,0.0,0.0,0.0,0.0
1770261900.0,6907.0,6909.0,6903.25,6905.0,6904.110544810719,6901.0225431224,6911.02649633233,6960.75,6910.5,6935.625,6977.8191793304195,6911.54171012799,6944.68044472921,6916.686252692601,0.0,0.0,0.0,0.0,0.0,0.0
1770262200.0,6905.25,6906.25,6897.75,6901.0,6902.4804512621595,6899.941839913469,6909.68964654429,6960.75,6910.5,6935.625,6977.8191793304195,6911.54171012799,6944.68044472921,6916.312543438309,0.0,0.0,0.0,0.0,0.0,0.0
1770262500.0,6900.75,6901.75,6896.25,6898.0,6900.0515016993095,6898.383418245499,6908.144177288559,6960.75,6910.5,6935.625,6977.8191793304195,6911.54171012799,6944.68044472921,6916.0232975318795,0.0,0.0,0.0,0.0,0.0,0.0
1770262800.0,6898.0,6902.25,6898.0,6902.0,6900.55373659809,6898.17301250121,6907.129289634479,6960.75,6910.5,6935.625,6977.8191793304195,6911.54171012799,6944.68044472921,6915.78282171284,0.0,0.0,0.0,0.0,0.0,0.0
1770263100.0,6901.5,6901.5,6895.5,6897.25,6898.6620756189595,6896.90033439723,6905.70422428191,6960.75,6910.5,6935.625,6977.8191793304195,6911.54171012799,6944.68044472921,6915.55166583043,0.0,0.0,0.0,0.0,0.0,0.0
1770263400.0,6897.25,6897.25,6889.0,6891.25,6894.626176087229,6894.437972091249,6903.769370458829,6960.75,6910.5,6935.625,6977.8191793304195,6911.54171012799,6944.68044472921,6914.9197417018295,0.0,0.0,0.0,0.0,0.0,0.0
1770263700.0,6891.5,6895.0,6889.25,6891.0,6892.06715055916,6892.42693289375,6901.955996326819,6960.75,6910.5,6935.625,6977.8191793304195,6911.54171012799,6944.68044472921,6914.53097996604,0.0,0.0,0.0,0.0,0.0,0.0
1770264000.0,6891.5,6898.75,6891.5,6893.5,6891.837885971409,6891.4788075886,6900.54113146236,6960.75,6910.5,6935.625,6977.8191793304195,6911.54171012799,6944.68044472921,6914.19880983769,0.0,0.0,0.0,0.0,0.0,0.0
1770264300.0,6893.5,6895.5,6891.25,6894.5,6892.366599414469,6891.038065430869,6899.342845301489,6960.75,6910.5,6935.625,6977.8191793304195,6911.54171012799,6944.68044472921,6913.9565433012895,0.0,0.0,0.0,0.0,0.0,0.0
1770264600.0,6894.75,6896.5,6893.5,6894.0,6892.61747861589,6890.64165692369,6898.191699958869,6960.75,6910.5,6935.625,6977.8191793304195,6911.54171012799,6944.68044472921,6913.77730004121,0.0,0.0,0.0,0.0,0.0,0.0
1770264900.0,6894.25,6895.0,6891.0,6892.0,6891.92707541974,6889.90563959408,6896.93002140487,6960.75,6910.5,6935.625,6977.8191793304195,6911.54171012799,6944.68044472921,6913.511399508159,0.0,0.0,0.0,0.0,0.0,0.0
1770265200.0,6892.25,6894.75,6889.25,6891.25,6891.229120965059,6889.1974600369595,6895.695454386069,6960.75,6910.5,6935.625,6977.8191793304195,6911.54171012799,6944.68044472921,6913.268076390819,0.0,0.0,0.0,0.0,0.0,0.0
1770265500.0,6891.5,6893.5,6888.0,6893.5,6891.986054561579,6889.25681908145,6894.79688979932,6960.75,6910.5,6935.625,6977.8191793304195,6911.54171012799,6944.68044472921,6912.98949632093,0.0,0.0,0.0,0.0,0.0,0.0
1770265800.0,6893.75,6898.25,6891.75,6897.25,6894.38728130979,6890.320078691029,6894.366342763409,6960.75,6910.5,6935.625,6977.8191793304195,6911.54171012799,6944.68044472921,6912.81588361091,0.0,0.0,0.0,0.0,0.0,0.0
1770266100.0,6897.5,6898.25,6895.75,6896.25,6895.47556031937,6891.024111733001,6893.8802166444,6960.75,6910.5,6935.625,6977.8191793304195,6911.54171012799,6944.68044472921,6912.69314074779,0.0,0.0,0.0,0.0,0.0,0.0
1770266400.0,6896.25,6904.75,6896.25,6904.25,6900.072624587219,6893.66065739432,6894.2727015417995,6960.75,6910.5,6935.625,6977.8191793304195,6911.54171012799,6944.68044472921,6912.46262685402,0.0,0.0,0.0,0.0,0.0,0.0
1770266700.0,6904.0,6905.5,6903.0,6903.5,6902.58351122675,6895.706007748689,6894.5774379048,6960.75,6910.5,6935.625,6977.8191793304195,6911.54171012799,6944.68044472921,6912.365825045739,0.0,0.0,0.0,0.0,0.0,0.0
1770267000.0,6903.75,6906.75,6903.75,6904.5,6904.548474620249,6897.68313332794,6894.98084544938,6960.75,6910.5,6935.625,6977.8191793304195,6911.54171012799,6944.68044472921,6912.287993078729,0.0,0.0,0.0,0.0,0.0,0.0
1770267300.0,6904.5,6905.25,6903.0,6904.0,6905.4011813219095,6899.21833644183,6895.32034467593,6960.75,6910.5,6935.625,6977.8191793304195,6911.54171012799,6944.68044472921,6912.253881625749,0.0,0.0,0.0,0.0,0.0,0.0
1770267600.0,6904.25,6906.25,6899.25,6902.5,6905.044521649789,6900.12902257725,6895.49643889588,6960.75,6910.5,6935.625,6977.8191793304195,6911.54171012799,6944.68044472921,6912.12157460379,0.0,0.0,0.0,0.0,0.0,0.0
1770267900.0,6902.5,6903.25,6898.75,6899.75,6903.31940282699,6900.205278005509,6895.390873726709,6960.75,6910.5,6935.625,6977.8191793304195,6911.54171012799,6944.68044472921,6912.056768615849,0.0,0.0,0.0,0.0,0.0,0.0
1770268200.0,6899.5,6903.5,6898.25,6898.75,6901.61249005402,6900.023644700889,6895.20396579671,6960.75,6910.5,6935.625,6977.8191793304195,6911.54171012799,6944.68044472921,6911.98795587708,0.0,0.0,0.0,0.0,0.0,0.0
1770268500.0,6898.75,6900.0,6894.75,6896.5,6899.355517786489,6899.317381985949,6894.81204478922,6960.75,6910.5,6935.625,6977.8191793304195,6911.54171012799,6944.68044472921,6911.81497403835,0.0,0.0,0.0,0.0,0.0,0.0
1770268800.0,6896.5,6896.5,6893.75,6896.5,6897.8927960313,6898.73842757445,6894.46200165498,6960.75,6910.5,6935.625,6977.8191793304195,6911.54171012799,6944.68044472921,6911.6951994932,0.0,0.0,0.0,0.0,0.0,0.0
1770269100.0,6896.25,6902.5,6896.0,6901.5,6899.41771123271,6899.51035029488,6894.667717618519,6960.75,6910.5,6935.625,6977.8191793304195,6911.54171012799,6944.68044472921,6911.59050005232,0.0,0.0,0.0,0.0,0.0,0.0
1770269400.0,6901.75,6903.5,6898.25,6899.0,6899.190363685089,6899.532037987,6894.61475418589,6960.75,6910.5,6935.625,6977.8191793304195,6911.54171012799,6944.68044472921,6911.488970249339,0.0,0.0,0.0,0.0,0.0,0.0
1770269700.0,6899.25,6906.0,6899.25,6905.5,6902.21997884544,6901.16909804219,6895.251164919259,6960.75,6910.5,6935.625,6977.8191793304195,6911.54171012799,6944.68044472921,6911.42903454506,0.0,0.0,0.0,0.0,0.0,0.0
1770270000.0,6905.5,6909.0,6903.25,6905.75,6904.25431910482,6902.58204420053,6895.88205291505,6960.75,6910.5,6935.625,6977.8191793304195,6911.54171012799,6944.68044472921,6911.36874809177,0.0,0.0,0.0,0.0,0.0,0.0
1770270300.0,6906.0,6907.25,6901.5,6902.0,6903.65347267511,6902.807163708279,6896.09356823808,6960.75,6910.5,6935.625,6977.8191793304195,6911.54171012799,6944.68044472921,6911.307432546139,0.0,0.0,0.0,0.0,0.0,0.0
1770270600.0,6902.25,6904.25,6899.5,6901.25,6902.82667090786,6902.792717086029,6896.22461480461,6960.75,6910.5,6935.625,6977.8191793304195,6911.54171012799,6944.68044472921,6911.2452125643695,0.0,0.0,0.0,0.0,0.0,0.0
1770270900.0,6900.75,6901.25,6899.0,6900.25,6901.75755402432,6902.51781892222,6896.25460739121,6960.75,6910.5,6935.625,6977.8191793304195,6911.54171012799,6944.68044472921,6911.1949354400795,0.0,0.0,0.0,0.0,0.0,0.0
1770271200.0,6900.5,6903.25,6900.0,6901.75,6901.77949952494,6902.650360640149,6896.44873037657,6960.75,6910.5,6935.625,6977.8191793304195,6911.54171012799,6944.68044472921,6911.121914650749,0.0,0.0,0.0,0.0,0.0,0.0
1770271500.0,6901.75,6905.5,6900.75,6904.5,6903.12355063798,6903.43104715737,6896.92434078099,6960.75,6910.5,6935.625,6977.8191793304195,6911.54171012799,6944.68044472921,6911.077273971099,0.0,0.0,0.0,0.0,0.0,0.0
1770271800.0,6904.0,6907.25,6903.0,6905.75,6904.569750103729,6904.37233658225,6897.50614162255,6960.75,6910.5,6935.625,6977.8191793304195,6911.54171012799,6944.68044472921,6911.0384323382095,0.0,0.0,0.0,0.0,0.0,0.0
1770272100.0,6906.25,6909.5,6904.75,6905.75,6905.44728678078,6905.131658012309,6898.056826053899,6960.75,6910.5,6935.625,6977.8191793304195,6911.54171012799,6944.68044472921,6911.001531648069,0.0,0.0,0.0,0.0,0.0,0.0
1770272400.0,6905.5,6907.25,6902.0,6903.75,6904.96882600138,6905.23967319358,6898.371179980009,6960.75,6910.5,6935.625,6977.8191793304195,6911.54171012799,6944.68044472921,6910.928586786929,0.0,0.0,0.0,0.0,0.0,0.0
1770272700.0,6903.75,6906.25,6902.75,6905.75,6905.580103837309,6905.80287665988,6898.878678424279,6960.75,6910.5,6935.625,6977.8191793304195,6911.54171012799,6944.68044472921,6910.898483498299,0.0,0.0,0.0,0.0,0.0,0.0
1770273000.0,6905.0,6908.5,6903.75,6907.25,6906.651114118659,6906.617151576909,6899.5135648058995,6960.75,6910.5,6935.625,6977.8191793304195,6911.54171012799,6944.68044472921,6910.86399303216,0.0,0.0,0.0,0.0,0.0,0.0
1770273300.0,6907.25,6908.25,6904.25,6908.0,6907.640913429839,6907.449992817549,6900.18873464792,6960.75,6910.5,6935.625,6977.8191793304195,6911.54171012799,6944.68044472921,6910.84243012734,0.0,0.0,0.0,0.0,0.0,0.0
1770273600.0,6908.25,6910.75,6907.75,6909.25,6908.811066288509,6908.41960960465,6900.9523404725005,6960.75,6910.5,6935.625,6977.8191793304195,6911.54171012799,6944.68044472921,6910.82863019006,0.0,0.0,0.0,0.0,0.0,0.0
1770273900.0,6909.5,6913.75,6909.5,6911.0,6910.32937573588,6909.62348470613,6901.849117189329,6960.75,6910.5,6935.625,6977.8191793304195,6911.54171012799,6944.68044472921,6910.83493329774,0.0,0.0,0.0,0.0,0.0,0.0
1770274200.0,6911.25,6912.0,6910.5,6911.25,6911.323402168249,6910.644087607419,6902.713861192249,6960.75,6910.5,6935.625,6977.8191793304195,6911.54171012799,6944.68044472921,6910.83646180705,0.0,0.0,0.0,0.0,0.0,0.0
1770274500.0,6910.75,6913.5,6910.0,6913.0,6912.703029730619,6911.88253049538,6903.7030187895,6960.75,6910.5,6935.625,6977.8191793304195,6911.54171012799,6944.68044472921,6910.8436885334795,0.0,0.0,0.0,0.0,0.0,0.0
1770274800.0,6913.0,6915.5,6911.75,6914.0,6913.954979567229,6913.1108800149295,6904.7294745297495,6960.75,6910.5,6935.625,6977.8191793304195,6911.54171012799,6944.68044472921,6910.87614266648,0.0,0.0,0.0,0.0,0.0,0.0
1770275100.0,6914.0,6915.25,6911.5,6912.75,6914.017715788699,6913.76745411484,6905.557132461319,6960.75,6910.5,6935.625,6977.8191793304195,6911.54171012799,6944.68044472921,6910.892000932449,0.0,0.0,0.0,0.0,0.0,0.0
1770275400.0,6912.5,6914.75,6911.5,6911.75,6913.44690834588,6914.01144619308,6906.224947902399,6960.75,6910.5,6935.625,6977.8191793304195,6911.54171012799,6944.68044472921,6910.90395836227,0.0,0.0,0.0,0.0,0.0,0.0
1770275700.0,6911.5,6913.5,6911.0,6911.75,6912.98151525422,6914.16347191348,6906.8468260459895,6960.75,6910.5,6935.625,6977.8191793304195,6911.54171012799,6944.68044472921,6910.910383317209,0.0,0.0,0.0,0.0,0.0,0.0
1770276000.0,6912.0,6914.0,6910.25,6912.5,6912.97464306986,6914.427561775809,6907.5029368490095,6960.75,6910.5,6935.625,6977.8191793304195,6911.54171012799,6944.68044472921,6910.92008279038,0.0,0.0,0.0,0.0,0.0,0.0
1770276300.0,6912.5,6916.75,6912.25,6915.5,6914.3754511526595,6915.345257794729,6908.422884542179,6960.75,6910.5,6935.625,6977.8191793304195,6911.54171012799,6944.68044472921,6910.956245894689,0.0,0.0,0.0,0.0,0.0,0.0
1770276600.0,6915.25,6917.0,6914.5,6916.0,6915.4523038824,6916.180919495249,6909.3290860124,6960.75,6910.5,6935.625,6977.8191793304195,6911.54171012799,6944.68044472921,6910.995365912369,0.0,0.0,0.0,0.0,0.0,0.0
1770276900.0,6916.0,6916.25,6912.0,6912.25,6914.233680356429,6915.890081758789,6909.7824606553195,6960.75,6910.5,6935.625,6977.8191793304195,6911.54171012799,6944.68044472921,6911.00700867398,0.0,0.0,0.0,0.0,0.0,0.0
1770277200.0,6912.25,6912.5,6910.0,6911.75,6913.146640391379,6915.4778138578795,6910.15015063974,6960.75,6910.5,6935.625,6977.8191793304195,6911.54171012799,6944.68044472921,6911.009521745619,0.0,0.0,0.0,0.0,0.0,0.0
1770277500.0,6911.25,6915.0,6911.25,6914.0,6913.51885024275,6915.6533538657495,6910.722089354909,6960.75,6910.5,6935.625,6977.8191793304195,6911.54171012799,6944.68044472921,6911.021863153899,0.0,0.0,0.0,0.0,0.0,0.0
1770277800.0,6913.75,6916.5,6910.5,6915.0,6914.22733537366,6916.00673971487,6911.35438050738,6960.75,6910.5,6935.625,6977.8191793304195,6911.54171012799,6944.68044472921,6911.04907364803,0.0,0.0,0.0,0.0,0.0,0.0
1770278100.0,6915.5,6915.75,6907.25,6908.25,6911.362492311069,6914.580737239569,6911.24127100242,6960.75,6910.5,6935.625,6977.8191793304195,6911.54171012799,6944.68044472921,6911.042928236219,0.0,0.0,0.0,0.0,0.0,0.0
1770278400.0,6908.0,6916.25,6907.75,6914.25,6912.46114895344,6914.85983394914,6911.752742973789,6960.75,6910.5,6935.625,6977.8191793304195,6911.54171012799,6944.68044472921,6911.07996658267,0.0,0.0,0.0,0.0,0.0,0.0
1770278700.0,6914.75,6920.5,6912.75,6919.25,6915.625167962319,6916.30409771577,6912.74149235742,6960.75,6910.5,6935.625,6977.8191793304195,6911.54171012799,6944.68044472921,6911.20610444203,0.0,0.0,0.0,0.0,0.0,0.0
1770279000.0,6919.25,6921.0,6915.25,6919.0,6917.50459318222,6917.403200537669,6913.6308171949295,6960.75,6910.5,6935.625,6977.8191793304195,6911.54171012799,6944.68044472921,6911.339411287549,0.0,0.0,0.0,0.0,0.0,0.0
1770279300.0,6919.25,6923.75,6918.75,6922.75,6920.468809413839,6919.207497700119,6914.84043044375,6960.75,6910.5,6935.625,6977.8191793304195,6911.54171012799,6944.68044472921,6911.4721156366695,0.0,0.0,0.0,0.0,0.0,0.0
1770279600.0,6922.75,6923.0,6917.5,6918.0,6919.94040968007,6919.475772045729,6915.468500237879,6960.75,6910.5,6935.625,6977.8191793304195,6911.54171012799,6944.68044472921,6911.561507970419,0.0,0.0,0.0,0.0,0.0,0.0
1770279900.0,6918.25,6922.0,6914.5,6918.0,6919.487220866879,6919.653276223349,6916.0461308901695,6960.75,6910.5,6935.625,6977.8191793304195,6911.54171012799,6944.68044472921,6911.68698616164,0.0,0.0,0.0,0.0,0.0,0.0
1770280200.0,6917.5,6922.25,6916.0,6916.25,6918.253773914659,6919.322007993979,6916.3955839061,6960.75,6910.5,6935.625,6977.8191793304195,6911.54171012799,6944.68044472921,6911.79289332915,0.0,0.0,0.0,0.0,0.0,0.0
1770280500.0,6916.0,6916.0,6911.75,6914.75,6916.673083086979,6918.63531144014,6916.5584356489,6960.75,6910.5,6935.625,6977.8191793304195,6911.54171012799,6944.68044472921,6911.8273472843,0.0,0.0,0.0,0.0,0.0,0.0
1770280800.0,6914.75,6919.5,6914.25,6916.5,6916.49361057645,6918.467941676109,6916.883605853,6960.75,6910.5,6935.625,6977.8191793304195,6911.54171012799,6944.68044472921,6911.899600692909,0.0,0.0,0.0,0.0,0.0,0.0
1770281100.0,6916.0,6916.0,6911.5,6913.0,6914.67027810078,6917.428330973559,6916.81697197142,6960.75,6910.5,6935.625,6977.8191793304195,6911.54171012799,6944.68044472921,6911.91775652596,0.0,0.0,0.0,0.0,0.0,0.0
1770281400.0,6912.75,6912.75,6901.5,6903.0,6908.645553675609,6914.056307545459,6915.71418043623,6960.75,6910.5,6935.625,6977.8191793304195,6911.54171012799,6944.68044472921,6911.77020162993,0.0,0.0,0.0,0.0,0.0,0.0
1770281700.0,6903.0,6907.5,6900.75,6901.0,6903.91512348313,6910.758712136259,6914.475411478909,6960.75,6910.5,6935.625,6977.8191793304195,6911.54171012799,6944.68044472921,6911.57383595785,0.0,0.0,0.0,0.0,0.0,0.0
1770282000.0,6901.25,6907.75,6899.25,6901.0,6901.084015689929,6908.037296114339,6913.317986364679,6960.75,6910.5,6935.625,6977.8191793304195,6911.54171012799,6944.68044472921,6911.40747637576,0.0,0.0,0.0,0.0,0.0,0.0
1770282300.0,6900.75,6902.25,6896.25,6899.5,6898.78712405013,6905.433841014909,6912.08221675956,6960.75,6910.5,6935.625,6977.8191793304195,6911.54171012799,6944.68044472921,6911.182308524069,0.0,0.0,0.0,0.0,0.0,0.0
1770282600.0,6900.5,6901.5,6895.5,6899.25,6897.462330819019,6903.251110325369,6910.903842666339,6960.75,6910.5,6935.625,6977.8191793304195,6911.54171012799,6944.68044472921,6911.0630194038795,0.0,0.0,0.0,0.0,0.0,0.0
1770282900.0,6899.0,6901.0,6895.5,6899.25,6896.88333182263,6901.48865608281,6909.80570903837,6960.75,6910.5,6935.625,6977.8191793304195,6911.54171012799,6944.68044472921,6910.90397580593,0.0,0.0,0.0,0.0,0.0,0.0
1770283200.0,6899.5,6907.25,6899.5,6906.5,6900.303328715469,6901.8842964100595,6909.53251684291,6960.75,6910.5,6935.625,6977.8191793304195,6911.54171012799,6944.68044472921,6910.8142092024,0.0,0.0,0.0,0.0,0.0,0.0
1770283500.0,6906.5,6913.75,6906.5,6913.25,6905.97470519701,6903.9401136143,6909.97528180211,6960.75,6910.5,6935.625,6977.8191793304195,6911.54171012799,6944.68044472921,6910.819125467659,0.0,0.0,0.0,0.0,0.0,0.0
1770283800.0,6913.25,6918.5,6912.5,6915.25,6910.6511672323095,6906.17831731743,6910.592741671409,6960.75,6910.5,6935.625,6977.8191793304195,6911.54171012799,6944.68044472921,6910.877139794199,0.0,0.0,0.0,0.0,0.0,0.0
1770284100.0,6915.5,6916.0,6907.75,6908.75,6910.42867168161,6906.440994248799,6910.49364020074,6960.75,6910.5,6935.625,6977.8191793304195,6911.54171012799,6944.68044472921,6910.87676111953,0.0,0.0,0.0,0.0,0.0,0.0
1770284400.0,6909.0,6910.0,6905.25,6905.5,6908.617620010689,6905.871882486789,6910.06397913756,6960.75,6910.5,6935.625,6977.8191793304195,6911.54171012799,6944.68044472921,6910.84706919101,0.0,0.0,0.0,0.0,0.0,0.0
1770284700.0,6905.75,6906.75,6900.75,6903.0,6906.18463601992,6904.80163014533,6909.4047040879195,6960.75,6910.5,6935.625,6977.8191793304195,6911.54171012799,6944.68044472921,6910.78996178032,0.0,0.0,0.0,0.0,0.0,0.0
1770285000.0,6903.0,6908.25,6902.75,6907.0,6906.57277592825,6904.93666376406,6909.204232962939,6960.75,6910.5,6935.625,6977.8191793304195,6911.54171012799,6944.68044472921,6910.746204690219,0.0,0.0,0.0,0.0,0.0,0.0
1770285300.0,6907.25,6909.75,6905.0,6905.25,6905.97838251504,6904.63887488409,6908.83640223739,6960.75,6910.5,6935.625,6977.8191793304195,6911.54171012799,6944.68044472921,6910.718956199569,0.0,0.0,0.0,0.0,0.0,0.0
1770285600.0,6905.5,6908.75,6904.25,6906.25,6906.09692189605,6904.666420400579,6908.59742932432,6960.75,6910.5,6935.625,6977.8191793304195,6911.54171012799,6944.68044472921,6910.68801637191,0.0,0.0,0.0,0.0,0.0,0.0
1770285900.0,6906.0,6906.75,6903.25,6906.25,6906.185379396909,6904.7135482349195,6908.37515451039,6960.75,6910.5,6935.625,6977.8191793304195,6911.54171012799,6944.68044472921,6910.65213898611,0.0,0.0,0.0,0.0,0.0,0.0
1770286200.0,6906.5,6915.75,6906.5,6915.75,6910.88575235987,6907.13795466185,6909.150523194359,6960.75,6910.5,6935.625,6977.8191793304195,6911.54171012799,6944.68044472921,6910.672318971459,0.0,0.0,0.0,0.0,0.0,0.0
1770286500.0,6915.5,6917.25,6913.25,6915.0,6913.483501232389,6908.97068869112,6909.793848611819,6960.75,6910.5,6935.625,6977.8191793304195,6911.54171012799,6944.68044472921,6910.71124268495,0.0,0.0,0.0,0.0,0.0,0.0
1770286800.0,6915.25,6917.75,6913.5,6916.25,6915.64467267801,6910.80063696436,6910.520535265269,6960.75,6910.5,6935.625,6977.8191793304195,6911.54171012799,6944.68044472921,6910.744426641089,0.0,0.0,0.0,0.0,0.0,0.0
1770287100.0,6916.25,6918.25,6916.0,6917.25,6917.370397269289,6912.55690770983,6911.298342106739,6960.75,6910.5,6935.625,6977.8191793304195,6911.54171012799,6944.68044472921,6910.79945421492,0.0,0.0,0.0,0.0,0.0,0.0
1770287400.0,6917.5,6918.0,6910.5,6911.25,6915.3807345355,6912.502938914669,6911.399553201019,6960.75,6910.5,6935.625,6977.8191793304195,6911.54171012799,6944.68044472921,6910.823507888629,0.0,0.0,0.0,0.0,0.0,0.0
1770287700.0,6911.25,6911.5,6904.5,6905.25,6911.0386725393,6910.949481429119,6910.871305341429,6960.75,6910.5,6935.625,6977.8191793304195,6911.54171012799,6944.68044472921,6910.79003948404,0.0,0.0,0.0,0.0,0.0,0.0
1770288000.0,6905.5,6911.25,6904.25,6906.25,6908.68944718804,6909.902386836309,6910.48149837245,6960.75,6910.5,6935.625,6977.8191793304195,6911.54171012799,6944.68044472921,6910.77136663431,0.0,0.0,0.0,0.0,0.0,0.0
1770288300.0,6906.5,6910.5,6906.0,6909.25,6908.66535805801,6909.77803487182,6910.42754529936,6960.75,6910.5,6935.625,6977.8191793304195,6911.54171012799,6944.68044472921,6910.76090412712,0.0,0.0,0.0,0.0,0.0,0.0
1770288600.0,6909.25,6910.75,6906.0,6906.5,6907.344921078319,6908.98938501426,6910.091754983189,6960.75,6910.5,6935.625,6977.8191793304195,6911.54171012799,6944.68044472921,6910.751603107679,0.0,0.0,0.0,0.0,0.0,0.0
1770288900.0,6906.5,6908.5,6905.75,6908.0,6907.279320076859,6908.71099876866,6909.933364930999,6960.75,6910.5,6935.625,6977.8191793304195,6911.54171012799,6944.68044472921,6910.73730250632,0.0,0.0,0.0,0.0,0.0,0.0
1770289200.0,6908.0,6908.75,6904.75,6905.5,6906.07278303979,6907.86212611194,6909.5266979115895,6960.75,6910.5,6935.625,6977.8191793304195,6911.54171012799,6944.68044472921,6910.710166232099,0.0,0.0,0.0,0.0,0.0,0.0
1770289500.0,6905.75,6910.25,6904.75,6910.25,6907.68098434002,6908.3473755552395,6909.638787016999,6960.75,6910.5,6935.625,6977.8191793304195,6911.54171012799,6944.68044472921,6910.69983392008,0.0,0.0,0.0,0.0,0.0,0.0
1770289800.0,6910.0,6910.75,6907.5,6909.5,6908.393630859009,6908.56796083004,6909.6648746970595,6960.75,6910.5,6935.625,6977.8191793304195,6911.54171012799,6944.68044472921,6910.690294408219,0.0,0.0,0.0,0.0,0.0,0.0
1770290100.0,6909.75,6913.0,6909.5,6910.5,6909.358489045159,6909.00299368346,6909.79182698539,6960.75,6910.5,6935.625,6977.8191793304195,6911.54171012799,6944.68044472921,6910.69239494776,0.0,0.0,0.0,0.0,0.0,0.0
1770290400.0,6910.5,6916.5,6910.0,6913.25,6911.31926644117,6910.04862651169,6910.193395079559,6960.75,6910.5,6935.625,6977.8191793304195,6911.54171012799,6944.68044472921,6910.7084803259095,0.0,0.0,0.0,0.0,0.0,0.0
1770290700.0,6913.25,6914.75,6909.25,6909.25,6910.593479491909,6909.91648828857,6910.15241310666,6960.75,6910.5,6935.625,6977.8191793304195,6911.54171012799,6944.68044472921,6910.71100496263,0.0,0.0,0.0,0.0,0.0,0.0
1770291000.0,6909.25,6911.0,6904.5,6906.5,6908.750905604669,6909.119743563009,6909.828996509949,6960.75,6910.5,6935.625,6977.8191793304195,6911.54171012799,6944.68044472921,6910.67120329853,0.0,0.0,0.0,0.0,0.0,0.0
1770291300.0,6906.5,6911.5,6906.25,6909.75,6909.15215724461,6909.268320280349,6909.86329358236,6960.75,6910.5,6935.625,6977.8191793304195,6911.54171012799,6944.68044472921,6910.662373596089,0.0,0.0,0.0,0.0,0.0,0.0
1770291600.0,6909.75,6913.0,6907.25,6910.75,6909.90530012596,6909.640185686169,6909.997772984189,6960.75,6910.5,6935.625,6977.8191793304195,6911.54171012799,6944.68044472921,6910.66027197301,0.0,0.0,0.0,0.0,0.0,0.0
1770291900.0,6910.75,6914.0,6909.0,6912.5,6911.237042062249,6910.38178863912,6910.30286844406,6960.75,6910.5,6935.625,6977.8191793304195,6911.54171012799,6944.68044472921,6910.67215434372,0.0,0.0,0.0,0.0,0.0,0.0
1770292200.0,6912.75,6914.25,6910.75,6912.75,6912.18662921679,6911.05323086101,6910.611399361949,6960.75,6910.5,6935.625,6977.8191793304195,6911.54171012799,6944.68044472921,6910.68404515719,0.0,0.0,0.0,0.0,0.0,0.0
1770292500.0,6912.75,6915.5,6912.5,6915.0,6913.848303025259,6912.1607897839995,6911.12961318733,6960.75,6910.5,6935.625,6977.8191793304195,6911.54171012799,6944.68044472921,6910.7147967916,0.0,0.0,0.0,0.0,0.0,0.0
1770292800.0,6914.75,6919.75,6910.0,6918.75,6916.676964700279,6913.99777889838,6911.997524786099,6960.75,6910.5,6935.625,6977.8191793304195,6911.54171012799,6944.68044472921,6910.803522766029,0.0,0.0,0.0,0.0,0.0,0.0
1770293100.0,6918.75,6920.75,6914.5,6915.5,6916.799527631149,6914.6901292073,6912.466528995919,6960.75,6910.5,6935.625,6977.8191793304195,6911.54171012799,6944.68044472921,6910.87312786985,0.0,0.0,0.0,0.0,0.0,0.0
1770293400.0,6915.25,6918.0,6913.0,6917.75,6917.8594252391595,6915.79905217268,6913.13259411085,6960.75,6910.5,6935.625,6977.8191793304195,6911.54171012799,6944.68044472921,6910.906624600049,0.0,0.0,0.0,0.0,0.0,0.0
1770293700.0,6917.75,6919.25,6906.25,6906.5,6912.93413344872,6913.891744478679,6912.586093166279,6960.75,6910.5,6935.625,6977.8191793304195,6911.54171012799,6944.68044472921,6910.90349650349,0.0,0.0,0.0,0.0,0.0,0.0
1770294000.0,6906.5,6906.5,6885.75,6886.0,6899.721181964899,6907.1948080353695,6909.95600253673,6960.75,6910.5,6935.625,6977.8191793304195,6911.54171012799,6944.68044472921,6910.26082452183,0.0,0.0,0.0,0.0,0.0,0.0
1770294300.0,6886.5,6892.75,6882.0,6887.0,6891.889326216649,6901.90867660512,6907.61212344414,6960.75,6910.5,6935.625,6977.8191793304195,6911.54171012799,6944.68044472921,6909.6583746467695,0.0,0.0,0.0,0.0,0.0,0.0
1770294600.0,6886.75,6890.0,6874.5,6876.25,6881.95798987311,6894.8956604346695,6904.3219222690095,6960.75,6910.5,6935.625,6977.8191793304195,6911.54171012799,6944.68044472921,6908.567698910149,0.0,0.0,0.0,0.0,0.0,0.0
1770294900.0,6876.25,6879.75,6868.75,6875.0,6875.45691452552,6888.846673641119,6901.13600621704,6960.75,6910.5,6935.625,6977.8191793304195,6911.54171012799,6944.68044472921,6907.432323800999,0.0,0.0,0.0,0.0,0.0,0.0
1770295200.0,6875.0,6876.25,6860.75,6868.25,6868.57058932781,6882.25557662507,6897.48114670613,6960.75,6910.5,6935.625,6977.8191793304195,6911.54171012799,6944.68044472921,6905.961881849829,0.0,0.0,0.0,0.0,0.0,0.0
1770295500.0,6868.25,6871.5,6856.25,6859.25,6860.4006293127595,6874.68341890907,6893.16035713101,6960.75,6910.5,6935.625,6977.8191793304195,6911.54171012799,6944.68044472921,6903.994701843059,0.0,0.0,0.0,0.0,0.0,0.0
1770295800.0,6859.25,6870.75,6859.25,6868.25,6860.26191907831,6870.80565846607,6890.0839595445295,6960.75,6910.5,6935.625,6977.8191793304195,6911.54171012799,6944.68044472921,6902.99650699015,0.0,0.0,0.0,0.0,0.0,0.0
1770296100.0,6868.0,6872.25,6861.25,6870.5,6861.955539243279,6868.322940989439,6887.46975438492,6960.75,6910.5,6935.625,6977.8191793304195,6911.54171012799,6944.68044472921,6902.226199177059,0.0,0.0,0.0,0.0,0.0,0.0
1770296400.0,6870.25,6873.75,6863.5,6865.5,6861.17553176164,6865.197236485899,6884.537991763889,6960.75,6910.5,6935.625,6977.8191793304195,6911.54171012799,6944.68044472921,6901.51227062406,0.0,0.0,0.0,0.0,0.0,0.0
1770296700.0,6865.25,6876.5,6863.5,6876.25,6866.41074344895,6865.46181190437,6882.940851638759,6960.75,6910.5,6935.625,6977.8191793304195,6911.54171012799,6944.68044472921,6900.998485219389,0.0,0.0,0.0,0.0,0.0,0.0
1770297000.0,6876.25,6877.25,6867.5,6869.0,6866.59399938768,6864.0495400442,6880.72568806363,6960.75,6910.5,6935.625,6977.8191793304195,6911.54171012799,6944.68044472921,6900.594047208379,0.0,0.0,0.0,0.0,0.0,0.0
1770297300.0,6869.0,6873.75,6865.75,6866.25,6865.632843370399,6862.36426563631,6878.40216817283,6960.75,6910.5,6935.625,6977.8191793304195,6911.54171012799,6944.68044472921,6900.131406624209,0.0,0.0,0.0,0.0,0.0,0.0
1770297600.0,6866.0,6872.25,6865.75,6870.0,6867.0766459105,6862.068455310539,6876.65119743936,6960.75,6910.5,6935.625,6977.8191793304195,6911.54171012799,6944.68044472921,6899.824452144359,0.0,0.0,0.0,0.0,0.0,0.0
1770297900.0,6869.75,6870.5,6863.5,6868.0,6867.20901860051,6861.486819099639,6874.83951075593,6960.75,6910.5,6935.625,6977.8191793304195,6911.54171012799,6944.68044472921,6899.463367616379,0.0,0.0,0.0,0.0,0.0,0.0
1770298200.0,6868.0,6876.75,6860.5,6874.0,6870.358500298699,6862.65177794382,6873.79926388455,6960.75,6910.5,6935.625,6977.8191793304195,6911.54171012799,6944.68044472921,6898.640034700759,0.0,0.0,0.0,0.0,0.0,0.0
1770298500.0,6874.0,6880.5,6868.25,6868.5,6869.766327710089,6862.3902375791195,6872.2883651728,6960.75,6910.5,6935.625,6977.8191793304195,6911.54171012799,6944.68044472921,6898.22912643166,0.0,0.0,0.0,0.0,0.0,0.0
1770298800.0,6868.75,6871.25,6865.75,6866.5,6868.445883454169,6861.809928097079,6870.702155106969,6960.75,6910.5,6935.625,6977.8191793304195,6911.54171012799,6944.68044472921,6897.91323395745,0.0,0.0,0.0,0.0,0.0,0.0
1770299100.0,6866.5,6868.0,6861.25,6862.75,6865.812323239569,6860.525381611679,6868.8657976143895,6960.75,6910.5,6935.625,6977.8191793304195,6911.54171012799,6944.68044472921,6897.50046305421,0.0,0.0,0.0,0.0,0.0,0.0
1770299400.0,6862.75,6866.0,6855.25,6862.5,6864.073839330519,6859.526378744669,6867.159488122709,6960.75,6910.5,6935.625,6977.8191793304195,6911.54171012799,6944.68044472921,6896.729539427,0.0,0.0,0.0,0.0,0.0,0.0
1770299700.0,6862.75,6864.25,6856.75,6857.25,6860.49584610182,6857.518161999749,6865.058202897269,6960.75,6910.5,6935.625,6977.8191793304195,6911.54171012799,6944.68044472921,6896.306566569079,0.0,0.0,0.0,0.0,0.0,0.0
1770300000.0,6857.25,6868.75,6850.0,6864.75,6861.99816862842,6857.84673915355,6863.90851387342,6960.75,6910.5,6935.625,6977.8191793304195,6911.54171012799,6944.68044472921,6894.873700440759,0.0,0.0,0.0,0.0,0.0,0.0
1770300300.0,6864.75,6866.75,6859.25,6860.0,6860.76938592995,6857.056804863179,6862.3782278207,6960.75,6910.5,6935.625,6977.8191793304195,6911.54171012799,6944.68044472921,6894.396661215979,0.0,0.0,0.0,0.0,0.0,0.0
1770300600.0,6860.0,6861.75,6855.5,6856.0,6858.13591566944,6855.523008599809,6860.57207004374,6960.75,6910.5,6935.625,6977.8191793304195,6911.54171012799,6944.68044472921,6893.862007777279,0.0,0.0,0.0,0.0,0.0,0.0
1770300900.0,6856.0,6858.5,6848.75,6851.5,6854.3800389589,6853.248913841019,6858.45847101856,6960.75,6910.5,6935.625,6977.8191793304195,6911.54171012799,6944.68044472921,6892.989971967259,0.0,0.0,0.0,0.0,0.0,0.0
1770301200.0,6851.25,6855.75,6847.0,6853.75,6853.243061012179,6852.044089952439,6856.7576699416595,6960.75,6910.5,6935.625,6977.8191793304195,6911.54171012799,6944.68044472921,6892.0564590083095,0.0,0.0,0.0,0.0,0.0,0.0
1770301500.0,6853.75,6856.5,6849.25,6853.5,6852.58326045088,6851.10265924252,6855.183215440659,6960.75,6910.5,6935.625,6977.8191793304195,6911.54171012799,6944.68044472921,6890.7482464655695,0.0,0.0,0.0,0.0,0.0,0.0
1770301800.0,6853.5,6853.5,6831.5,6852.0,6851.607727885699,6850.06616833083,6853.59771646568,,,,6937.2024510499,6889.265701145029,6913.234076097469,6883.45938096158,0.0,0.0,0.0,0.0,0.0,0.0
1770302100.0,6852.25,6870.75,6844.75,6869.0,6859.44713409822,6853.54959090385,6853.914755975489,,,,6937.2024510499,6889.265701145029,6913.234076097469,6881.18000564846,0.0,0.0,0.0,0.0,0.0,0.0
1770302400.0,6869.25,6877.75,6857.0,6873.75,6866.85091364603,6857.708917153829,6854.734506081159,,,,6937.2024510499,6889.265701145029,6913.234076097469,6880.07705283808,0.0,0.0,0.0,0.0,0.0,0.0
1770302700.0,6873.75,6877.0,6865.25,6873.75,6871.49285195937,6861.220614287409,6855.529584113379,,,,6937.2024510499,6889.265701145029,6913.234076097469,6879.59981624528,0.0,0.0,0.0,0.0,0.0,0.0
1770303000.0,6873.5,6881.25,6858.25,6862.5,6868.7660231603995,6861.375653012399,6855.1375791279,,,,6937.2024510499,6889.265701145029,6913.234076097469,6878.919756274289,0.0,0.0,0.0,0.0,0.0,0.0
1770303300.0,6862.5,6866.75,6846.75,6850.0,6860.719847609739,6858.43314082673,6853.511764092869,,,,6937.2024510499,6889.265701145029,6913.234076097469,6877.500420386579,0.0,0.0,0.0,0.0,0.0,0.0
1770303600.0,6850.25,6858.5,6833.25,6837.5,6849.401209998599,6852.9344557081395,6850.73888828267,,,,6937.2024510499,6889.265701145029,6913.234076097469,6875.13110854135,0.0,0.0,0.0,0.0,0.0,0.0
1770303900.0,6837.5,6839.25,6827.0,6832.25,6839.72700044408,6847.14358565345,6847.649949685059,,,,6937.2024510499,6889.265701145029,6913.234076097469,6872.75198902982,0.0,0.0,0.0,0.0,0.0,0.0
1770304200.0,6832.25,6835.75,6811.25,6812.25,6824.09703984464,6837.466493547619,6842.744255400969,,,,6937.2024510499,6889.265701145029,6913.234076097469,6869.76162224946,0.0,0.0,0.0,0.0,0.0,0.0
1770304500.0,6812.0,6829.25,6810.5,6825.0,6820.850474293809,6832.7546916826595,6839.5369175536,,,,6937.2024510499,6889.265701145029,6913.234076097469,6867.03891156332,0.0,0.0,0.0,0.0,0.0,0.0
1770304800.0,6824.75,6827.5,6812.5,6816.0,6815.027046030789,6826.76535518735,6835.66321511668,,,,6937.2024510499,6889.265701145029,6913.234076097469,6865.127742918369,0.0,0.0,0.0,0.0,0.0,0.0
1770305100.0,6816.0,6826.0,6805.0,6810.0,6809.02568423024,6820.48403480459,6831.4820658033195,,,,6937.2024510499,6889.265701145029,6913.234076097469,6862.8972998902,0.0,0.0,0.0,0.0,0.0,0.0
1770305400.0,6810.0,6818.0,6802.75,6804.75,6803.30715661189,6814.168531859559,6827.0949965423,6881.25,6805.0,6843.125,6937.2024510499,6889.265701145029,6913.234076097469,6860.76241920042,0.0,0.0,0.0,0.0,0.0,0.0
1770305700.0,6804.75,6823.0,6803.5,6821.25,6808.40770971424,6813.2539902196895,6824.76717119314,6881.25,6805.0,6843.125,6937.2024510499,6889.265701145029,6913.234076097469,6859.022385716299,0.0,0.0,0.0,0.0,0.0,0.0
1770306000.0,6821.0,6828.75,6814.5,6822.75,6813.0159129452295,6813.07859817093,6822.80548389174,6881.25,6805.0,6843.125,6937.2024510499,6889.265701145029,6913.234076097469,6857.6988774353595,0.0,0.0,0.0,0.0,0.0,0.0
1770306300.0,6822.5,6826.25,6805.0,6807.5,6808.952652602499,6809.33935048466,6819.45370676112,6881.25,6805.0,6843.125,6937.2024510499,6889.265701145029,6913.234076097469,6856.54125589202,0.0,0.0,0.0,0.0,0.0,0.0
1770306600.0,6807.5,6821.5,6807.5,6811.0,6808.42456076485,6807.31589670542,6816.74856792812,6881.25,6805.0,6843.125,6937.2024510499,6889.265701145029,6913.234076097469,6855.21582926607,0.0,0.0,0.0,0.0,0.0,0.0
1770306900.0,6811.0,6817.25,6804.25,6817.0,6811.366000266789,6807.334670632779,6814.904551290299,6881.25,6805.0,6843.125,6937.2024510499,6889.265701145029,6913.234076097469,6854.36296414515,0.0,0.0,0.0,0.0,0.0,0.0
1770307200.0,6817.25,6820.25,6808.25,6808.75,6809.493002104279,6805.49060537473,6812.38913901566,6881.25,6805.0,6843.125,6937.2024510499,6889.265701145029,6913.234076097469,6853.42362380942,0.0,0.0,0.0,0.0,0.0,0.0
1770307500.0,6808.75,6812.0,6802.75,6803.5,6805.94985964962,6802.846266812569,6809.560226574659,6881.25,6805.0,6843.125,6937.2024510499,6889.265701145029,6913.234076097469,6852.7738769444195,0.0,0.0,0.0,0.0,0.0,0.0
1770307800.0,6803.25,6814.5,6801.5,6802.25,6803.306491255479,6800.53521519593,6806.854345603189,6881.25,6805.0,6843.125,6937.2024510499,6889.265701145029,6913.234076097469,6852.059548157689,0.0,0.0,0.0,0.0,0.0,0.0
1770308100.0,6802.25,6827.25,6802.25,6825.25,6813.09426556327,6804.53118411306,6806.7705335233395,6881.25,6805.0,6843.125,6937.2024510499,6889.265701145029,6913.234076097469,6851.36560270006,0.0,0.0,0.0,0.0,0.0,0.0
1770308400.0,6825.0,6836.5,6824.25,6834.75,6824.13010228193,6810.36664537671,6807.72945258648,6881.25,6805.0,6843.125,6937.2024510499,6889.265701145029,6913.234076097469,6850.9047793296995,0.0,0.0,0.0,0.0,0.0,0.0
1770308700.0,6835.0,6842.0,6831.0,6840.5,6833.90017911796,6816.755244432979,6809.26885252933,6881.25,6805.0,6843.125,6937.2024510499,6889.265701145029,6913.234076097469,6850.62745721578,0.0,0.0,0.0,0.0,0.0,0.0
1770309000.0,6840.75,6848.75,6838.25,6847.5,6843.266897470189,6823.8732469283495,6811.47508718007,6881.25,6805.0,6843.125,6937.2024510499,6889.265701145029,6913.234076097469,6850.48111255517,0.0,0.0,0.0,0.0,0.0,0.0
1770309300.0,6847.5,6851.5,6843.0,6844.5,6847.3348223903195,6829.06741179398,6813.26516026134,6881.25,6805.0,6843.125,6937.2024510499,6889.265701145029,6913.234076097469,6850.414640545129,0.0,0.0,0.0,0.0,0.0,0.0
1770309600.0,6844.5,6850.25,6840.0,6843.5,6848.908022302409,6833.134285786309,6814.87234069844,6881.25,6805.0,6843.125,6937.2024510499,6889.265701145029,6913.234076097469,6850.322695221919,0.0,0.0,0.0,0.0,0.0,0.0
1770309900.0,6843.5,6844.5,6833.25,6844.0,6849.625046041089,6836.617013833579,6816.46214062114,6881.25,6805.0,6843.125,6937.2024510499,6889.265701145029,6913.234076097469,6850.18716718823,0.0,0.0,0.0,0.0,0.0,0.0
1770310200.0,6844.25,6857.0,6844.0,6854.0,6854.47213674185,6841.9594507250795,6819.015477971019,6881.25,6805.0,6843.125,6937.2024510499,6889.265701145029,6913.234076097469,6850.21623050072,0.0,0.0,0.0,0.0,0.0,0.0
1770310500.0,6854.25,6859.5,6847.5,6856.0,6858.06194720037,6846.82715722578,6821.63527477963,6881.25,6805.0,6843.125,6937.2024510499,6889.265701145029,6913.234076097469,6850.27873643058,0.0,0.0,0.0,0.0,0.0,0.0
1770310800.0,6856.0,6857.5,6839.25,6843.25,6853.628194309579,6847.6101857028,6822.78932418086,6881.25,6805.0,6843.125,6937.2024510499,6889.265701145029,6913.234076097469,6850.22804782336,0.0,0.0,0.0,0.0,0.0,0.0
1770311100.0,6843.25,6849.0,6841.0,6843.0,6850.2384617300995,6848.1144297379,6823.870146650849,6881.25,6805.0,6843.125,6937.2024510499,6889.265701145029,6913.234076097469,6850.17282711552,0.0,0.0,0.0,0.0,0.0,0.0
1770311400.0,6843.0,6846.5,6836.5,6843.75,6848.13989204444,6848.63649463195,6824.98457319898,6881.25,6805.0,6843.125,6937.2024510499,6889.265701145029,6913.234076097469,6850.091610971809,0.0,0.0,0.0,0.0,0.0,0.0
1770311700.0,6844.0,6846.0,6839.75,6841.25,6845.37752987138,6848.365359189869,6825.79269788486,6881.25,6805.0,6843.125,6937.2024510499,6889.265701145029,6913.234076097469,6850.034312586499,0.0,0.0,0.0,0.0,0.0,0.0
1770312000.0,6841.25,6854.75,6833.5,6854.75,6850.077571371779,6851.41998595918,6827.968317629189,6881.25,6805.0,6843.125,6937.2024510499,6889.265701145029,6913.234076097469,6850.00776293081,0.0,0.0,0.0,0.0,0.0,0.0
1770312300.0,6855.0,6863.5,6854.75,6859.0,6855.0369386659895,6854.91875156816,6830.457509535449,6881.25,6805.0,6843.125,6937.2024510499,6889.265701145029,6913.234076097469,6850.11906353404,0.0,0.0,0.0,0.0,0.0,0.0
1770312600.0,6859.25,6863.0,6851.75,6852.75,6854.9630110586995,6856.16057379189,6832.15044003581,6881.25,6805.0,6843.125,6937.2024510499,6889.265701145029,6913.234076097469,6850.18146225213,0.0,0.0,0.0,0.0,0.0,0.0
1770312900.0,6852.5,6860.75,6851.0,6858.25,6857.386020844529,6858.45171949571,6834.31518248982,6881.25,6805.0,6843.125,6937.2024510499,6889.265701145029,6913.234076097469,6850.228772364329,0.0,0.0,0.0,0.0,0.0,0.0
1770313200.0,6858.0,6866.75,6856.5,6861.25,6860.194381391149,6860.9841095599995,6836.65811374758,6881.25,6805.0,6843.125,6937.2024510499,6889.265701145029,6913.234076097469,6850.33330526794,0.0,0.0,0.0,0.0,0.0,0.0
1770313500.0,6861.25,6870.25,6853.25,6854.5,6858.470416979319,6861.284160149399,6838.15661223144,6881.25,6805.0,6843.125,6937.2024510499,6889.265701145029,6913.234076097469,6850.434317259789,0.0,0.0,0.0,0.0,0.0,0.0
1770313800.0,6854.75,6861.0,6849.25,6852.5,6856.18943115177,6860.91897767846,6839.35886190989,6881.25,6805.0,6843.125,6937.2024510499,6889.265701145029,6913.234076097469,6850.474287680309,0.0,0.0,0.0,0.0,0.0,0.0
1770314100.0,6852.75,6854.0,6845.5,6848.5,6852.6469574362,6859.5122239217,6840.077396729879,6881.25,6805.0,6843.125,6937.2024510499,6889.265701145029,6913.234076097469,6850.4667888042395,0.0,0.0,0.0,0.0,0.0,0.0
1770314400.0,6848.5,6857.0,6847.5,6850.5,6851.3058435289195,6858.7463611166595,6840.965143612069,6881.25,6805.0,6843.125,6937.2024510499,6889.265701145029,6913.234076097469,6850.478750493619,0.0,0.0,0.0,0.0,0.0,0.0
1770314700.0,6850.25,6850.25,6844.75,6847.0,6848.748854941589,6857.152464004729,6841.44071122276,6881.25,6805.0,6843.125,6937.2024510499,6889.265701145029,6913.234076097469,6850.45583252226,0.0,0.0,0.0,0.0,0.0,0.0
1770315000.0,6846.5,6849.75,6841.5,6845.5,6846.433274491639,6855.381800581449,6841.7388297693,6881.25,6805.0,6843.125,6937.2024510499,6889.265701145029,6913.234076097469,6850.42032467984,0.0,0.0,0.0,0.0,0.0,0.0
1770315300.0,6845.5,6848.0,6840.0,6841.75,6843.220649178869,6852.91766792766,6841.638731092809,6881.25,6805.0,6843.125,6937.2024510499,6889.265701145029,6913.234076097469,6850.3796054265795,0.0,0.0,0.0,0.0,0.0,0.0
1770315600.0,6841.5,6843.25,6832.5,6835.5,6838.26108473545,6849.272469318819,6840.90954211746,6881.25,6805.0,6843.125,6937.2024510499,6889.265701145029,6913.234076097469,6850.28393605766,0.0,0.0,0.0,0.0,0.0,0.0
1770315900.0,6835.75,6839.75,6833.0,6835.5,6835.3007934813695,6846.22318561042,6840.24142956344,6881.25,6805.0,6843.125,6937.2024510499,6889.265701145029,6913.234076097469,6850.1897256332195,0.0,0.0,0.0,0.0,0.0,0.0
1770316200.0,6835.25,6844.0,6834.5,6838.0,6834.89359404279,6844.30629822795,6839.88876485022,6881.25,6805.0,6843.125,6937.2024510499,6889.265701145029,6913.234076097469,6850.1210932390695,0.0,0.0,0.0,0.0,0.0,0.0
1770316500.0,6838.0,6838.5,6831.5,6833.5,6832.7047776030295,6841.597535215549,6839.10597940049,6881.25,6805.0,6843.125,6937.2024510499,6889.265701145029,6913.234076097469,6850.05514247869,0.0,0.0,0.0,0.0,0.0,0.0
1770316800.0,6833.5,6837.0,6828.5,6834.0,6831.80977194757,6839.489447250649,6838.44019996254,6881.25,6805.0,6843.125,6937.2024510499,6889.265701145029,6913.234076097469,6849.9519752738,0.0,0.0,0.0,0.0,0.0,0.0
1770317100.0,6833.75,6836.5,6827.5,6829.0,6829.055799826259,6836.5215067892495,6837.314994642829,6881.25,6805.0,6843.125,6937.2024510499,6889.265701145029,6913.234076097469,6849.852551010879,0.0,0.0,0.0,0.0,0.0,0.0
1770317400.0,6829.0,6829.0,6821.25,6823.75,6824.994003576449,6832.7923958928595,6835.73715731743,6881.25,6805.0,6843.125,6937.2024510499,6889.265701145029,6913.234076097469,6849.69802580345,0.0,0.0,0.0,0.0,0.0,0.0
1770317700.0,6824.0,6830.0,6820.5,6826.75,6824.155076154199,6830.50084292802,6834.59194525331,6881.25,6805.0,6843.125,6937.2024510499,6889.265701145029,6913.234076097469,6849.5344138528,0.0,0.0,0.0,0.0,0.0,0.0
1770318000.0,6826.75,6837.5,6823.75,6833.5,6827.216265414349,6830.3423442310595,6834.2373754295995,6881.25,6805.0,6843.125,6937.2024510499,6889.265701145029,6913.234076097469,6849.3881943958495,0.0,0.0,0.0,0.0,0.0,0.0
1770318300.0,6833.25,6840.75,6832.5,6839.75,6832.46422060953,6831.825374747649,6834.566549618649,6881.25,6805.0,6843.125,6937.2024510499,6889.265701145029,6913.234076097469,6849.31483572413,0.0,0.0,0.0,0.0,0.0,0.0
1770318600.0,6839.75,6852.75,6839.25,6849.75,6840.82429885825,6835.59126017995,6835.91875471925,6881.25,6805.0,6843.125,6937.2024510499,6889.265701145029,6913.234076097469,6849.2970274572,0.0,0.0,0.0,0.0,0.0,0.0
1770318900.0,6849.75,6855.5,6848.25,6855.5,6848.94574158166,6840.1712111322395,6837.78189357798,6881.25,6805.0,6843.125,6937.2024510499,6889.265701145029,6913.234076097469,6849.3211664363,0.0,0.0,0.0,0.0,0.0,0.0
1770319200.0,6855.75,6859.0,6853.75,6856.25,6854.31080694022,6844.158123639259,6839.6016719174795,6881.25,6805.0,6843.125,6937.2024510499,6889.265701145029,6913.234076097469,6849.3645028591,0.0,0.0,0.0,0.0,0.0,0.0
1770319500.0,6856.25,6856.5,6845.0,6846.5,6852.676153835169,6845.02197765144,6840.29403414019,6881.25,6805.0,6843.125,6937.2024510499,6889.265701145029,6913.234076097469,6849.36427898817,0.0,0.0,0.0,0.0,0.0,0.0
1770319800.0,6846.5,6846.75,6829.25,6838.25,6847.296239568989,6843.66636513706,6840.09183098555,6881.25,6805.0,6843.125,6937.2024510499,6889.265701145029,6913.234076097469,6849.25306417281,0.0,0.0,0.0,0.0,0.0,0.0
1770320100.0,6838.25,6840.75,6833.0,6834.0,6841.57989275544,6841.47333045606,6839.47082810904,6881.25,6805.0,6843.125,6937.2024510499,6889.265701145029,6913.234076097469,6849.17718694799,0.0,0.0,0.0,0.0,0.0,0.0
1770320400.0,6834.25,6836.5,6830.0,6832.25,6837.00315340421,6839.219317997489,6838.71891308248,6881.25,6805.0,6843.125,6937.2024510499,6889.265701145029,6913.234076097469,6849.0915011158595,0.0,0.0,0.0,0.0,0.0,0.0
1770320700.0,6832.25,6836.0,6829.75,6831.75,6833.87584873898,6837.236851211819,6837.97479662871,6881.25,6805.0,6843.125,6937.2024510499,6889.265701145029,6913.234076097469,6849.02793890459,0.0,0.0,0.0,0.0,0.0,0.0
1770321000.0,6832.0,6835.5,6827.5,6831.5,6831.86888752825,6835.550977432949,6837.26414145686,6881.25,6805.0,6843.125,6937.2024510499,6889.265701145029,6913.234076097469,6848.939046460519,0.0,0.0,0.0,0.0,0.0,0.0
1770321300.0,6831.75,6835.25,6830.0,6834.5,6832.20131503192,6834.92656429759,6836.9208732198995,6881.25,6805.0,6843.125,6937.2024510499,6889.265701145029,6913.234076097469,6848.85871587141,0.0,0.0,0.0,0.0,0.0,0.0
1770321600.0,6834.5,6839.75,6830.5,6838.25,6834.39332657672,6835.370251001759,6836.996917763609,6881.25,6805.0,6843.125,6937.2024510499,6889.265701145029,6913.234076097469,6848.774673365029,0.0,0.0,0.0,0.0,0.0,0.0
1770321900.0,6838.25,6851.75,6836.0,6850.0,6841.634329337309,6838.685068660609,6838.289610033819,6881.25,6805.0,6843.125,6937.2024510499,6889.265701145029,6913.234076097469,6848.754100100909,0.0,0.0,0.0,0.0,0.0,0.0
1770322200.0,6850.0,6852.75,6841.0,6842.25,6842.48027667858,6839.51261099161,6838.697234284,6881.25,6805.0,6843.125,6937.2024510499,6889.265701145029,6913.234076097469,6848.72802393396,0.0,0.0,0.0,0.0,0.0,0.0
1770322500.0,6842.25,6843.0,6829.75,6831.25,6837.570134908239,6837.46547882889,6837.945036364849,6881.25,6805.0,6843.125,6937.2024510499,6889.265701145029,6913.234076097469,6848.6209293333195,0.0,0.0,0.0,0.0,0.0,0.0
1770322800.0,6831.0,6832.5,6821.25,6823.25,6830.49296917761,6833.7914279017195,6836.42439846002,6881.25,6805.0,6843.125,6937.2024510499,6889.265701145029,6913.234076097469,6848.42189278097,0.0,0.0,0.0,0.0,0.0,0.0
1770323100.0,6823.25,6824.5,6820.0,6821.75,6825.32436866187,6830.4028280537195,6834.86179689225,6881.25,6805.0,6843.125,6937.2024510499,6889.265701145029,6913.234076097469,6848.211442365609,0.0,0.0,0.0,0.0,0.0,0.0
1770323400.0,6821.5,6825.5,6815.75,6816.75,6819.777893040489,6826.3957795554,6832.899439072399,6881.25,6805.0,6843.125,6937.2024510499,6889.265701145029,6913.234076097469,6847.96056908623,0.0,0.0,0.0,0.0,0.0,0.0
1770323700.0,6816.75,6821.0,6814.25,6820.75,6818.46255568534,6824.131874613479,6831.49681893442,6881.25,6805.0,6843.125,6937.2024510499,6889.265701145029,6913.234076097469,6847.7778395202395,0.0,0.0,0.0,0.0,0.0,0.0
1770324000.0,6821.0,6827.25,6812.5,6815.0,6815.126655761939,6820.8962887812295,6829.60799411461,6881.25,6805.0,6843.125,6937.2024510499,6889.265701145029,6913.234076097469,6847.508976278929,0.0,0.0,0.0,0.0,0.0,0.0
1770324300.0,6815.0,6816.75,6808.75,6813.25,6812.456148149529,6817.86241292772,6827.68157859185,6881.25,6805.0,6843.125,6937.2024510499,6889.265701145029,6913.234076097469,6847.18790515136,0.0,0.0,0.0,0.0,0.0,0.0
1770324600.0,6813.5,6818.5,6805.5,6814.5,6811.692405006849,6815.75257743279,6826.03154502464,6881.25,6805.0,6843.125,6937.2024510499,6889.265701145029,6913.234076097469,6846.7781283799595,0.0,0.0,0.0,0.0,0.0,0.0
1770324900.0,6814.75,6824.5,6813.25,6817.75,6813.1128153194495,6814.91166957233,6824.84635735932,6881.25,6805.0,6843.125,6937.2024510499,6889.265701145029,6913.234076097469,6845.74975171712,0.0,0.0,0.0,0.0,0.0,0.0
1770325200.0,6818.0,6829.0,6804.75,6806.0,6808.558887006089,6811.39126066648,6822.54378407621,6881.25,6805.0,6843.125,6937.2024510499,6889.265701145029,6913.234076097469,6845.129648499739,0.0,0.0,0.0,0.0,0.0,0.0
1770325500.0,6806.25,6811.5,6800.0,6810.0,6807.86323476478,6809.57877089663,6820.831226104239,6881.25,6805.0,6843.125,6937.2024510499,6889.265701145029,6913.234076097469,6844.845656374149,0.0,0.0,0.0,0.0,0.0,0.0
1770325800.0,6810.0,6820.25,6809.75,6815.75,6810.502461827339,6809.620358923899,6819.84942705613,6881.25,6805.0,6843.125,6937.2024510499,6889.265701145029,6913.234076097469,6844.703344044619,0.0,0.0,0.0,0.0,0.0,0.0
1770326100.0,6815.5,6817.0,6801.0,6802.5,6805.94264778435,6806.46748279591,6817.5839379567,6881.25,6805.0,6843.125,6937.2024510499,6889.265701145029,6913.234076097469,6844.577801829059,0.0,0.0,0.0,0.0,0.0,0.0
1770326400.0,6802.75,6806.25,6800.25,6803.5,6803.71960417352,6804.220172048779,6815.598631295679,6881.25,6805.0,6843.125,6937.2024510499,6889.265701145029,6913.234076097469,6844.462731152749,0.0,0.0,0.0,0.0,0.0,0.0
1770326700.0,6803.5,6809.25,6803.25,6805.25,6803.39242672609,6802.91483113033,6813.95266854184,6881.25,6805.0,6843.125,6937.2024510499,6889.265701145029,6913.234076097469,6844.39138616522,0.0,0.0,0.0,0.0,0.0,0.0
1770327000.0,6805.5,6805.75,6791.75,6792.25,6797.068819795049,6798.722015054859,6811.0986756495995,6881.25,6805.0,6843.125,6937.2024510499,6889.265701145029,6913.234076097469,6844.30471885109,0.0,0.0,0.0,0.0,0.0,0.0
1770327300.0,6792.5,6796.5,6788.5,6789.5,6791.94414553086,6794.6988309299995,6808.18221790348,6881.25,6805.0,6843.125,6937.2024510499,6889.265701145029,6913.234076097469,6844.1795828685,0.0,0.0,0.0,0.0,0.0,0.0
1770327600.0,6789.5,6791.5,6786.0,6789.5,6789.00273775134,6791.51272556365,6805.493767701019,6881.25,6805.0,6843.125,6937.2024510499,6889.265701145029,6913.234076097469,6844.06459888847,0.0,0.0,0.0,0.0,0.0,0.0
1770327900.0,6789.75,6793.5,6785.25,6785.5,6785.537046919019,6788.03348368286,6802.6056241508295,6881.25,6805.0,6843.125,6937.2024510499,6889.265701145029,6913.234076097469,6843.9693693236095,0.0,0.0,0.0,0.0,0.0,0.0
1770328200.0,6785.75,6790.5,6785.5,6790.0,6785.895058634879,6786.43379589687,6800.41207143444,6881.25,6805.0,6843.125,6937.2024510499,6889.265701145029,6913.234076097469,6843.86844339032,0.0,0.0,0.0,0.0,0.0,0.0
1770328500.0,6790.25,6791.75,6785.0,6788.75,6785.8684123678695,6784.961050725679,6798.27151346264,6881.25,6805.0,6843.125,6937.2024510499,6889.265701145029,6913.234076097469,6843.77045977073,0.0,0.0,0.0,0.0,0.0,0.0
1770332400.0,6785.5,6793.0,6781.0,6792.75,6788.10264512647,6784.8973113128295,6796.72401533949,6881.25,6805.0,6843.125,6937.2024510499,6889.265701145029,6913.234076097469,6788.91666666667,0.0,0.0,0.0,0.0,0.0,0.0
1770332700.0,6792.75,6794.5,6788.25,6790.25,6788.543266578269,6784.37627240248,6795.0569662794,6881.25,6805.0,6843.125,6937.2024510499,6889.265701145029,6913.234076097469,6789.6645785877,0.0,0.0,0.0,0.0,0.0,0.0
1770333000.0,6790.25,6790.75,6784.5,6788.5,6788.13938827737,6783.65649302356,6793.35691430223,6881.25,6805.0,6843.125,6937.2024510499,6889.265701145029,6913.234076097469,6789.246764315019,0.0,0.0,0.0,0.0,0.0,0.0
1770333300.0,6788.75,6790.75,6782.25,6782.75,6785.214014340179,6781.77230057112,6791.213415301159,6881.25,6805.0,6843.125,6937.2024510499,6889.265701145029,6913.234076097469,6788.4671526905695,0.0,0.0,0.0,0.0,0.0,0.0
1770333600.0,6782.75,6782.75,6774.0,6777.0,6780.684161411939,6778.9239643109695,6788.65844744674,6881.25,6805.0,6843.125,6937.2024510499,6889.265701145029,6913.234076097469,6785.68164236325,0.0,0.0,0.0,0.0,0.0,0.0
1770333900.0,6777.25,6787.5,6777.25,6787.25,6782.98444665352,6779.2611882702395,6787.37586513697,6881.25,6805.0,6843.125,6937.2024510499,6889.265701145029,6913.234076097469,6785.46017238817,0.0,0.0,0.0,0.0,0.0,0.0
1770334200.0,6787.0,6789.25,6780.25,6780.5,6781.346657399709,6778.001000575419,6785.5200735779,6881.25,6805.0,6843.125,6937.2024510499,6889.265701145029,6913.234076097469,6785.1941930618395,0.0,0.0,0.0,0.0,0.0,0.0
1770334500.0,6780.75,6781.5,6773.25,6775.75,6778.13013082745,6775.91203990079,6783.338533894769,6881.25,6805.0,6843.125,6937.2024510499,6889.265701145029,6913.234076097469,6784.142171906609,0.0,0.0,0.0,0.0,0.0,0.0
1770334800.0,6775.5,6777.75,6773.25,6774.25,6775.51276846504,6773.946537348769,6781.19090216509,6881.25,6805.0,6843.125,6937.2024510499,6889.265701145029,6913.234076097469,6783.333628364389,0.0,0.0,0.0,0.0,0.0,0.0
1770335100.0,6774.25,6775.0,6767.75,6772.75,6773.308281716049,6772.084860615219,6779.0757765919,6881.25,6805.0,6843.125,6937.2024510499,6889.265701145029,6913.234076097469,6781.530345483749,0.0,0.0,0.0,0.0,0.0,0.0
1770335400.0,6772.5,6774.0,6765.25,6766.25,6768.94398764929,6769.0666872149595,6776.47499746545,6881.25,6805.0,6843.125,6937.2024510499,6889.265701145029,6913.234076097469,6780.1879511752095,0.0,0.0,0.0,0.0,0.0,0.0
1770335700.0,6766.0,6772.75,6763.75,6771.25,6768.8422069175795,6767.956289939009,6774.612393448419,6881.25,6805.0,6843.125,6937.2024510499,6889.265701145029,6913.234076097469,6779.39934687532,0.0,0.0,0.0,0.0,0.0,0.0
1770336000.0,6771.25,6772.25,6760.0,6761.0,6764.0306805541695,6764.63157421824,6771.860878253119,6881.25,6805.0,6843.125,6937.2024510499,6889.265701145029,6913.234076097469,6777.61474932484,0.0,0.0,0.0,0.0,0.0,0.0
1770336300.0,6760.75,6764.5,6756.25,6758.25,6759.8779177247,6761.344323687769,6769.059040747589,6881.25,6805.0,6843.125,6937.2024510499,6889.265701145029,6913.234076097469,6775.763016977169,0.0,0.0,0.0,0.0,0.0,0.0
1770336600.0,6758.5,6763.0,6756.25,6757.75,6757.293305817079,6758.65495116862,6766.444347812149,6881.25,6805.0,6843.125,6937.2024510499,6889.265701145029,6913.234076097469,6774.595465030599,0.0,0.0,0.0,0.0,0.0,0.0
1770336900.0,6757.5,6766.25,6751.5,6764.25,6759.148040373279,6758.20588188632,6764.72849220569,6881.25,6805.0,6843.125,6937.2024510499,6889.265701145029,6913.234076097469,6773.260362956959,0.0,0.0,0.0,0.0,0.0,0.0
1770337200.0,6764.25,6775.0,6763.0,6773.75,6765.263643602149,6760.3524313138,6764.15932194972,6881.25,6805.0,6843.125,6937.2024510499,6889.265701145029,6913.234076097469,6773.0115741349,0.0,0.0,0.0,0.0,0.0,0.0
1770337500.0,6773.5,6778.0,6772.5,6775.25,6770.07667970679,6762.64095913813,6763.82946794707,6881.25,6805.0,6843.125,6937.2024510499,6889.265701145029,6913.234076097469,6773.175833272469,0.0,0.0,0.0,0.0,0.0,0.0
1770337800.0,6775.25,6778.75,6772.5,6777.75,6774.407632251289,6765.27595058016,6763.82491142866,6881.25,6805.0,6843.125,6937.2024510499,6889.265701145029,6913.234076097469,6773.317824230169,0.0,0.0,0.0,0.0,0.0,0.0
1770338100.0,6777.75,6782.25,6777.5,6778.75,6777.59607789037,6767.80444535233,6763.966976134089,6881.25,6805.0,6843.125,6937.2024510499,6889.265701145029,6913.234076097469,6773.5908380376695,0.0,0.0,0.0,0.0,0.0,0.0
1770338400.0,6778.75,6781.25,6774.0,6777.75,6779.00519302428,6769.72818095609,6764.03766143293,6881.25,6805.0,6843.125,6937.2024510499,6889.265701145029,6913.234076097469,6773.7274169065295,0.0,0.0,0.0,0.0,0.0,0.0
1770338700.0,6777.5,6780.75,6774.0,6775.25,6778.51070142142,6770.762455137549,6763.88592760296,6881.25,6805.0,6843.125,6937.2024510499,6889.265701145029,6913.234076097469,6773.81886893241,0.0,0.0,0.0,0.0,0.0,0.0
1770339000.0,6774.75,6778.0,6771.75,6776.25,6778.51490468467,6771.91991761575,6763.88827679659,6881.25,6805.0,6843.125,6937.2024510499,6889.265701145029,6913.234076097469,6773.8719424027,0.0,0.0,0.0,0.0,0.0,0.0
1770339300.0,6776.0,6784.25,6776.0,6782.5,6781.421883342499,6774.47511641421,6764.5757223478495,6881.25,6805.0,6843.125,6937.2024510499,6889.265701145029,6913.234076097469,6774.09338325877,0.0,0.0,0.0,0.0,0.0,0.0
1770339600.0,6782.5,6788.25,6782.5,6786.25,6784.95138215521,6777.55082613762,6765.640641721539,6881.25,6805.0,6843.125,6937.2024510499,6889.265701145029,6913.234076097469,6774.644594085569,0.0,0.0,0.0,0.0,0.0,0.0
1770339900.0,6786.25,6789.5,6783.5,6784.75,6786.27093235345,6779.734246677999,6766.5123373896995,6881.25,6805.0,6843.125,6937.2024510499,6889.265701145029,6913.234076097469,6775.00324634562,0.0,0.0,0.0,0.0,0.0,0.0
1770340200.0,6784.25,6784.5,6777.5,6777.5,6783.347588181639,6779.735316003909,6766.608422016579,6881.25,6805.0,6843.125,6937.2024510499,6889.265701145029,6913.234076097469,6775.15739181266,0.0,0.0,0.0,0.0,0.0,0.0
1770340500.0,6778.0,6780.5,6770.25,6770.75,6777.999129180779,6778.05053282826,6766.03380058085,6881.25,6805.0,6843.125,6937.2024510499,6889.265701145029,6913.234076097469,6775.10241368216,0.0,0.0,0.0,0.0,0.0,0.0
1770340800.0,6770.75,6776.0,6768.75,6774.25,6776.207258090079,6777.52470926497,6765.89440498906,6881.25,6805.0,6843.125,6937.2024510499,6889.265701145029,6913.234076097469,6775.04318022535,0.0,0.0,0.0,0.0,0.0,0.0
1770341100.0,6774.5,6776.25,6770.5,6774.25,6775.06305653811,6777.090535163409,6765.797458209239,6881.25,6805.0,6843.125,6937.2024510499,6889.265701145029,6913.234076097469,6775.012702303759,0.0,0.0,0.0,0.0,0.0,0.0
1770341400.0,6774.25,6783.25,6774.25,6782.0,6778.1449542990595,6778.66050706013,6766.540374409709,6881.25,6805.0,6843.125,6937.2024510499,6889.265701145029,6913.234076097469,6775.13174767215,0.0,0.0,0.0,0.0,0.0,0.0
1770341700.0,6781.75,6789.0,6781.5,6788.75,6783.418937906689,6781.63398486401,6767.9598605599895,6881.25,6805.0,6843.125,6937.2024510499,6889.265701145029,6913.234076097469,6775.38228536668,0.0,0.0,0.0,0.0,0.0,0.0
1770342000.0,6789.0,6795.25,6788.5,6795.0,6789.767423669379,6785.63089926471,6769.955162972909,6881.25,6805.0,6843.125,6937.2024510499,6889.265701145029,6913.234076097469,6776.04197208312,0.0,0.0,0.0,0.0,0.0,0.0
1770342300.0,6795.0,6799.75,6792.0,6797.75,6794.98967262679,6789.585853748899,6772.12203160014,6881.25,6805.0,6843.125,6937.2024510499,6889.265701145029,6913.234076097469,6776.81486266294,0.0,0.0,0.0,0.0,0.0,0.0
1770342600.0,6797.5,6802.25,6796.75,6801.25,6799.766257067299,6793.673866565739,6774.523600142519,6881.25,6805.0,6843.125,6937.2024510499,6889.265701145029,6913.234076097469,6777.46590348579,0.0,0.0,0.0,0.0,0.0,0.0
1770342900.0,6801.25,6804.75,6800.5,6803.25,6803.46176643681,6797.480817075099,6776.985887353319,6881.25,6805.0,6843.125,6937.2024510499,6889.265701145029,6913.234076097469,6777.9217860523395,0.0,0.0,0.0,0.0,0.0,0.0
1770343200.0,6803.5,6810.0,6802.75,6809.25,6808.377738264049,6802.033591333259,6779.9155343542,6881.25,6805.0,6843.125,6937.2024510499,6889.265701145029,6913.234076097469,6778.8708026921295,0.0,0.0,0.0,0.0,0.0,0.0
1770343500.0,6809.5,6810.25,6804.5,6808.75,6810.866303893499,6805.56938899898,6782.60518710216,6881.25,6805.0,6843.125,6937.2024510499,6889.265701145029,6913.234076097469,6779.747686517369,0.0,0.0,0.0,0.0,0.0,0.0
1770343800.0,6808.75,6809.5,6805.25,6807.5,6811.41829629307,6808.06299604933,6784.9914067418395,6881.25,6805.0,6843.125,6937.2024510499,6889.265701145029,6913.234076097469,6780.17440134513,0.0,0.0,0.0,0.0,0.0,0.0
1770344100.0,6807.25,6810.75,6803.25,6807.25,6811.248009619039,6809.93466062786,6787.19636110787,6881.25,6805.0,6843.125,6937.2024510499,6889.265701145029,6913.234076097469,6780.782183333739,0.0,0.0,0.0,0.0,0.0,0.0
1770344400.0,6807.5,6807.75,6802.0,6805.75,6810.057641796469,6810.976761919849,6789.10132699902,6881.25,6805.0,6843.125,6937.2024510499,6889.265701145029,6913.234076097469,6781.250667178369,0.0,0.0,0.0,0.0,0.0,0.0
1770344700.0,6805.5,6809.0,6804.0,6808.75,6810.47432954503,6812.4515490206195,6791.19047967583,6881.25,6805.0,6843.125,6937.2024510499,6889.265701145029,6913.234076097469,6781.553496609599,0.0,0.0,0.0,0.0,0.0,0.0
1770345000.0,6808.5,6810.0,6803.75,6809.0,6810.6266995838005,6813.600277413379,6793.16473837958,6881.25,6805.0,6843.125,6937.2024510499,6889.265701145029,6913.234076097469,6781.90946633514,0.0,0.0,0.0,0.0,0.0,0.0
1770345300.0,6809.0,6810.5,6805.25,6807.75,6809.908878874449,6814.10661695145,6794.87521646998,6881.25,6805.0,6843.125,6937.2024510499,6889.265701145029,6913.234076097469,6782.350937094539,0.0,0.0,0.0,0.0,0.0,0.0
1770345600.0,6807.5,6808.75,6804.25,6806.0,6808.4289028248295,6813.960295334499,6796.28702572691,6881.25,6805.0,6843.125,6937.2024510499,6889.265701145029,6913.234076097469,6782.63438272226,0.0,0.0,0.0,0.0,0.0,0.0
1770345900.0,6806.0,6807.0,6798.25,6805.25,6806.99918952757,6813.52897335675,6797.52303077312,6881.25,6805.0,6843.125,6937.2024510499,6889.265701145029,6913.234076097469,6783.1457815226895,0.0,0.0,0.0,0.0,0.0,0.0
1770346200.0,6805.75,6808.0,6803.75,6805.5,6806.13990742621,6813.11856922059,6798.69769836831,6881.25,6805.0,6843.125,6937.2024510499,6889.265701145029,6913.234076097469,6783.33623011281,0.0,0.0,0.0,0.0,0.0,0.0
1770346500.0,6805.75,6806.75,6803.75,6804.5,6805.072932176279,6812.42268183919,6799.68502196345,6881.25,6805.0,6843.125,6937.2024510499,6889.265701145029,6913.234076097469,6783.436515626179,0.0,0.0,0.0,0.0,0.0,0.0
1770346800.0,6804.25,6807.75,6801.75,6807.0,6805.61000000286,6812.369669425299,6800.85892821576,6881.25,6805.0,6843.125,6937.2024510499,6889.265701145029,6913.234076097469,6783.70841485199,0.0,0.0,0.0,0.0,0.0,0.0
1770347100.0,6807.0,6808.5,6803.0,6805.0,6804.98760283063,6811.736002377969,6801.74023639956,6881.25,6805.0,6843.125,6937.2024510499,6889.265701145029,6913.234076097469,6783.98883221026,0.0,0.0,0.0,0.0,0.0,0.0
1770347400.0,6805.0,6805.25,6800.5,6802.25,6803.26238806228,6810.442683221449,6802.27105418204,6881.25,6805.0,6843.125,6937.2024510499,6889.265701145029,6913.234076097469,6784.17246587681,0.0,0.0,0.0,0.0,0.0,0.0
1770347700.0,6802.25,6803.5,6797.75,6799.25,6800.73585391612,6808.5515038857,6802.449512239589,6881.25,6805.0,6843.125,6937.2024510499,6889.265701145029,6913.234076097469,6784.39715923258,0.0,0.0,0.0,0.0,0.0,0.0
1770348000.0,6799.5,6802.0,6795.5,6797.75,6798.46991696839,6806.55135751485,6802.45505532179,6881.25,6805.0,6843.125,6937.2024510499,6889.265701145029,6913.234076097469,6784.566330576449,0.0,0.0,0.0,0.0,0.0,0.0
1770348300.0,6798.5,6801.5,6797.5,6799.75,6798.11930389309,6805.3447769929,6802.6614846536395,6881.25,6805.0,6843.125,6937.2024510499,6889.265701145029,6913.234076097469,6784.701764109869,0.0,0.0,0.0,0.0,0.0,0.0
1770348600.0,6800.0,6805.25,6799.0,6803.0,6799.61684596914,6805.11575099242,6803.183805720269,6881.25,6805.0,6843.125,6937.2024510499,6889.265701145029,6913.234076097469,6784.95057384292,0.0,0.0,0.0,0.0,0.0,0.0
1770348900.0,6803.0,6805.75,6796.5,6796.75,6797.633964339029,6803.33810634169,6803.017610154359,6881.25,6805.0,6843.125,6937.2024510499,6889.265701145029,6913.234076097469,6785.25016310895,0.0,0.0,0.0,0.0,0.0,0.0
1770349200.0,6796.75,6797.25,6790.0,6791.75,6794.02825374619,6800.598703785289,6802.34025558463,6881.25,6805.0,6843.125,6937.2024510499,6889.265701145029,6913.234076097469,6785.36075134276,0.0,0.0,0.0,0.0,0.0,0.0
1770349500.0,6791.75,6796.5,6791.5,6796.0,6793.942422596109,6799.37775717915,6802.144044425379,6881.25,6805.0,6843.125,6937.2024510499,6889.265701145029,6913.234076097469,6785.441812555429,0.0,0.0,0.0,0.0,0.0,0.0
1770349800.0,6796.0,6802.0,6795.75,6801.25,6796.614156779559,6799.67121894108,6802.49893526226,6881.25,6805.0,6843.125,6937.2024510499,6889.265701145029,6913.234076097469,6785.55882468018,0.0,0.0,0.0,0.0,0.0,0.0
1770350100.0,6801.25,6802.25,6799.75,6801.25,6798.44099080447,6799.913508527559,6802.82354369234,6881.25,6805.0,6843.125,6937.2024510499,6889.265701145029,6913.234076097469,6785.634406090169,0.0,0.0,0.0,0.0,0.0,0.0
1770350400.0,6801.25,6801.25,6796.75,6797.25,6797.715717283169,6799.117971922339,6802.70626800945,6881.25,6805.0,6843.125,6937.2024510499,6889.265701145029,6913.234076097469,6785.726545660889,0.0,0.0,0.0,0.0,0.0,0.0
1770350700.0,6797.0,6799.75,6794.75,6795.25,6796.31546740618,6797.96403371769,6802.384753776189,6881.25,6805.0,6843.125,6937.2024510499,6889.265701145029,6913.234076097469,6785.80553611282,0.0,0.0,0.0,0.0,0.0,0.0
1770351000.0,6795.25,6799.25,6795.0,6797.5,6796.5727318830095,6797.57599066794,6802.31280459516,6881.25,6805.0,6843.125,6937.2024510499,6889.265701145029,6913.234076097469,6785.8763458329095,0.0,0.0,0.0,0.0,0.0,0.0
1770351300.0,6797.5,6799.0,6795.5,6797.0,6796.5513063483595,6797.140876618029,6802.188834001559,6881.25,6805.0,6843.125,6937.2024510499,6889.265701145029,6913.234076097469,6785.930133752349,0.0,0.0,0.0,0.0,0.0,0.0
1770351600.0,6797.0,6797.25,6793.5,6794.75,6795.48700933264,6796.233581244889,6801.835694734989,6881.25,6805.0,6843.125,6937.2024510499,6889.265701145029,6913.234076097469,6785.9863296575295,0.0,0.0,0.0,0.0,0.0,0.0
1770351900.0,6794.75,6796.5,6793.75,6794.25,6794.61355293359,6795.374340907109,6801.450549033239,6881.25,6805.0,6843.125,6937.2024510499,6889.265701145029,6913.234076097469,6786.03230612422,0.0,0.0,0.0,0.0,0.0,0.0
1770352200.0,6794.75,6795.25,6788.75,6792.0,6793.0197379723,6794.123528176349,6800.85506480814,6881.25,6805.0,6843.125,6937.2024510499,6889.265701145029,6913.234076097469,6786.10357580396,0.0,0.0,0.0,0.0,0.0,0.0
1770352500.0,6791.75,6792.25,6785.75,6786.5,6789.3946982793495,6791.745427146189,6799.72847323455,6881.25,6805.0,6843.125,6937.2024510499,6889.265701145029,6913.234076097469,6786.132770827479,0.0,0.0,0.0,0.0,0.0,0.0
1770352800.0,6786.75,6789.0,6784.75,6788.5,6788.171518065619,6790.308864361999,6798.883945531949,6881.25,6805.0,6843.125,6937.2024510499,6889.265701145029,6913.234076097469,6786.14283994139,0.0,0.0,0.0,0.0,0.0,0.0
1770353100.0,6788.75,6790.5,6786.5,6787.5,6787.0519285029395,6788.91231872876,6797.9923938906795,6881.25,6805.0,6843.125,6937.2024510499,6889.265701145029,6913.234076097469,6786.15605326876,0.0,0.0,0.0,0.0,0.0,0.0
1770353400.0,6787.5,6788.5,6783.75,6784.25,6784.903399240109,6786.99447162809,6796.825231492119,6881.25,6805.0,6843.125,6937.2024510499,6889.265701145029,6913.234076097469,6786.15042866941,0.0,0.0,0.0,0.0,0.0,0.0
1770353700.0,6784.25,6788.0,6782.25,6787.75,6785.402272700209,6786.33049929906,6796.10028554535,6881.25,6805.0,6843.125,6937.2024510499,6889.265701145029,6913.234076097469,6786.14921209956,0.0,0.0,0.0,0.0,0.0,0.0
1770354000.0,6787.75,6790.5,6783.5,6787.25,6785.635515333,6785.71188941523,6795.373801775259,6881.25,6805.0,6843.125,6937.2024510499,6889.265701145029,6913.234076097469,6786.15730757017,0.0,0.0,0.0,0.0,0.0,0.0
1770354300.0,6787.25,6788.25,6783.75,6784.5,6784.571413625729,6784.57173742936,6794.413850844589,6881.25,6805.0,6843.125,6937.2024510499,6889.265701145029,6913.234076097469,6786.1540817981495,0.0,0.0,0.0,0.0,0.0,0.0
1770354600.0,6784.5,6789.0,6782.25,6789.0,6786.2051668849,6784.80516235714,6793.986799786549,6881.25,6805.0,6843.125,6937.2024510499,6889.265701145029,6913.234076097469,6786.158438955599,0.0,0.0,0.0,0.0,0.0,0.0
1770354900.0,6788.75,6790.75,6786.5,6786.75,6786.2466702128495,6784.4944742710595,6793.358051825249,6881.25,6805.0,6843.125,6937.2024510499,6889.265701145029,6913.234076097469,6786.16856597044,0.0,0.0,0.0,0.0,0.0,0.0
1770355200.0,6787.0,6792.0,6786.5,6790.25,6788.044651868219,6785.161452482899,6793.1364284600795,6881.25,6805.0,6843.125,6937.2024510499,6889.265701145029,6913.234076097469,6786.1989215758695,0.0,0.0,0.0,0.0,0.0,0.0
1770355500.0,6790.5,6793.0,6788.75,6792.75,6790.4486031201095,6786.38408698389,6793.19025699512,6881.25,6805.0,6843.125,6937.2024510499,6889.265701145029,6913.234076097469,6786.233461498729,0.0,0.0,0.0,0.0,0.0,0.0
1770355800.0,6792.75,6801.5,6792.25,6801.0,6795.9972110502695,6789.48866779041,6794.094514445729,6881.25,6805.0,6843.125,6937.2024510499,6889.265701145029,6913.234076097469,6786.42003513645,0.0,0.0,0.0,0.0,0.0,0.0
1770356100.0,6801.0,6805.75,6801.0,6804.75,6801.280850286559,6793.01658866659,6795.3239244437,6881.25,6805.0,6843.125,6937.2024510499,6889.265701145029,6913.234076097469,6786.5677934059295,0.0,0.0,0.0,0.0,0.0,0.0
1770356400.0,6805.0,6807.25,6804.0,6806.5,6805.32108026873,6796.37918868164,6796.647999713439,6881.25,6805.0,6843.125,6937.2024510499,6889.265701145029,6913.234076097469,6786.68109872225,0.0,0.0,0.0,0.0,0.0,0.0
1770356700.0,6806.5,6806.5,6804.0,6805.0,6806.90993215248,6798.779399027069,6797.723069169239,6881.25,6805.0,6843.125,6937.2024510499,6889.265701145029,6913.234076097469,6786.749016430929,0.0,0.0,0.0,0.0,0.0,0.0
1770357000.0,6805.5,6813.0,6805.5,6813.0,6811.543158396719,6802.732895931939,6799.54752090452,6881.25,6805.0,6843.125,6937.2024510499,6889.265701145029,6913.234076097469,6787.0090515291895,0.0,0.0,0.0,0.0,0.0,0.0
1770357300.0,6813.25,6813.5,6810.0,6810.25,6812.85090351696,6805.28199408361,6800.956438239479,6881.25,6805.0,6843.125,6937.2024510499,6889.265701145029,6913.234076097469,6787.165684656629,0.0,0.0,0.0,0.0,0.0,0.0
1770357600.0,6810.25,6815.75,6809.5,6812.0,6814.20918958106,6807.77534258088,6802.44278809716,6881.25,6805.0,6843.125,6937.2024510499,6889.265701145029,6913.234076097469,6787.37637141013,0.0,0.0,0.0,0.0,0.0,0.0
1770357900.0,6812.0,6815.25,6810.25,6812.0,6814.7624173411095,6809.777467336299,6803.81910382894,6881.25,6805.0,6843.125,6937.2024510499,6889.265701145029,6913.234076097469,6787.574765233169,0.0,0.0,0.0,0.0,0.0,0.0
1770358200.0,6811.75,6814.75,6811.0,6812.75,6815.18982022371,6811.552081140119,6805.16951173028,6881.25,6805.0,6843.125,6937.2024510499,6889.265701145029,6913.234076097469,6787.692808461669,0.0,0.0,0.0,0.0,0.0,0.0
1770358500.0,6812.75,6813.75,6810.25,6812.0,6814.83483230747,6812.759770781149,6806.339749406299,6881.25,6805.0,6843.125,6937.2024510499,6889.265701145029,6913.234076097469,6787.82431567404,0.0,0.0,0.0,0.0,0.0,0.0
1770358800.0,6812.0,6815.5,6811.25,6813.25,6814.991500387059,6813.992725401559,6807.54824829843,6881.25,6805.0,6843.125,6937.2024510499,6889.265701145029,6913.234076097469,6787.923632981319,0.0,0.0,0.0,0.0,0.0,0.0
1770359100.0,6813.5,6814.5,6809.5,6813.25,6814.89991085314,6814.933644455289,6808.66226606626,6881.25,6805.0,6843.125,6937.2024510499,6889.265701145029,6913.234076097469,6788.09819154229,0.0,0.0,0.0,0.0,0.0,0.0
1770359400.0,6813.0,6816.25,6810.25,6811.0,6813.57953944581,6815.07243150166,6809.455051887449,6881.25,6805.0,6843.125,6937.2024510499,6889.265701145029,6913.234076097469,6788.2518236447195,0.0,0.0,0.0,0.0,0.0,0.0
1770359700.0,6810.75,6811.75,6806.75,6806.75,6810.53671403008,6814.05249815937,6809.74178942625,6881.25,6805.0,6843.125,6937.2024510499,6889.265701145029,6913.234076097469,6788.369417207309,0.0,0.0,0.0,0.0,0.0,0.0
1770360000.0,6806.75,6807.75,6805.25,6807.0,6808.65215229305,6813.20036725644,6810.022830326479,6881.25,6805.0,6843.125,6937.2024510499,6889.265701145029,6913.234076097469,6788.45414223618,0.0,0.0,0.0,0.0,0.0,0.0
1770360300.0,6807.0,6807.75,6804.0,6807.0,6807.447398761819,6812.4331485474395,6810.2726692806,6881.25,6805.0,6843.125,6937.2024510499,6889.265701145029,6913.234076097469,6788.525549383619,0.0,0.0,0.0,0.0,0.0,0.0
1770360600.0,6807.0,6807.5,6803.75,6806.5,6806.46842220911,6811.6191701279395,6810.44176810313,6881.25,6805.0,6843.125,6937.2024510499,6889.265701145029,6913.234076097469,6788.611052927599,0.0,0.0,0.0,0.0,0.0,0.0
1770360900.0,6806.5,6807.25,6803.75,6805.25,6805.289109653219,6810.5870132339,6810.45827190552,6881.25,6805.0,6843.125,6937.2024510499,6889.265701145029,6913.234076097469,6788.682009936339,0.0,0.0,0.0,0.0,0.0,0.0
1770361200.0,6805.0,6805.75,6799.0,6800.25,6802.169560692269,6808.449282617819,6809.94537795989,6881.25,6805.0,6843.125,6937.2024510499,6889.265701145029,6913.234076097469,6788.798225624309,0.0,0.0,0.0,0.0,0.0,0.0
1770361500.0,6800.25,6804.25,6799.75,6801.0,6800.651687298359,6806.83803332737,6809.53493372503,6881.25,6805.0,6843.125,6937.2024510499,6889.265701145029,6913.234076097469,6788.8861953642,0.0,0.0,0.0,0.0,0.0,0.0
1770361800.0,6801.0,6801.5,6797.5,6801.25,6799.94851712933,6805.54860373664,6809.16861481592,6881.25,6805.0,6843.125,6937.2024510499,6889.265701145029,6913.234076097469,6788.9474769065,0.0,0.0,0.0,0.0,0.0,0.0
1770362100.0,6801.5,6804.25,6800.25,6801.25,6799.65001657199,6804.47141562846,6808.817961373389,6881.25,6805.0,6843.125,6937.2024510499,6889.265701145029,6913.234076097469,6789.00049422463,0.0,0.0,0.0,0.0,0.0,0.0
1770362400.0,6801.5,6808.5,6801.25,6804.0,6800.94455078122,6804.260240216219,6808.76656444506,6881.25,6805.0,6843.125,6937.2024510499,6889.265701145029,6913.234076097469,6789.1346541514395,0.0,0.0,0.0,0.0,0.0,0.0
1770362700.0,6804.0,6811.0,6804.0,6809.75,6804.69453082693,6805.51454105754,6809.3038252223,6881.25,6805.0,6843.125,6937.2024510499,6889.265701145029,6913.234076097469,6789.271612681289,0.0,0.0,0.0,0.0,0.0,0.0
1770363000.0,6809.75,6811.25,6808.5,6811.25,6807.876144969549,6806.92085421022,6809.94910305537,6881.25,6805.0,6843.125,6937.2024510499,6889.265701145029,6913.234076097469,6789.38791385618,0.0,0.0,0.0,0.0,0.0,0.0
1770363300.0,6811.0,6811.25,6806.5,6808.25,6808.42285873919,6807.32772765549,6810.229356645759,6881.25,6805.0,6843.125,6937.2024510499,6889.265701145029,6913.234076097469,6789.538747025789,0.0,0.0,0.0,0.0,0.0,0.0
1770363600.0,6808.25,6808.5,6805.5,6806.0,6807.61626241591,6807.091565404369,6810.247493694619,6881.25,6805.0,6843.125,6937.2024510499,6889.265701145029,6913.234076097469,6789.60344911993,0.0,0.0,0.0,0.0,0.0,0.0
1770363900.0,6805.5,6808.0,6803.5,6806.75,6807.41772724336,6807.0706125957795,6810.33202676122,6881.25,6805.0,6843.125,6937.2024510499,6889.265701145029,6913.234076097469,6789.703369250579,0.0,0.0,0.0,0.0,0.0,0.0
1770364200.0,6806.25,6807.75,6803.5,6806.75,6807.257825219969,6807.042551122269,6810.40089424284,6881.25,6805.0,6843.125,6937.2024510499,6889.265701145029,6913.234076097469,6789.7879064196295,0.0,0.0,0.0,0.0,0.0,0.0
1770364500.0,6806.5,6809.5,6806.5,6809.5,6808.472270577619,6807.69346687614,6810.7395369733495,6881.25,6805.0,6843.125,6937.2024510499,6889.265701145029,6913.234076097469,6789.914320823659,0.0,0.0,0.0,0.0,0.0,0.0
1770364800.0,6809.5,6810.25,6796.75,6802.5,6805.80030131256,6806.480074119219,6810.321243114149,6881.25,6805.0,6843.125,6937.2024510499,6889.265701145029,6913.234076097469,6790.19267439926,0.0,0.0,0.0,0.0,0.0,0.0
1770365100.0,6802.75,6809.5,6802.5,6809.25,6807.371970153729,6807.14765550997,6810.62053516777,6881.25,6805.0,6843.125,6937.2024510499,6889.265701145029,6913.234076097469,6790.4058313121695,0.0,0.0,0.0,0.0,0.0,0.0
1770365400.0,6809.5,6816.5,6808.5,6813.5,6810.44995238458,6808.74997128767,6811.3288710915795,6881.25,6805.0,6843.125,6937.2024510499,6889.265701145029,6913.234076097469,6790.75701488409,0.0,0.0,0.0,0.0,0.0,0.0
1770365700.0,6813.25,6817.75,6808.5,6809.5,6810.4194572998595,6809.068149294209,6811.564564344109,6881.25,6805.0,6843.125,6937.2024510499,6889.265701145029,6913.234076097469,6791.0853322985,0.0,0.0,0.0,0.0,0.0,0.0
1770366000.0,6809.25,6815.25,6809.0,6812.5,6811.793237659979,6810.062082793849,6812.0840851699895,6881.25,6805.0,6843.125,6937.2024510499,6889.265701145029,6913.234076097469,6791.23457084794,0.0,0.0,0.0,0.0,0.0,0.0
1770366300.0,6812.25,6815.5,6807.75,6807.75,6810.278787989119,6809.684965558579,6812.066326628779,6881.25,6805.0,6843.125,6937.2024510499,6889.265701145029,6913.234076097469,6791.460334564539,0.0,0.0,0.0,0.0,0.0,0.0
1770366600.0,6807.75,6811.5,6806.5,6807.25,6809.002837004269,6809.231368183429,6811.988237370129,6881.25,6805.0,6843.125,6937.2024510499,6889.265701145029,6913.234076097469,6791.6680259305695,0.0,0.0,0.0,0.0,0.0,0.0
1770366900.0,6807.25,6812.25,6807.0,6811.0,6809.989673553039,6809.77465285979,6812.293549422109,6881.25,6805.0,6843.125,6937.2024510499,6889.265701145029,6913.234076097469,6791.879795535009,0.0,0.0,0.0,0.0,0.0,0.0
1770367200.0,6810.25,6817.5,6805.25,6812.75,6811.45450892952,6810.6451468326895,6812.74871838276,6881.25,6805.0,6843.125,6937.2024510499,6889.265701145029,6913.234076097469,6792.285713583539,0.0,0.0,0.0,0.0,0.0,0.0
1770367500.0,6812.75,6813.25,6805.75,6812.75,6812.3501007551995,6811.34834466474,6813.162208269089,6881.25,6805.0,6843.125,6937.2024510499,6889.265701145029,6913.234076097469,6792.4433170188795,0.0,0.0,0.0,0.0,0.0,0.0
1770367800.0,6813.0,6820.75,6812.5,6815.75,6814.328297526959,6812.656581100629,6813.846849412749,6881.25,6805.0,6843.125,6937.2024510499,6889.265701145029,6913.234076097469,6792.730393601169,0.0,0.0,0.0,0.0,0.0,0.0
1770368100.0,6816.0,6819.0,6815.25,6816.25,6815.75842918664,6813.83940558552,6814.52494594886,6881.25,6805.0,6843.125,6937.2024510499,6889.265701145029,6913.234076097469,6792.878335716159,0.0,0.0,0.0,0.0,0.0,0.0
1770368400.0,6816.25,6817.5,6812.25,6813.5,6815.229150382829,6814.1056869332,6814.860661545989,6881.25,6805.0,6843.125,6937.2024510499,6889.265701145029,6913.234076097469,6793.10616910477,0.0,0.0,0.0,0.0,0.0,0.0
1770368700.0,6813.5,6823.75,6811.5,6822.5,6819.185865214249,6816.53470040267,6816.09229900161,6881.25,6805.0,6843.125,6937.2024510499,6889.265701145029,6913.234076097469,6793.5419750776,0.0,0.0,0.0,0.0,0.0,0.0
1770369000.0,6822.25,6831.5,6821.0,6830.75,6825.62442352271,6820.55961770671,6818.079042751429,6881.25,6805.0,6843.125,6937.2024510499,6889.265701145029,6913.234076097469,6794.13813324258,0.0,0.0,0.0,0.0,0.0,0.0
1770369300.0,6830.75,6832.25,6824.0,6828.75,6828.561080239179,6823.340599458869,6819.707357435949,6881.25,6805.0,6843.125,6937.2024510499,6889.265701145029,6913.234076097469,6794.968124495669,0.0,0.0,0.0,0.0,0.0,0.0
1770369600.0,6829.0,6836.25,6826.25,6834.5,6832.9748624001095,6827.007015782279,6821.8022041697695,6881.25,6805.0,6843.125,6937.2024510499,6889.265701145029,6913.234076097469,6796.15116264999,0.0,0.0,0.0,0.0,0.0,0.0
1770369900.0,6834.5,6839.0,6833.25,6838.0,6837.19810054466,6830.8332883411995,6824.097029069139,6881.25,6805.0,6843.125,6937.2024510499,6889.265701145029,6913.234076097469,6796.723062049199,0.0,0.0,0.0,0.0,0.0,0.0
1770370200.0,6837.75,6847.5,6837.75,6845.75,6843.3289785814395,6835.83436067309,6827.015585180299,6881.25,6805.0,6843.125,6937.2024510499,6889.265701145029,6913.234076097469,6797.93386723718,0.0,0.0,0.0,0.0,0.0,0.0
1770370500.0,6845.75,6848.75,6844.0,6848.0,6847.94032509857,6840.4217832454,6829.943813041449,6881.25,6805.0,6843.125,6937.2024510499,6889.265701145029,6913.234076097469,6798.894764558129,0.0,0.0,0.0,0.0,0.0,0.0
1770370800.0,6848.0,6848.75,6844.75,6848.25,6850.55256883906,6844.152307513779,6832.67227826399,6881.25,6805.0,6843.125,6937.2024510499,6889.265701145029,6913.234076097469,6799.791686836879,0.0,0.0,0.0,0.0,0.0,0.0
1770371100.0,6848.0,6848.0,6841.75,6843.75,6849.55917805819,6845.97979131349,6834.722111268859,6881.25,6805.0,6843.125,6937.2024510499,6889.265701145029,6913.234076097469,6800.39207935149,0.0,0.0,0.0,0.0,0.0,0.0
1770371400.0,6843.5,6846.5,6843.25,6845.75,6849.480541619129,6847.84489926214,6836.81125384197,6881.25,6805.0,6843.125,6937.2024510499,6889.265701145029,6913.234076097469,6800.70679522455,0.0,0.0,0.0,0.0,0.0,0.0
1770371700.0,6846.0,6846.0,6841.75,6843.25,6847.860593259779,6848.620759204239,6838.47058862021,6881.25,6805.0,6843.125,6937.2024510499,6889.265701145029,6913.234076097469,6801.05234701878,0.0,0.0,0.0,0.0,0.0,0.0
1770372000.0,6843.0,6843.25,6838.25,6838.75,6844.34708308055,6848.00054820421,6839.522498431829,6881.25,6805.0,6843.125,6937.2024510499,6889.265701145029,6913.234076097469,6801.353770365779,0.0,0.0,0.0,0.0,0.0,0.0
1770372300.0,6838.75,6841.75,6837.0,6841.5,6843.25469764352,6848.03710283203,6840.7583675765,6881.25,6805.0,6843.125,6937.2024510499,6889.265701145029,6913.234076097469,6801.712165612779,0.0,0.0,0.0,0.0,0.0,0.0
1770372600.0,6841.25,6842.5,6838.0,6839.75,6841.5914985788095,6847.50629858047,6841.6997429126395,6881.25,6805.0,6843.125,6937.2024510499,6889.265701145029,6913.234076097469,6801.93800165385,0.0,0.0,0.0,0.0,0.0,0.0
1770372900.0,6839.75,6841.25,6838.25,6840.25,6840.710283650829,6847.074547487339,6842.59948586204,6881.25,6805.0,6843.125,6937.2024510499,6889.265701145029,6913.234076097469,6802.11985440346,0.0,0.0,0.0,0.0,0.0,0.0
1770373200.0,6840.25,6844.25,6837.25,6838.25,6839.149408684139,6846.11207730691,6843.20189468807,6881.25,6805.0,6843.125,6937.2024510499,6889.265701145029,6913.234076097469,6802.44290553185,0.0,0.0,0.0,0.0,0.0,0.0
1770373500.0,6838.25,6838.75,6835.5,6836.75,6837.431683504709,6844.84514086877,6843.57943666969,6881.25,6805.0,6843.125,6937.2024510499,6889.265701145029,6913.234076097469,6802.69619747593,0.0,0.0,0.0,0.0,0.0,0.0
1770373800.0,6836.75,6839.75,6835.0,6839.25,6837.60284096698,6844.33268499488,6844.161477467929,6881.25,6805.0,6843.125,6937.2024510499,6889.265701145029,6913.234076097469,6802.90523829574,0.0,0.0,0.0,0.0,0.0,0.0
1770374100.0,6839.25,6842.25,6839.0,6842.0,6839.1184832379895,6844.515596522439,6844.95966082194,6881.25,6805.0,6843.125,6937.2024510499,6889.265701145029,6913.234076097469,6803.07168561191,0.0,0.0,0.0,0.0,0.0,0.0
1770374400.0,6842.0,6846.25,6842.0,6843.75,6840.985927068969,6845.0301621052795,6845.85543998634,6881.25,6805.0,6843.125,6937.2024510499,6889.265701145029,6913.234076097469,6803.378384918249,0.0,0.0,0.0,0.0,0.0,0.0
1770374700.0,6843.75,6846.25,6841.75,6845.75,6843.1653917237,6845.88388798874,6846.867662709609,6881.25,6805.0,6843.125,6937.2024510499,6889.265701145029,6913.234076097469,6803.54428169293,0.0,0.0,0.0,0.0,0.0,0.0
1770375000.0,6845.75,6847.75,6845.0,6847.25,6845.2626235823,6846.894684428339,6847.936251078059,6881.25,6805.0,6843.125,6937.2024510499,6889.265701145029,6913.234076097469,6803.769199059249,0.0,0.0,0.0,0.0,0.0,0.0
1770375300.0,6847.5,6850.0,6847.25,6849.25,6847.51553914732,6848.1594937771,6849.10864021624,6881.25,6805.0,6843.125,6937.2024510499,6889.265701145029,6913.234076097469,6804.08184236532,0.0,0.0,0.0,0.0,0.0,0.0
1770375600.0,6849.0,6856.75,6848.5,6854.25,6851.29973723811,6850.379144843039,6850.68728463873,6881.25,6805.0,6843.125,6937.2024510499,6889.265701145029,6913.234076097469,6804.8232508428,0.0,0.0,0.0,0.0,0.0,0.0
1770375900.0,6854.25,6857.0,6852.25,6854.25,6853.577997482729,6852.140421295369,6852.126326138169,6881.25,6805.0,6843.125,6937.2024510499,6889.265701145029,6913.234076097469,6805.25006977609,0.0,0.0,0.0,0.0,0.0,0.0
1770376200.0,6854.25,6859.0,6854.25,6858.5,6856.92765450481,6854.57478970495,6853.874203640569,6881.25,6805.0,6843.125,6937.2024510499,6889.265701145029,6913.234076097469,6805.634043065629,0.0,0.0,0.0,0.0,0.0,0.0
1770376500.0,6858.5,6859.75,6856.5,6858.5,6858.858081110619,6856.50318647428,6855.46926449243,6881.25,6805.0,6843.125,6937.2024510499,6889.265701145029,6913.234076097469,6805.9852643246095,0.0,0.0,0.0,0.0,0.0,0.0
1770376800.0,6858.5,6861.75,6857.5,6858.0,6859.614232727399,6857.88368307338,6856.869803005239,6881.25,6805.0,6843.125,6937.2024510499,6889.265701145029,6913.234076097469,6806.4707004541,0.0,0.0,0.0,0.0,0.0,0.0
1770377100.0,6857.75,6858.75,6855.5,6856.75,6859.25960191984,6858.62230946372,6858.011356133539,6881.25,6805.0,6843.125,6937.2024510499,6889.265701145029,6913.234076097469,6806.76804580463,0.0,0.0,0.0,0.0,0.0,0.0
1770377400.0,6856.5,6860.0,6853.25,6857.25,6859.077055299639,6859.2661650529,6859.092585462819,6881.25,6805.0,6843.125,6937.2024510499,6889.265701145029,6913.234076097469,6807.29359548245,0.0,0.0,0.0,0.0,0.0,0.0
1770377700.0,6857.25,6865.0,6857.0,6862.75,6861.47898418948,6861.077378651499,6860.63428050245,6881.25,6805.0,6843.125,6937.2024510499,6889.265701145029,6913.234076097469,6808.024313921819,0.0,0.0,0.0,0.0,0.0,0.0
1770378000.0,6862.5,6865.5,6862.25,6862.75,6862.852532062399,6862.4850483051,6862.03523862987,6881.25,6805.0,6843.125,6937.2024510499,6889.265701145029,6913.234076097469,6808.56755512104,0.0,0.0,0.0,0.0,0.0,0.0
1770378300.0,6862.5,6864.0,6860.75,6862.25,6863.311879619369,6863.43260018819,6863.25312512609,6881.25,6805.0,6843.125,6937.2024510499,6889.265701145029,6913.234076097469,6808.91026634848,0.0,0.0,0.0,0.0,0.0,0.0
1770378600.0,6862.25,6864.75,6860.0,6864.25,6864.4148894316995,6864.62156869103,6864.558804591749,6881.25,6805.0,6843.125,6937.2024510499,6889.265701145029,6913.234076097469,6809.331769413509,0.0,0.0,0.0,0.0,0.0,0.0
1770378900.0,6864.0,6870.0,6863.75,6865.75,6865.695422182829,6865.88618484789,6865.89410115364,6881.25,6805.0,6843.125,6937.2024510499,6889.265701145029,6913.234076097469,6810.238422607869,0.0,0.0,0.0,0.0,0.0,0.0
1770379200.0,6865.5,6866.75,6862.5,6864.75,6865.87010789505,6866.591303159749,6866.998157504449,6881.25,6805.0,6843.125,6937.2024510499,6889.265701145029,6913.234076097469,6810.843453628499,0.0,0.0,0.0,0.0,0.0,0.0
1770379500.0,6865.0,6867.5,6861.5,6862.0,6864.493471746119,6866.39976646348,6867.706029824049,6881.25,6805.0,6843.125,6937.2024510499,6889.265701145029,6913.234076097469,6811.349079332789,0.0,0.0,0.0,0.0,0.0,0.0
1770379800.0,6861.75,6862.0,6856.0,6856.5,6860.8177811897895,6864.787781129329,6867.76124672061,6881.25,6805.0,6843.125,6937.2024510499,6889.265701145029,6913.234076097469,6811.91095219375,0.0,0.0,0.0,0.0,0.0,0.0
1770380100.0,6856.25,6861.75,6853.25,6857.75,6859.034704345219,6863.690435259,6867.907696501479,6881.25,6805.0,6843.125,6937.2024510499,6889.265701145029,6913.234076097469,6812.41682804158,0.0,0.0,0.0,0.0,0.0,0.0
1770380400.0,6857.25,6859.25,6855.5,6857.5,6857.79380807815,6862.65692616594,6867.984565846999,6881.25,6805.0,6843.125,6937.2024510499,6889.265701145029,6913.234076097469,6812.762554834139,0.0,0.0,0.0,0.0,0.0,0.0
1770380700.0,6857.25,6857.5,6854.25,6855.25,6855.955211013899,6861.18838223666,6867.790624352459,6881.25,6805.0,6843.125,6937.2024510499,6889.265701145029,6913.234076097469,6813.046412724119,0.0,0.0,0.0,0.0,0.0,0.0
1770381000.0,6855.0,6861.25,6853.5,6854.25,6854.37216354806,6859.681184395549,6867.47481436361,6881.25,6805.0,6843.125,6937.2024510499,6889.265701145029,6913.234076097469,6813.40662103813,0.0,0.0,0.0,0.0,0.0,0.0
1770381300.0,6854.0,6855.5,6851.5,6852.25,6852.49161710469,6857.90399259263,6866.94321237547,6881.25,6805.0,6843.125,6937.2024510499,6889.265701145029,6913.234076097469,6813.870701639379,0.0,0.0,0.0,0.0,0.0,0.0
1770381600.0,6852.25,6857.75,6851.25,6854.5,6852.518395078079,6856.971425125929,6866.65125662588,6881.25,6805.0,6843.125,6937.2024510499,6889.265701145029,6913.234076097469,6814.20253956037,0.0,0.0,0.0,0.0,0.0,0.0
1770381900.0,6854.75,6857.5,6853.5,6854.0,6852.426791082989,6856.06181971975,6866.29887339942,6881.25,6805.0,6843.125,6937.2024510499,6889.265701145029,6913.234076097469,6814.44837693451,0.0,0.0,0.0,0.0,0.0,0.0
1770382200.0,6853.75,6854.0,6845.5,6846.75,6848.950688006879,6853.49883190064,6865.19350422747,6881.25,6805.0,6843.125,6937.2024510499,6889.265701145029,6913.234076097469,6814.73933446015,0.0,0.0,0.0,0.0,0.0,0.0
1770382500.0,6847.0,6852.75,6846.75,6850.0,6848.45563061714,6852.190593426049,6864.47448593025,6881.25,6805.0,6843.125,6937.2024510499,6889.265701145029,6913.234076097469,6814.998258636339,0.0,0.0,0.0,0.0,0.0,0.0
1770382800.0,6850.25,6852.75,6848.5,6849.0,6847.814709542419,6850.872673616999,6863.67676315428,6881.25,6805.0,6843.125,6937.2024510499,6889.265701145029,6913.234076097469,6815.2553399588,0.0,0.0,0.0,0.0,0.0,0.0
1770383100.0,6848.75,6851.0,6846.75,6848.75,6847.43724437641,6849.739991603569,6862.884568177539,6881.25,6805.0,6843.125,6937.2024510499,6889.265701145029,6913.234076097469,6815.50015330512,0.0,0.0,0.0,0.0,0.0,0.0
1770383400.0,6848.75,6855.75,6846.75,6854.75,6850.268427057929,6850.320578520609,6862.7447228314595,6881.25,6805.0,6843.125,6937.2024510499,6889.265701145029,6913.234076097469,6815.789287759149,0.0,0.0,0.0,0.0,0.0,0.0
1770383700.0,6854.75,6858.75,6850.25,6858.5,6854.009847022039,6851.7583781780795,6862.9798055272995,6881.25,6805.0,6843.125,6937.2024510499,6889.265701145029,6913.234076097469,6816.107899908519,0.0,0.0,0.0,0.0,0.0,0.0
1770384000.0,6858.25,6864.0,6857.75,6862.75,6858.49812202238,6854.023475035299,6863.61566956707,6881.25,6805.0,6843.125,6937.2024510499,6889.265701145029,6913.234076097469,6816.6490209678095,0.0,0.0,0.0,0.0,0.0,0.0
1770384300.0,6863.0,6863.75,6857.25,6858.25,6859.10802122507,6854.78692329909,6863.719933874339,6881.25,6805.0,6843.125,6937.2024510499,6889.265701145029,6913.234076097469,6816.94968382145,0.0,0.0,0.0,0.0,0.0,0.0
1770384600.0,6858.25,6864.5,6858.0,6859.75,6860.12189833247,6855.7942841001395,6863.95026882929,6881.25,6805.0,6843.125,6937.2024510499,6889.265701145029,6913.234076097469,6817.34914397736,0.0,0.0,0.0,0.0,0.0,0.0
1770384900.0,6859.75,6863.5,6849.5,6859.25,6860.41419372126,6856.5019755310395,6864.091471168679,6881.25,6805.0,6843.125,6937.2024510499,6889.265701145029,6913.234076097469,6818.11581398529,0.0,0.0,0.0,0.0,0.0,0.0
1770385200.0,6859.0,6861.75,6854.5,6856.0,6858.90332699992,6856.27457321285,6863.865892926129,6881.25,6805.0,6843.125,6937.2024510499,6889.265701145029,6913.234076097469,6818.61603110914,0.0,0.0,0.0,0.0,0.0,0.0
1770385500.0,6855.75,6858.75,6855.25,6858.25,6858.9491448012095,6856.641784831209,6863.86827975865,6881.25,6805.0,6843.125,6937.2024510499,6889.265701145029,6913.234076097469,6818.89924654439,0.0,0.0,0.0,0.0,0.0,0.0
1770385800.0,6858.0,6859.0,6852.25,6855.25,6857.45362686834,6856.195201251649,6863.54055874557,6881.25,6805.0,6843.125,6937.2024510499,6889.265701145029,6913.234076097469,6819.17537056054,0.0,0.0,0.0,0.0,0.0,0.0
1770386100.0,6855.25,6858.25,6853.25,6857.0,6857.312849889659,6856.2582748409695,6863.397459627479,6881.25,6805.0,6843.125,6937.2024510499,6889.265701145029,6913.234076097469,6819.56091004258,0.0,0.0,0.0,0.0,0.0,0.0
1770386400.0,6856.75,6858.25,6854.0,6856.75,6857.083838286179,6856.24673807175,6863.21995587324,6881.25,6805.0,6843.125,6937.2024510499,6889.265701145029,6913.234076097469,6819.89794123921,0.0,0.0,0.0,0.0,0.0,0.0
1770386700.0,6856.75,6861.75,6856.0,6859.0,6858.02479705528,6856.79568255214,6863.26944277584,6881.25,6805.0,6843.125,6937.2024510499,6889.265701145029,6913.234076097469,6820.38848118855,0.0,0.0,0.0,0.0,0.0,0.0
1770387000.0,6858.75,6859.75,6856.0,6858.25,6858.244722566709,6857.060944303869,6863.22039786947,6881.25,6805.0,6843.125,6937.2024510499,6889.265701145029,6913.234076097469,6820.6859485532395,0.0,0.0,0.0,0.0,0.0,0.0
1770387300.0,6858.5,6861.25,6856.0,6861.0,6859.7026490165,6857.9607163581895,6863.441927384039,6881.25,6805.0,6843.125,6937.2024510499,6889.265701145029,6913.234076097469,6820.993601571189,0.0,0.0,0.0,0.0,0.0,0.0
1770387600.0,6861.25,6861.75,6857.5,6858.0,6859.133186403809,6857.95264217099,6863.321067092669,6881.25,6805.0,6843.125,6937.2024510499,6889.265701145029,6913.234076097469,6821.333959669129,0.0,0.0,0.0,0.0,0.0,0.0
1770387900.0,6857.75,6861.0,6852.75,6856.25,6857.87385921162,6857.503697522569,6863.01141220063,6881.25,6805.0,6843.125,6937.2024510499,6889.265701145029,6913.234076097469,6822.3333647932595,0.0,0.0,0.0,0.0,0.0,0.0
1770388200.0,6856.25,6886.75,6850.25,6879.5,6868.397300509019,6862.9094058609,6865.11083557774,,,,6852.6159426942495,6819.19417769105,6835.905060192649,6829.1515585670295,0.0,0.0,0.0,0.0,0.0,0.0
1770388500.0,6879.75,6892.5,6877.0,6889.0,6879.655902974099,6869.7224520071895,6868.028766335459,,,,6852.6159426942495,6819.19417769105,6835.905060192649,6835.22387377625,0.0,0.0,0.0,0.0,0.0,0.0
1770388800.0,6888.75,6897.5,6881.25,6897.25,6890.57276607686,6877.359060080919,6871.576941794509,,,,6852.6159426942495,6819.19417769105,6835.905060192649,6840.10138386943,0.0,0.0,0.0,0.0,0.0,0.0
1770389100.0,6897.5,6900.5,6891.5,6897.25,6897.06472273481,6883.59200024862,6874.85621597475,,,,6852.6159426942495,6819.19417769105,6835.905060192649,6844.266435398379,0.0,0.0,0.0,0.0,0.0,0.0
1770389400.0,6897.25,6907.25,6895.0,6895.5,6899.763446018719,6888.20023639566,6877.70227037683,,,,6852.6159426942495,6819.19417769105,6835.905060192649,6847.29970065769,0.0,0.0,0.0,0.0,0.0,0.0
1770389700.0,6895.5,6896.0,6887.5,6890.25,6898.315259025429,6890.574806443839,6879.781759380559,,,,6852.6159426942495,6819.19417769105,6835.905060192649,6849.4174714540095,0.0,0.0,0.0,0.0,0.0,0.0
1770390000.0,6890.0,6893.25,6879.0,6882.75,6893.185943345329,6890.533822339639,6880.91445052562,,,,6852.6159426942495,6819.19417769105,6835.905060192649,6851.31207511704,0.0,0.0,0.0,0.0,0.0,0.0
1770390300.0,6882.75,6891.5,6875.75,6881.75,6889.01385106154,6890.11487620127,6881.837895707819,,,,6852.6159426942495,6819.19417769105,6835.905060192649,6852.875203930669,0.0,0.0,0.0,0.0,0.0,0.0
1770390600.0,6881.5,6897.0,6878.5,6879.25,6884.871643945689,6889.01911595315,6882.41149127781,,,,6852.6159426942495,6819.19417769105,6835.905060192649,6854.429538109939,0.0,0.0,0.0,0.0,0.0,0.0
1770390900.0,6879.25,6892.5,6872.75,6889.75,6887.214554424299,6890.60771734437,6884.0034775982795,,,,6852.6159426942495,6819.19417769105,6835.905060192649,6855.766867785859,0.0,0.0,0.0,0.0,0.0,0.0
1770391200.0,6890.0,6899.75,6880.75,6885.5,6886.5484659861095,6890.75192149961,6885.017541122909,,,,6852.6159426942495,6819.19417769105,6835.905060192649,6857.21301798052,0.0,0.0,0.0,0.0,0.0,0.0
1770391500.0,6885.5,6900.0,6883.0,6898.5,6892.3786555722,6893.99445812192,6887.276767952009,,,,6852.6159426942495,6819.19417769105,6835.905060192649,6858.301564413479,0.0,0.0,0.0,0.0,0.0,0.0
1770391800.0,6898.5,6905.5,6891.0,6903.5,6898.42557054518,6897.8059799986795,6889.866193211939,6907.25,6850.25,6878.75,6852.6159426942495,6819.19417769105,6835.905060192649,6859.73605616976,0.0,0.0,0.0,0.0,0.0,0.0
1770392100.0,6903.5,6905.0,6899.75,6903.0,6901.83116519472,6900.7091788824,6892.19282221866,6907.25,6850.25,6878.75,6852.6159426942495,6819.19417769105,6835.905060192649,6860.675098500589,0.0,0.0,0.0,0.0,0.0,0.0
1770392400.0,6903.0,6909.5,6901.25,6905.75,6905.073572673519,6903.6606261979,6894.609677853819,6907.25,6850.25,6878.75,6852.6159426942495,6819.19417769105,6835.905060192649,6861.602311172,0.0,0.0,0.0,0.0,0.0,0.0
1770392700.0,6905.75,6912.75,6900.25,6901.25,6904.64862936174,6904.842233497459,6896.359812410609,6907.25,6850.25,6878.75,6852.6159426942495,6819.19417769105,6835.905060192649,6862.75443073078,0.0,0.0,0.0,0.0,0.0,0.0
1770393000.0,6901.25,6902.0,6885.5,6887.0,6897.1370075147,6902.13442526305,6896.48123697142,6907.25,6850.25,6878.75,6852.6159426942495,6819.19417769105,6835.905060192649,6863.620149542159,0.0,0.0,0.0,0.0,0.0,0.0
1770393300.0,6887.0,6901.25,6885.25,6899.75,6898.391118869599,6902.93874482431,6897.878953582979,6907.25,6850.25,6878.75,6852.6159426942495,6819.19417769105,6835.905060192649,6864.390290190049,0.0,0.0,0.0,0.0,0.0,0.0
1770393600.0,6899.75,6911.0,6896.0,6911.0,6904.607729091999,6906.28457839341,6900.30849028926,6907.25,6850.25,6878.75,6852.6159426942495,6819.19417769105,6835.905060192649,6865.370217576439,0.0,0.0,0.0,0.0,0.0,0.0
1770393900.0,6911.25,6915.25,6907.5,6913.25,6909.54774943872,6909.489359061539,6902.766374500299,6907.25,6850.25,6878.75,6852.6159426942495,6819.19417769105,6835.905060192649,6866.533670950759,0.0,0.0,0.0,0.0,0.0,0.0
1770394200.0,6913.25,6916.0,6911.0,6915.75,6913.706011657509,6912.63092375616,6905.2752176697895,6907.25,6850.25,6878.75,6852.6159426942495,6819.19417769105,6835.905060192649,6867.242666239769,0.0,0.0,0.0,0.0,0.0,0.0
1770394500.0,6915.75,6917.25,6910.0,6913.0,6914.7459063507895,6914.40679693853,6907.287546846101,6907.25,6850.25,6878.75,6852.6159426942495,6819.19417769105,6835.905060192649,6867.9334799648395,0.0,0.0,0.0,0.0,0.0,0.0
1770394800.0,6913.0,6919.25,6912.0,6914.75,6915.9770805721,6916.16922130209,6909.30228202337,6907.25,6850.25,6878.75,6852.6159426942495,6819.19417769105,6835.905060192649,6868.661964367479,0.0,0.0,0.0,0.0,0.0,0.0
1770395100.0,6914.75,6915.25,6907.75,6913.0,6915.642331148159,6917.04978751736,6910.956667198379,6907.25,6850.25,6878.75,6852.6159426942495,6819.19417769105,6835.905060192649,6869.3533818694295,0.0,0.0,0.0,0.0,0.0,0.0
1770395400.0,6913.25,6919.0,6912.25,6919.0,6918.119504108769,6919.130800397919,6913.07637966265,6907.25,6850.25,6878.75,6852.6159426942495,6819.19417769105,6835.905060192649,6869.945195632549,0.0,0.0,0.0,0.0,0.0,0.0
1770395700.0,6919.0,6922.25,6917.0,6919.5,6919.72579930949,6920.83713594235,6915.0595963284795,6907.25,6850.25,6878.75,6852.6159426942495,6819.19417769105,6835.905060192649,6870.6738803565395,0.0,0.0,0.0,0.0,0.0,0.0
1770396000.0,6919.5,6922.25,6916.0,6919.25,6920.403344001789,6922.046355879,6916.8375660845495,6907.25,6850.25,6878.75,6852.6159426942495,6819.19417769105,6835.905060192649,6871.19267475373,0.0,0.0,0.0,0.0,0.0,0.0
1770396300.0,6919.25,6921.5,6917.25,6920.25,6921.10967703378,6923.156854717439,6918.5532405594695,6907.25,6850.25,6878.75,6852.6159426942495,6819.19417769105,6835.905060192649,6871.58179345555,0.0,0.0,0.0,0.0,0.0,0.0
1770396600.0,6920.25,6922.25,6918.75,6920.0,6921.24441364408,6923.87756887002,6920.081260307459,6907.25,6850.25,6878.75,6852.6159426942495,6819.19417769105,6835.905060192649,6871.94475330954,0.0,0.0,0.0,0.0,0.0,0.0
1770396900.0,6919.75,6920.0,6911.0,6916.5,6919.4505249698595,6923.47168317776,6921.09845020531,6907.25,6850.25,6878.75,6852.6159426942495,6819.19417769105,6835.905060192649,6872.482434570369,0.0,0.0,0.0,0.0,0.0,0.0
1770397200.0,6916.5,6920.25,6913.5,6920.25,6920.006140372319,6923.9450318419495,6922.3899011289495,6907.25,6850.25,6878.75,6852.6159426942495,6819.19417769105,6835.905060192649,6873.000213939849,0.0,0.0,0.0,0.0,0.0,0.0
1770397500.0,6920.25,6926.25,6920.0,6923.5,6921.8548687372095,6925.0281592559795,6923.88467024199,6907.25,6850.25,6878.75,6852.6159426942495,6819.19417769105,6835.905060192649,6873.522689214469,0.0,0.0,0.0,0.0,0.0,0.0
1770397800.0,6923.75,6926.25,6919.0,6921.5,6921.962564239009,6925.31314515291,6925.02563132771,6907.25,6850.25,6878.75,6852.6159426942495,6819.19417769105,6835.905060192649,6874.0245006530395,0.0,0.0,0.0,0.0,0.0,0.0
1770398100.0,6921.5,6924.75,6918.0,6922.5,6922.419950068819,6925.6884471842895,6926.1475468666895,6907.25,6850.25,6878.75,6852.6159426942495,6819.19417769105,6835.905060192649,6874.41573232019,0.0,0.0,0.0,0.0,0.0,0.0
1770398400.0,6922.5,6922.75,6919.5,6922.0,6922.381449619719,6925.7707314277395,6927.09672105557,6907.25,6850.25,6878.75,6852.6159426942495,6819.19417769105,6835.905060192649,6874.72352003095,0.0,0.0,0.0,0.0,0.0,0.0
1770398700.0,6922.0,6927.25,6921.5,6927.0,6924.722007845549,6926.98424081704,6928.453853653759,6907.25,6850.25,6878.75,6852.6159426942495,6819.19417769105,6835.905060192649,6875.08877033838,0.0,0.0,0.0,0.0,0.0,0.0
1770399000.0,6927.0,6931.0,6926.75,6929.0,6927.11144999471,6928.389802883989,6929.88023309251,6907.25,6850.25,6878.75,6852.6159426942495,6819.19417769105,6835.905060192649,6875.647686231249,0.0,0.0,0.0,0.0,0.0,0.0
1770399300.0,6928.75,6929.0,6920.5,6922.25,6925.23052712914,6927.7779648387495,6930.46638805129,6907.25,6850.25,6878.75,6852.6159426942495,6819.19417769105,6835.905060192649,6876.108735130159,0.0,0.0,0.0,0.0,0.0,0.0
1770399600.0,6922.25,6927.25,6921.75,6927.0,6926.24494913701,6928.3631883279895,6931.46004940885,6907.25,6850.25,6878.75,6852.6159426942495,6819.19417769105,6835.905060192649,6876.378091044409,0.0,0.0,0.0,0.0,0.0,0.0
1770399900.0,6927.25,6932.25,6927.25,6931.0,6928.77032823817,6929.75724458807,6932.755403467129,6907.25,6850.25,6878.75,6852.6159426942495,6819.19417769105,6835.905060192649,6876.85586035095,0.0,0.0,0.0,0.0,0.0,0.0
1770400200.0,6931.25,6937.5,6929.5,6932.75,6931.142515318669,6931.26107529005,6934.098725500649,6907.25,6850.25,6878.75,6852.6159426942495,6819.19417769105,6835.905060192649,6877.545903618429,0.0,0.0,0.0,0.0,0.0,0.0
1770400500.0,6932.75,6934.25,6931.5,6931.5,6931.920420505679,6932.10817767864,6935.17642948224,6907.25,6850.25,6878.75,6852.6159426942495,6819.19417769105,6835.905060192649,6877.8983565031995,0.0,0.0,0.0,0.0,0.0,0.0
1770400800.0,6931.5,6937.25,6931.5,6936.75,6934.83978785971,6934.029024120469,6936.6789599820495,6907.25,6850.25,6878.75,6852.6159426942495,6819.19417769105,6835.905060192649,6878.291936160879,0.0,0.0,0.0,0.0,0.0,0.0
1770401100.0,6937.0,6937.25,6931.25,6933.0,6934.72125133557,6934.59800639207,6937.6461508270395,6907.25,6850.25,6878.75,6852.6159426942495,6819.19417769105,6835.905060192649,6878.657214547729,0.0,0.0,0.0,0.0,0.0,0.0
1770401400.0,6933.25,6935.5,6931.75,6932.5,6934.241865813619,6934.857747020519,6938.45142948972,6907.25,6850.25,6878.75,6852.6159426942495,6819.19417769105,6835.905060192649,6878.951655111469,0.0,0.0,0.0,0.0,0.0,0.0
1770401700.0,6932.5,6934.25,6928.25,6933.75,6934.41564677258,6935.30088257786,6939.28726792989,6907.25,6850.25,6878.75,6852.6159426942495,6819.19417769105,6835.905060192649,6879.27065375198,0.0,0.0,0.0,0.0,0.0,0.0
1770402000.0,6933.75,6936.75,6930.75,6931.25,6933.20045057585,6934.966863247159,6939.764195203919,6907.25,6850.25,6878.75,6852.6159426942495,6819.19417769105,6835.905060192649,6879.621312452619,0.0,0.0,0.0,0.0,0.0,0.0
1770402300.0,6931.0,6932.0,6928.0,6931.75,6932.5888748752595,6934.741771676019,6940.2178867493,6907.25,6850.25,6878.75,6852.6159426942495,6819.19417769105,6835.905060192649,6879.92197698683,0.0,0.0,0.0,0.0,0.0,0.0
1770402600.0,6931.75,6934.5,6931.0,6931.75,6932.15124574254,6934.48881671388,6940.598850550499,6907.25,6850.25,6878.75,6852.6159426942495,6819.19417769105,6835.905060192649,6880.22463365877,0.0,0.0,0.0,0.0,0.0,0.0
1770402900.0,6931.75,6936.25,6931.5,6935.25,6933.552980716449,6935.08915957002,6941.27454430473,6907.25,6850.25,6878.75,6852.6159426942495,6819.19417769105,6835.905060192649,6880.450507224499,0.0,0.0,0.0,0.0,0.0,0.0
1770403200.0,6935.25,6936.75,6934.0,6935.25,6934.42026582992,6935.527855566769,6941.86301312427,6907.25,6850.25,6878.75,6852.6159426942495,6819.19417769105,6835.905060192649,6880.669809662169,0.0,0.0,0.0,0.0,0.0,0.0
1770403500.0,6935.25,6937.75,6935.0,6937.5,6936.02835283642,6936.39421926387,6942.60333754484,6907.25,6850.25,6878.75,6852.6159426942495,6819.19417769105,6835.905060192649,6880.93330143195,0.0,0.0,0.0,0.0,0.0,0.0
1770403800.0,6937.25,6938.75,6935.5,6935.75,6936.1422625407695,6936.6202119665695,6943.071780763469,6907.25,6850.25,6878.75,6852.6159426942495,6819.19417769105,6835.905060192649,6881.23941231545,0.0,0.0,0.0,0.0,0.0,0.0
1770404100.0,6935.75,6936.5,6931.5,6932.25,6934.44016875686,6935.883209192069,6943.10694128247,6907.25,6850.25,6878.75,6852.6159426942495,6819.19417769105,6835.905060192649,6881.511739167409,0.0,0.0,0.0,0.0,0.0,0.0
1770404400.0,6932.5,6936.0,6931.5,6935.75,6935.01977759041,6936.09640807019,6943.463437284309,6907.25,6850.25,6878.75,6852.6159426942495,6819.19417769105,6835.905060192649,6881.80629944625,0.0,0.0,0.0,0.0,0.0,0.0
1770404700.0,6935.75,6936.5,6933.25,6934.25,6934.6371806247,6935.856373349,6943.602636465779,6907.25,6850.25,6878.75,6852.6159426942495,6819.19417769105,6835.905060192649,6882.026847909259,0.0,0.0,0.0,0.0,0.0,0.0
1770405000.0,6934.5,6935.5,6931.0,6931.25,6932.9106269292,6934.8722372782195,6943.3854070628595,6907.25,6850.25,6878.75,6852.6159426942495,6819.19417769105,6835.905060192649,6882.2203525839095,0.0,0.0,0.0,0.0,0.0,0.0
1770405300.0,6931.0,6933.0,6929.5,6931.25,6931.814243956949,6934.02543000634,6943.147728205549,6907.25,6850.25,6878.75,6852.6159426942495,6819.19417769105,6835.905060192649,6882.468193713699,0.0,0.0,0.0,0.0,0.0,0.0
1770405600.0,6931.0,6937.5,6930.75,6936.25,6933.59001827246,6934.542863451449,6943.408868832909,6907.25,6850.25,6878.75,6852.6159426942495,6819.19417769105,6835.905060192649,6882.72893702612,0.0,0.0,0.0,0.0,0.0,0.0
1770405900.0,6936.5,6937.25,6934.75,6937.25,6935.240936444309,6935.1962153163495,6943.72119803153,6907.25,6850.25,6878.75,6852.6159426942495,6819.19417769105,6835.905060192649,6882.95616620407,0.0,0.0,0.0,0.0,0.0,0.0
1770406200.0,6937.25,6938.0,6934.0,6934.5,6934.94630528918,6935.0287319420695,6943.694091755289,6907.25,6850.25,6878.75,6852.6159426942495,6819.19417769105,6835.905060192649,6883.27614795435,0.0,0.0,0.0,0.0,0.0,0.0
1770406500.0,6934.25,6936.0,6933.5,6934.5,6934.73862407646,6934.8678811849995,6943.63628987826,6907.25,6850.25,6878.75,6852.6159426942495,6819.19417769105,6835.905060192649,6883.4681510768,0.0,0.0,0.0,0.0,0.0,0.0
1770406800.0,6934.25,6934.25,6931.25,6932.0,6933.375151087759,6934.09377055526,6943.29236017477,6907.25,6850.25,6878.75,6852.6159426942495,6819.19417769105,6835.905060192649,6883.778282407779,0.0,0.0,0.0,0.0,0.0,0.0
1770407100.0,6932.0,6940.0,6932.0,6938.75,6935.80471269188,6935.117476444159,6943.639406503849,6907.25,6850.25,6878.75,6852.6159426942495,6819.19417769105,6835.905060192649,6884.12534819712,0.0,0.0,0.0,0.0,0.0,0.0
1770407400.0,6938.5,6939.75,6936.25,6937.75,6936.86719589916,6935.70069710362,6943.82864871686,6907.25,6850.25,6878.75,6852.6159426942495,6819.19417769105,6835.905060192649,6884.400678563859,0.0,0.0,0.0,0.0,0.0,0.0
1770407700.0,6937.75,6938.0,6935.0,6935.5,6936.412299146519,6935.606783452809,6943.74247616461,6907.25,6850.25,6878.75,6852.6159426942495,6819.19417769105,6835.905060192649,6884.65800034059,0.0,0.0,0.0,0.0,0.0,0.0
1770408000.0,6935.5,6938.75,6933.0,6937.25,6936.93851472349,6935.94857245373,6943.814345469529,6907.25,6850.25,6878.75,6852.6159426942495,6819.19417769105,6835.905060192649,6884.97107941797,0.0,0.0,0.0,0.0,0.0,0.0
1770408300.0,6937.5,6940.25,6936.75,6938.0,6937.60882527543,6936.40280219112,6943.93052874338,6907.25,6850.25,6878.75,6852.6159426942495,6819.19417769105,6835.905060192649,6885.2188313656,0.0,0.0,0.0,0.0,0.0,0.0
1770408600.0,6938.0,6938.25,6936.25,6936.75,6937.388329554949,6936.45222863206,6943.8818192645695,6907.25,6850.25,6878.75,6852.6159426942495,6819.19417769105,6835.905060192649,6885.40066004241,0.0,0.0,0.0,0.0,0.0,0.0
1770408900.0,6936.75,6940.0,6936.5,6939.5,6938.55156594148,6937.1622202535,6944.0938959695795,6907.25,6850.25,6878.75,6852.6159426942495,6819.19417769105,6835.905060192649,6885.63633281672,0.0,0.0,0.0,0.0,0.0,0.0
1770409200.0,6939.5,6943.5,6939.25,6942.0,6940.47388405508,6938.355602723909,6944.52323398428,6907.25,6850.25,6878.75,6852.6159426942495,6819.19417769105,6835.905060192649,6886.1465592102495,0.0,0.0,0.0,0.0,0.0,0.0
1770409500.0,6942.0,6943.0,6939.0,6939.5,6940.41713985667,6938.70190810167,6944.63818722344,6907.25,6850.25,6878.75,6852.6159426942495,6819.19417769105,6835.905060192649,6886.4738925538795,0.0,0.0,0.0,0.0,0.0,0.0
1770409800.0,6939.5,6942.75,6937.75,6940.75,6940.9156800323,6939.2786684249695,6944.848856119969,6907.25,6850.25,6878.75,6852.6159426942495,6819.19417769105,6835.905060192649,6886.894995273579,0.0,0.0,0.0,0.0,0.0,0.0
1770410100.0,6940.75,6942.5,6939.0,6942.25,6941.897352188909,6940.10752995571,6945.17488341564,6907.25,6850.25,6878.75,6852.6159426942495,6819.19417769105,6835.905060192649,6887.18002382858,0.0,0.0,0.0,0.0,0.0,0.0
1770410400.0,6942.25,6949.75,6942.0,6949.75,6946.111115197979,6942.63515104319,6946.228768776589,6907.25,6850.25,6878.75,6852.6159426942495,6819.19417769105,6835.905060192649,6887.872459112649,0.0,0.0,0.0,0.0,0.0,0.0
1770410700.0,6949.75,6953.75,6949.25,6952.25,6949.91058844899,6945.316805302719,6947.44270939128,6907.25,6850.25,6878.75,6852.6159426942495,6819.19417769105,6835.905060192649,6888.6613247550395,0.0,0.0,0.0,0.0,0.0,0.0
1770411000.0,6952.5,6965.5,6951.0,6962.5,6957.1635154181795,6950.042475403499,6949.6062391878195,6907.25,6850.25,6878.75,6852.6159426942495,6819.19417769105,6835.905060192649,6890.82491963887,0.0,0.0,0.0,0.0,0.0,0.0
1770411300.0,6962.5,6963.0,6947.75,6948.75,6954.826998162929,6950.473425438699,6950.171315457739,6907.25,6850.25,6878.75,6852.6159426942495,6819.19417769105,6835.905060192649,6894.59406570747,0.0,0.0,0.0,0.0,0.0,0.0
1770411600.0,6948.75,6952.25,6943.75,6948.25,6952.8110672739995,6950.64118768869,6950.61916467163,6907.25,6850.25,6878.75,6852.6159426942495,6819.19417769105,6835.905060192649,6895.70675246629,0.0,0.0,0.0,0.0,0.0,0.0
1770411900.0,6948.0,6950.25,6945.75,6946.0,6950.226444878899,6950.1586647376,6950.7773718053395,6907.25,6850.25,6878.75,6852.6159426942495,6819.19417769105,6835.905060192649,6895.90723106059,0.0,0.0,0.0,0.0,0.0,0.0
1770412200.0,6946.25,6947.75,6944.0,6946.5,6948.693641602689,6949.827166839599,6950.950906680439,6907.25,6850.25,6878.75,6852.6159426942495,6819.19417769105,6835.905060192649,6896.10517990823,0.0,0.0,0.0,0.0,0.0,0.0
1770412500.0,6946.5,6947.25,6944.0,6945.5,6947.16123212326,6949.25297496797,6950.984158900999,6907.25,6850.25,6878.75,6852.6159426942495,6819.19417769105,6835.905060192649,6896.203601411719,0.0,0.0,0.0,0.0,0.0,0.0
1770412800.0,6945.5,6947.0,6943.0,6944.25,6945.5491049966595,6948.421535162,6950.861678417,6907.25,6850.25,6878.75,6852.6159426942495,6819.19417769105,6835.905060192649,6896.28300300884,0.0,0.0,0.0,0.0,0.0,0.0
1770413100.0,6944.25,6945.0,6943.5,6944.0,6944.41143081589,6947.63262365393,6950.69841098409,6907.25,6850.25,6878.75,6852.6159426942495,6819.19417769105,6835.905060192649,6896.32769813038,0.0,0.0,0.0,0.0,0.0,0.0
1770413400.0,6944.0,6944.75,6942.75,6944.25,6943.849703211669,6947.00982929914,6950.54962423645,6907.25,6850.25,6878.75,6852.6159426942495,6819.19417769105,6835.905060192649,6896.359011505269,0.0,0.0,0.0,0.0,0.0,0.0
1770413700.0,6944.25,6945.5,6944.0,6944.0,6943.426482299769,6946.40575316293,6950.3633431474,6907.25,6850.25,6878.75,6852.6159426942495,6819.19417769105,6835.905060192649,6896.3977087576695,0.0,0.0,0.0,0.0,0.0,0.0
1770414000.0,6944.0,6945.75,6943.25,6945.75,6944.0727799308,6946.31954992355,6950.3496390711,6907.25,6850.25,6878.75,6852.6159426942495,6819.19417769105,6835.905060192649,6896.44495825082,0.0,0.0,0.0,0.0,0.0,0.0
1770414300.0,6945.5,6945.5,6943.0,6943.25,6943.32087386273,6945.60785881588,6950.05776477967,6907.25,6850.25,6878.75,6852.6159426942495,6819.19417769105,6835.905060192649,6896.47836445077,0.0,0.0,0.0,0.0,0.0,0.0
1770414600.0,6943.5,6945.25,6942.0,6944.0,6943.2567187408895,6945.19103374672,6949.843840177689,6907.25,6850.25,6878.75,6852.6159426942495,6819.19417769105,6835.905060192649,6896.5247633400495,0.0,0.0,0.0,0.0,0.0,0.0
1770414900.0,6943.75,6947.5,6943.25,6945.75,6944.1233104862695,6945.27071249565,6949.80650457509,6907.25,6850.25,6878.75,6852.6159426942495,6819.19417769105,6835.905060192649,6896.590447517739,0.0,0.0,0.0,0.0,0.0,0.0
1770591600.0,6960.25,6972.25,6959.0,6970.5,6956.79533260226,6951.4824446363,6952.31132031585,6907.25,6850.25,6878.75,6852.6159426942495,6819.19417769105,6835.905060192649,6967.25,0.0,0.0,0.0,0.0,0.0,0.0
1770591900.0,6970.5,6973.75,6968.0,6971.0,6965.043482107119,6956.716721668569,6954.67292398849,6907.25,6850.25,6878.75,6852.6159426942495,6819.19417769105,6835.905060192649,6968.478365229719,0.0,0.0,0.0,0.0,0.0,0.0
1770592200.0,6971.0,6972.75,6969.0,6971.25,6970.146453429709,6961.05491724474,6956.87406767744,6907.25,6850.25,6878.75,6852.6159426942495,6819.19417769105,6835.905060192649,6968.95092418054,0.0,0.0,0.0,0.0,0.0,0.0
1770592500.0,6971.25,6974.75,6969.5,6972.0,6973.387212877999,6964.75665869905,6958.976384302359,6907.25,6850.25,6878.75,6852.6159426942495,6819.19417769105,6835.905060192649,6969.51130745088,0.0,0.0,0.0,0.0,0.0,0.0
1770592800.0,6972.0,6972.75,6970.5,6972.5,6975.282383161009,6967.85474518293,6960.95979014702,6907.25,6850.25,6878.75,6852.6159426942495,6819.19417769105,6835.905060192649,6969.68568808071,0.0,0.0,0.0,0.0,0.0,0.0
1770593100.0,6972.5,6974.75,6967.5,6968.25,6974.00325501666,6969.26102070015,6962.34059167511,6907.25,6850.25,6878.75,6852.6159426942495,6819.19417769105,6835.905060192649,6969.74296553905,0.0,0.0,0.0,0.0,0.0,0.0
1770593400.0,6968.25,6970.75,6966.0,6969.0,6973.18388936439,6970.507141049539,6963.6771203770195,6907.25,6850.25,6878.75,6852.6159426942495,6819.19417769105,6835.905060192649,6969.59322228341,0.0,0.0,0.0,0.0,0.0,0.0
1770593700.0,6969.0,6975.75,6969.0,6973.75,6974.681665020969,6972.61498789051,6965.385451442649,6907.25,6850.25,6878.75,6852.6159426942495,6819.19417769105,6835.905060192649,6970.0880572835695,0.0,0.0,0.0,0.0,0.0,0.0
1770594000.0,6973.5,6974.5,6970.75,6974.0,6975.50059503925,6974.31356970639,6966.973769175859,6907.25,6850.25,6878.75,6852.6159426942495,6819.19417769105,6835.905060192649,6970.23638211382,0.0,0.0,0.0,0.0,0.0,0.0
1770594300.0,6974.25,6977.0,6973.25,6976.0,6976.7547826085,6976.10588959058,6968.63068256113,6907.25,6850.25,6878.75,6852.6159426942495,6819.19417769105,6835.905060192649,6970.87808931771,0.0,0.0,0.0,0.0,0.0,0.0
1770594600.0,6976.5,6978.0,6974.25,6974.75,6976.71734827577,6977.165166846899,6970.014792586329,6907.25,6850.25,6878.75,6852.6159426942495,6819.19417769105,6835.905060192649,6971.104104968739,0.0,0.0,0.0,0.0,0.0,0.0
1770594900.0,6974.5,6976.0,6970.75,6973.0,6975.63275791362,6977.493756357419,6971.092991972369,6907.25,6850.25,6878.75,6852.6159426942495,6819.19417769105,6835.905060192649,6971.2173504373395,0.0,0.0,0.0,0.0,0.0,0.0
1770595200.0,6972.75,6979.5,6971.75,6979.25,6977.82575899878,6979.211062789809,6972.713317613299,6907.25,6850.25,6878.75,6852.6159426942495,6819.19417769105,6835.905060192649,6971.89194991515,0.0,0.0,0.0,0.0,0.0,0.0
1770595500.0,6979.25,6979.75,6976.5,6979.0,6978.9582087201,6980.46087813256,6974.165473659449,6907.25,6850.25,6878.75,6852.6159426942495,6819.19417769105,6835.905060192649,6972.28926823772,0.0,0.0,0.0,0.0,0.0,0.0
1770595800.0,6979.0,6979.25,6973.25,6977.0,6978.550215702359,6980.88823198514,6975.279821104849,6907.25,6850.25,6878.75,6852.6159426942495,6819.19417769105,6835.905060192649,6972.56001385688,0.0,0.0,0.0,0.0,0.0,0.0
1770596100.0,6977.25,6977.5,6971.25,6974.75,6977.05354555045,6980.576030847819,6976.053880968229,6907.25,6850.25,6878.75,6852.6159426942495,6819.19417769105,6835.905060192649,6972.677913112369,0.0,0.0,0.0,0.0,0.0,0.0
1770596400.0,6974.75,6979.25,6974.75,6976.25,6976.73269803724,6980.591250607929,6976.899077526839,6907.25,6850.25,6878.75,6852.6159426942495,6819.19417769105,6835.905060192649,6972.85732348844,0.0,0.0,0.0,0.0,0.0,0.0
1770596700.0,6976.0,6976.75,6971.0,6971.25,6974.02737827211,6979.267332752919,6977.138622134669,6907.25,6850.25,6878.75,6852.6159426942495,6819.19417769105,6835.905060192649,6972.86317420794,0.0,0.0,0.0,0.0,0.0,0.0
1770597000.0,6971.5,6977.25,6969.5,6976.25,6974.720342943409,6979.33251069478,6977.848894756959,6907.25,6850.25,6878.75,6852.6159426942495,6819.19417769105,6835.905060192649,6972.9341590451895,0.0,0.0,0.0,0.0,0.0,0.0
1770597300.0,6976.5,6976.75,6973.0,6973.5,6973.83139817679,6978.626646390179,6978.19613659656,6907.25,6850.25,6878.75,6852.6159426942495,6819.19417769105,6835.905060192649,6972.969838229799,0.0,0.0,0.0,0.0,0.0,0.0
1770597600.0,6973.25,6974.25,6971.75,6972.5,6972.790314848269,6977.725224535329,6978.386971053549,6907.25,6850.25,6878.75,6852.6159426942495,6819.19417769105,6835.905060192649,6972.96679031973,0.0,0.0,0.0,0.0,0.0,0.0
1770597900.0,6972.25,6973.0,6968.0,6969.75,6970.819286723439,6976.23545655177,6978.25196495348,6907.25,6850.25,6878.75,6852.6159426942495,6819.19417769105,6835.905060192649,6972.88090594957,0.0,0.0,0.0,0.0,0.0,0.0
1770598200.0,6969.5,6971.0,6968.0,6968.5,6969.01455949409,6974.64245883286,6977.96968520413,6907.25,6850.25,6878.75,6852.6159426942495,6819.19417769105,6835.905060192649,6972.78352101102,0.0,0.0,0.0,0.0,0.0,0.0
1770598500.0,6968.5,6971.75,6968.0,6969.75,6968.568553479129,6973.596989840539,6977.80971276232,6907.25,6850.25,6878.75,6852.6159426942495,6819.19417769105,6835.905060192649,6972.71384967363,0.0,0.0,0.0,0.0,0.0,0.0
1770598800.0,6969.75,6970.0,6966.5,6967.0,6967.05204892365,6972.018719402329,6977.350857884379,6907.25,6850.25,6878.75,6852.6159426942495,6819.19417769105,6835.905060192649,6972.56188150016,0.0,0.0,0.0,0.0,0.0,0.0
1770599100.0,6967.0,6968.75,6964.5,6968.5,6966.932749197819,6971.06599833924,6977.054271695009,6907.25,6850.25,6878.75,6852.6159426942495,6819.19417769105,6835.905060192649,6972.31341815123,0.0,0.0,0.0,0.0,0.0,0.0
1770599400.0,6968.25,6968.75,6965.25,6965.75,6965.63576352267,6969.58154754643,6976.47021513361,6907.25,6850.25,6878.75,6852.6159426942495,6819.19417769105,6835.905060192649,6972.173360980039,0.0,0.0,0.0,0.0,0.0,0.0
1770599700.0,6966.0,6967.75,6964.25,6967.75,6965.90360304349,6968.84650073357,6976.11079154825,6907.25,6850.25,6878.75,6852.6159426942495,6819.19417769105,6835.905060192649,6972.03983102567,0.0,0.0,0.0,0.0,0.0,0.0
1770600000.0,6967.25,6968.75,6965.75,6967.5,6966.06954893015,6968.177828023199,6975.728650798629,6907.25,6850.25,6878.75,6852.6159426942495,6819.19417769105,6835.905060192649,6971.91364830127,0.0,0.0,0.0,0.0,0.0,0.0
1770600300.0,6967.5,6968.25,6964.75,6964.75,6964.93151051246,6966.94655210357,6975.067855026499,6907.25,6850.25,6878.75,6852.6159426942495,6819.19417769105,6835.905060192649,6971.82288210724,0.0,0.0,0.0,0.0,0.0,0.0
1770600600.0,6964.75,6968.25,6964.75,6967.0,6965.396736042279,6966.498987522899,6974.6657418614695,6907.25,6850.25,6878.75,6852.6159426942495,6819.19417769105,6835.905060192649,6971.72442017877,0.0,0.0,0.0,0.0,0.0,0.0
1770600900.0,6966.5,6967.5,6961.75,6962.0,6963.34327536979,6964.90047392152,6973.75575730853,6907.25,6850.25,6878.75,6852.6159426942495,6819.19417769105,6835.905060192649,6971.43086929865,0.0,0.0,0.0,0.0,0.0,0.0
1770601200.0,6962.0,6964.75,6962.0,6963.25,6962.7330610686895,6963.9101154118,6973.0205942045795,6907.25,6850.25,6878.75,6852.6159426942495,6819.19417769105,6835.905060192649,6971.30754398496,0.0,0.0,0.0,0.0,0.0,0.0
1770601500.0,6963.5,6964.25,6959.25,6962.5,6962.083386708509,6962.930986120779,6972.24242924934,6907.25,6850.25,6878.75,6852.6159426942495,6819.19417769105,6835.905060192649,6970.9874717740295,0.0,0.0,0.0,0.0,0.0,0.0
1770601800.0,6962.5,6963.0,6959.0,6961.25,6961.16240783788,6961.840963697189,6971.373687656809,6907.25,6850.25,6878.75,6852.6159426942495,6819.19417769105,6835.905060192649,6970.724792770759,0.0,0.0,0.0,0.0,0.0,0.0
1770602100.0,6960.5,6962.5,6958.0,6961.5,6960.8010035977295,6961.03648342154,6970.57688908411,6907.25,6850.25,6878.75,6852.6159426942495,6819.19417769105,6835.905060192649,6970.49338729705,0.0,0.0,0.0,0.0,0.0,0.0
1770602400.0,6961.25,6962.0,6958.25,6961.75,6960.7952795805995,6960.47144308055,6969.84809411259,6907.25,6850.25,6878.75,6852.6159426942495,6819.19417769105,6835.905060192649,6970.27613139968,0.0,0.0,0.0,0.0,0.0,0.0
1770602700.0,6961.75,6966.5,6960.25,6965.75,6962.8358968987595,6961.03881050978,6969.571168126829,6907.25,6850.25,6878.75,6852.6159426942495,6819.19417769105,6835.905060192649,6970.111069624019,0.0,0.0,0.0,0.0,0.0,0.0
1770603000.0,6965.5,6967.25,6962.25,6962.5,6962.61332960434,6960.7374931677095,6968.9658335227095,6907.25,6850.25,6878.75,6852.6159426942495,6819.19417769105,6835.905060192649,6969.99913743426,0.0,0.0,0.0,0.0,0.0,0.0
1770603300.0,6962.5,6962.75,6961.0,6961.5,6962.014252150049,6960.2757089384395,6968.2884259761895,6907.25,6850.25,6878.75,6852.6159426942495,6819.19417769105,6835.905060192649,6969.92046694266,0.0,0.0,0.0,0.0,0.0,0.0
1770603600.0,6961.5,6964.5,6961.0,6961.75,6961.78659153195,6959.9926044349295,6967.67408317401,6907.25,6850.25,6878.75,6852.6159426942495,6819.19417769105,6835.905060192649,6969.805006615729,0.0,0.0,0.0,0.0,0.0,0.0
1770603900.0,6961.75,6962.5,6958.0,6960.5,6961.06648030601,6959.484453621059,6966.96420262537,6907.25,6850.25,6878.75,6852.6159426942495,6819.19417769105,6835.905060192649,6969.5879503166,0.0,0.0,0.0,0.0,0.0,0.0
1770604200.0,6960.5,6965.0,6960.5,6964.25,6962.474594093909,6960.0341329433695,6966.683156649359,6907.25,6850.25,6878.75,6852.6159426942495,6819.19417769105,6835.905060192649,6969.525531307209,0.0,0.0,0.0,0.0,0.0,0.0
1770604500.0,6964.5,6966.75,6964.25,6965.5,6964.0101185021995,6960.83456804648,6966.543162217929,6907.25,6850.25,6878.75,6852.6159426942495,6819.19417769105,6835.905060192649,6969.480007008519,0.0,0.0,0.0,0.0,0.0,0.0
1770604800.0,6965.25,6967.5,6964.75,6966.5,6965.471101661639,6961.77520429501,6966.508944204739,6907.25,6850.25,6878.75,6852.6159426942495,6819.19417769105,6835.905060192649,6969.42510952811,0.0,0.0,0.0,0.0,0.0,0.0
1770605100.0,6966.75,6967.25,6965.25,6966.75,6966.488208639819,6962.63959427565,6966.4959107839895,6907.25,6850.25,6878.75,6852.6159426942495,6819.19417769105,6835.905060192649,6969.40686890445,0.0,0.0,0.0,0.0,0.0,0.0
1770605400.0,6966.75,6966.75,6964.5,6965.0,6966.22436621832,6962.938107508289,6966.2961426311995,6907.25,6850.25,6878.75,6852.6159426942495,6819.19417769105,6835.905060192649,6969.38164248814,0.0,0.0,0.0,0.0,0.0,0.0
1770605700.0,6965.25,6967.0,6960.75,6961.75,6964.40832238628,6962.392279068729,6965.768048363049,6907.25,6850.25,6878.75,6852.6159426942495,6819.19417769105,6835.905060192649,6969.29360822929,0.0,0.0,0.0,0.0,0.0,0.0
1770606000.0,6962.0,6964.0,6961.5,6961.5,6963.091153411489,6961.89467506969,6965.24529951913,6907.25,6850.25,6878.75,6852.6159426942495,6819.19417769105,6835.905060192649,6969.2368243417795,0.0,0.0,0.0,0.0,0.0,0.0
1770606300.0,6961.5,6962.75,6960.5,6961.5,6962.24966470969,6961.500944466169,6964.754032275559,6907.25,6850.25,6878.75,6852.6159426942495,6819.19417769105,6835.905060192649,6969.19566781669,0.0,0.0,0.0,0.0,0.0,0.0
1770606600.0,6961.5,6961.75,6959.5,6960.75,6961.36724181498,6961.00791115773,6964.21515808144,6907.25,6850.25,6878.75,6852.6159426942495,6819.19417769105,6835.905060192649,6969.11296787616,0.0,0.0,0.0,0.0,0.0,0.0
1770606900.0,6960.75,6962.5,6958.75,6959.5,6960.22869466003,6960.30974893608,6963.5809702447295,6907.25,6850.25,6878.75,6852.6159426942495,6819.19417769105,6835.905060192649,6969.01873796125,0.0,0.0,0.0,0.0,0.0,0.0
1770607200.0,6959.75,6962.0,6959.25,6961.25,6960.405591230669,6960.19006482613,6963.16891998115,6907.25,6850.25,6878.75,6852.6159426942495,6819.19417769105,6835.905060192649,6968.966517494149,0.0,0.0,0.0,0.0,0.0,0.0
1770607500.0,6961.0,6962.0,6958.75,6959.0,6959.474353015609,6959.5546017938095,6962.55058796893,6907.25,6850.25,6878.75,6852.6159426942495,6819.19417769105,6835.905060192649,6968.90160956799,0.0,0.0,0.0,0.0,0.0,0.0
1770607800.0,6959.0,6961.5,6957.5,6961.0,6959.90880374052,6959.5505180476,6962.1803271565195,6907.25,6850.25,6878.75,6852.6159426942495,6819.19417769105,6835.905060192649,6968.78314615003,0.0,0.0,0.0,0.0,0.0,0.0
1770608100.0,6961.25,6961.25,6956.75,6958.5,6959.01803389738,6958.949481156539,6961.57616813372,6907.25,6850.25,6878.75,6852.6159426942495,6819.19417769105,6835.905060192649,6968.64926708375,0.0,0.0,0.0,0.0,0.0,0.0
1770608400.0,6958.5,6961.0,6957.75,6960.25,6959.35124691592,6958.912290634839,6961.194353152299,6907.25,6850.25,6878.75,6852.6159426942495,6819.19417769105,6835.905060192649,6968.52968980181,0.0,0.0,0.0,0.0,0.0,0.0
1770608700.0,6960.5,6961.0,6957.75,6960.0,6959.48967503036,6958.84398590195,6960.813096764269,6907.25,6850.25,6878.75,6852.6159426942495,6819.19417769105,6835.905060192649,6968.436389685659,0.0,0.0,0.0,0.0,0.0,0.0
1770609000.0,6959.75,6962.0,6959.75,6960.25,6959.73605934977,6958.87328391106,6960.48447543093,6907.25,6850.25,6878.75,6852.6159426942495,6819.19417769105,6835.905060192649,6968.36901899178,0.0,0.0,0.0,0.0,0.0,0.0
1770609300.0,6960.25,6960.5,6957.0,6957.25,6958.45620480211,6958.17386007181,6959.869273296549,6907.25,6850.25,6878.75,6852.6159426942495,6819.19417769105,6835.905060192649,6968.26269169981,0.0,0.0,0.0,0.0,0.0,0.0
1770609600.0,6957.25,6962.5,6957.0,6962.25,6960.110371189039,6958.86214204065,6959.81497938896,6907.25,6850.25,6878.75,6852.6159426942495,6819.19417769105,6835.905060192649,6968.1709711186995,0.0,0.0,0.0,0.0,0.0,0.0
1770609900.0,6962.0,6962.75,6961.25,6962.5,6961.31384002074,6959.51474175932,6959.79163909605,6907.25,6850.25,6878.75,6852.6159426942495,6819.19417769105,6835.905060192649,6968.12313375666,0.0,0.0,0.0,0.0,0.0,0.0
1770610200.0,6962.5,6962.75,6961.5,6961.75,6961.708880225479,6959.884713691949,6959.69383553155,6907.25,6850.25,6878.75,6852.6159426942495,6819.19417769105,6835.905060192649,6968.09553103869,0.0,0.0,0.0,0.0,0.0,0.0
1770610500.0,6961.75,6962.25,6960.75,6962.0,6962.059249750139,6960.266344805929,6959.630284676709,6907.25,6850.25,6878.75,6852.6159426942495,6819.19417769105,6835.905060192649,6968.0511694184,0.0,0.0,0.0,0.0,0.0,0.0
1770610800.0,6962.0,6962.0,6959.75,6961.5,6962.00983545802,6960.468458468359,6959.52120389155,6907.25,6850.25,6878.75,6852.6159426942495,6819.19417769105,6835.905060192649,6967.987492704079,0.0,0.0,0.0,0.0,0.0,0.0
1770611100.0,6961.5,6962.75,6961.0,6961.5,6961.9487922544295,6960.644462864419,6959.42161006895,6907.25,6850.25,6878.75,6852.6159426942495,6819.19417769105,6835.905060192649,6967.95881195843,0.0,0.0,0.0,0.0,0.0,0.0
1770611400.0,6961.5,6961.75,6958.5,6959.5,6960.90855320331,6960.30002408579,6959.12426556154,6907.25,6850.25,6878.75,6852.6159426942495,6819.19417769105,6835.905060192649,6967.896291080589,0.0,0.0,0.0,0.0,0.0,0.0
1770611700.0,6959.5,6959.75,6958.5,6959.5,6960.231882313929,6960.0227786981095,6958.84999099105,6907.25,6850.25,6878.75,6852.6159426942495,6819.19417769105,6835.905060192649,6967.83015293169,0.0,0.0,0.0,0.0,0.0,0.0
1770612000.0,6959.5,6961.5,6959.25,6960.5,6960.293877037359,6960.050766382769,6958.700817827819,6907.25,6850.25,6878.75,6852.6159426942495,6819.19417769105,6835.905060192649,6967.784033135709,0.0,0.0,0.0,0.0,0.0,0.0
1770612300.0,6960.25,6961.5,6959.5,6960.75,6960.46727008701,6960.144542713349,6958.5906685521795,6907.25,6850.25,6878.75,6852.6159426942495,6819.19417769105,6835.905060192649,6967.749925905569,0.0,0.0,0.0,0.0,0.0,0.0
1770612600.0,6960.75,6961.25,6957.5,6958.25,6959.36592804182,6959.60795618664,6958.2327080863,6907.25,6850.25,6878.75,6852.6159426942495,6819.19417769105,6835.905060192649,6967.67823624985,0.0,0.0,0.0,0.0,0.0,0.0
1770612900.0,6958.25,6959.75,6958.25,6958.75,6958.92153377644,6959.2970746703595,6957.95463566672,6907.25,6850.25,6878.75,6852.6159426942495,6819.19417769105,6835.905060192649,6967.621986448309,0.0,0.0,0.0,0.0,0.0,0.0
1770613200.0,6958.75,6959.25,6957.75,6958.0,6958.300341507709,6958.8633871906995,6957.62193422556,6907.25,6850.25,6878.75,6852.6159426942495,6819.19417769105,6835.905060192649,6967.556747236989,0.0,0.0,0.0,0.0,0.0,0.0
1770613500.0,6957.75,6958.75,6957.0,6958.5,6958.182829925149,6958.640274437789,6957.36791110765,6907.25,6850.25,6878.75,6852.6159426942495,6819.19417769105,6835.905060192649,6967.48845831697,0.0,0.0,0.0,0.0,0.0,0.0
1770613800.0,6958.25,6960.0,6957.5,6959.5,6958.633961419099,6958.71644864781,6957.238983079979,6907.25,6850.25,6878.75,6852.6159426942495,6819.19417769105,6835.905060192649,6967.40895784392,0.0,0.0,0.0,0.0,0.0,0.0
1770614100.0,6959.75,6962.5,6959.75,6961.75,6960.0502488015,6959.3504433790595,6957.35574245104,6907.25,6850.25,6878.75,6852.6159426942495,6819.19417769105,6835.905060192649,6967.361689126959,0.0,0.0,0.0,0.0,0.0,0.0
1770614400.0,6961.75,6964.25,6961.5,6963.0,6961.573000120589,6960.194292536449,6957.597601360089,6907.25,6850.25,6878.75,6852.6159426942495,6819.19417769105,6835.905060192649,6967.3266980626395,0.0,0.0,0.0,0.0,0.0,0.0
1770614700.0,6963.0,6963.5,6960.75,6961.25,6961.669310837129,6960.461320363799,6957.645555575909,6907.25,6850.25,6878.75,6852.6159426942495,6819.19417769105,6835.905060192649,6967.28097772985,0.0,0.0,0.0,0.0,0.0,0.0
1770615000.0,6961.5,6963.25,6960.0,6962.5,6962.30391316394,6960.994643823729,6957.823181171199,6907.25,6850.25,6878.75,6852.6159426942495,6819.19417769105,6835.905060192649,6967.23149652903,0.0,0.0,0.0,0.0,0.0,0.0
1770615300.0,6962.75,6964.25,6962.0,6962.5,6962.66969084791,6961.43500557178,6957.992091536989,6907.25,6850.25,6878.75,6852.6159426942495,6819.19417769105,6835.905060192649,6967.19812414768,0.0,0.0,0.0,0.0,0.0,0.0
1770615600.0,6962.5,6962.5,6959.5,6960.0,6961.638431908839,6961.174354598839,6957.89435719599,6907.25,6850.25,6878.75,6852.6159426942495,6819.19417769105,6835.905060192649,6967.15126201983,0.0,0.0,0.0,0.0,0.0,0.0
1770615900.0,6960.0,6961.0,6958.75,6960.75,6961.31203369315,6961.142210841949,6957.88458760055,6907.25,6850.25,6878.75,6852.6159426942495,6819.19417769105,6835.905060192649,6967.1104995038395,0.0,0.0,0.0,0.0,0.0,0.0
1770616200.0,6960.5,6964.0,6960.0,6963.5,6962.42997331272,6961.797040384599,6958.16338290153,6907.25,6850.25,6878.75,6852.6159426942495,6819.19417769105,6835.905060192649,6967.0852937009295,0.0,0.0,0.0,0.0,0.0,0.0
1770616500.0,6963.5,6964.0,6962.5,6963.0,6962.879708397019,6962.209853806519,6958.37446447523,6907.25,6850.25,6878.75,6852.6159426942495,6819.19417769105,6835.905060192649,6967.06591945474,0.0,0.0,0.0,0.0,0.0,0.0
1770616800.0,6963.25,6963.75,6953.5,6957.25,6960.3275126433,6961.114573170899,6957.97973598845,6907.25,6850.25,6878.75,6852.6159426942495,6819.19417769105,6835.905060192649,6966.53306002313,0.0,0.0,0.0,0.0,0.0,0.0
1770617100.0,6957.0,6961.0,6956.75,6960.25,6960.15113655776,6960.95091918365,6957.92619411701,6907.25,6850.25,6878.75,6852.6159426942495,6819.19417769105,6835.905060192649,6966.404784349639,0.0,0.0,0.0,0.0,0.0,0.0
1770617400.0,6960.0,6961.5,6958.0,6960.0,6959.93631416277,6960.752140480229,6957.85415918746,6907.25,6850.25,6878.75,6852.6159426942495,6819.19417769105,6835.905060192649,6966.33708077321,0.0,0.0,0.0,0.0,0.0,0.0
1770617700.0,6959.25,6959.75,6954.0,6955.0,6957.3806582731095,6959.34395928482,6957.27400672159,6907.25,6850.25,6878.75,6852.6159426942495,6819.19417769105,6835.905060192649,6966.159959189909,0.0,0.0,0.0,0.0,0.0,0.0
1770618000.0,6955.0,6956.75,6953.75,6956.0,6956.281238580529,6958.432327425099,6956.8418143972995,6907.25,6850.25,6878.75,6852.6159426942495,6819.19417769105,6835.905060192649,6966.05095430648,0.0,0.0,0.0,0.0,0.0,0.0
1770618300.0,6956.25,6957.5,6954.5,6954.75,6955.045501560219,6957.3769146457,6956.31503604089,6907.25,6850.25,6878.75,6852.6159426942495,6819.19417769105,6835.905060192649,6965.963376601119,0.0,0.0,0.0,0.0,0.0,0.0
1770618600.0,6955.0,6959.0,6954.5,6957.5,6955.688122705759,6957.20171220576,6956.114122932249,6907.25,6850.25,6878.75,6852.6159426942495,6819.19417769105,6835.905060192649,6965.87170648146,0.0,0.0,0.0,0.0,0.0,0.0
1770618900.0,6957.25,6960.75,6957.0,6960.25,6957.5261256514195,6957.75617911436,6956.216479066679,6907.25,6850.25,6878.75,6852.6159426942495,6819.19417769105,6835.905060192649,6965.8276750856,0.0,0.0,0.0,0.0,0.0,0.0
1770619200.0,6960.5,6960.5,6957.75,6958.0,6957.652802767199,6957.66844068506,6956.08402237444,6907.25,6850.25,6878.75,6852.6159426942495,6819.19417769105,6835.905060192649,6965.79004964183,0.0,0.0,0.0,0.0,0.0,0.0
1770619500.0,6957.75,6960.0,6956.0,6958.5,6958.0008842158795,6957.73197657035,6956.017446083039,6907.25,6850.25,6878.75,6852.6159426942495,6819.19417769105,6835.905060192649,6965.715481731299,0.0,0.0,0.0,0.0,0.0,0.0
1770619800.0,6958.5,6960.25,6956.75,6958.75,6958.36011713863,6957.85773839522,6955.9863296923195,6907.25,6850.25,6878.75,6852.6159426942495,6819.19417769105,6835.905060192649,6965.65371400725,0.0,0.0,0.0,0.0,0.0,0.0
1770620100.0,6959.0,6959.0,6953.25,6955.0,6956.76481845503,6957.0390746638295,6955.574736463,6907.25,6850.25,6878.75,6852.6159426942495,6819.19417769105,6835.905060192649,6965.5706015120395,0.0,0.0,0.0,0.0,0.0,0.0
1770620400.0,6955.0,6955.5,6953.25,6954.25,6955.39459210442,6956.187100597909,6955.11958229593,6907.25,6850.25,6878.75,6852.6159426942495,6819.19417769105,6835.905060192649,6965.471272416429,0.0,0.0,0.0,0.0,0.0,0.0
1770620700.0,6954.25,6956.5,6953.75,6954.75,6954.8049495919395,6955.62187616453,6954.75343109541,6907.25,6850.25,6878.75,6852.6159426942495,6819.19417769105,6835.905060192649,6965.413191974239,0.0,0.0,0.0,0.0,0.0,0.0
1770621000.0,6955.0,6955.5,6952.25,6952.75,6953.5078492291395,6954.67453280841,6954.21191393086,6907.25,6850.25,6878.75,6852.6159426942495,6819.19417769105,6835.905060192649,6965.32323428749,0.0,0.0,0.0,0.0,0.0,0.0
1770621300.0,6952.75,6955.75,6952.5,6954.5,6953.59936609088,6954.34670424453,6953.89524936398,6907.25,6850.25,6878.75,6852.6159426942495,6819.19417769105,6835.905060192649,6965.10844080407,0.0,0.0,0.0,0.0,0.0,0.0
1770621600.0,6954.5,6955.0,6950.5,6952.25,6952.62954228923,6953.538094894379,6953.374496100139,6907.25,6850.25,6878.75,6852.6159426942495,6819.19417769105,6835.905060192649,6964.987192523729,0.0,0.0,0.0,0.0,0.0,0.0
1770621900.0,6952.25,6952.5,6949.0,6950.0,6950.980137404979,6952.33372897676,6952.664238438069,6907.25,6850.25,6878.75,6852.6159426942495,6819.19417769105,6835.905060192649,6964.834930737619,0.0,0.0,0.0,0.0,0.0,0.0
1770622200.0,6949.5,6950.0,6947.0,6947.5,6948.79048401517,6950.7437470163195,6951.75235048349,6907.25,6850.25,6878.75,6852.6159426942495,6819.19417769105,6835.905060192649,6964.63084190879,0.0,0.0,0.0,0.0,0.0,0.0
1770622500.0,6947.5,6949.25,6947.5,6949.25,6948.355623470919,6949.89732602577,6951.09283513345,6907.25,6850.25,6878.75,6852.6159426942495,6819.19417769105,6835.905060192649,6964.551635379349,0.0,0.0,0.0,0.0,0.0,0.0
1770622800.0,6949.0,6952.5,6949.0,6951.25,6949.175597372449,6949.731710966529,6950.694363761109,6907.25,6850.25,6878.75,6852.6159426942495,6819.19417769105,6835.905060192649,6964.44825326858,0.0,0.0,0.0,0.0,0.0,0.0
1770623100.0,6951.25,6954.0,6951.25,6953.75,6951.02136444546,6950.253517610669,6950.5906199262,6907.25,6850.25,6878.75,6852.6159426942495,6819.19417769105,6835.905060192649,6964.378316890549,0.0,0.0,0.0,0.0,0.0,0.0
1770623400.0,6954.0,6957.0,6953.75,6954.75,6952.7502069311295,6950.96746713968,6950.60596722167,6907.25,6850.25,6878.75,6852.6159426942495,6819.19417769105,6835.905060192649,6964.29074284684,0.0,0.0,0.0,0.0,0.0,0.0
1770623700.0,6954.75,6954.75,6952.25,6953.25,6953.1393827541,6951.21356766972,6950.47355833427,6907.25,6850.25,6878.75,6852.6159426942495,6819.19417769105,6835.905060192649,6964.17950882676,0.0,0.0,0.0,0.0,0.0,0.0
1770624000.0,6953.5,6959.5,6952.25,6958.5,6955.941059898169,6952.747653411559,6950.901376260969,6907.25,6850.25,6878.75,6852.6159426942495,6819.19417769105,6835.905060192649,6964.028142676159,0.0,0.0,0.0,0.0,0.0,0.0
1770624300.0,6958.25,6968.0,6957.5,6961.75,6959.2770348164595,6954.842919394129,6951.64315017964,6907.25,6850.25,6878.75,6852.6159426942495,6819.19417769105,6835.905060192649,6963.9806887020795,0.0,0.0,0.0,0.0,0.0,0.0
1770624600.0,6961.75,6965.5,6961.5,6964.0,6962.4094125251295,6957.1432072218095,6952.57289681962,6907.25,6850.25,6878.75,6852.6159426942495,6819.19417769105,6835.905060192649,6963.97596750863,0.0,0.0,0.0,0.0,0.0,0.0
1770624900.0,6963.5,6964.5,6959.75,6963.0,6963.77250588055,6958.79328446742,6953.3407131094,6907.25,6850.25,6878.75,6852.6159426942495,6819.19417769105,6835.905060192649,6963.950844846339,0.0,0.0,0.0,0.0,0.0,0.0
1770625200.0,6962.75,6963.5,6958.5,6959.25,6962.63578389112,6959.21240283912,6953.67292778056,6907.25,6850.25,6878.75,6852.6159426942495,6819.19417769105,6835.905060192649,6963.92092169549,0.0,0.0,0.0,0.0,0.0,0.0
1770625500.0,6959.25,6962.25,6958.25,6959.0,6961.62828926088,6959.48000810319,6953.961337277239,6907.25,6850.25,6878.75,6852.6159426942495,6819.19417769105,6835.905060192649,6963.871849506279,0.0,0.0,0.0,0.0,0.0,0.0
1770625800.0,6959.0,6959.25,6953.0,6956.25,6959.5247121660195,6958.99965027265,6953.9502830273395,6907.25,6850.25,6878.75,6852.6159426942495,6819.19417769105,6835.905060192649,6963.76385673806,0.0,0.0,0.0,0.0,0.0,0.0
1770626100.0,6956.25,6960.5,6956.0,6959.5,6959.694515169809,6959.39452035185,6954.28076309054,6907.25,6850.25,6878.75,6852.6159426942495,6819.19417769105,6835.905060192649,6963.71441712178,0.0,0.0,0.0,0.0,0.0,0.0
1770626400.0,6959.5,6960.5,6957.75,6958.0,6959.029073150339,6959.332284808909,6954.437650303729,6907.25,6850.25,6878.75,6852.6159426942495,6819.19417769105,6835.905060192649,6963.6686985856895,0.0,0.0,0.0,0.0,0.0,0.0
1770626700.0,6958.0,6960.5,6956.75,6959.0,6959.06095906379,6959.51384445371,6954.6912653563595,6907.25,6850.25,6878.75,6852.6159426942495,6819.19417769105,6835.905060192649,6963.63429883249,0.0,0.0,0.0,0.0,0.0,0.0
1770627000.0,6959.0,6959.75,6957.5,6958.75,6958.9400730714,6959.586390570569,6954.905392269609,6907.25,6850.25,6878.75,6852.6159426942495,6819.19417769105,6835.905060192649,6963.60770290565,0.0,0.0,0.0,0.0,0.0,0.0
1770627300.0,6958.75,6959.25,6955.75,6956.25,6957.62801942184,6959.009350775959,6954.84998980754,6907.25,6850.25,6878.75,6852.6159426942495,6819.19417769105,6835.905060192649,6963.56894524296,0.0,0.0,0.0,0.0,0.0,0.0
1770627600.0,6956.25,6959.75,6955.25,6958.25,6957.767517355999,6959.01649052411,6955.00897766608,6907.25,6850.25,6878.75,6852.6159426942495,6819.19417769105,6835.905060192649,6963.495568466729,0.0,0.0,0.0,0.0,0.0,0.0
1770627900.0,6958.25,6960.0,6957.25,6958.5,6957.99356177701,6959.07317326253,6955.18633736765,6907.25,6850.25,6878.75,6852.6159426942495,6819.19417769105,6835.905060192649,6963.45210094693,0.0,0.0,0.0,0.0,0.0,0.0
1770628200.0,6958.25,6958.5,6954.75,6955.25,6956.5624608853095,6958.3007520581195,6955.01882567499,6907.25,6850.25,6878.75,6852.6159426942495,6819.19417769105,6835.905060192649,6963.41388911693,0.0,0.0,0.0,0.0,0.0,0.0
1770628500.0,6955.5,6957.5,6954.75,6957.25,6956.645236399129,6958.15101331987,6955.073235150339,6907.25,6850.25,6878.75,6852.6159426942495,6819.19417769105,6835.905060192649,6963.366350962059,0.0,0.0,0.0,0.0,0.0,0.0
1770628800.0,6957.5,6958.25,6954.75,6955.25,6955.75534608796,6957.52375644017,6954.9205468458895,6907.25,6850.25,6878.75,6852.6159426942495,6819.19417769105,6835.905060192649,6963.30479180327,0.0,0.0,0.0,0.0,0.0,0.0
1770629100.0,6955.0,6958.0,6953.5,6955.75,6955.467956698059,6957.12576557503,6954.833685996549,6907.25,6850.25,6878.75,6852.6159426942495,6819.19417769105,6835.905060192649,6963.253099277999,0.0,0.0,0.0,0.0,0.0,0.0
1770629400.0,6955.75,6957.0,6953.0,6954.0,6954.4751926228,6956.36036521763,6954.575518236779,6907.25,6850.25,6878.75,6852.6159426942495,6819.19417769105,6835.905060192649,6963.2082183372495,0.0,0.0,0.0,0.0,0.0,0.0
1770629700.0,6954.0,6954.5,6950.0,6950.75,6952.30672263149,6954.9211914219095,6954.0031085091,6907.25,6850.25,6878.75,6852.6159426942495,6819.19417769105,6835.905060192649,6963.0919653314595,0.0,0.0,0.0,0.0,0.0,0.0
1770630000.0,6951.0,6951.75,6948.75,6951.75,6951.4853583092,6953.98740437144,6953.57807532271,6907.25,6850.25,6878.75,6852.6159426942495,6819.19417769105,6835.905060192649,6962.90038122829,0.0,0.0,0.0,0.0,0.0,0.0
1770630300.0,6951.75,6953.0,6948.5,6949.0,6949.7152511125,6952.54411073904,6952.90281833477,6907.25,6850.25,6878.75,6852.6159426942495,6819.19417769105,6835.905060192649,6962.79153019754,0.0,0.0,0.0,0.0,0.0,0.0
1770630600.0,6948.75,6950.25,6947.25,6947.75,6948.08375670365,6951.05794814341,6952.1503161376795,6907.25,6850.25,6878.75,6852.6159426942495,6819.19417769105,6835.905060192649,6962.628010550349,0.0,0.0,0.0,0.0,0.0,0.0
1770630900.0,6947.75,6947.75,6941.25,6943.75,6945.21823740708,6948.858708259319,6951.04224895391,6907.25,6850.25,6878.75,6852.6159426942495,6819.19417769105,6835.905060192649,6962.269226720299,0.0,0.0,0.0,0.0,0.0,0.0
1770631200.0,6944.0,6944.75,6938.75,6939.0,6941.225165475579,6945.8914296372295,6949.52671245651,6907.25,6850.25,6878.75,6852.6159426942495,6819.19417769105,6835.905060192649,6962.040277800619,0.0,0.0,0.0,0.0,0.0,0.0
1770631500.0,6939.0,6942.75,6937.25,6941.75,6940.218264752069,6944.16555257009,6948.408475921759,6907.25,6850.25,6878.75,6852.6159426942495,6819.19417769105,6835.905060192649,6961.7923032952995,0.0,0.0,0.0,0.0,0.0,0.0
1770631800.0,6941.75,6943.25,6939.5,6939.5,6938.70325524427,6942.2313646024595,6947.14381045503,6907.25,6850.25,6878.75,6852.6159426942495,6819.19417769105,6835.905060192649,6961.67174869835,0.0,0.0,0.0,0.0,0.0,0.0
1770632100.0,6939.5,6939.75,6934.0,6935.5,6936.00402898578,6939.69606285716,6945.56293908857,6907.25,6850.25,6878.75,6852.6159426942495,6819.19417769105,6835.905060192649,6961.27997276649,0.0,0.0,0.0,0.0,0.0,0.0
1770632400.0,6935.5,6938.75,6934.5,6934.75,6934.14517104993,6937.48009583279,6944.0249766957295,6907.25,6850.25,6878.75,6852.6159426942495,6819.19417769105,6835.905060192649,6961.0749099799295,0.0,0.0,0.0,0.0,0.0,0.0
1770632700.0,6934.75,6936.25,6933.25,6933.5,6932.592741552199,6935.41179943417,6942.47632804501,6907.25,6850.25,6878.75,6852.6159426942495,6819.19417769105,6835.905060192649,6960.84521052865,0.0,0.0,0.0,0.0,0.0,0.0
1770633000.0,6933.75,6934.0,6926.0,6927.25,6928.79591415014,6932.2286465477,6940.40199495768,6907.25,6850.25,6878.75,6852.6159426942495,6819.19417769105,6835.905060192649,6960.07448654535,0.0,0.0,0.0,0.0,0.0,0.0
1770633300.0,6927.0,6927.5,6923.0,6924.5,6925.290457757669,6929.00311395053,6938.201882740999,6907.25,6850.25,6878.75,6852.6159426942495,6819.19417769105,6835.905060192649,6959.25171132893,0.0,0.0,0.0,0.0,0.0,0.0
1770633600.0,6924.5,6927.0,6921.0,6924.25,6923.22642712486,6926.375146106099,6936.14471862546,6907.25,6850.25,6878.75,6852.6159426942495,6819.19417769105,6835.905060192649,6958.773845674969,0.0,0.0,0.0,0.0,0.0,0.0
1770633900.0,6924.0,6929.25,6923.0,6929.0,6924.53725424982,6925.493351522209,6934.73874529951,6907.25,6850.25,6878.75,6852.6159426942495,6819.19417769105,6835.905060192649,6958.35990024407,0.0,0.0,0.0,0.0,0.0,0.0
1770634200.0,6928.75,6936.75,6928.75,6934.0,6928.0913844917595,6926.11945742001,6933.96522866905,6907.25,6850.25,6878.75,6852.6159426942495,6819.19417769105,6835.905060192649,6957.850998502129,0.0,0.0,0.0,0.0,0.0,0.0
1770634500.0,6934.0,6937.25,6932.5,6935.75,6931.405725308499,6927.17803645188,6933.444438818479,6907.25,6850.25,6878.75,6852.6159426942495,6819.19417769105,6835.905060192649,6957.66733783758,0.0,0.0,0.0,0.0,0.0,0.0
1770634800.0,6935.75,6937.25,6934.0,6935.25,6933.37135669212,6928.02454121449,6932.92627658897,6907.25,6850.25,6878.75,6852.6159426942495,6819.19417769105,6835.905060192649,6957.491150555989,0.0,0.0,0.0,0.0,0.0,0.0
1770635100.0,6935.0,6936.25,6931.0,6936.25,6935.13705232856,6929.058806714819,6932.565686903709,6907.25,6850.25,6878.75,6852.6159426942495,6819.19417769105,6835.905060192649,6957.32887210767,0.0,0.0,0.0,0.0,0.0,0.0
1770635400.0,6936.0,6938.25,6934.0,6934.0,6935.143652097619,6929.4305175198,6932.01570686933,6907.25,6850.25,6878.75,6852.6159426942495,6819.19417769105,6835.905060192649,6957.19993761338,0.0,0.0,0.0,0.0,0.0,0.0
1770635700.0,6933.75,6935.75,6931.25,6932.0,6934.12775918982,6929.308983961269,6931.315492797689,6907.25,6850.25,6878.75,6852.6159426942495,6819.19417769105,6835.905060192649,6957.074738862279,0.0,0.0,0.0,0.0,0.0,0.0
1770636000.0,6932.0,6934.5,6930.75,6932.5,6933.68898082036,6929.39685250104,6930.7341537946395,6907.25,6850.25,6878.75,6852.6159426942495,6819.19417769105,6835.905060192649,6956.962181674769,0.0,0.0,0.0,0.0,0.0,0.0
1770636300.0,6932.5,6939.25,6932.25,6938.25,6936.19580619839,6930.959575526969,6930.806172281549,6907.25,6850.25,6878.75,6852.6159426942495,6819.19417769105,6835.905060192649,6956.80892085061,0.0,0.0,0.0,0.0,0.0,0.0
1770636600.0,6938.25,6939.5,6934.5,6936.25,6936.782504406239,6931.80607052647,6930.684510182929,6907.25,6850.25,6878.75,6852.6159426942495,6819.19417769105,6835.905060192649,6956.70543847447,0.0,0.0,0.0,0.0,0.0,0.0
1770636900.0,6936.0,6938.0,6935.5,6936.5,6937.210820854079,6932.611036268309,6930.614988063229,6907.25,6850.25,6878.75,6852.6159426942495,6819.19417769105,6835.905060192649,6956.63962305633,0.0,0.0,0.0,0.0,0.0,0.0
1770637200.0,6936.5,6937.0,6933.75,6935.25,6936.80181436339,6933.0017689283195,6930.43863545111,6907.25,6850.25,6878.75,6852.6159426942495,6819.19417769105,6835.905060192649,6956.5319045642,0.0,0.0,0.0,0.0,0.0,0.0
1770637500.0,6935.25,6936.0,6932.25,6934.75,6936.2302206883,6933.23127126285,6930.24022460725,6907.25,6850.25,6878.75,6852.6159426942495,6819.19417769105,6835.905060192649,6956.398922362149,0.0,0.0,0.0,0.0,0.0,0.0
1770637800.0,6934.5,6937.75,6934.5,6937.0,6936.9129863515,6934.0076735454495,6930.30535955826,6907.25,6850.25,6878.75,6852.6159426942495,6819.19417769105,6835.905060192649,6956.27730181622,0.0,0.0,0.0,0.0,0.0,0.0
1770638100.0,6937.5,6938.25,6934.5,6934.75,6936.20567247612,6934.11245584589,6930.15013761491,6907.25,6850.25,6878.75,6852.6159426942495,6819.19417769105,6835.905060192649,6956.0855730392095,0.0,0.0,0.0,0.0,0.0,0.0
1770638400.0,6935.0,6936.5,6928.25,6932.75,6934.736553140209,6933.72044574266,6929.81556041054,6907.25,6850.25,6878.75,6852.6159426942495,6819.19417769105,6835.905060192649,6955.67847213724,0.0,0.0,0.0,0.0,0.0,0.0
1770638700.0,6932.75,6941.25,6932.5,6940.5,6937.56428539433,6935.341688429639,6930.321857393829,6907.25,6850.25,6878.75,6852.6159426942495,6819.19417769105,6835.905060192649,6955.504337272049,0.0,0.0,0.0,0.0,0.0,0.0
1770639000.0,6940.5,6943.0,6940.0,6942.25,6940.19940722496,6937.13002546559,6930.98946489214,6907.25,6850.25,6878.75,6852.6159426942495,6819.19417769105,6835.905060192649,6955.3509119017,0.0,0.0,0.0,0.0,0.0,0.0
1770639300.0,6942.5,6942.5,6937.0,6941.25,6941.31826459058,6938.362972475539,6931.52202053129,6907.25,6850.25,6878.75,6852.6159426942495,6819.19417769105,6835.905060192649,6955.236191766479,0.0,0.0,0.0,0.0,0.0,0.0
1770639600.0,6941.25,6942.75,6940.25,6941.75,6942.17188726736,6939.50183657356,6932.08324475065,6907.25,6850.25,6878.75,6852.6159426942495,6819.19417769105,6835.905060192649,6955.160236823979,0.0,0.0,0.0,0.0,0.0,0.0
1770639900.0,6941.5,6943.75,6940.75,6942.75,6943.09355792694,6940.6811668357095,6932.72206691252,6907.25,6850.25,6878.75,6852.6159426942495,6819.19417769105,6835.905060192649,6955.0821298764495,0.0,0.0,0.0,0.0,0.0,0.0
1770640200.0,6943.0,6943.75,6940.5,6943.0,6943.68946694169,6941.7017636336595,6933.3547509009995,6907.25,6850.25,6878.75,6852.6159426942495,6819.19417769105,6835.905060192649,6954.98481026642,0.0,0.0,0.0,0.0,0.0,0.0
1770640500.0,6943.0,6945.0,6942.25,6944.5,6944.6870957212295,6942.89698572947,6934.110143412409,6907.25,6850.25,6878.75,6852.6159426942495,6819.19417769105,6835.905060192649,6954.929858871949,0.0,0.0,0.0,0.0,0.0,0.0
1770640800.0,6944.5,6945.5,6939.25,6940.75,6943.37915486149,6942.926111977919,6934.436165913249,6907.25,6850.25,6878.75,6852.6159426942495,6819.19417769105,6835.905060192649,6954.777065415299,0.0,0.0,0.0,0.0,0.0,0.0
1770641100.0,6940.5,6944.25,6939.25,6942.0,6943.055754956969,6943.23290548928,6934.879070250379,6907.25,6850.25,6878.75,6852.6159426942495,6819.19417769105,6835.905060192649,6954.683145491799,0.0,0.0,0.0,0.0,0.0,0.0
1770641400.0,6942.0,6944.25,6941.75,6942.75,6943.14762757193,6943.645013620169,6935.37843358707,6907.25,6850.25,6878.75,6852.6159426942495,6819.19417769105,6835.905060192649,6954.62861939609,0.0,0.0,0.0,0.0,0.0,0.0
1770641700.0,6942.5,6946.0,6940.75,6946.0,6944.73738394433,6944.76515650226,6936.18809695386,6907.25,6850.25,6878.75,6852.6159426942495,6819.19417769105,6835.905060192649,6954.55236836497,0.0,0.0,0.0,0.0,0.0,0.0
1770642000.0,6945.75,6949.25,6945.5,6948.0,6946.66682306626,6946.156933618259,6937.156347465319,6907.25,6850.25,6878.75,6852.6159426942495,6819.19417769105,6835.905060192649,6954.47452757841,0.0,0.0,0.0,0.0,0.0,0.0
1770642300.0,6948.0,6952.5,6947.75,6952.5,6950.0081835027495,6948.39005724795,6938.52954594866,6907.25,6850.25,6878.75,6852.6159426942495,6819.19417769105,6835.905060192649,6954.404594244569,0.0,0.0,0.0,0.0,0.0,0.0
1770642600.0,6952.5,6954.25,6950.25,6951.0,6951.2848806988495,6949.81907090312,6939.657981271899,6907.25,6850.25,6878.75,6852.6159426942495,6819.19417769105,6835.905060192649,6954.376123262839,0.0,0.0,0.0,0.0,0.0,0.0
1770642900.0,6951.0,6951.0,6947.0,6947.75,6950.35941476191,6950.14141403331,6940.3767676812095,6907.25,6850.25,6878.75,6852.6159426942495,6819.19417769105,6835.905060192649,6954.326190476189,0.0,0.0,0.0,0.0,0.0,0.0
1770643200.0,6947.75,6954.0,6947.5,6952.25,6951.82581444019,6951.47461022434,6941.51481261704,6907.25,6850.25,6878.75,6852.6159426942495,6819.19417769105,6835.905060192649,6954.28867929422,0.0,0.0,0.0,0.0,0.0,0.0
1770643500.0,6952.25,6952.5,6946.5,6947.75,6950.4437372314,6951.40344831519,6942.11157115893,6907.25,6850.25,6878.75,6852.6159426942495,6819.19417769105,6835.905060192649,6954.2243408107,0.0,0.0,0.0,0.0,0.0,0.0
1770643800.0,6947.75,6948.25,6943.5,6943.75,6947.501425988299,6950.29561808952,6942.255890931519,6907.25,6850.25,6878.75,6852.6159426942495,6819.19417769105,6835.905060192649,6954.106811328699,0.0,0.0,0.0,0.0,0.0,0.0
1770644100.0,6944.0,6944.5,6942.0,6943.75,6945.572263880989,6949.33138576196,6942.392571654899,6907.25,6850.25,6878.75,6852.6159426942495,6819.19417769105,6835.905060192649,6953.97010212836,0.0,0.0,0.0,0.0,0.0,0.0
1770644400.0,6943.75,6944.5,6941.75,6943.25,6944.103888879349,6948.36896238594,6942.47027325123,6907.25,6850.25,6878.75,6852.6159426942495,6819.19417769105,6835.905060192649,6953.866192113929,0.0,0.0,0.0,0.0,0.0,0.0
1770644700.0,6943.0,6944.5,6940.5,6942.75,6942.965316764909,6947.414822341099,6942.492969473949,6907.25,6850.25,6878.75,6852.6159426942495,6819.19417769105,6835.905060192649,6953.76234268102,0.0,0.0,0.0,0.0,0.0,0.0
1770645000.0,6942.75,6942.75,6937.25,6937.75,6939.8642926945295,6945.35489480583,6941.99927653721,6907.25,6850.25,6878.75,6852.6159426942495,6819.19417769105,6835.905060192649,6953.501639673919,0.0,0.0,0.0,0.0,0.0,0.0
1770645300.0,6937.75,6940.0,6937.5,6938.0,6938.106085384449,6943.69557986889,6941.56819273487,6907.25,6850.25,6878.75,6852.6159426942495,6819.19417769105,6835.905060192649,6953.35602169095,0.0,0.0,0.0,0.0,0.0,0.0
1770645600.0,6938.25,6940.75,6937.25,6937.75,6936.9994051328395,6942.253098727189,6941.14394731954,6907.25,6850.25,6878.75,6852.6159426942495,6819.19417769105,6835.905060192649,6953.1846901181,0.0,0.0,0.0,0.0,0.0,0.0
1770645900.0,6937.75,6938.25,6934.75,6936.0,6935.589406240249,6940.624890772519,6940.57128691461,6907.25,6850.25,6878.75,6852.6159426942495,6819.19417769105,6835.905060192649,6952.946154356459,0.0,0.0,0.0,0.0,0.0,0.0
1770646200.0,6936.0,6937.0,6932.75,6936.25,6934.968032838389,6939.348202534489,6940.06766963222,6907.25,6850.25,6878.75,6852.6159426942495,6819.19417769105,6835.905060192649,6952.545868808719,0.0,0.0,0.0,0.0,0.0,0.0
1770646500.0,6936.25,6937.5,6930.75,6931.0,6932.16731425888,6937.00107766946,6939.06010987207,6907.25,6850.25,6878.75,6852.6159426942495,6819.19417769105,6835.905060192649,6952.193966066029,0.0,0.0,0.0,0.0,0.0,0.0
1770646800.0,6931.0,6933.5,6929.5,6933.0,6931.5247071666,6935.58056675347,6938.333855232219,6907.25,6850.25,6878.75,6852.6159426942495,6819.19417769105,6835.905060192649,6951.83513689904,0.0,0.0,0.0,0.0,0.0,0.0
1770647100.0,6933.25,6937.5,6933.25,6935.5,6932.51768663605,6935.058304688479,6937.921451162169,6907.25,6850.25,6878.75,6852.6159426942495,6819.19417769105,6835.905060192649,6951.3844141193895,0.0,0.0,0.0,0.0,0.0,0.0
1770647400.0,6935.5,6942.75,6924.25,6939.75,6935.3826750672,6935.71683200764,6937.982109521419,,,,6941.231737950459,6887.2061407007595,6914.218939325609,6948.672634924949,0.0,0.0,0.0,0.0,0.0,0.0
1770647700.0,6939.75,6952.5,6935.0,6952.5,6943.533111889359,6939.463006363069,6939.36123916805,,,,6941.231737950459,6887.2061407007595,6914.218939325609,6948.43232646383,0.0,0.0,0.0,0.0,0.0,0.0
1770648000.0,6952.75,6957.0,6949.25,6953.0,6948.96178796309,6942.70208276573,6940.69945092472,,,,6941.231737950459,6887.2061407007595,6914.218939325609,6948.80983421132,0.0,0.0,0.0,0.0,0.0,0.0
1770648300.0,6953.25,6957.5,6946.0,6953.5,6952.516645918259,6945.504110780719,6941.998403404649,,,,6941.231737950459,6887.2061407007595,6914.218939325609,6949.079844809229,0.0,0.0,0.0,0.0,0.0,0.0
1770648600.0,6953.75,6954.0,6939.0,6945.75,6950.776270602039,6945.8785164313595,6942.40695852438,,,,6941.231737950459,6887.2061407007595,6914.218939325609,6948.91580793462,0.0,0.0,0.0,0.0,0.0,0.0
1770648900.0,6946.0,6950.0,6943.5,6945.25,6949.197524718939,6946.04266103322,6942.7361996991895,,,,6941.231737950459,6887.2061407007595,6914.218939325609,6948.7967403292,0.0,0.0,0.0,0.0,0.0,0.0
1770649200.0,6945.0,6954.0,6943.0,6953.75,6952.174142479689,6948.27093621925,6943.92159883893,,,,6941.231737950459,6887.2061407007595,6914.218939325609,6948.86117346204,0.0,0.0,0.0,0.0,0.0,0.0
1770649500.0,6954.0,6960.75,6953.0,6957.25,6955.630145039129,6950.956787000449,6945.385623292759,,,,6941.231737950459,6887.2061407007595,6914.218939325609,6949.206523490299,0.0,0.0,0.0,0.0,0.0,0.0
1770649800.0,6957.0,6959.5,6952.75,6959.25,6958.61712718901,6953.63708363736,6946.9525767020195,,,,6941.231737950459,6887.2061407007595,6914.218939325609,6949.486958511739,0.0,0.0,0.0,0.0,0.0,0.0
1770650100.0,6959.25,6968.0,6959.0,6968.0,6964.560387728089,6957.98020489962,6949.31169063755,,,,6941.231737950459,6887.2061407007595,6914.218939325609,6950.03384212499,0.0,0.0,0.0,0.0,0.0,0.0
1770650400.0,6968.0,6970.75,6963.0,6964.75,6966.48068060456,6960.698576095249,6951.16546731932,,,,6941.231737950459,6887.2061407007595,6914.218939325609,6950.6157932938995,0.0,0.0,0.0,0.0,0.0,0.0
1770650700.0,6964.5,6965.5,6958.25,6960.75,6965.42365813378,6961.87377061936,6952.47017201126,,,,6941.231737950459,6887.2061407007595,6914.218939325609,6950.9537879644795,0.0,0.0,0.0,0.0,0.0,0.0
1770651000.0,6960.75,6974.25,6960.5,6974.0,6970.91679127709,6966.05799484115,6955.04611212899,6970.75,6924.25,6947.5,6941.231737950459,6887.2061407007595,6914.218939325609,6951.540966865369,0.0,0.0,0.0,0.0,0.0,0.0
1770651300.0,6973.75,6979.0,6973.25,6975.25,6974.738983917709,6969.73584096525,6957.562283373019,6970.75,6924.25,6947.5,6941.231737950459,6887.2061407007595,6914.218939325609,6952.3183336331795,0.0,0.0,0.0,0.0,0.0,0.0
1770651600.0,6975.0,6977.5,6974.5,6976.75,6977.56423511498,6973.04300552022,6960.04678009689,6970.75,6924.25,6947.5,6941.231737950459,6887.2061407007595,6914.218939325609,6952.79380514602,0.0,0.0,0.0,0.0,0.0,0.0
1770651900.0,6977.0,6979.5,6973.5,6979.25,6980.222712287809,6976.281051610989,6962.603321504979,6970.75,6924.25,6947.5,6941.231737950459,6887.2061407007595,6914.218939325609,6953.3129163169,0.0,0.0,0.0,0.0,0.0,0.0
1770652200.0,6979.25,6981.5,6977.0,6979.75,6981.795537835859,6978.954838539749,6965.01828427799,6970.75,6924.25,6947.5,6941.231737950459,6887.2061407007595,6914.218939325609,6953.82059439945,0.0,0.0,0.0,0.0,0.0,0.0
1770652500.0,6979.75,6986.0,6979.25,6983.75,6984.39257159233,6982.02505567488,6967.66158672366,6970.75,6924.25,6947.5,6941.231737950459,6887.2061407007595,6914.218939325609,6954.423758487819,0.0,0.0,0.0,0.0,0.0,0.0
1770652800.0,6983.75,6987.75,6983.5,6987.0,6987.28876786811,6985.22955411691,6970.437906543119,6970.75,6924.25,6947.5,6941.231737950459,6887.2061407007595,6914.218939325609,6955.11728980256,0.0,0.0,0.0,0.0,0.0,0.0
1770653100.0,6987.0,6987.25,6982.25,6983.25,6986.95662079814,6986.79653362664,6972.6124855114695,6970.75,6924.25,6947.5,6941.231737950459,6887.2061407007595,6914.218939325609,6955.60237622151,0.0,0.0,0.0,0.0,0.0,0.0
1770653400.0,6983.25,6986.0,6982.0,6984.5,6987.02645226405,6988.250145870589,6974.74268387063,6970.75,6924.25,6947.5,6941.231737950459,6887.2061407007595,6914.218939325609,6956.05568405528,0.0,0.0,0.0,0.0,0.0,0.0
1770653700.0,6984.5,6986.25,6982.0,6982.5,6985.818622649759,6988.802796888979,6976.494319343479,6970.75,6924.25,6947.5,6941.231737950459,6887.2061407007595,6914.218939325609,6956.41814557728,0.0,0.0,0.0,0.0,0.0,0.0
1770654000.0,6982.5,6986.5,6982.0,6986.5,6986.77569586109,6990.10646503435,6978.512951822569,6970.75,6924.25,6947.5,6941.231737950459,6887.2061407007595,6914.218939325609,6956.75543003843,0.0,0.0,0.0,0.0,0.0,0.0
1770654300.0,6986.25,6989.25,6984.75,6988.25,6988.05745813827,6991.474931789349,6980.546184850959,6970.75,6924.25,6947.5,6941.231737950459,6887.2061407007595,6914.218939325609,6957.188623776589,0.0,0.0,0.0,0.0,0.0,0.0
1770654600.0,6988.25,6989.25,6986.0,6987.25,6988.21369827523,6992.21466166114,6982.30755706115,6970.75,6924.25,6947.5,6941.231737950459,6887.2061407007595,6914.218939325609,6957.54520134381,0.0,0.0,0.0,0.0,0.0,0.0
1770654900.0,6987.25,6987.25,6984.0,6987.0,6988.03171251596,6992.62427645336,6983.892600164069,6970.75,6924.25,6947.5,6941.231737950459,6887.2061407007595,6914.218939325609,6957.86138977985,0.0,0.0,0.0,0.0,0.0,0.0
1770655200.0,6987.0,6991.75,6986.75,6991.25,6989.857227916659,6993.88536576506,6985.777955222489,6970.75,6924.25,6947.5,6941.231737950459,6887.2061407007595,6914.218939325609,6958.31992117694,0.0,0.0,0.0,0.0,0.0,0.0
1770655500.0,6991.25,6994.75,6991.0,6993.5,6991.997872486249,6995.356444096329,6987.73493988868,6970.75,6924.25,6947.5,6941.231737950459,6887.2061407007595,6914.218939325609,6958.847194940449,0.0,0.0,0.0,0.0,0.0,0.0
1770655800.0,6993.5,6996.75,6992.25,6995.25,6994.0792531751795,6996.87769458929,6989.70582660877,6970.75,6924.25,6947.5,6941.231737950459,6887.2061407007595,6914.218939325609,6959.31004432556,0.0,0.0,0.0,0.0,0.0,0.0
1770656100.0,6995.25,6997.5,6995.0,6995.5,6995.37319314018,6998.067717209829,6991.53356307328,6970.75,6924.25,6947.5,6941.231737950459,6887.2061407007595,6914.218939325609,6959.66650506095,0.0,0.0,0.0,0.0,0.0,0.0
1770656400.0,6995.5,6997.75,6993.5,6996.5,6996.52240815303,6999.1715743225795,6993.304754146299,6970.75,6924.25,6947.5,6941.231737950459,6887.2061407007595,6914.218939325609,6960.02524906086,0.0,0.0,0.0,0.0,0.0,0.0
1770656700.0,6996.5,6997.0,6994.25,6995.25,6996.483826363819,6999.646726211749,6994.78994506614,6970.75,6924.25,6947.5,6941.231737950459,6887.2061407007595,6914.218939325609,6960.333280220099,0.0,0.0,0.0,0.0,0.0,0.0
1770657000.0,6995.25,6998.0,6994.75,6996.25,6996.79923450713,7000.16558083692,6996.241065440439,6970.75,6924.25,6947.5,6941.231737950459,6887.2061407007595,6914.218939325609,6960.67577761904,0.0,0.0,0.0,0.0,0.0,0.0
1770657300.0,6996.0,6997.5,6995.5,6996.75,6997.118689172919,7000.601191782001,6997.60827120632,6970.75,6924.25,6947.5,6941.231737950459,6887.2061407007595,6914.218939325609,6960.9132161997195,0.0,0.0,0.0,0.0,0.0,0.0
1770657600.0,6996.75,6996.75,6993.5,6994.75,6996.236042859599,7000.35115373296,6998.63855275657,6970.75,6924.25,6947.5,6941.231737950459,6887.2061407007595,6914.218939325609,6961.2087873191695,0.0,0.0,0.0,0.0,0.0,0.0
1770657900.0,6994.5,6995.25,6992.5,6993.0,6994.73182771868,6999.6031825747295,6999.381079160329,6970.75,6924.25,6947.5,6941.231737950459,6887.2061407007595,6914.218939325609,6961.500908277269,0.0,0.0,0.0,0.0,0.0,0.0
1770658200.0,6993.0,6994.5,6991.25,6993.0,6993.723953090949,6998.888006919229,7000.0368752983595,6970.75,6924.25,6947.5,6941.231737950459,6887.2061407007595,6914.218939325609,6961.78804905778,0.0,0.0,0.0,0.0,0.0,0.0
1770658500.0,6993.0,6996.5,6991.75,6992.25,6992.7032321425095,6998.02319034799,7000.53461413052,6970.75,6924.25,6947.5,6941.231737950459,6887.2061407007595,6914.218939325609,6962.0409660571995,0.0,0.0,0.0,0.0,0.0,0.0
1770658800.0,6992.25,6992.5,6989.5,6991.0,6991.456462999379,6996.91994042408,7000.83391358814,6970.75,6924.25,6947.5,6941.231737950459,6887.2061407007595,6914.218939325609,6962.288639904409,0.0,0.0,0.0,0.0,0.0,0.0
1770659100.0,6991.0,6991.5,6988.5,6990.75,6990.577969467439,6995.8783715329,7001.05241135669,6970.75,6924.25,6947.5,6941.231737950459,6887.2061407007595,6914.218939325609,6962.5220101777695,0.0,0.0,0.0,0.0,0.0,0.0
1770659400.0,6991.0,6991.0,6989.0,6990.0,6989.710772620029,6994.77338513369,7001.14455895788,6970.75,6924.25,6947.5,6941.231737950459,6887.2061407007595,6914.218939325609,6962.696550488259,0.0,0.0,0.0,0.0,0.0,0.0
1770659700.0,6990.25,6990.5,6986.25,6987.0,6987.76586196626,6993.065892111799,7000.8871984957195,6970.75,6924.25,6947.5,6941.231737950459,6887.2061407007595,6914.218939325609,6962.890899240299,0.0,0.0,0.0,0.0,0.0,0.0
1770660000.0,6987.25,6991.0,6985.0,6988.5,6987.3493056559,6991.99014947977,7000.770706708319,6970.75,6924.25,6947.5,6941.231737950459,6887.2061407007595,6914.218939325609,6963.188585494239,0.0,0.0,0.0,0.0,0.0,0.0
1770660300.0,6988.75,6991.0,6986.75,6990.0,6987.923794180389,6991.44641906559,7000.78600244576,6970.75,6924.25,6947.5,6941.231737950459,6887.2061407007595,6914.218939325609,6963.366019956789,0.0,0.0,0.0,0.0,0.0,0.0
1770660600.0,6990.25,6991.0,6988.0,6990.25,6988.50856050034,6991.0380541222,7000.7953162042795,6970.75,6924.25,6947.5,6941.231737950459,6887.2061407007595,6914.218939325609,6963.52742140178,0.0,0.0,0.0,0.0,0.0,0.0
1770660900.0,6990.5,6991.0,6988.25,6990.0,6988.83370487029,6990.621790403389,7000.74800403643,6970.75,6924.25,6947.5,6941.231737950459,6887.2061407007595,6914.218939325609,6963.666762678269,0.0,0.0,0.0,0.0,0.0,0.0
1770661200.0,6990.0,6991.75,6977.0,6987.25,6987.75543814839,6989.581284467799,7000.39026746464,6970.75,6924.25,6947.5,6941.231737950459,6887.2061407007595,6914.218939325609,6964.3227958239095,0.0,0.0,0.0,0.0,0.0,0.0
1770661500.0,6987.25,6987.75,6982.5,6983.75,6985.41472118136,6987.843695273569,6999.6671364225995,6970.75,6924.25,6947.5,6941.231737950459,6887.2061407007595,6914.218939325609,6964.53069130914,0.0,0.0,0.0,0.0,0.0,0.0
1770661800.0,6983.75,6989.75,6981.5,6988.0,6986.07574648396,6987.4655638638005,6999.40633547582,6970.75,6924.25,6947.5,6941.231737950459,6887.2061407007595,6914.218939325609,6964.7612517076195,0.0,0.0,0.0,0.0,0.0,0.0
1770662100.0,6988.0,6990.5,6986.75,6990.0,6987.564311225239,6987.657465732979,6999.34384323015,6970.75,6924.25,6947.5,6941.231737950459,6887.2061407007595,6914.218939325609,6964.91491010483,0.0,0.0,0.0,0.0,0.0,0.0
1770662400.0,6989.75,6993.25,6988.75,6991.75,6989.42725093625,6988.259342700039,6999.44060028683,6970.75,6924.25,6947.5,6941.231737950459,6887.2061407007595,6914.218939325609,6965.146639474289,0.0,0.0,0.0,0.0,0.0,0.0
1770662700.0,6991.5,6993.75,6989.25,6989.75,6989.65870689432,6988.266033768689,6999.29836451092,6970.75,6924.25,6947.5,6941.231737950459,6887.2061407007595,6914.218939325609,6965.30654742965,0.0,0.0,0.0,0.0,0.0,0.0
1770663000.0,6989.75,6991.25,6988.25,6989.0,6989.43350209608,6988.09078692951,6999.06366650129,6970.75,6924.25,6947.5,6941.231737950459,6887.2061407007595,6914.218939325609,6965.430500075649,0.0,0.0,0.0,0.0,0.0,0.0
1770663300.0,6989.25,6990.25,6986.5,6988.25,6988.916440272879,6987.7661441153095,6998.7436800179,6970.75,6924.25,6947.5,6941.231737950459,6887.2061407007595,6914.218939325609,6965.5614505068,0.0,0.0,0.0,0.0,0.0,0.0
1770663600.0,6988.25,6992.5,6986.5,6992.0,6990.41639056031,6988.438797926299,6998.810264789179,6970.75,6924.25,6947.5,6941.231737950459,6887.2061407007595,6914.218939325609,6965.7478953971595,0.0,0.0,0.0,0.0,0.0,0.0
1770663900.0,6992.25,6992.5,6988.25,6989.5,6990.145725094019,6988.38080227005,6998.59090120904,6970.75,6924.25,6947.5,6941.231737950459,6887.2061407007595,6914.218939325609,6965.91014437771,0.0,0.0,0.0,0.0,0.0,0.0
1770664200.0,6989.25,6995.0,6989.25,6994.0,6992.147487769569,6989.45861998408,6998.8297453325895,6970.75,6924.25,6947.5,6941.231737950459,6887.2061407007595,6914.218939325609,6966.14568008056,0.0,0.0,0.0,0.0,0.0,0.0
1770664500.0,6994.0,6995.75,6993.25,6995.0,6993.879370433309,6990.602510125719,6999.13336657296,6970.75,6924.25,6947.5,6941.231737950459,6887.2061407007595,6914.218939325609,6966.32874642511,0.0,0.0,0.0,0.0,0.0,0.0
1770664800.0,6995.0,6999.25,6994.5,6998.25,6996.50392377053,6992.355535746779,6999.730046654519,6970.75,6924.25,6947.5,6941.231737950459,6887.2061407007595,6914.218939325609,6966.613323480269,0.0,0.0,0.0,0.0,0.0,0.0
1770665100.0,6998.5,7000.5,6997.75,6999.0,6998.444539555319,6993.983795139,7000.34093361281,6970.75,6924.25,6947.5,6941.231737950459,6887.2061407007595,6914.218939325609,6966.8917651170195,0.0,0.0,0.0,0.0,0.0,0.0
1770665400.0,6999.0,7000.25,6997.25,6997.75,6998.9395989552095,6995.004258839909,7000.7582937986,6970.75,6924.25,6947.5,6941.231737950459,6887.2061407007595,6914.218939325609,6967.12617010878,0.0,0.0,0.0,0.0,0.0,0.0
1770665700.0,6997.75,6999.25,6997.0,6998.25,6999.3575305168,6995.95245783392,7001.17664845908,6970.75,6924.25,6947.5,6941.231737950459,6887.2061407007595,6914.218939325609,6967.26214118089,0.0,0.0,0.0,0.0,0.0,0.0
1770666000.0,6998.5,6998.5,6996.5,6997.5,6999.125647498649,6996.52679406795,7001.46686411239,6970.75,6924.25,6947.5,6941.231737950459,6887.2061407007595,6914.218939325609,6967.41410494456,0.0,0.0,0.0,0.0,0.0,0.0
1770666300.0,6997.5,6998.25,6996.25,6997.75,6998.982170069559,6997.038813264169,7001.7414809762495,6970.75,6924.25,6947.5,6941.231737950459,6887.2061407007595,6914.218939325609,6967.60523261584,0.0,0.0,0.0,0.0,0.0,0.0
1770666600.0,6997.75,6998.75,6995.75,6997.0,6998.427020594139,6997.249759247659,7001.89847570835,6970.75,6924.25,6947.5,6941.231737950459,6887.2061407007595,6914.218939325609,6967.79335946206,0.0,0.0,0.0,0.0,0.0,0.0
1770666900.0,6997.0,6997.5,6994.75,6995.5,6997.263414411689,6997.0254217619695,7001.86887338947,6970.75,6924.25,6947.5,6941.231737950459,6887.2061407007595,6914.218939325609,6967.960815913139,0.0,0.0,0.0,0.0,0.0,0.0
1770667200.0,6995.75,6998.25,6994.75,6996.5,6996.959186122919,6997.064905141139,7001.92458305865,6970.75,6924.25,6947.5,6941.231737950459,6887.2061407007595,6914.218939325609,6968.187767859849,0.0,0.0,0.0,0.0,0.0,0.0
1770667500.0,6996.25,6998.75,6996.0,6996.25,6996.616925568769,6997.01369128136,7001.9308645702795,6970.75,6924.25,6947.5,6941.231737950459,6887.2061407007595,6914.218939325609,6968.35056919397,0.0,0.0,0.0,0.0,0.0,0.0
1770667800.0,6996.5,6997.5,6995.5,6995.5,6996.01785218783,6996.7647889914,7001.83992986591,6970.75,6924.25,6947.5,6941.231737950459,6887.2061407007595,6914.218939325609,6968.51071393345,0.0,0.0,0.0,0.0,0.0,0.0
1770668100.0,6995.5,6995.75,6991.75,6992.5,6994.169451453679,6995.7951975593,7001.426512469129,6970.75,6924.25,6947.5,6941.231737950459,6887.2061407007595,6914.218939325609,6968.73495791531,0.0,0.0,0.0,0.0,0.0,0.0
1770668400.0,6992.75,6993.0,6989.25,6990.5,6992.036273179399,6994.48306141998,7000.817238060659,6970.75,6924.25,6947.5,6941.231737950459,6887.2061407007595,6914.218939325609,6968.94183354419,0.0,0.0,0.0,0.0,0.0,0.0
1770668700.0,6990.5,6991.0,6984.5,6987.0,6989.02684915968,6992.52152516923,6999.871643030039,6970.75,6924.25,6947.5,6941.231737950459,6887.2061407007595,6914.218939325609,6969.17741835478,0.0,0.0,0.0,0.0,0.0,0.0
1770669000.0,6987.0,6987.25,6982.25,6982.25,6984.891552623059,6989.72124811244,6998.48515962221,6970.75,6924.25,6947.5,6941.231737950459,6887.2061407007595,6914.218939325609,6969.375354422519,0.0,0.0,0.0,0.0,0.0,0.0
1770669300.0,6982.0,6987.25,6980.0,6987.0,6984.73074777662,6988.602298279259,6997.6719930215595,6970.75,6924.25,6947.5,6941.231737950459,6887.2061407007595,6914.218939325609,6969.57638579727,0.0,0.0,0.0,0.0,0.0,0.0
1770669600.0,6987.0,6989.75,6984.0,6987.5,6985.059760397359,6987.82513084289,6996.953890760559,6970.75,6924.25,6947.5,6941.231737950459,6887.2061407007595,6914.218939325609,6969.8007728639595,0.0,0.0,0.0,0.0,0.0,0.0
1770669900.0,6987.5,6990.0,6987.5,6989.5,6986.40886416556,6987.70727930171,6996.48018909595,6970.75,6924.25,6947.5,6941.231737950459,6887.2061407007595,6914.218939325609,6969.996094911169,0.0,0.0,0.0,0.0,0.0,0.0
1770670200.0,6989.5,6991.75,6982.0,6984.5,6984.956676896039,6986.3946584244395,6995.5110155056,6970.75,6924.25,6947.5,6941.231737950459,6887.2061407007595,6914.218939325609,6970.318924141439,0.0,0.0,0.0,0.0,0.0,0.0
1770670500.0,6984.5,6989.75,6980.25,6980.25,6982.063602676079,6984.283598217849,6994.159545874099,6970.75,6924.25,6947.5,6941.231737950459,6887.2061407007595,6914.218939325609,6971.1027560412995,0.0,0.0,0.0,0.0,0.0,0.0
1770670800.0,6980.5,6984.5,6980.0,6982.25,6981.3271652349495,6983.0740931869595,6993.09984592125,6970.75,6924.25,6947.5,6941.231737950459,6887.2061407007595,6914.218939325609,6971.29582328983,0.0,0.0,0.0,0.0,0.0,0.0
1770671100.0,6982.25,6984.5,6981.0,6984.25,6981.9868979965895,6982.616072557639,6992.312692804009,6970.75,6924.25,6947.5,6941.231737950459,6887.2061407007595,6914.218939325609,6971.36031488354,0.0,0.0,0.0,0.0,0.0,0.0
1770671400.0,6984.25,6986.75,6983.25,6986.0,6983.396962510859,6982.71895874162,6991.754119006559,6970.75,6924.25,6947.5,6941.231737950459,6887.2061407007595,6914.218939325609,6971.446999160979,0.0,0.0,0.0,0.0,0.0,0.0
1770671700.0,6986.25,6986.5,6982.25,6983.75,6983.295374472899,6982.289349345499,6990.99541199499,6970.75,6924.25,6947.5,6941.231737950459,6887.2061407007595,6914.218939325609,6971.4657870621095,0.0,0.0,0.0,0.0,0.0,0.0
1770672000.0,6983.5,6984.25,6983.0,6984.0,6983.42002248837,6982.04008026628,6990.30976194906,6970.75,6924.25,6947.5,6941.231737950459,6887.2061407007595,6914.218939325609,6971.47697622269,0.0,0.0,0.0,0.0,0.0,0.0
1770672300.0,6983.75,6984.5,6982.75,6984.25,6983.678179789679,6981.939404408789,6989.69282517738,6970.75,6924.25,6947.5,6941.231737950459,6887.2061407007595,6914.218939325609,6971.4893746669595,0.0,0.0,0.0,0.0,0.0,0.0
1770672600.0,6984.0,6985.0,6983.75,6984.75,6984.13042004769,6982.022443629359,6989.166330250049,6970.75,6924.25,6947.5,6941.231737950459,6887.2061407007595,6914.218939325609,6971.49965676505,0.0,0.0,0.0,0.0,0.0,0.0
1770672900.0,6984.75,6985.25,6983.75,6984.5,6984.3259544323,6982.06875739431,6988.64704072888,6970.75,6924.25,6947.5,6941.231737950459,6887.2061407007595,6914.218939325609,6971.506445264739,0.0,0.0,0.0,0.0,0.0,0.0
1770673200.0,6984.5,6985.5,6984.25,6985.5,6984.9551121982895,6982.39326053589,6988.26423119631,6970.75,6924.25,6947.5,6941.231737950459,6887.2061407007595,6914.218939325609,6971.51471337127,0.0,0.0,0.0,0.0,0.0,0.0
1770673500.0,6985.5,6986.25,6984.75,6985.25,6985.23921183028,6982.633981948459,6987.87963193004,6970.75,6924.25,6947.5,6941.231737950459,6887.2061407007595,6914.218939325609,6971.52576429601,0.0,0.0,0.0,0.0,0.0,0.0
1770673800.0,6985.0,6985.5,6984.5,6984.75,6985.1691816413095,6982.740121787229,6987.467970445289,6970.75,6924.25,6947.5,6941.231737950459,6887.2061407007595,6914.218939325609,6971.53348430135,0.0,0.0,0.0,0.0,0.0,0.0
1770674100.0,6984.75,6985.0,6982.5,6984.0,6984.74776667052,6982.670369792349,6987.00574967775,6970.75,6924.25,6947.5,6941.231737950459,6887.2061407007595,6914.218939325609,6971.54677635756,0.0,0.0,0.0,0.0,0.0,0.0
1770678000.0,6985.0,6988.75,6984.0,6988.75,6986.79028771504,6983.8213917331295,6987.065473971739,6970.75,6924.25,6947.5,6941.231737950459,6887.2061407007595,6914.218939325609,6987.16666666667,0.0,0.0,0.0,0.0,0.0,0.0
1770678300.0,6988.75,6989.5,6985.75,6986.75,6987.097599509049,6984.29849997279,6986.91309831036,6970.75,6924.25,6947.5,6941.231737950459,6887.2061407007595,6914.218939325609,6987.2228571428595,0.0,0.0,0.0,0.0,0.0,0.0
1770678600.0,6986.75,6986.75,6980.5,6982.75,6985.29774294414,6983.716064593699,6986.356912895189,6970.75,6924.25,6947.5,6941.231737950459,6887.2061407007595,6914.218939325609,6985.569609856259,0.0,0.0,0.0,0.0,0.0,0.0
1770678900.0,6982.75,6983.5,6980.5,6983.0,6984.24381931867,6983.314167015829,6985.8649158413,6970.75,6924.25,6947.5,6941.231737950459,6887.2061407007595,6914.218939325609,6984.918744531929,0.0,0.0,0.0,0.0,0.0,0.0
1770679200.0,6983.0,6983.5,6980.5,6981.25,6982.72147086069,6982.565486912879,6985.22638992252,6970.75,6924.25,6947.5,6941.231737950459,6887.2061407007595,6914.218939325609,6984.49384469697,0.0,0.0,0.0,0.0,0.0,0.0
1770679500.0,6981.0,6983.5,6980.5,6982.0,6982.1438413612095,6982.15366711886,6984.71055237326,6970.75,6924.25,6947.5,6941.231737950459,6887.2061407007595,6914.218939325609,6984.215631835769,0.0,0.0,0.0,0.0,0.0,0.0
1770679800.0,6982.0,6982.0,6979.25,6980.75,6981.21083070554,6981.524509274839,6984.102603094039,6970.75,6924.25,6947.5,6941.231737950459,6887.2061407007595,6914.218939325609,6983.62750052643,0.0,0.0,0.0,0.0,0.0,0.0
1770680100.0,6980.75,6982.25,6980.0,6981.5,6981.0352113604395,6981.214390750029,6983.616235632279,6970.75,6924.25,6947.5,6941.231737950459,6887.2061407007595,6914.218939325609,6983.470839889849,0.0,0.0,0.0,0.0,0.0,0.0
1770680400.0,6981.5,6985.0,6981.25,6983.25,6981.835359087369,6981.4175619342595,6983.34676689544,6970.75,6924.25,6947.5,6941.231737950459,6887.2061407007595,6914.218939325609,6983.4318727491,0.0,0.0,0.0,0.0,0.0,0.0
1770680700.0,6983.25,6983.25,6978.0,6978.5,6980.07320131886,6980.42732503464,6982.60746476174,6970.75,6924.25,6947.5,6941.231737950459,6887.2061407007595,6914.218939325609,6982.84692637598,0.0,0.0,0.0,0.0,0.0,0.0
1770681000.0,6978.25,6979.5,6976.0,6979.0,6979.23782193408,6979.75704450994,6981.97437320383,6970.75,6924.25,6947.5,6941.231737950459,6887.2061407007595,6914.218939325609,6982.12297079557,0.0,0.0,0.0,0.0,0.0,0.0
1770681300.0,6979.0,6979.25,6977.0,6978.75,6978.6479299623,6979.167325988739,6981.3630897681,6970.75,6924.25,6947.5,6941.231737950459,6887.2061407007595,6914.218939325609,6981.92669302166,0.0,0.0,0.0,0.0,0.0,0.0
1770681600.0,6978.75,6981.75,6978.5,6980.5,6979.195892871349,6979.143104050309,6980.97931459678,6970.75,6924.25,6947.5,6941.231737950459,6887.2061407007595,6914.218939325609,6981.76240310078,0.0,0.0,0.0,0.0,0.0,0.0
1770681900.0,6980.5,6980.75,6976.25,6976.75,6977.77788219387,6978.218321900619,6980.23899038292,6970.75,6924.25,6947.5,6941.231737950459,6887.2061407007595,6914.218939325609,6981.45316509837,0.0,0.0,0.0,0.0,0.0,0.0
1770682200.0,6976.5,6976.75,6974.0,6974.25,6975.712543093,6976.8608873944195,6979.296771707989,6970.75,6924.25,6947.5,6941.231737950459,6887.2061407007595,6914.218939325609,6980.8625118729,0.0,0.0,0.0,0.0,0.0,0.0
1770682500.0,6974.5,6977.75,6974.5,6976.25,6975.45486676109,6976.26890534937,6978.63260635316,6970.75,6924.25,6947.5,6941.231737950459,6887.2061407007595,6914.218939325609,6980.651828178699,0.0,0.0,0.0,0.0,0.0,0.0
1770682800.0,6976.25,6977.0,6974.25,6974.75,6974.655873171329,6975.441975895749,6977.865830869499,6970.75,6924.25,6947.5,6941.231737950459,6887.2061407007595,6914.218939325609,6980.474177561649,0.0,0.0,0.0,0.0,0.0,0.0
1770683100.0,6974.5,6976.75,6974.5,6976.0,6974.8495734934995,6975.1062150586595,6977.28841556228,6970.75,6924.25,6947.5,6941.231737950459,6887.2061407007595,6914.218939325609,6980.2626472230695,0.0,0.0,0.0,0.0,0.0,0.0
1770683400.0,6976.0,6977.5,6975.75,6976.75,6975.426591677139,6975.052738960419,6976.835874343619,6970.75,6924.25,6947.5,6941.231737950459,6887.2061407007595,6914.218939325609,6980.1168322739395,0.0,0.0,0.0,0.0,0.0,0.0
1770683700.0,6977.0,6977.25,6974.5,6975.5,6975.252445981329,6974.73396591172,6976.2930643199,6970.75,6924.25,6947.5,6941.231737950459,6887.2061407007595,6914.218939325609,6980.00098387862,0.0,0.0,0.0,0.0,0.0,0.0
1770684000.0,6975.5,6975.75,6974.25,6974.75,6974.82779596375,6974.31910048747,6975.71831900406,6970.75,6924.25,6947.5,6941.231737950459,6887.2061407007595,6914.218939325609,6979.86307546822,0.0,0.0,0.0,0.0,0.0,0.0
1770684300.0,6974.5,6975.75,6974.25,6975.0,6974.72842896755,6974.073242840919,6975.21760240733,6970.75,6924.25,6947.5,6941.231737950459,6887.2061407007595,6914.218939325609,6979.740719505339,0.0,0.0,0.0,0.0,0.0,0.0
1770684600.0,6975.25,6979.5,6974.5,6978.25,6976.29811361416,6974.712664023739,6975.0961427547,6970.75,6924.25,6947.5,6941.231737950459,6887.2061407007595,6914.218939325609,6979.62838083622,0.0,0.0,0.0,0.0,0.0,0.0
1770684900.0,6978.25,6979.75,6977.75,6978.25,6977.32672058972,6975.27244141143,6974.99155072141,6970.75,6924.25,6947.5,6941.231737950459,6887.2061407007595,6914.218939325609,6979.5951892597395,0.0,0.0,0.0,0.0,0.0,0.0
1770685200.0,6978.25,6979.5,6977.75,6978.5,6978.1007069075295,6975.82375198052,6974.9284624393495,6970.75,6924.25,6947.5,6941.231737950459,6887.2061407007595,6914.218939325609,6979.56233086776,0.0,0.0,0.0,0.0,0.0,0.0
1770685500.0,6978.25,6979.5,6977.25,6978.5,6978.57102721627,6976.30152295666,6974.878079747329,6970.75,6924.25,6947.5,6941.231737950459,6887.2061407007595,6914.218939325609,6979.53607732534,0.0,0.0,0.0,0.0,0.0,0.0
1770685800.0,6978.75,6979.0,6977.0,6978.75,6978.95838899851,6976.77673794769,6974.865283035159,6970.75,6924.25,6947.5,6941.231737950459,6887.2061407007595,6914.218939325609,6979.49214006016,0.0,0.0,0.0,0.0,0.0,0.0
1770686100.0,6978.75,6979.25,6976.25,6977.0,6978.31132327786,6976.74889930403,6974.680622205299,6970.75,6924.25,6947.5,6941.231737950459,6887.2061407007595,6914.218939325609,6979.41749057737,0.0,0.0,0.0,0.0,0.0,0.0
1770686400.0,6976.75,6980.25,6976.75,6979.5,6979.08343492444,6977.36009932601,6974.775407901399,6970.75,6924.25,6947.5,6941.231737950459,6887.2061407007595,6914.218939325609,6979.397252689309,0.0,0.0,0.0,0.0,0.0,0.0
1770686700.0,6979.25,6979.75,6975.5,6976.25,6977.959198292409,6977.06707798482,6974.53562490831,6970.75,6924.25,6947.5,6941.231737950459,6887.2061407007595,6914.218939325609,6979.333939611301,0.0,0.0,0.0,0.0,0.0,0.0
1770687000.0,6976.25,6976.25,6973.75,6974.75,6976.48327836512,6976.460416689029,6974.1655718291995,6970.75,6924.25,6947.5,6941.231737950459,6887.2061407007595,6914.218939325609,6979.12049587986,0.0,0.0,0.0,0.0,0.0,0.0
1770687300.0,6974.5,6980.5,6973.5,6980.25,6978.22692603617,6977.336817849199,6974.39805258196,6970.75,6924.25,6947.5,6941.231737950459,6887.2061407007595,6914.218939325609,6979.07195420462,0.0,0.0,0.0,0.0,0.0,0.0
1770687600.0,6980.25,6981.0,6978.5,6980.0,6979.2198375515,6978.00740173073,6974.59640031442,6970.75,6924.25,6947.5,6941.231737950459,6887.2061407007595,6914.218939325609,6979.10154411984,0.0,0.0,0.0,0.0,0.0,0.0
1770687900.0,6980.25,6983.25,6978.5,6983.0,6981.291350657089,6979.31163491303,6975.09864057819,6970.75,6924.25,6947.5,6941.231737950459,6887.2061407007595,6914.218939325609,6979.20073905709,0.0,0.0,0.0,0.0,0.0,0.0
1770688200.0,6982.75,6983.0,6979.75,6980.25,6981.2193396086595,6979.70426511801,6975.28872178362,6970.75,6924.25,6947.5,6941.231737950459,6887.2061407007595,6914.218939325609,6979.24975317397,0.0,0.0,0.0,0.0,0.0,0.0
1770688500.0,6980.0,6980.75,6977.25,6980.5,6981.2275786255295,6980.085265887389,6975.498238478949,6970.75,6924.25,6947.5,6941.231737950459,6887.2061407007595,6914.218939325609,6979.256685865709,0.0,0.0,0.0,0.0,0.0,0.0
1770688800.0,6980.75,6981.0,6978.0,6979.0,6980.442228189079,6980.01959067981,6975.54467755675,6970.75,6924.25,6947.5,6941.231737950459,6887.2061407007595,6914.218939325609,6979.258420878759,0.0,0.0,0.0,0.0,0.0,0.0
1770689100.0,6979.0,6980.5,6978.75,6978.75,6979.77469857241,6979.89500515201,6975.5684781766595,6970.75,6924.25,6947.5,6941.231737950459,6887.2061407007595,6914.218939325609,6979.25933322891,0.0,0.0,0.0,0.0,0.0,0.0
1770689400.0,6978.75,6979.75,6977.0,6978.75,6979.324718707019,6979.78454947093,6975.596942932149,6970.75,6924.25,6947.5,6941.231737950459,6887.2061407007595,6914.218939325609,6979.240569580769,0.0,0.0,0.0,0.0,0.0,0.0
1770689700.0,6979.0,6980.75,6977.75,6978.25,6978.784324470629,6979.5621624775895,6975.57794609543,6970.75,6924.25,6947.5,6941.231737950459,6887.2061407007595,6914.218939325609,6979.234774318579,0.0,0.0,0.0,0.0,0.0,0.0
1770690000.0,6978.0,6979.25,6977.0,6977.0,6977.831564481109,6979.06171426865,6975.43719694799,6970.75,6924.25,6947.5,6941.231737950459,6887.2061407007595,6914.218939325609,6979.213204943379,0.0,0.0,0.0,0.0,0.0,0.0
1770690300.0,6977.25,6978.75,6976.5,6978.5,6977.972107749039,6979.01723222397,6975.46745287986,6970.75,6924.25,6947.5,6941.231737950459,6887.2061407007595,6914.218939325609,6979.1966451361795,0.0,0.0,0.0,0.0,0.0,0.0
1770690600.0,6978.75,6979.25,6976.75,6977.0,6977.3540289229395,6978.60485226448,6975.346581102959,6970.75,6924.25,6947.5,6941.231737950459,6887.2061407007595,6914.218939325609,6979.16890608764,0.0,0.0,0.0,0.0,0.0,0.0
1770690900.0,6977.0,6977.25,6973.0,6975.25,6976.130983551219,6977.827356611309,6975.0592856841395,6970.75,6924.25,6947.5,6941.231737950459,6887.2061407007595,6914.218939325609,6978.995498120409,0.0,0.0,0.0,0.0,0.0,0.0
1770691200.0,6975.0,6976.75,6974.5,6976.5,6976.000344158389,6977.49701296033,6974.92739899323,6970.75,6924.25,6947.5,6941.231737950459,6887.2061407007595,6914.218939325609,6978.95817389636,0.0,0.0,0.0,0.0,0.0,0.0
1770691500.0,6976.5,6976.75,6975.5,6975.5,6975.478600370339,6976.97913786115,6974.707527029939,6970.75,6924.25,6947.5,6941.231737950459,6887.2061407007595,6914.218939325609,6978.9318316604595,0.0,0.0,0.0,0.0,0.0,0.0
1770691800.0,6975.5,6978.25,6975.0,6977.5,6976.17104368294,6977.05408285362,6974.7159717511495,6970.75,6924.25,6947.5,6941.231737950459,6887.2061407007595,6914.218939325609,6978.893866034279,0.0,0.0,0.0,0.0,0.0,0.0
1770692100.0,6977.5,6977.75,6976.0,6976.5,6976.16776833709,6976.8735377739895,6974.626614397909,6970.75,6924.25,6947.5,6941.231737950459,6887.2061407007595,6914.218939325609,6978.868950343989,0.0,0.0,0.0,0.0,0.0,0.0
1770692400.0,6976.5,6976.75,6974.25,6974.5,6975.21928352739,6976.2329876512395,6974.342885800939,6970.75,6924.25,6947.5,6941.231737950459,6887.2061407007595,6914.218939325609,6978.802316102429,0.0,0.0,0.0,0.0,0.0,0.0
1770692700.0,6974.5,6974.75,6972.5,6973.0,6973.91573962418,6975.338206892149,6973.93015363566,6970.75,6924.25,6947.5,6941.231737950459,6887.2061407007595,6914.218939325609,6978.68608269995,0.0,0.0,0.0,0.0,0.0,0.0
1770693000.0,6973.25,6974.0,6973.0,6973.25,6973.256648114039,6974.67176524673,6973.578531467149,6970.75,6924.25,6947.5,6941.231737950459,6887.2061407007595,6914.218939325609,6978.634994630979,0.0,0.0,0.0,0.0,0.0,0.0
1770693300.0,6973.25,6973.75,6972.25,6973.25,6972.9000085613,6974.134983285329,6973.2580947283195,6970.75,6924.25,6947.5,6941.231737950459,6887.2061407007595,6914.218939325609,6978.52476369745,0.0,0.0,0.0,0.0,0.0,0.0
1770693600.0,6973.5,6975.75,6973.25,6975.5,6973.83611485573,6974.26699541975,6973.19938086352,6970.75,6924.25,6947.5,6941.231737950459,6887.2061407007595,6914.218939325609,6978.454296832349,0.0,0.0,0.0,0.0,0.0,0.0
1770693900.0,6975.75,6976.75,6974.5,6974.75,6974.12006305045,6974.205682778989,6973.07398088746,6970.75,6924.25,6947.5,6941.231737950459,6887.2061407007595,6914.218939325609,6978.41510811818,0.0,0.0,0.0,0.0,0.0,0.0
1770694200.0,6974.75,6977.5,6974.5,6977.5,6975.67561518147,6974.8538894725,6973.2482973877595,6970.75,6924.25,6947.5,6941.231737950459,6887.2061407007595,6914.218939325609,6978.386100572469,0.0,0.0,0.0,0.0,0.0,0.0
1770694500.0,6977.5,6978.75,6977.0,6977.75,6976.80104618479,6975.46439596863,6973.44276135315,6970.75,6924.25,6947.5,6941.231737950459,6887.2061407007595,6914.218939325609,6978.37838159423,0.0,0.0,0.0,0.0,0.0,0.0
1770694800.0,6977.75,6978.5,6975.75,6976.25,6976.768801976909,6975.604699388329,6973.4748106751795,6970.75,6924.25,6947.5,6941.231737950459,6887.2061407007595,6914.218939325609,6978.35299459783,0.0,0.0,0.0,0.0,0.0,0.0
1770695100.0,6976.25,6978.25,6975.75,6978.25,6977.695031042699,6976.22441138667,6973.7174029873595,6970.75,6924.25,6947.5,6941.231737950459,6887.2061407007595,6914.218939325609,6978.34269470448,0.0,0.0,0.0,0.0,0.0,0.0
1770695400.0,6978.25,6978.5,6977.25,6977.75,6978.008110353409,6976.61626695775,6973.8971426074095,6970.75,6924.25,6947.5,6941.231737950459,6887.2061407007595,6914.218939325609,6978.33838759434,0.0,0.0,0.0,0.0,0.0,0.0
1770695700.0,6977.75,6978.0,6976.5,6976.75,6977.6766318584,6976.69266782039,6973.96648156553,6970.75,6924.25,6947.5,6941.231737950459,6887.2061407007595,6914.218939325609,6978.331272423519,0.0,0.0,0.0,0.0,0.0,0.0
1770696000.0,6976.5,6978.75,6976.5,6978.25,6978.158200475459,6977.12874877094,6974.191368150079,6970.75,6924.25,6947.5,6941.231737950459,6887.2061407007595,6914.218939325609,6978.325543252659,0.0,0.0,0.0,0.0,0.0,0.0
1770696300.0,6978.5,6979.5,6978.25,6979.0,6978.796700473929,6977.6741706904295,6974.48315122983,6970.75,6924.25,6947.5,6941.231737950459,6887.2061407007595,6914.218939325609,6978.33447984713,0.0,0.0,0.0,0.0,0.0,0.0
1770696600.0,6979.25,6981.0,6979.25,6979.75,6979.52877173605,6978.307502992159,6974.8368336513995,6970.75,6924.25,6947.5,6941.231737950459,6887.2061407007595,6914.218939325609,6978.35786079199,0.0,0.0,0.0,0.0,0.0,0.0
1770696900.0,6979.75,6980.25,6978.5,6980.25,6980.1903858999995,6978.9485134139995,6975.22188114004,6970.75,6924.25,6947.5,6941.231737950459,6887.2061407007595,6914.218939325609,6978.3728603603595,0.0,0.0,0.0,0.0,0.0,0.0
1770697200.0,6980.0,6981.0,6980.0,6980.25,6980.55559506944,6979.468643508009,6975.58402925004,6970.75,6924.25,6947.5,6941.231737950459,6887.2061407007595,6914.218939325609,6978.39013433656,0.0,0.0,0.0,0.0,0.0,0.0
1770697500.0,6980.25,6980.5,6979.75,6980.5,6980.85061836752,6979.94859854245,6975.950345151419,6970.75,6924.25,6947.5,6941.231737950459,6887.2061407007595,6914.218939325609,6978.40000213593,0.0,0.0,0.0,0.0,0.0,0.0
1770697800.0,6980.5,6981.0,6979.0,6981.0,6981.22421912952,6980.45559920863,6976.34601128914,6970.75,6924.25,6947.5,6941.231737950459,6887.2061407007595,6914.218939325609,6978.41908816364,0.0,0.0,0.0,0.0,0.0,0.0
1770698100.0,6981.0,6981.75,6980.5,6980.75,6981.283403320759,6980.7966517244395,6976.69107429583,6970.75,6924.25,6947.5,6941.231737950459,6887.2061407007595,6914.218939325609,6978.439363228929,0.0,0.0,0.0,0.0,0.0,0.0
1770698400.0,6980.5,6981.25,6980.0,6981.0,6981.389183845319,6981.12356642653,6977.0404076346495,6970.75,6924.25,6947.5,6941.231737950459,6887.2061407007595,6914.218939325609,6978.450998321519,0.0,0.0,0.0,0.0,0.0,0.0
1770698700.0,6981.0,6983.0,6980.5,6982.25,6982.018707047219,6981.68666013994,6977.496741119519,6970.75,6924.25,6947.5,6941.231737950459,6887.2061407007595,6914.218939325609,6978.49056623244,0.0,0.0,0.0,0.0,0.0,0.0
1770699000.0,6982.25,6983.25,6981.75,6983.0,6982.73876643054,6982.319277854909,6978.000515283489,6970.75,6924.25,6947.5,6941.231737950459,6887.2061407007595,6914.218939325609,6978.523503853489,0.0,0.0,0.0,0.0,0.0,0.0
1770699300.0,6982.75,6984.25,6982.5,6983.75,6983.51038403145,6983.007375340379,6978.54797407255,6970.75,6924.25,6947.5,6941.231737950459,6887.2061407007595,6914.218939325609,6978.579122022729,0.0,0.0,0.0,0.0,0.0,0.0
1770699600.0,6984.0,6984.5,6982.5,6983.0,6983.576068137009,6983.366127501369,6978.98055289081,6970.75,6924.25,6947.5,6941.231737950459,6887.2061407007595,6914.218939325609,6978.632233407009,0.0,0.0,0.0,0.0,0.0,0.0
1770699900.0,6983.0,6983.5,6982.0,6983.0,6983.556874600879,6983.6378527886,6979.383413028259,6970.75,6924.25,6947.5,6941.231737950459,6887.2061407007595,6914.218939325609,6978.66875253043,0.0,0.0,0.0,0.0,0.0,0.0
1770700200.0,6983.25,6983.25,6982.5,6982.5,6983.2477648431395,6983.71304298157,6979.70660522024,6970.75,6924.25,6947.5,6941.231737950459,6887.2061407007595,6914.218939325609,6978.69396449704,0.0,0.0,0.0,0.0,0.0,0.0
1770700500.0,6982.75,6982.75,6981.25,6982.0,6982.7643832760195,6983.62626545613,6979.9554163747,6970.75,6924.25,6947.5,6941.231737950459,6887.2061407007595,6914.218939325609,6978.721896268479,0.0,0.0,0.0,0.0,0.0,0.0
1770700800.0,6981.75,6981.75,6979.0,6979.25,6981.085931159249,6982.847411386279,6979.90226643713,6970.75,6924.25,6947.5,6941.231737950459,6887.2061407007595,6914.218939325609,6978.74284395199,0.0,0.0,0.0,0.0,0.0,0.0
1770701100.0,6979.5,6980.25,6978.25,6979.0,6979.88947449194,6982.12169069013,6979.8266677866395,6970.75,6924.25,6947.5,6941.231737950459,6887.2061407007595,6914.218939325609,6978.7483386118,0.0,0.0,0.0,0.0,0.0,0.0
1770701400.0,6979.0,6985.25,6978.25,6984.5,6981.837115192219,6982.8745643024595,6980.324582456339,6970.75,6924.25,6947.5,6941.231737950459,6887.2061407007595,6914.218939325609,6978.81391328375,0.0,0.0,0.0,0.0,0.0,0.0
1770701700.0,6984.75,6986.25,6984.25,6984.5,6983.10128219033,6983.482344497949,6980.78711579843,6970.75,6924.25,6947.5,6941.231737950459,6887.2061407007595,6914.218939325609,6978.88826298354,0.0,0.0,0.0,0.0,0.0,0.0
1770702000.0,6984.75,6985.0,6982.0,6982.75,6983.041227027609,6983.5325236811295,6981.03548298156,6970.75,6924.25,6947.5,6941.231737950459,6887.2061407007595,6914.218939325609,6978.94354844584,0.0,0.0,0.0,0.0,0.0,0.0
1770702300.0,6982.5,6984.0,6982.0,6983.25,6983.223086039239,6983.6807952079,6981.316998210479,6970.75,6924.25,6947.5,6941.231737950459,6887.2061407007595,6914.218939325609,6978.973813707619,0.0,0.0,0.0,0.0,0.0,0.0
1770702600.0,6983.25,6985.5,6983.25,6985.0,6984.17210708262,6984.22148982337,6981.75834178026,6970.75,6924.25,6947.5,6941.231737950459,6887.2061407007595,6914.218939325609,6979.02183256621,0.0,0.0,0.0,0.0,0.0,0.0
1770702900.0,6985.0,6986.0,6984.5,6984.75,6984.627840041089,6984.588397861669,6982.141305827379,6970.75,6924.25,6947.5,6941.231737950459,6887.2061407007595,6914.218939325609,6979.0552828399495,0.0,0.0,0.0,0.0,0.0,0.0
1770703200.0,6985.0,6985.0,6983.5,6984.25,6984.63659055206,6984.74831933031,6982.443838546949,6970.75,6924.25,6947.5,6941.231737950459,6887.2061407007595,6914.218939325609,6979.098039527649,0.0,0.0,0.0,0.0,0.0,0.0
1770703500.0,6984.5,6984.5,6982.5,6982.75,6983.872483272359,6984.48829906003,6982.56797607057,6970.75,6924.25,6947.5,6941.231737950459,6887.2061407007595,6914.218939325609,6979.12976724277,0.0,0.0,0.0,0.0,0.0,0.0
1770703800.0,6982.5,6982.5,6980.5,6981.25,6982.627160094749,6983.8825842671295,6982.52609911282,6970.75,6924.25,6947.5,6941.231737950459,6887.2061407007595,6914.218939325609,6979.15032996759,0.0,0.0,0.0,0.0,0.0,0.0
1770704100.0,6981.25,6981.5,6979.0,6979.5,6980.975950707119,6982.9321662823995,6982.30402193526,6970.75,6924.25,6947.5,6941.231737950459,6887.2061407007595,6914.218939325609,6979.15864974109,0.0,0.0,0.0,0.0,0.0,0.0
1770704400.0,6979.75,6981.25,6978.25,6980.0,6980.192845750619,6982.261107876509,6982.147099430619,6970.75,6924.25,6947.5,6941.231737950459,6887.2061407007595,6914.218939325609,6979.166991403819,0.0,0.0,0.0,0.0,0.0,0.0
1770704700.0,6980.0,6980.25,6978.5,6978.5,6979.01011041233,6981.328142093859,6981.844229402889,6970.75,6924.25,6947.5,6941.231737950459,6887.2061407007595,6914.218939325609,6979.166671747759,0.0,0.0,0.0,0.0,0.0,0.0
1770705000.0,6978.5,6980.0,6976.25,6976.75,6977.463687910439,6980.1208986406,6981.38003266306,6970.75,6924.25,6947.5,6941.231737950459,6887.2061407007595,6914.218939325609,6979.1509546219395,0.0,0.0,0.0,0.0,0.0,0.0
1770705300.0,6976.75,6977.0,6974.75,6975.25,6975.826176017709,6978.75458379575,6980.792010778619,6970.75,6924.25,6947.5,6941.231737950459,6887.2061407007595,6914.218939325609,6979.118121961909,0.0,0.0,0.0,0.0,0.0,0.0
1770705600.0,6975.25,6977.25,6975.25,6975.75,6975.127718185559,6977.76037998382,6980.29602722611,6970.75,6924.25,6947.5,6941.231737950459,6887.2061407007595,6914.218939325609,6979.09026667456,0.0,0.0,0.0,0.0,0.0,0.0
1770705900.0,6975.75,6977.25,6974.5,6976.75,6975.283673901499,6977.20338201043,6979.937763020879,6970.75,6924.25,6947.5,6941.231737950459,6887.2061407007595,6914.218939325609,6979.0576256189,0.0,0.0,0.0,0.0,0.0,0.0
1770706200.0,6976.75,6977.5,6974.5,6975.5,6974.87860056838,6976.451244588279,6979.47534747702,6970.75,6924.25,6947.5,6941.231737950459,6887.2061407007595,6914.218939325609,6979.029428267389,0.0,0.0,0.0,0.0,0.0,0.0
1770706500.0,6975.5,6977.75,6975.25,6977.75,6975.81137918424,6976.41058392551,6979.278189400749,6970.75,6924.25,6947.5,6941.231737950459,6887.2061407007595,6914.218939325609,6979.0137664599,0.0,0.0,0.0,0.0,0.0,0.0
1770706800.0,6978.0,6981.25,6977.0,6980.75,6977.94763798846,6977.1453377300695,6979.40546424666,6970.75,6924.25,6947.5,6941.231737950459,6887.2061407007595,6914.218939325609,6979.02586358553,0.0,0.0,0.0,0.0,0.0,0.0
1770707100.0,6980.75,6982.5,6980.5,6981.5,6979.71432662957,6977.958597741729,6979.60186587854,6970.75,6924.25,6947.5,6941.231737950459,6887.2061407007595,6914.218939325609,6979.042630797259,0.0,0.0,0.0,0.0,0.0,0.0
1770707400.0,6981.75,6982.75,6980.5,6980.75,6980.46834511546,6978.459000164359,6979.7073607925195,6970.75,6924.25,6947.5,6941.231737950459,6887.2061407007595,6914.218939325609,6979.0607971324,0.0,0.0,0.0,0.0,0.0,0.0
1770707700.0,6980.75,6983.25,6979.5,6983.0,6982.0137117984195,6979.44300208789,6980.03828278046,6970.75,6924.25,6947.5,6941.231737950459,6887.2061407007595,6914.218939325609,6979.084728412339,0.0,0.0,0.0,0.0,0.0,0.0
1770708000.0,6983.0,6984.0,6982.25,6983.0,6982.947420928859,6980.262956257239,6980.34607053057,6970.75,6924.25,6947.5,6941.231737950459,6887.2061407007595,6914.218939325609,6979.118174264009,0.0,0.0,0.0,0.0,0.0,0.0
1770708300.0,6982.75,6983.0,6981.75,6982.25,6983.10527627542,6980.75610404816,6980.5545650103895,6970.75,6924.25,6947.5,6941.231737950459,6887.2061407007595,6914.218939325609,6979.13546132142,0.0,0.0,0.0,0.0,0.0,0.0
1770708600.0,6982.0,6982.5,6981.0,6981.5,6982.76463531838,6980.97588590069,6980.67052621073,6970.75,6924.25,6947.5,6941.231737950459,6887.2061407007595,6914.218939325609,6979.15068008787,0.0,0.0,0.0,0.0,0.0,0.0
1770708900.0,6981.5,6984.0,6981.5,6982.25,6982.84807383089,6981.3411184957295,6980.8553644206795,6970.75,6924.25,6947.5,6941.231737950459,6887.2061407007595,6914.218939325609,6979.181452719229,0.0,0.0,0.0,0.0,0.0,0.0
1770709200.0,6982.0,6983.25,6981.5,6983.0,6983.213178835849,6981.82527476738,6981.104135032359,6970.75,6924.25,6947.5,6941.231737950459,6887.2061407007595,6914.218939325609,6979.199315604919,0.0,0.0,0.0,0.0,0.0,0.0
1770709500.0,6982.75,6983.0,6981.75,6981.75,6982.784820733759,6981.90848404988,6981.205464779329,6970.75,6924.25,6947.5,6941.231737950459,6887.2061407007595,6914.218939325609,6979.21413580575,0.0,0.0,0.0,0.0,0.0,0.0
1770709800.0,6981.75,6984.0,6981.75,6983.5,6983.32048019759,6982.405340995049,6981.4796560858895,6970.75,6924.25,6947.5,6941.231737950459,6887.2061407007595,6914.218939325609,6979.23803991974,0.0,0.0,0.0,0.0,0.0,0.0
1770710100.0,6983.5,6985.0,6983.25,6984.75,6984.2334442293595,6983.11864403818,6981.86276551991,6970.75,6924.25,6947.5,6941.231737950459,6887.2061407007595,6914.218939325609,6979.29076086956,0.0,0.0,0.0,0.0,0.0,0.0
1770710400.0,6985.0,6986.0,6979.25,6982.5,6983.670772386769,6983.137893782729,6981.98513824492,6970.75,6924.25,6947.5,6941.231737950459,6887.2061407007595,6914.218939325609,6979.4139307611895,0.0,0.0,0.0,0.0,0.0,0.0
1770710700.0,6982.25,6984.75,6981.75,6983.75,6983.87572666906,6983.45275740072,6982.22665271804,6970.75,6924.25,6947.5,6941.231737950459,6887.2061407007595,6914.218939325609,6979.4945576275295,0.0,0.0,0.0,0.0,0.0,0.0
1770711000.0,6983.75,6987.75,6983.25,6986.75,6985.435384468559,6984.44692255432,6982.759714029219,6970.75,6924.25,6947.5,6941.231737950459,6887.2061407007595,6914.218939325609,6979.60010180666,0.0,0.0,0.0,0.0,0.0,0.0
1770711300.0,6986.5,6986.75,6982.0,6982.5,6984.310962981979,6984.196937064249,6982.81421054773,6970.75,6924.25,6947.5,6941.231737950459,6887.2061407007595,6914.218939325609,6979.68400782153,0.0,0.0,0.0,0.0,0.0,0.0
1770711600.0,6982.75,6986.75,6981.0,6986.0,6985.25474503168,6984.845074766859,6983.224568776401,6970.75,6924.25,6947.5,6941.231737950459,6887.2061407007595,6914.218939325609,6979.74831247363,0.0,0.0,0.0,0.0,0.0,0.0
1770711900.0,6986.25,6987.25,6983.5,6983.5,6984.601255998529,6984.743164271989,6983.345502446819,6970.75,6924.25,6947.5,6941.231737950459,6887.2061407007595,6914.218939325609,6979.80624797294,0.0,0.0,0.0,0.0,0.0,0.0
1770712200.0,6983.25,6985.25,6982.25,6983.75,6984.27111698242,6984.704828430439,6983.481388939609,6970.75,6924.25,6947.5,6941.231737950459,6887.2061407007595,6914.218939325609,6979.85003665465,0.0,0.0,0.0,0.0,0.0,0.0
1770712500.0,6983.75,6986.75,6982.75,6986.75,6985.50469869685,6985.40413964823,6983.915366372679,6970.75,6924.25,6947.5,6941.231737950459,6887.2061407007595,6914.218939325609,6979.9212100195,0.0,0.0,0.0,0.0,0.0,0.0
1770712800.0,6986.75,6987.25,6982.75,6983.0,6984.43857533744,6985.033626877999,6983.92864512053,6970.75,6924.25,6947.5,6941.231737950459,6887.2061407007595,6914.218939325609,6979.980927308599,0.0,0.0,0.0,0.0,0.0,0.0
1770713100.0,6983.0,6986.75,6982.0,6986.25,6985.32037120691,6985.519897188889,6984.274142813179,6970.75,6924.25,6947.5,6941.231737950459,6887.2061407007595,6914.218939325609,6980.03015709376,0.0,0.0,0.0,0.0,0.0,0.0
1770713400.0,6986.0,6987.25,6984.75,6986.0,6985.745231981479,6985.84440101166,6984.566693646169,6970.75,6924.25,6947.5,6941.231737950459,6887.2061407007595,6914.218939325609,6980.09821450237,0.0,0.0,0.0,0.0,0.0,0.0
1770713700.0,6985.75,6985.75,6984.0,6985.5,6985.745994611049,6985.971932251669,6984.7839684723995,6970.75,6924.25,6947.5,6941.231737950459,6887.2061407007595,6914.218939325609,6980.144309089679,0.0,0.0,0.0,0.0,0.0,0.0
1770714000.0,6985.25,6990.75,6985.25,6990.25,6988.0375717200195,6987.24210212169,6985.47375112727,6970.75,6924.25,6947.5,6941.231737950459,6887.2061407007595,6914.218939325609,6980.278486599829,0.0,0.0,0.0,0.0,0.0,0.0
1770714300.0,6990.25,6992.75,6989.75,6992.75,6990.677421249359,6988.89451937107,6986.370022287179,6970.75,6924.25,6947.5,6941.231737950459,6887.2061407007595,6914.218939325609,6980.44147757231,0.0,0.0,0.0,0.0,0.0,0.0
1770714600.0,6992.75,6993.25,6991.75,6992.5,6992.1556225368695,6990.17287796174,6987.173474978949,6970.75,6924.25,6947.5,6941.231737950459,6887.2061407007595,6914.218939325609,6980.56477773929,0.0,0.0,0.0,0.0,0.0,0.0
1770714900.0,6992.75,6997.5,6992.75,6996.25,6994.81408201037,6992.131093311999,6988.30345816888,6970.75,6924.25,6947.5,6941.231737950459,6887.2061407007595,6914.218939325609,6980.87004564723,0.0,0.0,0.0,0.0,0.0,0.0
1770715200.0,6996.5,6996.75,6995.5,6996.5,6996.49384123378,6993.7745235310995,6989.374603335659,6970.75,6924.25,6947.5,6941.231737950459,6887.2061407007595,6914.218939325609,6980.980091943799,0.0,0.0,0.0,0.0,0.0,0.0
1770715500.0,6996.5,6997.0,6995.5,6996.0,6997.1578602400195,6994.9645307663595,6990.312727943169,6970.75,6924.25,6947.5,6941.231737950459,6887.2061407007595,6914.218939325609,6981.10068154069,0.0,0.0,0.0,0.0,0.0,0.0
1770715800.0,6996.0,6996.0,6993.5,6994.75,6996.80549939652,6995.5887771159,6991.0489469105,6970.75,6924.25,6947.5,6941.231737950459,6887.2061407007595,6914.218939325609,6981.25938196408,0.0,0.0,0.0,0.0,0.0,0.0
1770716100.0,6994.75,6996.0,6993.25,6995.25,6996.676953602489,6996.17887523127,6991.77776210512,6970.75,6924.25,6947.5,6941.231737950459,6887.2061407007595,6914.218939325609,6981.37566915553,0.0,0.0,0.0,0.0,0.0,0.0
1770716400.0,6995.0,6995.5,6993.5,6994.0,6995.862954247559,6996.30532184328,6992.31835895672,6970.75,6924.25,6947.5,6941.231737950459,6887.2061407007595,6914.218939325609,6981.46065513681,0.0,0.0,0.0,0.0,0.0,0.0
1770716700.0,6994.0,6994.0,6989.75,6991.0,6993.78375496837,6995.614430611439,6992.50269674552,6970.75,6924.25,6947.5,6941.231737950459,6887.2061407007595,6914.218939325609,6981.57011203508,0.0,0.0,0.0,0.0,0.0,0.0
1770717000.0,6991.25,6991.25,6986.75,6988.5,6991.18274001325,6994.376556174269,6992.40731671688,6970.75,6924.25,6947.5,6941.231737950459,6887.2061407007595,6914.218939325609,6981.661418148539,0.0,0.0,0.0,0.0,0.0,0.0
1770717300.0,6988.5,6989.0,6987.75,6989.0,6989.76759906729,6993.43996975067,6992.362056406029,6970.75,6924.25,6947.5,6941.231737950459,6887.2061407007595,6914.218939325609,6981.70061151064,0.0,0.0,0.0,0.0,0.0,0.0
1770717600.0,6988.75,6989.25,6985.0,6986.5,6987.68865947985,6992.01381324663,6992.05353332616,6970.75,6924.25,6947.5,6941.231737950459,6887.2061407007595,6914.218939325609,6981.758309793429,0.0,0.0,0.0,0.0,0.0,0.0
1770717900.0,6986.75,6989.0,6985.5,6988.25,6987.290555429229,6991.247594351879,6991.939807726079,6970.75,6924.25,6947.5,6941.231737950459,6887.2061407007595,6914.218939325609,6981.8171207509495,0.0,0.0,0.0,0.0,0.0,0.0
1770718200.0,6988.0,6989.75,6987.5,6989.5,6987.7401175513,6990.90920626153,6991.95585774948,6970.75,6924.25,6947.5,6941.231737950459,6887.2061407007595,6914.218939325609,6981.90868527972,0.0,0.0,0.0,0.0,0.0,0.0
1770718500.0,6989.5,6990.0,6985.75,6988.0,6987.3790093526695,6990.244305495699,6991.808521823379,6970.75,6924.25,6947.5,6941.231737950459,6887.2061407007595,6914.218939325609,6982.008551319929,0.0,0.0,0.0,0.0,0.0,0.0
1770718800.0,6988.0,6989.25,6987.0,6988.0,6987.221361127679,6989.68598244796,6991.66450438219,6970.75,6924.25,6947.5,6941.231737950459,6887.2061407007595,6914.218939325609,6982.07672461909,0.0,0.0,0.0,0.0,0.0,0.0
1770719100.0,6988.0,6989.5,6988.0,6988.5,6987.434508935579,6989.3438124807,6991.57551439472,6970.75,6924.25,6947.5,6941.231737950459,6887.2061407007595,6914.218939325609,6982.163681303439,0.0,0.0,0.0,0.0,0.0,0.0
1770719400.0,6988.5,6988.75,6985.25,6988.5,6987.63186086881,6989.05867973131,6991.486243204449,6970.75,6924.25,6947.5,6941.231737950459,6887.2061407007595,6914.218939325609,6982.233422581529,0.0,0.0,0.0,0.0,0.0,0.0
1770719700.0,6988.25,6989.0,6987.5,6988.5,6987.807545826189,6988.82262110165,6991.396917307529,6970.75,6924.25,6947.5,6941.231737950459,6887.2061407007595,6914.218939325609,6982.29308248489,0.0,0.0,0.0,0.0,0.0,0.0
1770720000.0,6988.25,6988.75,6986.75,6987.75,6987.5934056897795,6988.4421742797695,6991.2302226522,6970.75,6924.25,6947.5,6941.231737950459,6887.2061407007595,6914.218939325609,6982.321308670669,0.0,0.0,0.0,0.0,0.0,0.0
1770720300.0,6987.75,6990.0,6987.5,6989.75,6988.467198433999,6988.628003554801,6991.276063960209,6970.75,6924.25,6947.5,6941.231737950459,6887.2061407007595,6914.218939325609,6982.3707898844095,0.0,0.0,0.0,0.0,0.0,0.0
1770720600.0,6989.75,6992.5,6989.75,6990.75,6989.537400780239,6989.033695629089,6991.41634132485,6970.75,6924.25,6947.5,6941.231737950459,6887.2061407007595,6914.218939325609,6982.447207649539,0.0,0.0,0.0,0.0,0.0,0.0
1770720900.0,6990.75,6991.5,6988.25,6989.25,6989.490564592459,6988.99799224833,6991.38607002958,6970.75,6924.25,6947.5,6941.231737950459,6887.2061407007595,6914.218939325609,6982.5088301324795,0.0,0.0,0.0,0.0,0.0,0.0
1770721200.0,6989.0,6989.0,6985.5,6988.0,6988.840751122049,6988.65891798666,6991.223131410279,6970.75,6924.25,6947.5,6941.231737950459,6887.2061407007595,6914.218939325609,6982.558804436319,0.0,0.0,0.0,0.0,0.0,0.0
1770721500.0,6987.75,6988.0,6985.25,6985.5,6987.20306787489,6987.759348986609,6990.8078284003295,6970.75,6924.25,6947.5,6941.231737950459,6887.2061407007595,6914.218939325609,6982.582932534649,0.0,0.0,0.0,0.0,0.0,0.0
1770721800.0,6985.5,6987.75,6984.5,6986.5,6986.664289816729,6987.270097455859,6990.5199834223395,6970.75,6924.25,6947.5,6941.231737950459,6887.2061407007595,6914.218939325609,6982.60433216331,0.0,0.0,0.0,0.0,0.0,0.0
1770722100.0,6986.5,6987.5,6986.25,6987.25,6986.72486981485,6987.0610594257,6990.32520922367,6970.75,6924.25,6947.5,6941.231737950459,6887.2061407007595,6914.218939325609,6982.618141391599,0.0,0.0,0.0,0.0,0.0,0.0
1770722400.0,6987.0,6990.0,6987.0,6989.0,6987.65622185947,6987.33371382238,6990.320636757159,6970.75,6924.25,6947.5,6941.231737950459,6887.2061407007595,6914.218939325609,6982.6478731661,0.0,0.0,0.0,0.0,0.0,0.0
1770722700.0,6989.25,6990.25,6988.25,6988.5,6988.03129880438,6987.44438957645,6990.260536092749,6970.75,6924.25,6947.5,6941.231737950459,6887.2061407007595,6914.218939325609,6982.70157816541,0.0,0.0,0.0,0.0,0.0,0.0
1770723000.0,6988.5,6990.5,6988.0,6989.0,6988.52230450553,6987.66862357204,6990.2522852005295,6970.75,6924.25,6947.5,6941.231737950459,6887.2061407007595,6914.218939325609,6982.755032436559,0.0,0.0,0.0,0.0,0.0,0.0
1770723300.0,6989.25,6990.5,6988.25,6990.5,6989.56542270091,6988.234283836659,6990.39572815643,6970.75,6924.25,6947.5,6941.231737950459,6887.2061407007595,6914.218939325609,6982.7993864546,0.0,0.0,0.0,0.0,0.0,0.0
1770723600.0,6990.25,6991.25,6989.5,6989.5,6989.7262148194095,6988.4582134604,6990.421852961909,6970.75,6924.25,6947.5,6941.231737950459,6887.2061407007595,6914.218939325609,6982.83883668388,0.0,0.0,0.0,0.0,0.0,0.0
1770723900.0,6989.5,6990.75,6989.5,6990.25,6990.16672388768,6988.8328713541005,6990.51979412847,6970.75,6924.25,6947.5,6941.231737950459,6887.2061407007595,6914.218939325609,6982.8739035544995,0.0,0.0,0.0,0.0,0.0,0.0
1770724200.0,6990.5,6992.0,6990.5,6992.0,6991.271301300009,6989.57926553924,6990.78791388765,6970.75,6924.25,6947.5,6941.231737950459,6887.2061407007595,6914.218939325609,6982.947024203329,0.0,0.0,0.0,0.0,0.0,0.0
1770724500.0,6991.75,6992.5,6991.5,6991.75,6991.8128352432295,6990.1327737786,6991.0074891636195,6970.75,6924.25,6947.5,6941.231737950459,6887.2061407007595,6914.218939325609,6983.036254281459,0.0,0.0,0.0,0.0,0.0,0.0
1770724800.0,6991.75,6995.0,6991.5,6994.5,6993.44726871822,6991.26992027868,6991.4919030089595,6970.75,6924.25,6947.5,6941.231737950459,6887.2061407007595,6914.218939325609,6983.16448434967,0.0,0.0,0.0,0.0,0.0,0.0
1770725100.0,6994.5,6995.0,6991.75,6992.0,6993.20370752233,6991.57995693573,6991.6797312913895,6970.75,6924.25,6947.5,6941.231737950459,6887.2061407007595,6914.218939325609,6983.239241458889,0.0,0.0,0.0,0.0,0.0,0.0
1770725400.0,6991.75,6993.25,6991.5,6993.0,6993.46231375915,6992.07383962109,6991.95337064865,6970.75,6924.25,6947.5,6941.231737950459,6887.2061407007595,6914.218939325609,6983.29626933394,0.0,0.0,0.0,0.0,0.0,0.0
1770725700.0,6993.0,6994.5,6992.75,6993.0,6993.56343616281,6992.469647043819,6992.20335054836,6970.75,6924.25,6947.5,6941.231737950459,6887.2061407007595,6914.218939325609,6983.36891431193,0.0,0.0,0.0,0.0,0.0,0.0
1770726000.0,6993.0,6994.5,6991.5,6993.75,6993.93490262461,6992.969462776259,6992.50874039681,6970.75,6924.25,6947.5,6941.231737950459,6887.2061407007595,6914.218939325609,6983.43914311461,0.0,0.0,0.0,0.0,0.0,0.0
1770726300.0,6993.5,6995.25,6993.5,6995.0,6994.72667351116,6993.67817750135,6992.91721120886,6970.75,6924.25,6947.5,6941.231737950459,6887.2061407007595,6914.218939325609,6983.501998168819,0.0,0.0,0.0,0.0,0.0,0.0
1770726600.0,6995.25,6996.5,6993.5,6993.5,6994.4414827028795,6993.8735568836,6993.1371015175,6970.75,6924.25,6947.5,6941.231737950459,6887.2061407007595,6914.218939325609,6983.60656458567,0.0,0.0,0.0,0.0,0.0,0.0
1770726900.0,6993.5,6993.5,6988.0,6989.0,6992.007015489289,6992.897436896519,6992.871409730849,6970.75,6924.25,6947.5,6941.231737950459,6887.2061407007595,6914.218939325609,6983.697633619129,0.0,0.0,0.0,0.0,0.0,0.0
1770727200.0,6989.0,6989.25,6983.0,6985.25,6988.59924722248,6991.1426639517995,6992.231854648609,6970.75,6924.25,6947.5,6941.231737950459,6887.2061407007595,6914.218939325609,6983.73211954122,0.0,0.0,0.0,0.0,0.0,0.0
1770727500.0,6985.25,6986.0,6980.5,6984.5,6986.094762738399,6989.49803551473,6991.555228247819,6970.75,6924.25,6947.5,6941.231737950459,6887.2061407007595,6914.218939325609,6983.73078132237,0.0,0.0,0.0,0.0,0.0,0.0
1770727800.0,6984.5,6985.0,6979.0,6979.5,6982.1484678355,6986.896329657449,6990.40547882285,6970.75,6924.25,6947.5,6941.231737950459,6887.2061407007595,6914.218939325609,6983.692457188259,0.0,0.0,0.0,0.0,0.0,0.0
1770728100.0,6979.5,6981.5,6977.5,6977.75,6978.919192925389,6984.32236920339,6989.15255626968,6970.75,6924.25,6947.5,6941.231737950459,6887.2061407007595,6914.218939325609,6983.6297459956795,0.0,0.0,0.0,0.0,0.0,0.0
1770728400.0,6978.0,6978.5,6974.5,6977.0,6976.68952329883,6982.032192226499,6987.908110411579,6970.75,6924.25,6947.5,6941.231737950459,6887.2061407007595,6914.218939325609,6983.47732316693,0.0,0.0,0.0,0.0,0.0,0.0
1770728700.0,6977.0,6977.25,6971.25,6972.75,6973.42002103223,6979.11691890943,6986.31084855672,6970.75,6924.25,6947.5,6941.231737950459,6887.2061407007595,6914.218939325609,6983.21055244027,0.0,0.0,0.0,0.0,0.0,0.0
1770729000.0,6972.75,6976.0,6970.5,6975.5,6972.92679252138,6977.43692749599,6985.110244744839,6970.75,6924.25,6947.5,6941.231737950459,6887.2061407007595,6914.218939325609,6983.024865417699,0.0,0.0,0.0,0.0,0.0,0.0
1770729300.0,6975.5,6979.5,6972.75,6977.25,6973.724897598449,6976.53805908027,6984.17625716507,6970.75,6924.25,6947.5,6941.231737950459,6887.2061407007595,6914.218939325609,6982.904139388979,0.0,0.0,0.0,0.0,0.0,0.0
1770729600.0,6977.0,6980.25,6977.0,6978.75,6975.189363363729,6976.22611768147,6983.4651977021895,6970.75,6924.25,6947.5,6941.231737950459,6887.2061407007595,6914.218939325609,6982.83748144091,0.0,0.0,0.0,0.0,0.0,0.0
1770729900.0,6978.5,6979.75,6977.75,6978.75,6976.2951864548595,6976.02621315915,6982.80702571207,6970.75,6924.25,6947.5,6941.231737950459,6887.2061407007595,6914.218939325609,6982.78994047903,0.0,0.0,0.0,0.0,0.0,0.0
1770730200.0,6978.5,6983.0,6972.5,6981.5,6978.4640174037195,6976.6010702472895,6982.48279355451,6970.75,6924.25,6947.5,6941.231737950459,6887.2061407007595,6914.218939325609,6982.651148358629,0.0,0.0,0.0,0.0,0.0,0.0
1770730500.0,6981.5,6982.25,6976.75,6978.75,6978.577837817829,6976.4445899729,6981.90093302448,6970.75,6924.25,6947.5,6941.231737950459,6887.2061407007595,6914.218939325609,6982.57365777555,0.0,0.0,0.0,0.0,0.0,0.0
1770730800.0,6978.5,6981.5,6978.5,6979.75,6979.1730328125295,6976.612541656449,6981.467437671879,6970.75,6924.25,6947.5,6941.231737950459,6887.2061407007595,6914.218939325609,6982.53496096779,0.0,0.0,0.0,0.0,0.0,0.0
1770731100.0,6980.0,6983.75,6979.5,6981.0,6980.183407050549,6977.10815142721,6981.1980891382,6970.75,6924.25,6947.5,6941.231737950459,6887.2061407007595,6914.218939325609,6982.51620240939,0.0,0.0,0.0,0.0,0.0,0.0
1770731400.0,6980.75,6983.5,6980.0,6981.5,6981.07180688399,6977.68391599353,6981.004065874519,6970.75,6924.25,6947.5,6941.231737950459,6887.2061407007595,6914.218939325609,6982.508082206559,0.0,0.0,0.0,0.0,0.0,0.0
1770731700.0,6981.5,6984.25,6980.75,6984.0,6982.836787784519,6978.818374908469,6981.08692094227,6970.75,6924.25,6947.5,6941.231737950459,6887.2061407007595,6914.218939325609,6982.5142346290195,0.0,0.0,0.0,0.0,0.0,0.0
1770732000.0,6984.0,6986.75,6983.75,6985.75,6984.77032587549,6980.221772777099,6981.34967602645,6970.75,6924.25,6947.5,6941.231737950459,6887.2061407007595,6914.218939325609,6982.57156068264,0.0,0.0,0.0,0.0,0.0,0.0
1770732300.0,6986.0,6987.25,6985.0,6987.0,6986.53491467949,6981.7151119282,6981.72781132339,6970.75,6924.25,6947.5,6941.231737950459,6887.2061407007595,6914.218939325609,6982.620793556979,0.0,0.0,0.0,0.0,0.0,0.0
1770732600.0,6987.25,6987.75,6985.25,6987.0,6987.553204895509,6982.963471858309,6982.08369551895,6970.75,6924.25,6947.5,6941.231737950459,6887.2061407007595,6914.218939325609,6982.66093320813,0.0,0.0,0.0,0.0,0.0,0.0
1770732900.0,6987.25,6990.25,6987.0,6989.25,6989.177062412859,6984.561274425029,6982.65108733893,6970.75,6924.25,6947.5,6941.231737950459,6887.2061407007595,6914.218939325609,6982.79424123797,0.0,0.0,0.0,0.0,0.0,0.0
1770733200.0,6989.25,6990.25,6988.25,6989.5,6990.200672707379,6985.942960900539,6983.207987055939,6970.75,6924.25,6947.5,6941.231737950459,6887.2061407007595,6914.218939325609,6982.891045192179,0.0,0.0,0.0,0.0,0.0,0.0
1770733500.0,6989.75,6991.0,6988.5,6989.75,6990.830895571519,6987.138590777369,6983.75461937923,6970.75,6924.25,6947.5,6941.231737950459,6887.2061407007595,6914.218939325609,6983.1061446923695,0.0,0.0,0.0,0.0,0.0,0.0
1770733800.0,6989.75,6996.25,6988.5,6991.0,6991.6995137288595,6988.42305632991,6984.3945725124295,,,,6998.007028675929,6954.039666763159,6976.02334771955,6984.640471580629,0.0,0.0,0.0,0.0,0.0,0.0
1770734100.0,6991.0,6992.0,6977.5,6984.25,6988.820257878139,6987.78591721472,6984.2938852836,,,,6998.007028675929,6954.039666763159,6976.02334771955,6984.633579030749,0.0,0.0,0.0,0.0,0.0,0.0
1770734400.0,6984.5,6985.0,6975.0,6980.5,6985.046971080719,6986.30607391291,6983.814357321419,,,,6998.007028675929,6954.039666763159,6976.02334771955,6984.21662385707,0.0,0.0,0.0,0.0,0.0,0.0
1770734700.0,6980.5,6983.25,6976.75,6980.0,6982.36798649689,6984.944085518559,6983.31870485034,,,,6998.007028675929,6954.039666763159,6976.02334771955,6983.897328649629,0.0,0.0,0.0,0.0,0.0,0.0
1770735000.0,6979.75,6994.5,6979.5,6994.25,6987.65495515115,6987.355111746429,6984.3330148468895,,,,6998.007028675929,6954.039666763159,6976.02334771955,6984.30667782372,0.0,0.0,0.0,0.0,0.0,0.0
1770735300.0,6994.5,7002.25,6992.5,6998.0,6992.881407482079,6990.27058402795,6985.665807661209,,,,6998.007028675929,6954.039666763159,6976.02334771955,6985.31349463664,0.0,0.0,0.0,0.0,0.0,0.0
1770735600.0,6998.25,6999.0,6995.5,6998.75,6996.5002731531795,6992.84424250698,6986.98366983066,,,,6998.007028675929,6954.039666763159,6976.02334771955,6985.91550288636,0.0,0.0,0.0,0.0,0.0,0.0
1770735900.0,6998.75,7005.0,6996.0,7002.75,7000.601690239419,6995.931280807319,6988.62248552368,,,,6998.007028675929,6954.039666763159,6976.02334771955,6986.727613201119,0.0,0.0,0.0,0.0,0.0,0.0
1770736200.0,7002.5,7004.25,6987.25,6994.75,6999.10081275134,6996.44619315212,6989.31820140036,,,,6998.007028675929,6954.039666763159,6976.02334771955,6987.2706927041,0.0,0.0,0.0,0.0,0.0,0.0
1770736500.0,6994.5,7001.25,6990.0,7000.75,7000.852845197949,6998.310628839249,6990.58312962271,,,,6998.007028675929,6954.039666763159,6976.02334771955,6987.8420525928195,0.0,0.0,0.0,0.0,0.0,0.0
1770736800.0,7001.0,7004.5,6994.5,6995.0,6998.97733339509,6998.3650834649,6991.162083872559,,,,6998.007028675929,6954.039666763159,6976.02334771955,6988.24547373653,0.0,0.0,0.0,0.0,0.0,0.0
1770737100.0,6995.0,7001.25,6993.5,6999.75,6999.93375349684,6999.533148730429,6992.18780096712,,,,6998.007028675929,6954.039666763159,6976.02334771955,6988.564562572339,0.0,0.0,0.0,0.0,0.0,0.0
1770737400.0,6999.75,7006.5,6997.0,6999.75,7000.415185015199,7000.440220358019,6993.1373899854,7005.0,6975.0,6990.0,6998.007028675929,6954.039666763159,6976.02334771955,6989.07929409931,0.0,0.0,0.0,0.0,0.0,0.0
1770737700.0,7000.0,7000.25,6994.0,6996.5,6999.01203202082,7000.3213317461295,6993.6795476710095,7005.0,6975.0,6990.0,6998.007028675929,6954.039666763159,6976.02334771955,6989.3003829773,0.0,0.0,0.0,0.0,0.0,0.0
1770738000.0,6996.75,7002.5,6996.5,7001.25,7000.33580341118,7001.34530863066,6994.669245107039,7005.0,6975.0,6990.0,6998.007028675929,6954.039666763159,6976.02334771955,6989.56070259599,0.0,0.0,0.0,0.0,0.0,0.0
1770738300.0,7001.25,7002.75,6995.5,6998.0,6999.51540143463,7001.32516598429,6995.247674798559,7005.0,6975.0,6990.0,6998.007028675929,6954.039666763159,6976.02334771955,6989.788023342479,0.0,0.0,0.0,0.0,0.0,0.0
1770738600.0,6998.0,6999.25,6993.5,6997.25,6998.552381288309,7001.06454980311,6995.7015754301,7005.0,6975.0,6990.0,6998.007028675929,6954.039666763159,6976.02334771955,6989.9392685024395,0.0,0.0,0.0,0.0,0.0,0.0
1770738900.0,6997.5,6998.0,6989.5,6994.5,6996.55207568398,7000.111627849569,6995.83266825758,7005.0,6975.0,6990.0,6998.007028675929,6954.039666763159,6976.02334771955,6990.059305758929,0.0,0.0,0.0,0.0,0.0,0.0
1770739200.0,6994.5,6997.25,6991.75,6994.25,6995.14629510252,6999.214207909819,6995.921901195879,7005.0,6975.0,6990.0,6998.007028675929,6954.039666763159,6976.02334771955,6990.14176731287,0.0,0.0,0.0,0.0,0.0,0.0
1770739500.0,6994.25,6994.75,6986.5,6986.5,6990.4979421524295,6996.5046976800695,6995.197043518239,7005.0,6975.0,6990.0,6998.007028675929,6954.039666763159,6976.02334771955,6990.119645352989,0.0,0.0,0.0,0.0,0.0,0.0
1770739800.0,6986.75,6992.25,6986.75,6989.75,6989.20283731919,6995.044360875901,6994.85258378578,7005.0,6975.0,6990.0,6998.007028675929,6954.039666763159,6976.02334771955,6990.109813743359,0.0,0.0,0.0,0.0,0.0,0.0
1770740100.0,6989.5,6994.0,6983.75,6990.5,6988.88166372588,6994.006563144319,6994.6039930342395,7005.0,6975.0,6990.0,6998.007028675929,6954.039666763159,6976.02334771955,6990.092742232589,0.0,0.0,0.0,0.0,0.0,0.0
1770740400.0,6990.5,6991.5,6981.5,6986.0,6986.62149167131,6992.019632609699,6993.9022553986,7005.0,6975.0,6990.0,6998.007028675929,6954.039666763159,6976.02334771955,6989.9854679582995,0.0,0.0,0.0,0.0,0.0,0.0
1770740700.0,6986.0,6991.75,6984.5,6988.5,6986.54663836487,6990.997347011889,6993.503194061739,7005.0,6975.0,6990.0,6998.007028675929,6954.039666763159,6976.02334771955,6989.95278378054,0.0,0.0,0.0,0.0,0.0,0.0
1770741000.0,6988.25,6989.5,6985.25,6986.25,6985.55607989445,6989.59871914762,6992.8951562044895,7005.0,6975.0,6990.0,6998.007028675929,6954.039666763159,6976.02334771955,6989.89277166179,0.0,0.0,0.0,0.0,0.0,0.0
1770741300.0,6986.25,6990.0,6986.0,6989.0,6986.411249821819,6989.138420718509,6992.61011529957,7005.0,6975.0,6990.0,6998.007028675929,6954.039666763159,6976.02334771955,6989.86956636345,0.0,0.0,0.0,0.0,0.0,0.0
1770741600.0,6988.75,6992.25,6986.5,6987.0,6986.11120501783,6988.27651467537,6992.13488954823,7005.0,6975.0,6990.0,6998.007028675929,6954.039666763159,6976.02334771955,6989.84748584521,0.0,0.0,0.0,0.0,0.0,0.0
1770741900.0,6987.0,6994.75,6986.25,6987.0,6986.02600529088,6987.582779149609,6991.68993098394,7005.0,6975.0,6990.0,6998.007028675929,6954.039666763159,6976.02334771955,6989.83697987431,0.0,0.0,0.0,0.0,0.0,0.0
1770742200.0,6987.0,6989.75,6983.5,6989.5,6987.28745897263,6987.65282539661,6991.531964298009,7005.0,6975.0,6990.0,6998.007028675929,6954.039666763159,6976.02334771955,6989.7969371879,0.0,0.0,0.0,0.0,0.0,0.0
1770742500.0,6989.25,6991.75,6987.25,6988.5,6987.67690834496,6987.48429727373,6991.27939495382,7005.0,6975.0,6990.0,6998.007028675929,6954.039666763159,6976.02334771955,6989.79008167709,0.0,0.0,0.0,0.0,0.0,0.0
1770742800.0,6988.5,6989.5,6982.75,6985.5,6986.505973509379,6986.620551798989,6990.732358917239,7005.0,6975.0,6990.0,6998.007028675929,6954.039666763159,6976.02334771955,6989.73991884047,0.0,0.0,0.0,0.0,0.0,0.0
1770743100.0,6985.5,6992.5,6985.25,6992.0,6988.973851394189,6987.54639175327,6990.893829471859,7005.0,6975.0,6990.0,6998.007028675929,6954.039666763159,6976.02334771955,6989.7422862861595,0.0,0.0,0.0,0.0,0.0,0.0
1770743400.0,6991.75,6996.25,6991.75,6995.5,6992.284351280649,6989.2038906096695,6991.404215880119,7005.0,6975.0,6990.0,6998.007028675929,6954.039666763159,6976.02334771955,6989.80332951496,0.0,0.0,0.0,0.0,0.0,0.0
1770743700.0,6995.75,6997.5,6994.0,6996.75,6994.97370683352,6990.89919754041,6992.00624336192,7005.0,6975.0,6990.0,6998.007028675929,6954.039666763159,6976.02334771955,6989.87146812963,0.0,0.0,0.0,0.0,0.0,0.0
1770744000.0,6996.75,6997.0,6990.25,6992.0,6994.28155385543,6991.12482330055,6992.07290498883,7005.0,6975.0,6990.0,6998.007028675929,6954.039666763159,6976.02334771955,6989.91597420923,0.0,0.0,0.0,0.0,0.0,0.0
1770744300.0,6992.0,6995.0,6991.5,6993.5,6994.46779998836,6991.6853097726,6992.2875533467795,7005.0,6975.0,6990.0,6998.007028675929,6954.039666763159,6976.02334771955,6989.940967167549,0.0,0.0,0.0,0.0,0.0,0.0
1770744600.0,6993.25,6994.75,6991.25,6993.0,6994.25667446841,6992.0232570421795,6992.4330250514995,7005.0,6975.0,6990.0,6998.007028675929,6954.039666763159,6976.02334771955,6989.964759287899,0.0,0.0,0.0,0.0,0.0,0.0
1770744900.0,6992.75,6993.5,6989.0,6991.75,6993.4359983205095,6991.9887108295,6992.43656363986,7005.0,6975.0,6990.0,6998.007028675929,6954.039666763159,6976.02334771955,6989.97672832539,0.0,0.0,0.0,0.0,0.0,0.0
1770745200.0,6992.0,6996.5,6991.75,6995.5,6994.68509458391,6992.88924255785,6992.82493521578,7005.0,6975.0,6990.0,6998.007028675929,6954.039666763159,6976.02334771955,6990.00946178913,0.0,0.0,0.0,0.0,0.0,0.0
1770745500.0,6995.5,6998.75,6995.5,6995.75,6995.552527553839,6993.690241765459,6993.20927509935,7005.0,6975.0,6990.0,6998.007028675929,6954.039666763159,6976.02334771955,6990.06037990996,0.0,0.0,0.0,0.0,0.0,0.0
1770745800.0,6996.0,6998.25,6994.75,6996.25,6996.283915668199,6994.467346354029,6993.61545440776,7005.0,6975.0,6990.0,6998.007028675929,6954.039666763159,6976.02334771955,6990.10398558591,0.0,0.0,0.0,0.0,0.0,0.0
1770746100.0,6996.5,6996.75,6994.0,6995.25,6996.18931312728,6994.84835612092,6993.88664343015,7005.0,6975.0,6990.0,6998.007028675929,6954.039666763159,6976.02334771955,6990.13379903836,0.0,0.0,0.0,0.0,0.0,0.0
1770746400.0,6995.5,6995.5,6991.0,6993.0,6994.960127530089,6994.58905448244,6993.902906343629,7005.0,6975.0,6990.0,6998.007028675929,6954.039666763159,6976.02334771955,6990.1578751941,0.0,0.0,0.0,0.0,0.0,0.0
1770746700.0,6992.75,6993.0,6988.25,6989.0,6992.174189689949,6993.365919553899,6993.50120291841,7005.0,6975.0,6990.0,6998.007028675929,6954.039666763159,6976.02334771955,6990.15713844883,0.0,0.0,0.0,0.0,0.0,0.0
1770747000.0,6988.75,6990.0,6986.0,6986.5,6989.17153871928,6991.72371473292,6992.866131555559,7005.0,6975.0,6990.0,6998.007028675929,6954.039666763159,6976.02334771955,6990.129921369829,0.0,0.0,0.0,0.0,0.0,0.0
1770747300.0,6986.5,6987.25,6978.75,6981.75,6984.9908340169795,6989.18321144635,6991.78199307374,7005.0,6975.0,6990.0,6998.007028675929,6954.039666763159,6976.02334771955,6989.99147292556,0.0,0.0,0.0,0.0,0.0,0.0
1770747600.0,6981.5,6984.75,6977.25,6982.25,6982.683832420979,6987.216354985339,6990.823703227999,7005.0,6975.0,6990.0,6998.007028675929,6954.039666763159,6976.02334771955,6989.829969470409,0.0,0.0,0.0,0.0,0.0,0.0
1770747900.0,6982.0,6982.25,6974.25,6974.75,6977.72062432203,6983.74472994497,6989.156415786069,7005.0,6975.0,6990.0,6998.007028675929,6954.039666763159,6976.02334771955,6989.63708996059,0.0,1.0,0.0,0.0,0.0,0.0
1770748200.0,6974.75,6977.25,6970.5,6973.25,6974.03784714127,6980.534079410209,6987.451141439469,7005.0,6975.0,6990.0,6998.007028675929,6954.039666763159,6976.02334771955,6989.281021483819,0.0,0.0,0.0,0.0,0.0,0.0
1770748500.0,6973.25,6979.25,6972.25,6977.5,6974.03735664031,6978.983812491339,6986.30625726734,7005.0,6975.0,6990.0,6998.007028675929,6954.039666763159,6976.02334771955,6989.052048685609,0.0,0.0,0.0,0.0,0.0,0.0
1770748800.0,6977.5,6979.0,6975.75,6976.5,6973.829949078369,6977.50939687067,6985.14094142836,7005.0,6975.0,6990.0,6998.007028675929,6954.039666763159,6976.02334771955,6988.95059540623,0.0,0.0,0.0,0.0,0.0,0.0
1770749100.0,6976.5,6977.0,6970.75,6971.75,6971.62553077503,6975.16969108137,6983.569922621929,7005.0,6975.0,6990.0,6998.007028675929,6954.039666763159,6976.02334771955,6988.78256142127,0.0,0.0,0.0,0.0,0.0,0.0
1770749400.0,6972.0,6973.75,6969.0,6969.75,6969.47689822945,6972.805057433149,6981.90696695832,7005.0,6975.0,6990.0,6998.007028675929,6954.039666763159,6976.02334771955,6988.5757871284595,0.0,0.0,0.0,0.0,0.0,0.0
1770749700.0,6969.75,6978.75,6969.0,6977.0,6971.888470590729,6972.72823049171,6981.11586179752,7005.0,6975.0,6990.0,6998.007028675929,6954.039666763159,6976.02334771955,6988.355438816429,0.0,0.0,0.0,0.0,0.0,0.0
1770750000.0,6977.0,6979.5,6974.5,6975.5,6972.90895657403,6972.3681279015,6980.231924011369,7005.0,6975.0,6990.0,6998.007028675929,6954.039666763159,6976.02334771955,6988.21775101724,0.0,0.0,0.0,0.0,0.0,0.0
1770750300.0,6975.25,6977.75,6973.0,6974.75,6973.34180413695,6971.95751396915,6979.33975355436,7005.0,6975.0,6990.0,6998.007028675929,6954.039666763159,6976.02334771955,6988.1000487642095,0.0,0.0,0.0,0.0,0.0,0.0
1770750600.0,6974.75,6978.5,6974.0,6977.25,6974.948030248999,6972.31137049195,6978.7764494677895,7005.0,6975.0,6990.0,6998.007028675929,6954.039666763159,6976.02334771955,6988.02464636189,0.0,0.0,0.0,0.0,0.0,0.0
1770750900.0,6977.25,6977.5,6971.75,6973.5,6974.2163944205595,6971.73899826376,6977.873380952229,7005.0,6975.0,6990.0,6998.007028675929,6954.039666763159,6976.02334771955,6987.931258486939,0.0,0.0,0.0,0.0,0.0,0.0
1770751200.0,6973.75,6979.0,6973.5,6978.5,6976.238132249369,6972.57404586264,6977.559249434719,7005.0,6975.0,6990.0,6998.007028675929,6954.039666763159,6976.02334771955,6987.855095537039,0.0,0.0,0.0,0.0,0.0,0.0
1770751500.0,6978.5,6979.75,6975.75,6979.25,6977.9234315985095,6973.51105387149,6977.35378667031,7005.0,6975.0,6990.0,6998.007028675929,6954.039666763159,6976.02334771955,6987.79125184603,0.0,0.0,0.0,0.0,0.0,0.0
1770751800.0,6979.5,6982.25,6977.25,6977.75,6978.251815860959,6973.965080744189,6977.01685165859,7005.0,6975.0,6990.0,6998.007028675929,6954.039666763159,6976.02334771955,6987.70649925587,0.0,0.0,0.0,0.0,0.0,0.0
1770752100.0,6977.75,6980.5,6977.5,6979.5,6979.277293108839,6974.8217965350495,6976.8936485881795,7005.0,6975.0,6990.0,6998.007028675929,6954.039666763159,6976.02334771955,6987.65827118752,0.0,0.0,0.0,0.0,0.0,0.0
1770752400.0,6979.75,6980.75,6974.25,6975.75,6978.052813986619,6974.637609945819,6976.40071131605,7005.0,6975.0,6990.0,6998.007028675929,6954.039666763159,6976.02334771955,6987.581313445379,0.0,0.0,0.0,0.0,0.0,0.0
1770752700.0,6976.0,6979.5,6975.25,6978.25,6978.4452805197,6975.14344574144,6976.21007186884,7005.0,6975.0,6990.0,6998.007028675929,6954.039666763159,6976.02334771955,6987.51231381645,0.0,0.0,0.0,0.0,0.0,0.0
1770753000.0,6978.25,6978.5,6974.25,6975.5,6977.32124446473,6974.91088787023,6975.757977904989,7005.0,6975.0,6990.0,6998.007028675929,6954.039666763159,6976.02334771955,6987.45065696425,0.0,0.0,0.0,0.0,0.0,0.0
1770753300.0,6975.5,6979.75,6975.5,6978.5,6978.0430888786495,6975.495313274219,6975.657189265299,7005.0,6975.0,6990.0,6998.007028675929,6954.039666763159,6976.02334771955,6987.396916895739,0.0,0.0,0.0,0.0,0.0,0.0
1770753600.0,6978.5,6980.5,6974.25,6975.0,6976.77860756258,6975.135614541779,6975.21125440544,7005.0,6975.0,6990.0,6998.007028675929,6954.039666763159,6976.02334771955,6987.311177715939,0.0,0.0,0.0,0.0,0.0,0.0
1770753900.0,6975.0,6976.75,6973.25,6975.75,6976.32440466912,6975.05025157925,6974.88371843189,7005.0,6975.0,6990.0,6998.007028675929,6954.039666763159,6976.02334771955,6987.22836132212,0.0,0.0,0.0,0.0,0.0,0.0
1770754200.0,6975.5,6976.0,6971.5,6972.75,6974.575706191599,6974.25841361307,6974.27880087629,7005.0,6975.0,6990.0,6998.007028675929,6954.039666763159,6976.02334771955,6987.120167033459,0.0,0.0,0.0,0.0,0.0,0.0
1770754500.0,6972.5,6978.0,6972.5,6977.0,6975.557484967179,6974.6861951508,6974.16552976562,7005.0,6975.0,6990.0,6998.007028675929,6954.039666763159,6976.02334771955,6987.036932045749,0.0,0.0,0.0,0.0,0.0,0.0
1770754800.0,6977.0,6979.25,6974.25,6974.25,6974.872703223939,6974.38025924381,6973.785982218949,7005.0,6975.0,6990.0,6998.007028675929,6954.039666763159,6976.02334771955,6986.95269061111,0.0,0.0,0.0,0.0,0.0,0.0
1770755100.0,6974.25,6976.0,6971.75,6973.75,6974.21287817058,6974.02559028586,6973.3914117962995,7005.0,6975.0,6990.0,6998.007028675929,6954.039666763159,6976.02334771955,6986.856116559279,0.0,0.0,0.0,0.0,0.0,0.0
1770755400.0,6973.5,6976.25,6970.75,6972.0,6972.96874972262,6973.319859041229,6972.85379145089,7005.0,6975.0,6990.0,6998.007028675929,6954.039666763159,6976.02334771955,6986.7073908291795,0.0,0.0,0.0,0.0,0.0,0.0
1770755700.0,6972.0,6973.0,6969.0,6970.0,6971.24309729743,6972.26288476345,6972.1574989775,7005.0,6975.0,6990.0,6998.007028675929,6954.039666763159,6976.02334771955,6986.5612916707,0.0,0.0,0.0,0.0,0.0,0.0
1770756000.0,6970.0,6972.75,6969.25,6971.0,6970.69642766973,6971.66440806996,6971.624052485769,7005.0,6975.0,6990.0,6998.007028675929,6954.039666763159,6976.02334771955,6986.3702026990595,0.0,0.0,0.0,0.0,0.0,0.0
1770756300.0,6971.25,6975.0,6970.25,6974.5,6972.136679454279,6972.068850951019,6971.5007242528,7005.0,6975.0,6990.0,6998.007028675929,6954.039666763159,6976.02334771955,6986.2492149303,0.0,0.0,0.0,0.0,0.0,0.0
1770756600.0,6974.5,6974.5,6962.5,6964.0,6967.99535538067,6969.81913379773,6970.31172864912,7005.0,6975.0,6990.0,6998.007028675929,6954.039666763159,6976.02334771955,6985.5873259602995,0.0,0.0,0.0,0.0,0.0,0.0
1770756900.0,6963.75,6965.0,6957.0,6961.25,6964.08499932829,6967.30608987029,6968.933201570099,7005.0,6975.0,6990.0,6998.007028675929,6954.039666763159,6976.02334771955,6983.66847129079,0.0,0.0,0.0,0.0,0.0,0.0
1770757200.0,6961.5,6966.0,6959.25,6965.75,6963.92889593761,6966.38810341672,6968.128633947609,7005.0,6975.0,6990.0,6998.007028675929,6954.039666763159,6976.02334771955,6983.227133999099,0.0,0.0,0.0,0.0,0.0,0.0
1770757500.0,6965.75,6966.5,6964.25,6966.0,6964.119773494839,6965.73730475469,6967.419118707309,7005.0,6975.0,6990.0,6998.007028675929,6954.039666763159,6976.02334771955,6983.16043260228,0.0,0.0,0.0,0.0,0.0,0.0
1770757800.0,6966.0,6967.0,6965.0,6966.25,6964.509495843499,6965.30842588625,6966.7983506048495,7005.0,6975.0,6990.0,6998.007028675929,6954.039666763159,6976.02334771955,6983.114817230499,0.0,0.0,0.0,0.0,0.0,0.0
1770758100.0,6966.5,6967.0,6964.5,6964.75,6964.1464196343395,6964.627598567519,6966.079500985789,7005.0,6975.0,6990.0,6998.007028675929,6954.039666763159,6976.02334771955,6983.08975305476,0.0,0.0,0.0,0.0,0.0,0.0
1770758400.0,6964.75,6965.75,6963.75,6965.0,6964.138499132289,6964.173690556079,6965.450612540059,7005.0,6975.0,6990.0,6998.007028675929,6954.039666763159,6976.02334771955,6983.06356328684,0.0,0.0,0.0,0.0,0.0,0.0
1770758700.0,6965.0,6965.75,6964.5,6964.75,6964.102134091399,6963.782943149519,6964.853968264069,7005.0,6975.0,6990.0,6998.007028675929,6954.039666763159,6976.02334771955,6983.048498563109,0.0,0.0,0.0,0.0,0.0,0.0
1770759000.0,6964.75,6966.5,6964.75,6965.5,6964.522170338169,6963.69233911736,6964.39088734704,7005.0,6975.0,6990.0,6998.007028675929,6954.039666763159,6976.02334771955,6983.031660693479,0.0,0.0,0.0,0.0,0.0,0.0
1770759300.0,6965.5,6967.25,6965.0,6966.5,6965.34002291184,6963.91034497272,6964.07798679362,7005.0,6975.0,6990.0,6998.007028675929,6954.039666763159,6976.02334771955,6983.017882829579,0.0,0.0,0.0,0.0,0.0,0.0
1770759600.0,6966.5,6968.75,6966.25,6968.5,6966.87778059393,6964.62905808655,6964.008120130299,7005.0,6975.0,6990.0,6998.007028675929,6954.039666763159,6976.02334771955,6982.998516525419,0.0,0.0,0.0,0.0,0.0,0.0
1770759900.0,6968.25,6969.0,6967.75,6968.75,6967.991180647839,6965.3215113159695,6963.983220076189,7005.0,6975.0,6990.0,6998.007028675929,6954.039666763159,6976.02334771955,6982.985935424869,0.0,0.0,0.0,0.0,0.0,0.0
1770760200.0,6968.75,6970.75,6968.75,6970.25,6969.41358654534,6966.297362407289,6964.12908516207,7005.0,6975.0,6990.0,6998.007028675929,6954.039666763159,6976.02334771955,6982.969222127889,0.0,0.0,0.0,0.0,0.0,0.0
1770760500.0,6970.25,6970.75,6969.75,6970.5,6970.398964529049,6967.1904555088495,6964.30419952951,7005.0,6975.0,6990.0,6998.007028675929,6954.039666763159,6976.02334771955,6982.95819195244,0.0,0.0,0.0,0.0,0.0,0.0
1770764400.0,6971.5,6974.0,6969.75,6973.75,6972.54891319436,6968.75493528854,6964.816187531729,7005.0,6975.0,6990.0,6998.007028675929,6954.039666763159,6976.02334771955,6972.5,0.0,0.0,0.0,0.0,0.0,0.0
1770764700.0,6973.25,6975.75,6972.0,6973.75,6973.8331360819,6970.0586208305795,6965.30493776746,7005.0,6975.0,6990.0,6998.007028675929,6954.039666763159,6976.02334771955,6973.12651560326,0.0,0.0,0.0,0.0,0.0,0.0
1770765000.0,6973.75,6974.5,6972.0,6974.5,6974.905883102269,6971.32529126345,6965.84893256336,7005.0,6975.0,6990.0,6998.007028675929,6954.039666763159,6976.02334771955,6973.2271551027,0.0,0.0,0.0,0.0,0.0,0.0
1770765300.0,6974.5,6975.5,6973.75,6974.5,6975.4675417236995,6972.36798935684,6966.36610393415,7005.0,6975.0,6990.0,6998.007028675929,6954.039666763159,6976.02334771955,6973.48247341473,0.0,0.0,0.0,0.0,0.0,0.0
1770765600.0,6975.0,6976.0,6974.5,6975.0,6975.94537025447,6973.344072897479,6966.90934401701,7005.0,6975.0,6990.0,6998.007028675929,6954.039666763159,6976.02334771955,6973.737944091769,0.0,0.0,0.0,0.0,0.0,0.0
1770765900.0,6975.0,6975.75,6974.25,6974.5,6975.887020649579,6974.011578515169,6967.37280346161,7005.0,6975.0,6990.0,6998.007028675929,6954.039666763159,6976.02334771955,6973.8496849685,0.0,0.0,0.0,0.0,0.0,0.0
1770766200.0,6974.25,6975.25,6973.75,6974.25,6975.6191200329395,6974.48259113844,6967.7872947584,7005.0,6975.0,6990.0,6998.007028675929,6954.039666763159,6976.02334771955,6973.91246442547,0.0,0.0,0.0,0.0,0.0,0.0
1770766500.0,6974.25,6974.5,6973.25,6974.25,6975.35683800216,6974.8511792862,6968.181532063079,7005.0,6975.0,6990.0,6998.007028675929,6954.039666763159,6976.02334771955,6973.920193789019,0.0,0.0,0.0,0.0,0.0,0.0
1770766800.0,6974.5,6975.25,6973.75,6975.0,6975.48185531451,6975.320291936309,6968.63393407633,7005.0,6975.0,6990.0,6998.007028675929,6954.039666763159,6976.02334771955,6973.96120689655,0.0,0.0,0.0,0.0,0.0,0.0
1770767100.0,6974.75,6976.25,6974.5,6974.75,6975.378313247559,6975.62254637325,6969.03652855768,7005.0,6975.0,6990.0,6998.007028675929,6954.039666763159,6976.02334771955,6974.04356750196,0.0,0.0,0.0,0.0,0.0,0.0
1770767400.0,6974.75,6975.75,6974.0,6974.25,6975.01549064737,6975.723748483279,6969.3664457919995,7005.0,6975.0,6990.0,6998.007028675929,6954.039666763159,6976.02334771955,6974.08586211486,0.0,0.0,0.0,0.0,0.0,0.0
1770767700.0,6974.25,6975.25,6974.0,6974.75,6974.987526039419,6975.90747250107,6969.7316820901,7005.0,6975.0,6990.0,6998.007028675929,6954.039666763159,6976.02334771955,6974.1256121753195,0.0,0.0,0.0,0.0,0.0,0.0
1770768000.0,6974.75,6977.0,6974.5,6976.0,6975.5500168344,6976.346207030279,6970.206840221,7005.0,6975.0,6990.0,6998.007028675929,6954.039666763159,6976.02334771955,6974.31758281061,0.0,0.0,0.0,0.0,0.0,0.0
1770768300.0,6976.0,6976.5,6975.5,6976.0,6975.87992161833,6976.68431311018,6970.6545143699295,7005.0,6975.0,6990.0,6998.007028675929,6954.039666763159,6976.02334771955,6974.372131714849,0.0,0.0,0.0,0.0,0.0,0.0
1770768600.0,6976.25,6977.25,6975.75,6976.0,6976.057392894119,6976.9384266649895,6971.07611658869,7005.0,6975.0,6990.0,6998.007028675929,6954.039666763159,6976.02334771955,6974.474837293779,0.0,0.0,0.0,0.0,0.0,0.0
1770768900.0,6976.25,6976.75,6974.5,6975.25,6975.77190205792,6976.936297941859,6971.39546975039,7005.0,6975.0,6990.0,6998.007028675929,6954.039666763159,6976.02334771955,6974.52205457696,0.0,0.0,0.0,0.0,0.0,0.0
1770769200.0,6975.25,6976.25,6974.0,6976.0,6975.928890450869,6977.09599297119,6971.774366433469,7005.0,6975.0,6990.0,6998.007028675929,6954.039666763159,6976.02334771955,6974.56777184089,0.0,0.0,0.0,0.0,0.0,0.0
1770769500.0,6975.75,6976.75,6975.5,6975.75,6975.88667029268,6977.141508596749,6972.10486894911,7005.0,6975.0,6990.0,6998.007028675929,6954.039666763159,6976.02334771955,6974.617949056939,0.0,0.0,0.0,0.0,0.0,0.0
1770769800.0,6975.75,6976.75,6975.5,6976.5,6976.207752890409,6977.34199650123,6972.4933389177095,7005.0,6975.0,6990.0,6998.007028675929,6954.039666763159,6976.02334771955,6974.67781032433,0.0,0.0,0.0,0.0,0.0,0.0
1770770100.0,6976.75,6978.0,6976.75,6977.0,6976.639791885889,6977.6089120220695,6972.9094772309,7005.0,6975.0,6990.0,6998.007028675929,6954.039666763159,6976.02334771955,6974.78667113876,0.0,0.0,0.0,0.0,0.0,0.0
1770770400.0,6977.0,6977.75,6976.75,6977.5,6977.1385901664,6977.93070682405,6973.3509236348,7005.0,6975.0,6990.0,6998.007028675929,6954.039666763159,6976.02334771955,6974.849678839059,0.0,0.0,0.0,0.0,0.0,0.0
1770770700.0,6977.75,6977.75,6976.75,6977.25,6977.30858545833,6978.111046280769,6973.73794855641,7005.0,6975.0,6990.0,6998.007028675929,6954.039666763159,6976.02334771955,6974.8925817757,0.0,0.0,0.0,0.0,0.0,0.0
1770771000.0,6977.25,6977.5,6977.0,6977.25,6977.38808542609,6978.236609693379,6974.09979800299,7005.0,6975.0,6990.0,6998.007028675929,6954.039666763159,6976.02334771955,6974.9323819915,0.0,0.0,0.0,0.0,0.0,0.0
1770771300.0,6977.25,6978.75,6977.25,6977.75,6977.65587910782,6978.441695931239,6974.489546942659,7005.0,6975.0,6990.0,6998.007028675929,6954.039666763159,6976.02334771955,6975.03017847886,0.0,0.0,0.0,0.0,0.0,0.0
1770771600.0,6977.5,6980.5,6977.5,6979.5,6978.654981595339,6979.023734427509,6975.03407434271,7005.0,6975.0,6990.0,6998.007028675929,6954.039666763159,6976.02334771955,6975.37551754565,0.0,0.0,0.0,0.0,0.0,0.0
1770771900.0,6979.5,6980.75,6979.25,6980.25,6979.62536767995,6979.667858070739,6975.61872652022,7005.0,6975.0,6990.0,6998.007028675929,6954.039666763159,6976.02334771955,6975.62602017865,0.0,0.0,0.0,0.0,0.0,0.0
1770772200.0,6980.25,6981.5,6979.75,6980.75,6980.44112787205,6980.299359216569,6976.21434424937,7005.0,6975.0,6990.0,6998.007028675929,6954.039666763159,6976.02334771955,6975.840040612889,0.0,0.0,0.0,0.0,0.0,0.0
1770772500.0,6980.5,6981.5,6979.75,6980.25,6980.659351524209,6980.66996750578,6976.716281673979,7005.0,6975.0,6990.0,6998.007028675929,6954.039666763159,6976.02334771955,6976.02785897777,0.0,0.0,0.0,0.0,0.0,0.0
1770772800.0,6980.0,6980.25,6979.0,6979.75,6980.49366639592,6980.823970474869,6977.130640081429,7005.0,6975.0,6990.0,6998.007028675929,6954.039666763159,6976.02334771955,6976.13637275123,0.0,0.0,0.0,0.0,0.0,0.0
1770773100.0,6979.5,6980.25,6979.0,6979.75,6980.3347018941995,6980.9235381452,6977.51485655083,7005.0,6975.0,6990.0,6998.007028675929,6954.039666763159,6976.02334771955,6976.20480083151,0.0,0.0,0.0,0.0,0.0,0.0
1770773400.0,6979.5,6980.5,6979.5,6979.75,6980.19103304631,6980.9790070667295,6977.87071321822,7005.0,6975.0,6990.0,6998.007028675929,6954.039666763159,6976.02334771955,6976.43264515108,0.0,0.0,0.0,0.0,0.0,0.0
1770773700.0,6979.75,6980.25,6979.25,6979.5,6979.944608869,6980.936957361309,6978.17405726976,7005.0,6975.0,6990.0,6998.007028675929,6954.039666763159,6976.02334771955,6976.60828096948,0.0,0.0,0.0,0.0,0.0,0.0
1770774000.0,6979.5,6981.75,6979.5,6981.0,6980.49564520651,6981.250916639049,6978.609193226949,7005.0,6975.0,6990.0,6998.007028675929,6954.039666763159,6976.02334771955,6976.725979358969,0.0,0.0,0.0,0.0,0.0,0.0
1770774300.0,6981.0,6983.25,6981.0,6983.25,6981.923708386849,6982.04629990544,6979.2441068689595,7005.0,6975.0,6990.0,6998.007028675929,6954.039666763159,6976.02334771955,6976.99218316694,0.0,0.0,0.0,0.0,0.0,0.0
1770774600.0,6983.0,6983.75,6982.25,6982.25,6982.3109010728795,6982.42994072817,6979.72843820162,7005.0,6975.0,6990.0,6998.007028675929,6954.039666763159,6976.02334771955,6977.166756302519,0.0,0.0,0.0,0.0,0.0,0.0
1770774900.0,6982.25,6983.0,6981.25,6981.5,6982.14241281789,6982.53404342175,6980.098162427729,7005.0,6975.0,6990.0,6998.007028675929,6954.039666763159,6976.02334771955,6977.29960356357,0.0,0.0,0.0,0.0,0.0,0.0
1770775200.0,6981.25,6981.75,6980.5,6981.0,6981.745799397069,6982.46962668929,6980.38684723936,7005.0,6975.0,6990.0,6998.007028675929,6954.039666763159,6976.02334771955,6977.467821833699,0.0,0.0,0.0,0.0,0.0,0.0
1770775500.0,6980.75,6981.5,6980.5,6980.5,6981.21566729193,6982.267349600689,6980.599950883109,7005.0,6975.0,6990.0,6998.007028675929,6954.039666763159,6976.02334771955,6977.54100747256,0.0,0.0,0.0,0.0,0.0,0.0
1770775800.0,6980.5,6981.75,6980.5,6981.25,6981.224582021019,6982.26409045649,6980.87181962448,7005.0,6975.0,6990.0,6998.007028675929,6954.039666763159,6976.02334771955,6977.62410225803,0.0,0.0,0.0,0.0,0.0,0.0
1770776100.0,6981.0,6982.0,6980.75,6981.75,6981.46476494125,6982.36496721568,6981.17234217234,7005.0,6975.0,6990.0,6998.007028675929,6954.039666763159,6976.02334771955,6977.692056604509,0.0,0.0,0.0,0.0,0.0,0.0
1770776400.0,6981.75,6983.0,6981.75,6982.5,6981.9746600321,6982.61508796935,6981.52516873269,7005.0,6975.0,6990.0,6998.007028675929,6954.039666763159,6976.02334771955,6977.767301404119,0.0,0.0,0.0,0.0,0.0,0.0
1770776700.0,6982.25,6982.5,6980.75,6981.75,6981.919821384609,6982.615866246029,6981.771378261829,7005.0,6975.0,6990.0,6998.007028675929,6954.039666763159,6976.02334771955,6977.853122648609,0.0,0.0,0.0,0.0,0.0,0.0
1770777000.0,6981.5,6982.25,6981.0,6981.75,6981.86818371135,6982.59768699469,6981.99579006936,7005.0,6975.0,6990.0,6998.007028675929,6954.039666763159,6976.02334771955,6977.92926276202,0.0,0.0,0.0,0.0,0.0,0.0
1770777300.0,6981.75,6982.0,6981.0,6981.0,6981.456609785219,6982.37853730141,6982.122286328759,7005.0,6975.0,6990.0,6998.007028675929,6954.039666763159,6976.02334771955,6977.97146966718,0.0,0.0,0.0,0.0,0.0,0.0
1770777600.0,6980.75,6981.0,6979.25,6980.25,6980.82189930765,6981.9949959186,6982.157662566579,7005.0,6975.0,6990.0,6998.007028675929,6954.039666763159,6976.02334771955,6978.018635310889,0.0,0.0,0.0,0.0,0.0,0.0
1770777900.0,6980.25,6981.25,6980.25,6981.0,6980.788377610969,6981.8511262844195,6982.26335932651,7005.0,6975.0,6990.0,6998.007028675929,6954.039666763159,6976.02334771955,6978.057359478499,0.0,0.0,0.0,0.0,0.0,0.0
1770778200.0,6980.75,6982.5,6980.75,6982.5,6981.51184380565,6982.094018919969,6982.5119787514695,7005.0,6975.0,6990.0,6998.007028675929,6954.039666763159,6976.02334771955,6978.1063665539095,0.0,0.0,0.0,0.0,0.0,0.0
1770778500.0,6982.25,6983.0,6982.0,6982.0,6981.73555256603,6982.159705379029,6982.6866982149095,7005.0,6975.0,6990.0,6998.007028675929,6954.039666763159,6976.02334771955,6978.1638689254,0.0,0.0,0.0,0.0,0.0,0.0
1770778800.0,6981.75,6982.5,6981.5,6981.5,6981.630235388439,6982.0789589589895,6982.792604511559,7005.0,6975.0,6990.0,6998.007028675929,6954.039666763159,6976.02334771955,6978.225906299939,0.0,0.0,0.0,0.0,0.0,0.0
1770779100.0,6981.25,6981.75,6980.5,6981.0,6981.31436803396,6981.87799563508,6982.8344881003695,7005.0,6975.0,6990.0,6998.007028675929,6954.039666763159,6976.02334771955,6978.259679001259,0.0,0.0,0.0,0.0,0.0,0.0
1770779400.0,6981.25,6981.5,6980.75,6981.0,6981.11303424951,6981.703429729309,6982.868539696609,7005.0,6975.0,6990.0,6998.007028675929,6954.039666763159,6976.02334771955,6978.27828420444,0.0,0.0,0.0,0.0,0.0,0.0
1770779700.0,6980.75,6981.5,6979.5,6979.75,6980.380376092509,6981.2413773708595,6982.766154162749,7005.0,6975.0,6990.0,6998.007028675929,6954.039666763159,6976.02334771955,6978.309622479,0.0,0.0,0.0,0.0,0.0,0.0
1770780000.0,6979.5,6981.0,6979.0,6981.0,6980.53683329635,6981.165572790819,6982.7954143754,7005.0,6975.0,6990.0,6998.007028675929,6954.039666763159,6976.02334771955,6978.339082668719,0.0,0.0,0.0,0.0,0.0,0.0
1770780300.0,6981.0,6983.0,6981.0,6982.5,6981.387951349359,6981.472887780729,6982.97303184374,7005.0,6975.0,6990.0,6998.007028675929,6954.039666763159,6976.02334771955,6978.39096366509,0.0,0.0,0.0,0.0,0.0,0.0
1770780600.0,6982.5,6983.0,6982.0,6982.0,6981.69511586885,6981.5992259994,6983.081866431229,7005.0,6975.0,6990.0,6998.007028675929,6954.039666763159,6976.02334771955,6978.4206334274095,0.0,0.0,0.0,0.0,0.0,0.0
1770780900.0,6982.0,6982.5,6981.25,6982.25,6982.00827014219,6981.761820805589,6983.204225538289,7005.0,6975.0,6990.0,6998.007028675929,6954.039666763159,6976.02334771955,6978.476485931689,0.0,0.0,0.0,0.0,0.0,0.0
1770781200.0,6982.25,6984.25,6982.0,6984.0,6983.05185696394,6982.327086030799,6983.4941873898,7005.0,6975.0,6990.0,6998.007028675929,6954.039666763159,6976.02334771955,6978.587177107849,0.0,0.0,0.0,0.0,0.0,0.0
1770781500.0,6983.75,6985.5,6983.75,6984.25,6983.818477365309,6982.85070595999,6983.7848623316795,7005.0,6975.0,6990.0,6998.007028675929,6954.039666763159,6976.02334771955,6978.740218557549,0.0,0.0,0.0,0.0,0.0,0.0
1770781800.0,6984.25,6985.5,6984.0,6985.25,6984.7590146187695,6983.524229555779,6984.15356731869,7005.0,6975.0,6990.0,6998.007028675929,6954.039666763159,6976.02334771955,6978.8282732791495,0.0,0.0,0.0,0.0,0.0,0.0
1770782100.0,6985.25,6986.0,6984.75,6985.25,6985.310709309189,6984.070593275949,6984.49128323871,7005.0,6975.0,6990.0,6998.007028675929,6954.039666763159,6976.02334771955,6978.93588455729,0.0,0.0,0.0,0.0,0.0,0.0
1770782400.0,6985.0,6985.5,6984.75,6985.0,6985.48345468506,6984.44740947979,6984.77414576068,7005.0,6975.0,6990.0,6998.007028675929,6954.039666763159,6976.02334771955,6978.97790278073,0.0,0.0,0.0,0.0,0.0,0.0
1770782700.0,6985.0,6985.75,6984.75,6985.0,6985.53634485531,6984.744829569359,6985.031684926859,7005.0,6975.0,6990.0,6998.007028675929,6954.039666763159,6976.02334771955,6979.02354263239,0.0,0.0,0.0,0.0,0.0,0.0
1770783000.0,6984.75,6984.75,6983.0,6983.75,6984.908077823739,6984.665006258009,6985.13635239531,7005.0,6975.0,6990.0,6998.007028675929,6954.039666763159,6976.02334771955,6979.106408238769,0.0,0.0,0.0,0.0,0.0,0.0
1770783300.0,6983.5,6984.25,6983.0,6984.0,6984.58913345352,6984.646840433849,6985.2538686834,7005.0,6975.0,6990.0,6998.007028675929,6954.039666763159,6976.02334771955,6979.1530516720595,0.0,0.0,0.0,0.0,0.0,0.0
1770783600.0,6984.0,6984.75,6983.0,6983.25,6983.995019432789,6984.432073398069,6985.27998159651,7005.0,6975.0,6990.0,6998.007028675929,6954.039666763159,6976.02334771955,6979.19666856145,0.0,0.0,0.0,0.0,0.0,0.0
1770783900.0,6983.25,6983.75,6981.5,6981.75,6982.8718462537,6983.869728971669,6985.14362576555,7005.0,6975.0,6990.0,6998.007028675929,6954.039666763159,6976.02334771955,6979.240247304079,0.0,0.0,0.0,0.0,0.0,0.0
1770784200.0,6981.75,6982.0,6980.5,6980.75,6981.67363002611,6983.1471558132,6984.908026825189,7005.0,6975.0,6990.0,6998.007028675929,6954.039666763159,6976.02334771955,6979.268012067199,0.0,0.0,0.0,0.0,0.0,0.0
1770784500.0,6980.5,6981.0,6977.25,6977.5,6979.35221720516,6981.73639623852,6984.34783372321,7005.0,6975.0,6990.0,6998.007028675929,6954.039666763159,6976.02334771955,6979.25231508239,0.0,0.0,0.0,0.0,0.0,0.0
1770784800.0,6977.5,6979.25,6977.5,6979.0,6978.66233692414,6980.94382654693,6983.97720654313,7005.0,6975.0,6990.0,6998.007028675929,6954.039666763159,6976.02334771955,6979.24404127661,0.0,0.0,0.0,0.0,0.0,0.0
1770785100.0,6979.25,6980.5,6979.0,6980.25,6978.916250157409,6980.60547602661,6983.757471776639,7005.0,6975.0,6990.0,6998.007028675929,6954.039666763159,6976.02334771955,6979.25135820128,0.0,0.0,0.0,0.0,0.0,0.0
1770785400.0,6980.0,6980.75,6979.75,6979.75,6978.91364869247,6980.20991480861,6983.4974799108195,7005.0,6975.0,6990.0,6998.007028675929,6954.039666763159,6976.02334771955,6979.258314359299,0.0,0.0,0.0,0.0,0.0,0.0
1770785700.0,6979.75,6980.25,6978.75,6979.75,6978.978673064849,6979.89293494693,6983.25200569109,7005.0,6975.0,6990.0,6998.007028675929,6954.039666763159,6976.02334771955,6979.26222173052,0.0,0.0,0.0,0.0,0.0,0.0
1770786000.0,6979.5,6979.75,6979.0,6979.75,6979.07772994671,6979.642269733689,6983.0203059661,7005.0,6975.0,6990.0,6998.007028675929,6954.039666763159,6976.02334771955,6979.264057621,0.0,0.0,0.0,0.0,0.0,0.0
1770786300.0,6979.5,6981.5,6979.25,6981.5,6980.043287718119,6979.88254591815,6982.98255679009,7005.0,6975.0,6990.0,6998.007028675929,6954.039666763159,6976.02334771955,6979.285387963159,0.0,0.0,0.0,0.0,0.0,0.0
1770786600.0,6981.25,6982.0,6980.75,6981.25,6980.56972963502,6980.03068107335,6982.91859777131,7005.0,6975.0,6990.0,6998.007028675929,6954.039666763159,6976.02334771955,6979.31062980906,0.0,0.0,0.0,0.0,0.0,0.0
1770786900.0,6981.0,6983.0,6981.0,6981.5,6981.040036437969,6980.22557513151,6982.882047995709,7005.0,6975.0,6990.0,6998.007028675929,6954.039666763159,6976.02334771955,6979.338974792479,0.0,0.0,0.0,0.0,0.0,0.0
1770787200.0,6981.25,6981.5,6980.0,6981.0,6981.09636986356,6980.2713268996995,6982.79356040884,7005.0,6975.0,6990.0,6998.007028675929,6954.039666763159,6976.02334771955,6979.35201866788,0.0,0.0,0.0,0.0,0.0,0.0
1770787500.0,6980.75,6980.75,6978.75,6979.25,6980.272119284779,6979.882005849189,6982.52768217341,7005.0,6975.0,6990.0,6998.007028675929,6954.039666763159,6976.02334771955,6979.35452713981,0.0,0.0,0.0,0.0,0.0,0.0
1770787800.0,6979.0,6979.5,6977.0,6978.0,6979.136554801679,6979.25798466946,6982.14873652714,7005.0,6975.0,6990.0,6998.007028675929,6954.039666763159,6976.02334771955,6979.33262144479,0.0,0.0,0.0,0.0,0.0,0.0
1770788100.0,6978.0,6979.25,6977.75,6978.75,6978.796603867389,6978.939475542829,6981.871691343659,7005.0,6975.0,6990.0,6998.007028675929,6954.039666763159,6976.02334771955,6979.32515270506,0.0,0.0,0.0,0.0,0.0,0.0
1770788400.0,6978.5,6978.5,6975.75,6976.25,6977.390989136319,6978.067019279089,6981.3537821306,7005.0,6975.0,6990.0,6998.007028675929,6954.039666763159,6976.02334771955,6979.2832194944895,0.0,0.0,0.0,0.0,0.0,0.0
1770788700.0,6976.0,6976.25,6975.0,6975.5,6976.170810560239,6977.17430154861,6980.793151893439,7005.0,6975.0,6990.0,6998.007028675929,6954.039666763159,6976.02334771955,6979.2330013345,0.0,0.0,0.0,0.0,0.0,0.0
1770789000.0,6975.5,6977.0,6975.5,6976.75,6976.0651073829395,6976.765797553179,6980.399991618489,7005.0,6975.0,6990.0,6998.007028675929,6954.039666763159,6976.02334771955,6979.21415292596,0.0,0.0,0.0,0.0,0.0,0.0
1770789300.0,6976.5,6976.5,6975.75,6976.25,6975.8224878812,6976.32450735292,6979.98207963149,7005.0,6975.0,6990.0,6998.007028675929,6954.039666763159,6976.02334771955,6979.19204701074,0.0,0.0,0.0,0.0,0.0,0.0
1770789600.0,6976.25,6980.5,6976.25,6980.0,6977.56041974647,6976.914073113609,6979.98078566357,7005.0,6975.0,6990.0,6998.007028675929,6954.039666763159,6976.02334771955,6979.1868354483495,0.0,0.0,0.0,0.0,0.0,0.0
1770789900.0,6979.75,6980.75,6979.25,6980.0,6978.711165639689,6977.421494132939,6979.979453785189,7005.0,6975.0,6990.0,6998.007028675929,6954.039666763159,6976.02334771955,6979.19914198584,0.0,0.0,0.0,0.0,0.0,0.0
1770790200.0,6979.75,6979.75,6976.0,6976.5,6977.743905417219,6976.98691944445,6979.61632724429,7005.0,6975.0,6990.0,6998.007028675929,6954.039666763159,6976.02334771955,6979.18178909977,0.0,0.0,0.0,0.0,0.0,0.0
1770790500.0,6976.25,6976.5,6974.25,6974.75,6976.2728698833,6976.208046625309,6979.097825598929,7005.0,6975.0,6990.0,6998.007028675929,6954.039666763159,6976.02334771955,6979.101312647969,0.0,0.0,0.0,0.0,0.0,0.0
1770790800.0,6974.75,6977.0,6974.0,6976.75,6976.33270612639,6976.07935328033,6978.822817536299,7005.0,6975.0,6990.0,6998.007028675929,6954.039666763159,6976.02334771955,6979.0580137149,0.0,0.0,0.0,0.0,0.0,0.0
1770791100.0,6976.5,6977.0,6974.25,6974.5,6975.30746410101,6975.43232005148,6978.33525080169,7005.0,6975.0,6990.0,6998.007028675929,6954.039666763159,6976.02334771955,6979.0214035809795,0.0,0.0,0.0,0.0,0.0,0.0
1770791400.0,6974.5,6975.5,6973.75,6974.0,6974.446827460009,6974.79301471608,6977.831221005889,7005.0,6975.0,6990.0,6998.007028675929,6954.039666763159,6976.02334771955,6978.98220861876,0.0,0.0,0.0,0.0,0.0,0.0
1770791700.0,6974.25,6976.25,6973.75,6976.0,6974.92440036679,6974.78387718243,6977.57067502882,7005.0,6975.0,6990.0,6998.007028675929,6954.039666763159,6976.02334771955,6978.95455202939,0.0,0.0,0.0,0.0,0.0,0.0
1770792000.0,6976.0,6976.75,6975.25,6975.5,6975.034073776799,6974.67418907635,6977.278413768359,7005.0,6975.0,6990.0,6998.007028675929,6954.039666763159,6976.02334771955,6978.937936425719,0.0,0.0,0.0,0.0,0.0,0.0
1770792300.0,6975.5,6975.5,6974.0,6975.0,6974.895704019599,6974.480485620759,6976.956858370089,7005.0,6975.0,6990.0,6998.007028675929,6954.039666763159,6976.02334771955,6978.90106557922,0.0,0.0,0.0,0.0,0.0,0.0
1770792600.0,6975.0,6975.25,6973.75,6975.25,6974.9595609834,6974.4034305288,6976.685802432919,7005.0,6975.0,6990.0,6998.007028675929,6954.039666763159,6976.02334771955,6978.85726042343,0.0,0.0,0.0,0.0,0.0,0.0
1770792900.0,6975.0,6975.25,6973.5,6974.0,6974.41664041623,6974.049240681719,6976.306864374609,7005.0,6975.0,6990.0,6998.007028675929,6954.039666763159,6976.02334771955,6978.824732207059,0.0,0.0,0.0,0.0,0.0,0.0
1770793200.0,6974.0,6975.75,6973.5,6975.25,6974.706180368859,6974.08764729555,6976.08624092391,7005.0,6975.0,6990.0,6998.007028675929,6954.039666763159,6976.02334771955,6978.76307707868,0.0,0.0,0.0,0.0,0.0,0.0
1770793500.0,6975.25,6976.25,6973.75,6974.0,6974.30617850961,6973.82839666564,6975.75461899032,7005.0,6975.0,6990.0,6998.007028675929,6954.039666763159,6976.02334771955,6978.729790241679,0.0,0.0,0.0,0.0,0.0,0.0
1770793800.0,6974.0,6974.0,6971.0,6971.25,6972.730282007959,6972.94953756776,6975.164918304949,7005.0,6975.0,6990.0,6998.007028675929,6954.039666763159,6976.02334771955,6978.58516669789,0.0,0.0,0.0,0.0,0.0,0.0
1770794100.0,6971.25,6973.75,6971.25,6973.25,6972.736378429509,6972.74155497362,6974.826535333969,7005.0,6975.0,6990.0,6998.007028675929,6954.039666763159,6976.02334771955,6978.5270299513295,0.0,0.0,0.0,0.0,0.0,0.0
1770794400.0,6973.25,6976.75,6973.25,6976.75,6974.495930172469,6973.46244721734,6974.87719925808,7005.0,6975.0,6990.0,6998.007028675929,6954.039666763159,6976.02334771955,6978.4977613375995,0.0,0.0,0.0,0.0,0.0,0.0
1770794700.0,6977.0,6977.5,6976.25,6976.75,6975.644290217319,6974.07801619367,6974.927900918839,7005.0,6975.0,6990.0,6998.007028675929,6954.039666763159,6976.02334771955,6978.478469251049,0.0,0.0,0.0,0.0,0.0,0.0
1770795000.0,6976.75,6977.0,6973.25,6974.25,6975.149136346359,6973.980411674979,6974.720125326199,7005.0,6975.0,6990.0,6998.007028675929,6954.039666763159,6976.02334771955,6978.43901385932,0.0,0.0,0.0,0.0,0.0,0.0
1770795300.0,6974.0,6974.5,6972.75,6973.25,6974.3288062623,6973.66426608445,6974.42704815258,7005.0,6975.0,6990.0,6998.007028675929,6954.039666763159,6976.02334771955,6978.396687349539,0.0,0.0,0.0,0.0,0.0,0.0
1770795600.0,6973.0,6975.25,6972.75,6974.75,6974.53466983578,6973.78940161744,6974.313196756199,7005.0,6975.0,6990.0,6998.007028675929,6954.039666763159,6976.02334771955,6978.36976284918,0.0,0.0,0.0,0.0,0.0,0.0
1770795900.0,6974.75,6977.0,6974.5,6975.5,6975.0362573916,6974.09230763905,6974.28857292866,7005.0,6975.0,6990.0,6998.007028675929,6954.039666763159,6976.02334771955,6978.319561534009,0.0,0.0,0.0,0.0,0.0,0.0
1770796200.0,6975.5,6975.5,6974.5,6974.75,6974.98680046143,6974.1672182394295,6974.19185985267,7005.0,6975.0,6990.0,6998.007028675929,6954.039666763159,6976.02334771955,6978.28763222965,0.0,0.0,0.0,0.0,0.0,0.0
1770796500.0,6974.5,6974.75,6973.0,6974.25,6974.70245787148,6974.114228863769,6974.05393440129,7005.0,6975.0,6990.0,6998.007028675929,6954.039666763159,6976.02334771955,6978.237875293359,0.0,0.0,0.0,0.0,0.0,0.0
1770796800.0,6974.25,6975.75,6972.75,6975.0,6974.88180579011,6974.265693632179,6974.006915143789,7005.0,6975.0,6990.0,6998.007028675929,6954.039666763159,6976.02334771955,6978.128722886079,0.0,0.0,0.0,0.0,0.0,0.0
1770797100.0,6974.75,6975.0,6969.25,6969.5,6972.308856619279,6973.03097736573,6973.398416534869,7005.0,6975.0,6990.0,6998.007028675929,6954.039666763159,6976.02334771955,6977.933704704539,0.0,0.0,0.0,0.0,0.0,0.0
1770797400.0,6969.75,6971.0,6967.0,6967.25,6969.58584719944,6971.461035097819,6972.60395083391,7005.0,6975.0,6990.0,6998.007028675929,6954.039666763159,6976.02334771955,6977.69281005632,0.0,0.0,0.0,0.0,0.0,0.0
1770797700.0,6967.5,6968.25,6963.75,6964.0,6966.3285131342,6969.371544500639,6971.53369713934,7005.0,6975.0,6990.0,6998.007028675929,6954.039666763159,6976.02334771955,6977.37039593342,0.0,0.0,0.0,0.0,0.0,0.0
1770798000.0,6963.75,6967.0,6963.75,6966.75,6965.7077394882,6968.352755882959,6970.8278472361,7005.0,6975.0,6990.0,6998.007028675929,6954.039666763159,6976.02334771955,6977.121329263799,0.0,0.0,0.0,0.0,0.0,0.0
1770798300.0,6966.5,6971.5,6966.5,6969.25,6966.67378332014,6968.162803982639,6970.4356184912895,7005.0,6975.0,6990.0,6998.007028675929,6954.039666763159,6976.02334771955,6976.92323078306,0.0,0.0,0.0,0.0,0.0,0.0
1770798600.0,6969.25,6974.25,6969.25,6973.5,6969.486418875719,6969.09423632143,6970.51622741045,7005.0,6975.0,6990.0,6998.007028675929,6954.039666763159,6976.02334771955,6976.840390099819,0.0,0.0,0.0,0.0,0.0,0.0
1770798900.0,6973.5,6975.75,6973.5,6973.75,6971.47410394499,6969.95404251469,6970.623063442479,7005.0,6975.0,6990.0,6998.007028675929,6954.039666763159,6976.02334771955,6976.8073793011,0.0,0.0,0.0,0.0,0.0,0.0
1770799200.0,6973.75,6974.5,6971.75,6974.25,6972.998902286519,6970.810855334519,6970.779933395989,7005.0,6975.0,6990.0,6998.007028675929,6954.039666763159,6976.02334771955,6976.750979752869,0.0,0.0,0.0,0.0,0.0,0.0
1770799500.0,6974.25,6975.0,6973.25,6973.25,6973.458132377629,6971.28666482889,6970.828062661039,7005.0,6975.0,6990.0,6998.007028675929,6954.039666763159,6976.02334771955,6976.72017641615,0.0,0.0,0.0,0.0,0.0,0.0
1770799800.0,6973.25,6974.25,6973.0,6973.75,6973.95036653603,6971.81635104407,6970.92992882325,7005.0,6975.0,6990.0,6998.007028675929,6954.039666763159,6976.02334771955,6976.6871067662,0.0,0.0,0.0,0.0,0.0,0.0
1770800100.0,6973.75,6974.5,6972.5,6972.75,6973.72670349213,6972.01424920297,6970.926550378719,7005.0,6975.0,6990.0,6998.007028675929,6954.039666763159,6976.02334771955,6976.648071138129,0.0,0.0,0.0,0.0,0.0,0.0
1770800400.0,6972.5,6976.25,6971.25,6974.75,6974.511948409269,6972.681578505059,6971.1352515118,7005.0,6975.0,6990.0,6998.007028675929,6954.039666763159,6976.02334771955,6976.60113494879,0.0,0.0,0.0,0.0,0.0,0.0
1770800700.0,6975.0,6977.25,6975.0,6977.0,6976.06399314381,6973.79636262032,6971.56680767319,7005.0,6975.0,6990.0,6998.007028675929,6954.039666763159,6976.02334771955,6976.59850349072,0.0,0.0,0.0,0.0,0.0,0.0
1770801000.0,6977.0,6978.0,6974.75,6975.5,6976.258714787309,6974.34360364239,6971.81761725611,7005.0,6975.0,6990.0,6998.007028675929,6954.039666763159,6976.02334771955,6976.5896876345,0.0,0.0,0.0,0.0,0.0,0.0
1770801300.0,6975.75,6976.25,6972.5,6973.5,6975.33216623898,6974.29328555965,6971.84830935966,7005.0,6975.0,6990.0,6998.007028675929,6954.039666763159,6976.02334771955,6976.536640974519,0.0,0.0,0.0,0.0,0.0,0.0
1770801600.0,6973.5,6974.5,6971.5,6972.75,6974.3152310715495,6974.058863397399,6971.803327838569,7005.0,6975.0,6990.0,6998.007028675929,6954.039666763159,6976.02334771955,6976.491084297109,0.0,0.0,0.0,0.0,0.0,0.0
1770801900.0,6972.75,6975.5,6972.25,6975.0,6974.731257363979,6974.41918514511,6971.99798968496,7005.0,6975.0,6990.0,6998.007028675929,6954.039666763159,6976.02334771955,6976.47559347181,0.0,0.0,0.0,0.0,0.0,0.0
1770802200.0,6975.25,6975.5,6970.5,6971.25,6973.14584313053,6973.77868401574,6971.79516793719,7005.0,6975.0,6990.0,6998.007028675929,6954.039666763159,6976.02334771955,6976.42183238889,0.0,0.0,0.0,0.0,0.0,0.0
1770802500.0,6971.0,6972.5,6967.5,6968.0,6970.53940768306,6972.43627001929,6971.274353142389,7005.0,6975.0,6990.0,6998.007028675929,6954.039666763159,6976.02334771955,6976.31043241899,0.0,0.0,0.0,0.0,0.0,0.0
1770802800.0,6968.0,6968.75,6966.5,6968.25,6969.030963399099,6971.389134532849,6970.8198364213595,7005.0,6975.0,6990.0,6998.007028675929,6954.039666763159,6976.02334771955,6976.189312789999,0.0,0.0,0.0,0.0,0.0,0.0
1770803100.0,6968.5,6969.75,6967.25,6967.75,6967.89532108918,6970.40518505355,6970.349758271779,7005.0,6975.0,6990.0,6998.007028675929,6954.039666763159,6976.02334771955,6976.0513828908,0.0,0.0,0.0,0.0,0.0,0.0
1770803400.0,6967.75,6970.25,6966.75,6969.5,6968.1134976215,6970.03752652541,6970.098061183249,7005.0,6975.0,6990.0,6998.007028675929,6954.039666763159,6976.02334771955,6975.95559912289,0.0,0.0,0.0,0.0,0.0,0.0
1770803700.0,6969.5,6970.25,6965.75,6965.75,6966.511231060699,6968.8140459379,6969.48113247685,7005.0,6975.0,6990.0,6998.007028675929,6954.039666763159,6976.02334771955,6975.8392535515995,0.0,0.0,0.0,0.0,0.0,0.0
1770804000.0,6966.0,6966.0,6953.0,6955.5,6960.57544351007,6965.26997315874,6967.85299764285,7005.0,6975.0,6990.0,6998.007028675929,6954.039666763159,6976.02334771955,6974.13896955774,0.0,0.0,0.0,0.0,0.0,0.0
1770804300.0,6955.75,6958.25,6953.5,6955.75,6957.055611569829,6962.43007325061,6966.37070755417,7005.0,6975.0,6990.0,6998.007028675929,6954.039666763159,6976.02334771955,6973.28808418404,0.0,0.0,0.0,0.0,0.0,0.0
1770804600.0,6955.75,6960.25,6955.75,6957.25,6955.76436653134,6960.49703261742,6965.15437679502,7005.0,6975.0,6990.0,6998.007028675929,6954.039666763159,6976.02334771955,6972.887270888969,0.0,0.0,0.0,0.0,0.0,0.0
1770804900.0,6957.25,6959.5,6957.25,6958.5,6955.794332538289,6959.260676057809,6964.160461407069,7005.0,6975.0,6990.0,6998.007028675929,6954.039666763159,6976.02334771955,6972.745157124879,0.0,0.0,0.0,0.0,0.0,0.0
1770805200.0,6958.5,6962.25,6957.75,6961.25,6957.381287475469,6958.978113976689,6963.52913905628,7005.0,6975.0,6990.0,6998.007028675929,6954.039666763159,6976.02334771955,6972.59912562924,0.0,0.0,0.0,0.0,0.0,0.0
1770805500.0,6961.25,6963.25,6959.25,6961.5,6958.697327131679,6958.862776380201,6962.97705358797,7005.0,6975.0,6990.0,6998.007028675929,6954.039666763159,6976.02334771955,6972.45497513083,0.0,0.0,0.0,0.0,0.0,0.0
1770805800.0,6961.25,6961.5,6959.25,6960.0,6958.93221142271,6958.448368290649,6962.318060480829,7005.0,6975.0,6990.0,6998.007028675929,6954.039666763159,6976.02334771955,6972.336983780539,0.0,0.0,0.0,0.0,0.0,0.0
1770806100.0,6960.0,6962.0,6958.5,6961.75,6960.02765850914,6958.59337251471,6961.8958889079295,7005.0,6975.0,6990.0,6998.007028675929,6954.039666763159,6976.02334771955,6972.22530981928,0.0,0.0,0.0,0.0,0.0,0.0
1770806400.0,6961.5,6962.25,6961.0,6961.75,6960.79156598173,6958.76322558186,6961.5132845926,7005.0,6975.0,6990.0,6998.007028675929,6954.039666763159,6976.02334771955,6972.114650042149,0.0,0.0,0.0,0.0,0.0,0.0
1770806700.0,6962.0,6962.25,6958.25,6958.75,6959.84994626706,6958.203980356319,6960.85751211947,7005.0,6975.0,6990.0,6998.007028675929,6954.039666763159,6976.02334771955,6971.982141968089,0.0,0.0,0.0,0.0,0.0,0.0
1770807000.0,6958.5,6959.5,6957.25,6958.75,6959.27622551267,6957.786571591299,6960.258039618139,7005.0,6975.0,6990.0,6998.007028675929,6954.039666763159,6976.02334771955,6971.7791743288,0.0,0.0,0.0,0.0,0.0,0.0
1770807300.0,6959.0,6964.75,6959.0,6964.25,6961.63032618033,6958.853940858309,6960.2797087462895,7005.0,6975.0,6990.0,6998.007028675929,6954.039666763159,6976.02334771955,6971.65096876737,0.0,0.0,0.0,0.0,0.0,0.0
1770807600.0,6964.25,6968.5,6964.25,6968.25,6965.09960233718,6960.7711115106695,6960.72391906047,7005.0,6975.0,6990.0,6998.007028675929,6954.039666763159,6976.02334771955,6971.57749339773,0.0,0.0,0.0,0.0,0.0,0.0
1770807900.0,6968.25,6968.75,6966.5,6967.25,6966.78024680549,6962.137454201799,6961.04381172705,7005.0,6975.0,6990.0,6998.007028675929,6954.039666763159,6976.02334771955,6971.531832992209,0.0,0.0,0.0,0.0,0.0,0.0
1770808200.0,6967.25,6967.75,6966.75,6967.0,6967.636082850119,6963.22519280666,6961.32511022142,7005.0,6975.0,6990.0,6998.007028675929,6954.039666763159,6976.02334771955,6971.504280921989,0.0,0.0,0.0,0.0,0.0,0.0
1770808500.0,6967.0,6971.25,6967.0,6970.25,6969.65752137038,6964.94568935603,6961.93184418054,7005.0,6975.0,6990.0,6998.007028675929,6954.039666763159,6976.02334771955,6971.480506693149,0.0,0.0,0.0,0.0,0.0,0.0
1770808800.0,6970.25,6972.0,6969.5,6970.5,6970.944258581099,6966.43513922031,6962.530542982189,7005.0,6975.0,6990.0,6998.007028675929,6954.039666763159,6976.02334771955,6971.47119589418,0.0,0.0,0.0,0.0,0.0,0.0
1770809100.0,6970.5,6973.25,6970.5,6972.75,6972.71945398277,6968.22255695076,6963.3278214190095,7005.0,6975.0,6990.0,6998.007028675929,6954.039666763159,6976.02334771955,6971.47714769241,0.0,0.0,0.0,0.0,0.0,0.0
1770809400.0,6972.5,6972.75,6970.75,6971.25,6972.9643640245595,6969.3154482797,6963.921402621209,7005.0,6975.0,6990.0,6998.007028675929,6954.039666763159,6976.02334771955,6971.478250397689,0.0,0.0,0.0,0.0,0.0,0.0
1770809700.0,6971.25,6972.0,6969.25,6970.0,6972.35258240556,6969.889765994079,6964.35069502374,7005.0,6975.0,6990.0,6998.007028675929,6954.039666763159,6976.02334771955,6971.470658295239,0.0,0.0,0.0,0.0,0.0,0.0
1770810000.0,6969.75,6969.75,6964.0,6966.25,6969.99697928536,6969.410351755249,6964.36825960578,7005.0,6975.0,6990.0,6998.007028675929,6954.039666763159,6976.02334771955,6971.334732024169,0.0,0.0,0.0,0.0,0.0,0.0
1770810300.0,6966.25,6969.75,6963.75,6966.5,6968.52554644678,6969.05544505696,6964.416113125189,7005.0,6975.0,6990.0,6998.007028675929,6954.039666763159,6976.02334771955,6971.253823320129,0.0,0.0,0.0,0.0,0.0,0.0
1770810600.0,6966.25,6969.0,6966.0,6968.25,6968.401633435999,6969.179279307679,6964.6470177129895,7005.0,6975.0,6990.0,6998.007028675929,6954.039666763159,6976.02334771955,6971.219846762229,0.0,0.0,0.0,0.0,0.0,0.0
1770810900.0,6968.0,6968.0,6963.25,6963.75,6966.1113244627095,6968.145692677789,6964.401879707159,7005.0,6975.0,6990.0,6998.007028675929,6954.039666763159,6976.02334771955,6971.160689730609,0.0,0.0,0.0,0.0,0.0,0.0
1770811200.0,6963.5,6968.75,6963.0,6966.0,6965.75712229412,6967.837105756589,6964.411673054589,7005.0,6975.0,6990.0,6998.007028675929,6954.039666763159,6976.02334771955,6970.97530029879,0.0,0.0,0.0,0.0,0.0,0.0
1770811500.0,6966.0,6969.5,6965.0,6969.0,6967.03298685673,6968.31794693266,6964.7360094549695,7005.0,6975.0,6990.0,6998.007028675929,6954.039666763159,6976.02334771955,6970.948876167509,0.0,0.0,0.0,0.0,0.0,0.0
1770811800.0,6969.0,6971.25,6967.75,6970.5,6968.60649177634,6969.078054881,6965.1975233023795,7005.0,6975.0,6990.0,6998.007028675929,6954.039666763159,6976.02334771955,6970.9379680700995,0.0,0.0,0.0,0.0,0.0,0.0
1770812100.0,6970.25,6970.5,6967.75,6968.0,6968.38789211289,6969.0715402681,6965.372708889529,7005.0,6975.0,6990.0,6998.007028675929,6954.039666763159,6976.02334771955,6970.925667189949,0.0,0.0,0.0,0.0,0.0,0.0
1770812400.0,6968.0,6971.0,6968.0,6970.0,6969.207366131,6969.54925394332,6965.746416840319,7005.0,6975.0,6990.0,6998.007028675929,6954.039666763159,6976.02334771955,6970.917700929779,0.0,0.0,0.0,0.0,0.0,0.0
1770812700.0,6970.0,6970.25,6967.25,6967.75,6968.6134496471495,6969.369657258089,6965.8651081737,7005.0,6975.0,6990.0,6998.007028675929,6954.039666763159,6976.02334771955,6970.901975269169,0.0,0.0,0.0,0.0,0.0,0.0
1770813000.0,6967.75,6969.0,6966.0,6967.25,6967.97073694342,6969.0819745319595,6965.92726297838,7005.0,6975.0,6990.0,6998.007028675929,6954.039666763159,6976.02334771955,6970.852149485109,0.0,0.0,0.0,0.0,0.0,0.0
1770813300.0,6967.5,6969.0,6966.0,6968.75,6968.28811680078,6969.2041341417,6966.14340910724,7005.0,6975.0,6990.0,6998.007028675929,6954.039666763159,6976.02334771955,6970.822869591249,0.0,0.0,0.0,0.0,0.0,0.0
1770813600.0,6969.0,6969.0,6966.25,6968.0,6968.125751609819,6969.1064224169795,6966.269979973819,7005.0,6975.0,6990.0,6998.007028675929,6954.039666763159,6976.02334771955,6970.802867349849,0.0,0.0,0.0,0.0,0.0,0.0
1770813900.0,6967.75,6968.5,6966.0,6968.0,6968.021636921119,6969.01400844328,6966.3905601025,7005.0,6975.0,6990.0,6998.007028675929,6954.039666763159,6976.02334771955,6970.77210197523,0.0,0.0,0.0,0.0,0.0,0.0
1770814200.0,6968.0,6968.5,6964.5,6964.5,6966.25000132182,6968.056567103499,6966.1436250241395,7005.0,6975.0,6990.0,6998.007028675929,6954.039666763159,6976.02334771955,6970.740865912149,0.0,0.0,0.0,0.0,0.0,0.0
1770814500.0,6964.75,6968.0,6964.25,6967.5,6966.602845108049,6968.003781472459,6966.22678757839,7005.0,6975.0,6990.0,6998.007028675929,6954.039666763159,6976.02334771955,6970.70715783745,0.0,0.0,0.0,0.0,0.0,0.0
1770814800.0,6967.5,6968.75,6966.5,6968.0,6967.10590382504,6968.07968726281,6966.358477172819,7005.0,6975.0,6990.0,6998.007028675929,6954.039666763159,6976.02334771955,6970.68177450838,0.0,0.0,0.0,0.0,0.0,0.0
1770815100.0,6968.25,6970.25,6968.0,6968.25,6967.57070724941,6968.19992712874,6966.50928806407,7005.0,6975.0,6990.0,6998.007028675929,6954.039666763159,6976.02334771955,6970.6638976437,0.0,0.0,0.0,0.0,0.0,0.0
1770815400.0,6968.5,6970.25,6967.25,6970.0,6968.73101874983,6968.72956347297,6966.8327364691795,7005.0,6975.0,6990.0,6998.007028675929,6954.039666763159,6976.02334771955,6970.653999946329,0.0,0.0,0.0,0.0,0.0,0.0
1770815700.0,6969.75,6975.25,6969.75,6975.0,6971.90490983915,6970.4043900412,6967.65237741616,7005.0,6975.0,6990.0,6998.007028675929,6954.039666763159,6976.02334771955,6970.7135714139895,0.0,0.0,0.0,0.0,0.0,0.0
1770816000.0,6975.0,6975.25,6971.25,6972.75,6972.786429725979,6971.217545843359,6968.18349999886,7005.0,6975.0,6990.0,6998.007028675929,6954.039666763159,6976.02334771955,6970.74575298736,0.0,0.0,0.0,0.0,0.0,0.0
1770816300.0,6973.0,6974.0,6971.75,6972.25,6973.022286051099,6971.748322876329,6968.6266286622495,7005.0,6975.0,6990.0,6998.007028675929,6954.039666763159,6976.02334771955,6970.775369520899,0.0,0.0,0.0,0.0,0.0,0.0
1770816600.0,6972.75,6997.0,6972.0,6995.75,6984.55685528639,6978.011758677089,6971.46818582909,7005.0,6975.0,6990.0,6998.007028675929,6954.039666763159,6976.02334771955,6972.9886083743795,0.0,0.0,0.0,0.0,0.0,0.0
1770816900.0,6995.75,6996.0,6990.25,6992.0,6989.912315488939,6982.2203338461895,6973.72192832573,7005.0,6975.0,6990.0,6998.007028675929,6954.039666763159,6976.02334771955,6973.86322447069,0.0,0.0,0.0,0.0,0.0,0.0
1770817200.0,6992.25,6992.75,6987.0,6989.75,6991.90580548175,6985.08007596065,6975.582062724399,7005.0,6975.0,6990.0,6998.007028675929,6954.039666763159,6976.02334771955,6974.47836392063,0.0,0.0,0.0,0.0,0.0,0.0
1770817500.0,6989.75,6999.75,6989.75,6997.5,6996.599397324059,6989.29777063998,6978.10818421874,7005.0,6975.0,6990.0,6998.007028675929,6954.039666763159,6976.02334771955,6975.58366557463,0.0,0.0,0.0,0.0,0.0,0.0
1770817800.0,6997.25,7001.75,6993.0,7000.75,7000.8045125831295,6993.505064311929,6980.786723436179,7005.0,6975.0,6990.0,6998.007028675929,6954.039666763159,6976.02334771955,6976.522240331499,0.0,0.0,0.0,0.0,0.0,0.0
1770818100.0,7000.5,7006.25,7000.25,7004.75,7005.0257597439595,6997.87420458378,6983.68249165801,7005.0,6975.0,6990.0,6998.007028675929,6954.039666763159,6976.02334771955,6977.834202868629,0.0,0.0,0.0,0.0,0.0,0.0
1770818400.0,7004.75,7005.25,7000.75,7002.75,7006.30205065583,7000.86939973685,6986.1579488834595,7005.0,6975.0,6990.0,6998.007028675929,6954.039666763159,6976.02334771955,6978.60540621147,0.0,0.0,0.0,0.0,0.0,0.0
1770818700.0,7002.5,7003.5,7000.5,7001.0,7005.82337330813,7002.779571923529,6988.266417826169,7005.0,6975.0,6990.0,6998.007028675929,6954.039666763159,6976.02334771955,6979.00789658465,0.0,0.0,0.0,0.0,0.0,0.0
1770819000.0,7001.0,7002.0,6999.5,7001.5,7005.37334766924,7004.34750678781,6990.264562368329,7005.0,6975.0,6990.0,6998.007028675929,6954.039666763159,6976.02334771955,6979.37571113738,0.0,0.0,0.0,0.0,0.0,0.0
1770819300.0,7001.25,7002.0,6998.75,7001.25,7004.63980759035,7005.44478739967,6992.08118005233,7005.0,6975.0,6990.0,6998.007028675929,6954.039666763159,6976.02334771955,6979.67496646318,0.0,0.0,0.0,0.0,0.0,0.0
1770819600.0,7001.25,7003.0,7000.5,7002.75,7004.638277825669,7006.58912681034,6993.90861511154,7005.0,6975.0,6990.0,6998.007028675929,6954.039666763159,6976.02334771955,6979.931672830629,0.0,0.0,0.0,0.0,0.0,0.0
1770819900.0,7002.75,7007.5,7002.75,7004.0,7005.030590214759,7007.7120501055,6995.719088623099,7005.0,6975.0,6990.0,6998.007028675929,6954.039666763159,6976.02334771955,6980.8753139581195,0.0,0.0,0.0,0.0,0.0,0.0
1770820200.0,7003.75,7011.5,7000.0,7001.0,7003.6315045764295,7007.76214185464,6997.073349395099,,,,6993.928834122909,6973.59721893366,6983.76302652828,6984.923479633119,0.0,0.0,0.0,0.0,0.0,0.0
1770820500.0,7001.0,7003.0,6992.25,6993.0,6998.687676017809,7005.68665394029,6997.485656901549,,,,6993.928834122909,6973.59721893366,6983.76302652828,6986.236745591619,0.0,0.0,0.0,0.0,0.0,0.0
1770820800.0,6993.0,6998.5,6991.5,6994.0,6995.95759584597,7004.104835303119,6997.95200226339,,,,6993.928834122909,6973.59721893366,6983.76302652828,6987.0491056098,0.0,0.0,0.0,0.0,0.0,0.0
1770821100.0,6994.0,7004.0,6993.0,6996.5,6995.46522241926,7003.319486102179,6998.6236562434,,,,6993.928834122909,6973.59721893366,6983.76302652828,6987.888103544819,0.0,0.0,0.0,0.0,0.0,0.0
1770821400.0,6996.25,6997.75,6988.75,6991.25,6992.6560399030795,7001.2766205791795,6998.6850760874995,,,,6993.928834122909,6973.59721893366,6983.76302652828,6988.202030395009,0.0,0.0,0.0,0.0,0.0,0.0
1770821700.0,6991.25,6994.75,6977.25,6981.0,6985.95555779556,6996.963308691489,6997.66234824573,,,,6993.928834122909,6973.59721893366,6983.76302652828,6987.91076203299,0.0,0.0,0.0,0.0,0.0,0.0
1770822000.0,6981.25,6987.5,6973.75,6976.5,6979.659935974069,6992.2238532990195,6996.226636276489,,,,6993.928834122909,6973.59721893366,6983.76302652828,6987.2868923797,0.0,0.0,0.0,0.0,0.0,0.0
1770822300.0,6976.75,6977.75,6966.0,6966.25,6970.92706780069,6985.728053623359,6993.813951145989,,,,6993.928834122909,6973.59721893366,6983.76302652828,6986.223674629719,0.0,0.0,0.0,0.0,0.0,0.0
1770822600.0,6966.25,6967.0,6947.75,6956.75,6961.11713124276,6977.99712806727,6990.57226471704,,,,6993.928834122909,6973.59721893366,6983.76302652828,6983.5337627034,0.0,0.0,0.0,0.0,0.0,0.0
1770822900.0,6956.75,6958.75,6946.0,6947.25,6950.753032024019,6969.2810677882,6986.56234593867,,,,6993.928834122909,6973.59721893366,6983.76302652828,6981.44759707693,0.0,0.0,0.0,0.0,0.0,0.0
1770823200.0,6947.25,6948.25,6932.75,6935.25,6938.947043585509,6959.16833739487,6981.58289744364,,,,6993.928834122909,6973.59721893366,6983.76302652828,6978.46228060996,0.0,0.0,0.0,0.0,0.0,0.0
1770823500.0,6935.0,6944.0,6931.0,6936.25,6932.697054315379,6951.17724951882,6977.049500719119,,,,6993.928834122909,6973.59721893366,6983.76302652828,6975.8492851682595,0.0,0.0,0.0,0.0,0.0,0.0
1770823800.0,6936.5,6947.25,6934.75,6946.75,6934.71015906906,6947.340886655499,6973.916799877879,7011.5,6931.0,6971.25,6993.928834122909,6973.59721893366,6983.76302652828,6974.034397437639,0.0,0.0,0.0,0.0,0.0,0.0
1770824100.0,6946.5,6953.25,6941.75,6952.25,6939.49292379597,6945.71606502046,6971.57289330319,7011.5,6931.0,6971.25,6993.928834122909,6973.59721893366,6983.76302652828,6973.008066869689,0.0,0.0,0.0,0.0,0.0,0.0
1770824400.0,6952.25,6956.75,6946.5,6951.5,6942.8204035072295,6944.369376093109,6969.31865805662,7011.5,6931.0,6971.25,6993.928834122909,6973.59721893366,6983.76302652828,6972.247231120369,0.0,0.0,0.0,0.0,0.0,0.0
1770824700.0,6951.25,6956.25,6943.0,6944.0,6941.754156172429,6941.57228197293,6966.451940092439,7011.5,6931.0,6971.25,6993.928834122909,6973.59721893366,6983.76302652828,6971.378390910259,0.0,0.0,0.0,0.0,0.0,0.0
1770825000.0,6944.0,6965.0,6941.75,6964.25,6951.32917706349,6944.4787809729,6965.88600891773,7011.5,6931.0,6971.25,6993.928834122909,6973.59721893366,6983.76302652828,6970.81583471213,0.0,0.0,0.0,0.0,0.0,0.0
1770825300.0,6964.0,6965.75,6961.0,6963.0,6957.07409169702,6946.742539830269,6965.23845222938,7011.5,6931.0,6971.25,6993.928834122909,6973.59721893366,6983.76302652828,6970.61718018737,0.0,0.0,0.0,0.0,0.0,0.0
1770825600.0,6962.75,6966.25,6955.25,6957.5,6958.103928071219,6947.396862769509,6964.07606665124,7011.5,6931.0,6971.25,6993.928834122909,6973.59721893366,6983.76302652828,6970.32831969705,0.0,0.0,0.0,0.0,0.0,0.0
1770825900.0,6957.5,6959.25,6953.25,6954.25,6957.13370996917,6947.26578616554,6962.668127707249,7011.5,6931.0,6971.25,6993.928834122909,6973.59721893366,6983.76302652828,6970.06172399154,0.0,0.0,0.0,0.0,0.0,0.0
1770826200.0,6954.25,6968.75,6953.75,6967.75,6963.05329697813,6950.64270959565,6962.76406339727,7011.5,6931.0,6971.25,6993.928834122909,6973.59721893366,6983.76302652828,6969.91189155705,0.0,0.0,0.0,0.0,0.0,0.0
1770826500.0,6967.75,6969.0,6963.0,6967.75,6966.73840077918,6953.54662228055,6962.86334200052,7011.5,6931.0,6971.25,6993.928834122909,6973.59721893366,6983.76302652828,6969.85318882034,0.0,0.0,0.0,0.0,0.0,0.0
1770826800.0,6968.0,6974.0,6966.75,6972.5,6971.222291176229,6957.219446565229,6963.4564386783695,7011.5,6931.0,6971.25,6993.928834122909,6973.59721893366,6983.76302652828,6969.87607288864,0.0,0.0,0.0,0.0,0.0,0.0
1770827100.0,6972.5,6973.75,6957.5,6957.75,6966.637057379719,6956.657172878739,6962.49269455793,7011.5,6931.0,6971.25,6993.928834122909,6973.59721893366,6983.76302652828,6969.73684011708,0.0,0.0,0.0,0.0,0.0,0.0
1770827400.0,6957.75,6966.5,6954.5,6963.5,6966.28419985192,6957.68143213007,6962.200232639149,7011.5,6931.0,6971.25,6993.928834122909,6973.59721893366,6983.76302652828,6969.56628241387,0.0,0.0,0.0,0.0,0.0,0.0
1770827700.0,6963.75,6967.5,6959.0,6967.25,6967.73474255777,6959.514744325719,6962.325574529579,7011.5,6931.0,6971.25,6993.928834122909,6973.59721893366,6983.76302652828,6969.490893657379,0.0,0.0,0.0,0.0,0.0,0.0
1770828000.0,6967.5,6973.25,6966.75,6969.5,6969.61189180139,6961.63333489999,6962.684256378429,7011.5,6931.0,6971.25,6993.928834122909,6973.59721893366,6983.76302652828,6969.49592428069,0.0,0.0,0.0,0.0,0.0,0.0
1770828300.0,6969.75,6973.0,6964.5,6966.25,6969.061344936589,6962.60746171461,6962.69104474302,7011.5,6931.0,6971.25,6993.928834122909,6973.59721893366,6983.76302652828,6969.47767230663,0.0,0.0,0.0,0.0,0.0,0.0
1770828600.0,6966.25,6970.0,6963.75,6967.0,6968.9165837787195,6963.62083033793,6962.783756160579,7011.5,6931.0,6971.25,6993.928834122909,6973.59721893366,6983.76302652828,6969.4478650743895,0.0,0.0,0.0,0.0,0.0,0.0
1770828900.0,6967.25,6967.5,6959.5,6960.25,6965.397307392989,6962.79494768481,6962.180942676489,7011.5,6931.0,6971.25,6993.928834122909,6973.59721893366,6983.76302652828,6969.36436076066,0.0,0.0,0.0,0.0,0.0,0.0
1770829200.0,6960.0,6960.75,6953.25,6954.25,6960.139105495579,6960.63383297917,6961.00896616052,7011.5,6931.0,6971.25,6993.928834122909,6973.59721893366,6983.76302652828,6969.132510372139,0.0,0.0,0.0,0.0,0.0,0.0
1770829500.0,6954.0,6963.5,6954.0,6963.25,6961.18631388954,6961.10560983657,6960.85874197469,7011.5,6931.0,6971.25,6993.928834122909,6973.59721893366,6983.76302652828,6969.01489763212,0.0,0.0,0.0,0.0,0.0,0.0
1770829800.0,6963.25,6965.5,6959.0,6963.0,6961.7914921686,6961.45541890328,6960.702851369209,7011.5,6931.0,6971.25,6993.928834122909,6973.59721893366,6983.76302652828,6968.93732205097,0.0,0.0,0.0,0.0,0.0,0.0
1770830100.0,6963.0,6970.0,6960.5,6965.5,6963.43308055046,6962.38466651947,6960.8258783129395,7011.5,6931.0,6971.25,6993.928834122909,6973.59721893366,6983.76302652828,6968.89782885692,0.0,0.0,0.0,0.0,0.0,0.0
1770830400.0,6965.25,6971.25,6961.5,6970.75,6967.05312106884,6964.472063802719,6961.49233045861,7011.5,6931.0,6971.25,6993.928834122909,6973.59721893366,6983.76302652828,6968.8870741898,0.0,0.0,0.0,0.0,0.0,0.0
1770830700.0,6971.0,6978.0,6971.0,6975.75,6971.763219898649,6967.445800896239,6962.637741097519,7011.5,6931.0,6971.25,6993.928834122909,6973.59721893366,6983.76302652828,6968.98010891382,0.0,0.0,1.0,0.0,0.0,0.0
1770831000.0,6975.75,6976.25,6970.75,6972.0,6972.82347254643,6968.96289498412,6963.323183560829,7011.5,6931.0,6971.25,6993.928834122909,6973.59721893366,6983.76302652828,6969.02723418567,0.0,0.0,0.0,0.0,0.0,0.0
1770831300.0,6972.0,6974.0,6969.5,6971.75,6973.216149893259,6970.13559702288,6963.941794616239,7011.5,6931.0,6971.25,6993.928834122909,6973.59721893366,6983.76302652828,6969.049773537439,0.0,0.0,0.0,0.0,0.0,0.0
1770831600.0,6972.0,6978.5,6972.0,6977.0,6975.87246104279,6972.385397927669,6965.06608349131,7011.5,6931.0,6971.25,6993.928834122909,6973.59721893366,6983.76302652828,6969.10430616888,0.0,0.0,0.0,0.0,0.0,0.0
1770831900.0,6976.75,6978.0,6972.75,6976.5,6977.160516651419,6974.087843190109,6966.06540647504,7011.5,6931.0,6971.25,6993.928834122909,6973.59721893366,6983.76302652828,6969.14849728002,0.0,0.0,0.0,0.0,0.0,0.0
1770832200.0,6976.5,6979.75,6973.0,6975.0,6977.068783506589,6975.08088252568,6966.8441931281195,7011.5,6931.0,6971.25,6993.928834122909,6973.59721893366,6983.76302652828,6969.20347734154,0.0,0.0,0.0,0.0,0.0,0.0
1770832500.0,6975.0,6975.25,6965.0,6967.25,6973.057588498999,6973.928526648019,6966.77108604509,7011.5,6931.0,6971.25,6993.928834122909,6973.59721893366,6983.76302652828,6969.203118120159,0.0,0.0,0.0,0.0,0.0,0.0
1770832800.0,6967.25,6969.25,6962.5,6965.5,6969.532332590469,6972.497732973469,6966.5256552233195,7011.5,6931.0,6971.25,6993.928834122909,6973.59721893366,6983.76302652828,6969.169195714239,0.0,0.0,0.0,0.0,0.0,0.0
1770833100.0,6965.5,6966.25,6959.75,6959.75,6964.456245454429,6969.8503120067,6965.70659792206,7011.5,6931.0,6971.25,6993.928834122909,6973.59721893366,6983.76302652828,6969.10906283233,0.0,0.0,0.0,0.0,0.0,0.0
1770833400.0,6959.75,6959.75,6954.75,6956.0,6959.454395828409,6966.7063414123695,6964.561238511899,7011.5,6931.0,6971.25,6993.928834122909,6973.59721893366,6983.76302652828,6968.96149658959,0.0,0.0,0.0,0.0,0.0,0.0
1770833700.0,6955.75,6964.75,6953.5,6960.75,6958.74111300201,6965.28097120833,6963.9917607445595,7011.5,6931.0,6971.25,6993.928834122909,6973.59721893366,6983.76302652828,6968.837910536829,0.0,0.0,0.0,0.0,0.0,0.0
1770834000.0,6960.5,6963.5,6958.0,6961.75,6958.977828886929,6964.35466629009,6963.57075618203,7011.5,6931.0,6971.25,6993.928834122909,6973.59721893366,6983.76302652828,6968.775477590039,0.0,0.0,0.0,0.0,0.0,0.0
1770834300.0,6961.5,6968.5,6960.0,6967.5,6962.120503028939,6965.027479382339,6963.779072397029,7011.5,6931.0,6971.25,6993.928834122909,6973.59721893366,6983.76302652828,6968.74785672254,0.0,0.0,0.0,0.0,0.0,0.0
1770834600.0,6967.5,6969.75,6962.5,6962.75,6961.94122566355,6964.4106480908695,6963.48723190021,7011.5,6931.0,6971.25,6993.928834122909,6973.59721893366,6983.76302652828,6968.71535689338,0.0,0.0,0.0,0.0,0.0,0.0
1770834900.0,6962.5,6967.75,6961.75,6967.0,6963.984224167089,6964.96554237281,6963.66050205981,7011.5,6931.0,6971.25,6993.928834122909,6973.59721893366,6983.76302652828,6968.69339965747,0.0,0.0,0.0,0.0,0.0,0.0
1770835200.0,6967.0,6967.0,6961.0,6963.5,6963.6366822778,6964.561051461899,6963.465134026789,7011.5,6931.0,6971.25,6993.928834122909,6973.59721893366,6983.76302652828,6968.660749517139,0.0,0.0,0.0,0.0,0.0,0.0
1770835500.0,6963.75,6968.5,6963.25,6968.5,6965.88423460566,6965.47669050884,6963.80546431278,7011.5,6931.0,6971.25,6993.928834122909,6973.59721893366,6983.76302652828,6968.64990862334,0.0,0.0,0.0,0.0,0.0,0.0
1770835800.0,6968.5,6969.5,6959.75,6968.5,6967.32765585375,6966.238136059849,6964.12693242064,7011.5,6931.0,6971.25,6993.928834122909,6973.59721893366,6983.76302652828,6968.62007128318,0.0,0.0,0.0,0.0,0.0,0.0
1770836100.0,6968.5,6969.5,6965.75,6967.0,6967.4866249323595,6966.49467068366,6964.27544355101,7011.5,6931.0,6971.25,6993.928834122909,6973.59721893366,6983.76302652828,6968.61357332635,0.0,0.0,0.0,0.0,0.0,0.0
1770836400.0,6967.0,6968.0,6963.75,6967.75,6967.909528716569,6966.8908685898095,6964.49540532171,7011.5,6931.0,6971.25,6993.928834122909,6973.59721893366,6983.76302652828,6968.59919172349,0.0,0.0,0.0,0.0,0.0,0.0
1770836700.0,6968.0,6968.75,6960.75,6966.0,6967.28030884675,6966.77917038677,6964.52315593545,7011.5,6931.0,6971.25,6993.928834122909,6973.59721893366,6983.76302652828,6968.55515986708,0.0,0.0,0.0,0.0,0.0,0.0
1770837000.0,6966.0,6974.0,6964.75,6972.5,6970.011598061769,6968.2987925178495,6965.224724838719,7011.5,6931.0,6971.25,6993.928834122909,6973.59721893366,6983.76302652828,6968.57113106622,0.0,0.0,0.0,0.0,0.0,0.0
1770837300.0,6972.25,6974.75,6971.75,6972.5,6971.70332106535,6969.546749175989,6965.8806036917695,7011.5,6931.0,6971.25,6993.928834122909,6973.59721893366,6983.76302652828,6968.600456176549,0.0,0.0,0.0,0.0,0.0,0.0
1770837600.0,6972.5,6977.0,6972.25,6976.25,6974.523220407789,6971.49632200355,6966.880973710649,7011.5,6931.0,6971.25,6993.928834122909,6973.59721893366,6983.76302652828,6968.6439786252095,0.0,0.0,0.0,0.0,0.0,0.0
1770837900.0,6976.5,6979.25,6975.0,6977.0,6976.56729074085,6973.272478670159,6967.89083982561,7011.5,6931.0,6971.25,6993.928834122909,6973.59721893366,6983.76302652828,6968.70636580394,0.0,0.0,0.0,0.0,0.0,0.0
1770838200.0,6977.0,6977.0,6972.5,6976.25,6977.35101498054,6974.52421798417,6968.75362192993,7011.5,6931.0,6971.25,6993.928834122909,6973.59721893366,6983.76302652828,6968.748257559319,0.0,0.0,0.0,0.0,0.0,0.0
1770838500.0,6976.25,6978.0,6975.0,6975.0,6977.077126579659,6975.21228675776,6969.4271590298695,7011.5,6931.0,6971.25,6993.928834122909,6973.59721893366,6983.76302652828,6968.777603368279,0.0,0.0,0.0,0.0,0.0,0.0
1770838800.0,6974.75,6977.25,6973.5,6976.75,6977.60760788785,6976.17761852221,6970.234166126969,7011.5,6931.0,6971.25,6993.928834122909,6973.59721893366,6983.76302652828,6968.81875964527,0.0,0.0,0.0,0.0,0.0,0.0
1770839100.0,6976.75,6977.25,6963.5,6971.5,6975.253895567939,6975.629171239049,6970.441133647079,7011.5,6931.0,6971.25,6993.928834122909,6973.59721893366,6983.76302652828,6968.849574653869,0.0,0.0,0.0,0.0,0.0,0.0
1770839400.0,6971.5,6972.0,6968.0,6970.0,6972.92223102716,6974.76336381084,6970.4773540159495,7011.5,6931.0,6971.25,6993.928834122909,6973.59721893366,6983.76302652828,6968.85600622652,0.0,0.0,0.0,0.0,0.0,0.0
1770839700.0,6970.0,6971.5,6967.5,6968.75,6970.786970213319,6973.702940696239,6970.380556272479,7011.5,6931.0,6971.25,6993.928834122909,6973.59721893366,6983.76302652828,6968.85785857253,0.0,0.0,0.0,0.0,0.0,0.0
1770840000.0,6968.5,6970.5,6967.25,6969.5,6969.8040394706195,6972.985533726989,6970.36683120362,7011.5,6931.0,6971.25,6993.928834122909,6973.59721893366,6983.76302652828,6968.85914285242,0.0,0.0,0.0,0.0,0.0,0.0
1770840300.0,6969.5,6970.25,6966.25,6967.0,6968.0028942058,6971.74917125638,6970.09447949843,7011.5,6931.0,6971.25,6993.928834122909,6973.59721893366,6983.76302652828,6968.85418929933,0.0,0.0,0.0,0.0,0.0,0.0
1770840600.0,6967.25,6968.5,6965.75,6967.0,6966.92211905956,6970.711623634709,6969.84017581972,7011.5,6931.0,6971.25,6993.928834122909,6973.59721893366,6983.76302652828,6968.846380587859,0.0,0.0,0.0,0.0,0.0,0.0
1770840900.0,6967.25,6970.25,6965.5,6966.75,6966.20119707677,6969.782653925579,6969.57703476997,7011.5,6931.0,6971.25,6993.928834122909,6973.59721893366,6983.76302652828,6968.839352053799,0.0,0.0,0.0,0.0,0.0,0.0
1770841200.0,6966.75,6967.25,6962.75,6966.0,6965.47388622325,6968.824453051609,6969.254209161049,7011.5,6931.0,6971.25,6993.928834122909,6973.59721893366,6983.76302652828,6968.8159194234695,0.0,0.0,0.0,0.0,0.0,0.0
1770841500.0,6966.0,6967.0,6961.0,6962.0,6963.159153506899,6967.038790576739,6968.540198070759,7011.5,6931.0,6971.25,6993.928834122909,6973.59721893366,6983.76302652828,6968.778921973009,0.0,0.0,0.0,0.0,0.0,0.0
1770841800.0,6962.0,6963.0,6958.0,6959.25,6960.457119771239,6964.88694113362,6967.592065027169,7011.5,6931.0,6971.25,6993.928834122909,6973.59721893366,6983.76302652828,6968.68355875619,0.0,0.0,0.0,0.0,0.0,0.0
1770842100.0,6959.25,6966.0,6958.5,6966.0,6962.178142464019,6964.804312895099,6967.408836431379,7011.5,6931.0,6971.25,6993.928834122909,6973.59721893366,6983.76302652828,6968.646913597229,0.0,0.0,0.0,0.0,0.0,0.0
1770842400.0,6965.75,6969.0,6963.5,6964.5,6962.69135854839,6964.38470371528,6967.08454916914,7011.5,6931.0,6971.25,6993.928834122909,6973.59721893366,6983.76302652828,6968.6267407039095,0.0,0.0,0.0,0.0,0.0,0.0
1770842700.0,6964.5,6969.5,6964.0,6968.75,6965.19727230811,6965.11677916321,6967.223604621679,7011.5,6931.0,6971.25,6993.928834122909,6973.59721893366,6983.76302652828,6968.61850707691,0.0,0.0,0.0,0.0,0.0,0.0
1770843000.0,6968.75,6969.75,6961.25,6967.0,6966.00525406812,6965.30668594827,6967.17336518097,7011.5,6931.0,6971.25,6993.928834122909,6973.59721893366,6983.76302652828,6968.583190220909,0.0,0.0,0.0,0.0,0.0,0.0
1770843300.0,6967.0,6967.0,6955.75,6958.75,6962.513822508709,6963.42888990901,6966.275187278369,7011.5,6931.0,6971.25,6993.928834122909,6973.59721893366,6983.76302652828,6968.203911880119,0.0,0.0,0.0,0.0,0.0,0.0
1770843600.0,6959.0,6962.0,6958.25,6961.0,6961.42008963185,6962.456863939619,6965.6742102073995,7011.5,6931.0,6971.25,6993.928834122909,6973.59721893366,6983.76302652828,6968.1021332075,0.0,0.0,0.0,0.0,0.0,0.0
1770843900.0,6961.0,6967.0,6961.0,6966.0,6963.2403659825995,6962.923189593799,6965.63439657841,7011.5,6931.0,6971.25,6993.928834122909,6973.59721893366,6983.76302652828,6968.08745105156,0.0,0.0,0.0,0.0,0.0,0.0
1770844200.0,6966.0,6966.25,6962.25,6962.5,6962.757383389549,6962.46425028833,6965.238009987929,7011.5,6931.0,6971.25,6993.928834122909,6973.59721893366,6983.76302652828,6968.076064521029,0.0,0.0,0.0,0.0,0.0,0.0
1770844500.0,6962.75,6967.0,6962.75,6964.25,6963.341303339819,6962.54494126725,6965.052838325009,7011.5,6931.0,6971.25,6993.928834122909,6973.59721893366,6983.76302652828,6968.07102621527,0.0,0.0,0.0,0.0,0.0,0.0
1770844800.0,6964.0,6964.25,6962.5,6963.5,6963.380019290749,6962.449511977789,6964.80583742816,7011.5,6931.0,6971.25,6993.928834122909,6973.59721893366,6983.76302652828,6968.067260855019,0.0,0.0,0.0,0.0,0.0,0.0
1770845100.0,6963.25,6965.75,6963.25,6965.5,6964.40052418077,6962.89118902012,6964.785704854229,7011.5,6931.0,6971.25,6993.928834122909,6973.59721893366,6983.76302652828,6968.06477431785,0.0,0.0,0.0,0.0,0.0,0.0
1770845400.0,6965.5,6967.25,6965.25,6965.5,6965.058368305609,6963.277286163469,6964.769845893939,7011.5,6931.0,6971.25,6993.928834122909,6973.59721893366,6983.76302652828,6968.063145110649,0.0,0.0,0.0,0.0,0.0,0.0
1770845700.0,6965.5,6966.5,6965.0,6966.0,6965.70964738325,6963.738645367979,6964.80959226007,7011.5,6931.0,6971.25,6993.928834122909,6973.59721893366,6983.76302652828,6968.0620113182495,0.0,0.0,0.0,0.0,0.0,0.0
1770846000.0,6965.75,6966.25,6964.75,6965.5,6965.85615495357,6964.010463836549,6964.797608070729,7011.5,6931.0,6971.25,6993.928834122909,6973.59721893366,6983.76302652828,6968.060257854059,0.0,0.0,0.0,0.0,0.0,0.0
1770846300.0,6965.5,6967.75,6964.25,6966.25,6966.284133485219,6964.43387691646,6964.86665169532,7011.5,6931.0,6971.25,6993.928834122909,6973.59721893366,6983.76302652828,6968.05778314263,0.0,0.0,0.0,0.0,0.0,0.0
1770846600.0,6966.0,6966.5,6964.75,6965.5,6966.15744231388,6964.60712841031,6964.85591180283,7011.5,6931.0,6971.25,6993.928834122909,6973.59721893366,6983.76302652828,6968.05622596997,0.0,0.0,0.0,0.0,0.0,0.0
1770846900.0,6965.5,6966.5,6962.75,6963.0,6964.82267659793,6964.13639830326,6964.59001956854,7011.5,6931.0,6971.25,6993.928834122909,6973.59721893366,6983.76302652828,6968.05260516126,0.0,0.0,0.0,0.0,0.0,0.0
1770850800.0,6964.5,6968.5,6962.25,6965.0,6964.9296109368,6964.25280165535,6964.55205871179,7011.5,6931.0,6971.25,6993.928834122909,6973.59721893366,6983.76302652828,6965.25,0.0,0.0,0.0,0.0,0.0,0.0
1770851100.0,6965.25,6965.25,6960.25,6961.75,6963.41013764501,6963.54916154658,6964.183452995149,7011.5,6931.0,6971.25,6993.928834122909,6973.59721893366,6983.76302652828,6964.13150386036,0.0,0.0,0.0,0.0,0.0,0.0
1770851400.0,6961.75,6963.0,6959.25,6959.75,6961.47468776751,6962.47960875632,6963.6367067646,7011.5,6931.0,6971.25,6993.928834122909,6973.59721893366,6983.76302652828,6963.125104203879,0.0,0.0,0.0,0.0,0.0,0.0
1770851700.0,6959.5,6963.25,6959.25,6960.0,6960.403747163249,6961.670960433589,6963.15719161773,7011.5,6931.0,6971.25,6993.928834122909,6973.59721893366,6983.76302652828,6962.3997964998,0.0,0.0,0.0,0.0,0.0,0.0
1770852000.0,6960.25,6962.5,6960.25,6961.5,6960.51958315242,6961.39259130325,6962.869741998839,7011.5,6931.0,6971.25,6993.928834122909,6973.59721893366,6983.76302652828,6962.335825722979,0.0,0.0,0.0,0.0,0.0,0.0
1770852300.0,6961.5,6961.5,6957.5,6957.75,6958.83284514933,6960.248531747769,6962.21847026416,7011.5,6931.0,6971.25,6993.928834122909,6973.59721893366,6983.76302652828,6961.98927985228,0.0,0.0,0.0,0.0,0.0,0.0
1770852600.0,6957.75,6958.25,6953.5,6955.25,6956.60994725333,6958.70235114747,6961.358405485879,7011.5,6931.0,6971.25,6993.928834122909,6973.59721893366,6983.76302652828,6960.579215154899,0.0,0.0,0.0,0.0,0.0,0.0
1770852900.0,6955.25,6957.0,6952.25,6957.0,6956.1468372953295,6957.886154170469,6960.744012784359,7011.5,6931.0,6971.25,6993.928834122909,6973.59721893366,6983.76302652828,6959.811383272269,0.0,0.0,0.0,0.0,0.0,0.0
1770853200.0,6956.75,6958.75,6956.0,6957.5,6956.2117274988395,6957.36665108937,6960.2293581329395,7011.5,6931.0,6971.25,6993.928834122909,6973.59721893366,6983.76302652828,6959.63247112004,0.0,0.0,0.0,0.0,0.0,0.0
1770853500.0,6957.75,6959.75,6957.0,6957.25,6956.2365113839,6956.907389811659,6959.7302768398995,7011.5,6931.0,6971.25,6993.928834122909,6973.59721893366,6983.76302652828,6959.50352723488,0.0,0.0,0.0,0.0,0.0,0.0
1770853800.0,6957.25,6958.5,6955.5,6957.75,6956.5862912187895,6956.685034253859,6959.32349806154,7011.5,6931.0,6971.25,6993.928834122909,6973.59721893366,6983.76302652828,6959.38011040665,0.0,0.0,0.0,0.0,0.0,0.0
1770854100.0,6957.5,6958.75,6956.0,6957.5,6956.761401547409,6956.47177990413,6958.925275349069,7011.5,6931.0,6971.25,6993.928834122909,6973.59721893366,6983.76302652828,6959.2716272505095,0.0,0.0,0.0,0.0,0.0,0.0
1770854400.0,6957.25,6960.0,6955.0,6957.75,6957.05277840227,6956.38962270917,6958.5868940192395,7011.5,6931.0,6971.25,6993.928834122909,6973.59721893366,6983.76302652828,6959.07233506391,0.0,0.0,0.0,0.0,0.0,0.0
1770854700.0,6957.5,6961.25,6955.25,6955.75,6956.30695829844,6955.85517731369,6958.07176425235,7011.5,6931.0,6971.25,6993.928834122909,6973.59721893366,6983.76302652828,6958.937803347279,0.0,0.0,0.0,0.0,0.0,0.0
1770855000.0,6955.75,6957.0,6955.25,6956.75,6956.359202976159,6955.69276379607,6957.7025883571,7011.5,6931.0,6971.25,6993.928834122909,6973.59721893366,6983.76302652828,6958.82559924194,0.0,0.0,0.0,0.0,0.0,0.0
1770855300.0,6956.75,6958.5,6956.0,6956.5,6956.31174975176,6955.52687464593,6957.340148972869,7011.5,6931.0,6971.25,6993.928834122909,6973.59721893366,6983.76302652828,6958.760197910229,0.0,0.0,0.0,0.0,0.0,0.0
1770855600.0,6956.5,6957.0,6953.25,6954.75,6955.461692338789,6954.98411852094,6956.82908871708,7011.5,6931.0,6971.25,6993.928834122909,6973.59721893366,6983.76302652828,6958.490938522929,0.0,0.0,0.0,0.0,0.0,0.0
1770855900.0,6955.0,6956.5,6954.0,6956.0,6955.565414013509,6954.87597873443,6956.490132289509,7011.5,6931.0,6971.25,6993.928834122909,6973.59721893366,6983.76302652828,6958.351345041229,0.0,0.0,0.0,0.0,0.0,0.0
1770856200.0,6956.25,6959.25,6956.0,6959.0,6957.1341602148495,6955.56204833418,6956.49228710217,7011.5,6931.0,6971.25,6993.928834122909,6973.59721893366,6983.76302652828,6958.34080614455,0.0,0.0,0.0,0.0,0.0,0.0
1770856500.0,6959.0,6962.75,6959.0,6960.75,6959.00677608716,6956.590438880849,6956.68240536053,7011.5,6931.0,6971.25,6993.928834122909,6973.59721893366,6983.76302652828,6958.46665212242,0.0,0.0,0.0,0.0,0.0,0.0
1770856800.0,6961.0,6964.5,6960.75,6964.0,6961.768166971589,6958.26897999181,6957.202113742749,7011.5,6931.0,6971.25,6993.928834122909,6973.59721893366,6983.76302652828,6958.65252353035,0.0,0.0,0.0,0.0,0.0,0.0
1770857100.0,6964.0,6964.5,6962.25,6963.0,6962.97928067447,6959.41998301853,6957.588565665729,7011.5,6931.0,6971.25,6993.928834122909,6973.59721893366,6983.76302652828,6958.80618037084,0.0,0.0,0.0,0.0,0.0,0.0
1770857400.0,6963.25,6964.0,6962.75,6963.75,6964.0208623899,6960.562429199949,6958.0314855866,7011.5,6931.0,6971.25,6993.928834122909,6973.59721893366,6983.76302652828,6958.934995126159,0.0,0.0,0.0,0.0,0.0,0.0
1770857700.0,6964.0,6964.25,6963.25,6963.5,6964.45515233024,6961.443015797509,6958.423082561179,7011.5,6931.0,6971.25,6993.928834122909,6973.59721893366,6983.76302652828,6959.037308574049,0.0,0.0,0.0,0.0,0.0,0.0
1770858000.0,6963.75,6965.5,6962.75,6962.75,6964.25570150929,6961.977734037309,6958.7148151231295,7011.5,6931.0,6971.25,6993.928834122909,6973.59721893366,6983.76302652828,6959.26703357038,0.0,0.0,0.0,0.0,0.0,0.0
1770858300.0,6962.75,6965.0,6962.0,6964.75,6965.0044726918695,6962.9071387104295,6959.19754312427,7011.5,6931.0,6971.25,6993.928834122909,6973.59721893366,6983.76302652828,6959.36392572492,0.0,0.0,0.0,0.0,0.0,0.0
1770858600.0,6965.0,6966.5,6964.75,6965.5,6965.75682555572,6963.84854019029,6959.728243154849,7011.5,6931.0,6971.25,6993.928834122909,6973.59721893366,6983.76302652828,6959.621554192229,0.0,0.0,0.0,0.0,0.0,0.0
1770858900.0,6965.25,6965.25,6960.5,6962.0,6964.434712938109,6963.738825832919,6959.86375084804,7011.5,6931.0,6971.25,6993.928834122909,6973.59721893366,6983.76302652828,6959.70174370484,0.0,0.0,0.0,0.0,0.0,0.0
1770859200.0,6961.75,6962.75,6960.0,6961.75,6963.390496002709,6963.5673507558095,6959.96735729495,7011.5,6931.0,6971.25,6993.928834122909,6973.59721893366,6983.76302652828,6959.747762733419,0.0,0.0,0.0,0.0,0.0,0.0
1770859500.0,6961.75,6968.25,6961.75,6967.0,6965.24203624986,6964.71404822333,6960.60961054777,7011.5,6931.0,6971.25,6993.928834122909,6973.59721893366,6983.76302652828,6960.22503243929,0.0,0.0,0.0,0.0,0.0,0.0
1770859800.0,6966.75,6969.75,6965.5,6969.25,6967.47970769878,6966.20233913556,6961.44225240772,7011.5,6931.0,6971.25,6993.928834122909,6973.59721893366,6983.76302652828,6960.599243875599,0.0,0.0,0.0,0.0,0.0,0.0
1770860100.0,6969.0,6973.25,6969.0,6971.75,6970.05252283072,6968.02947609384,6962.47709452591,7011.5,6931.0,6971.25,6993.928834122909,6973.59721893366,6983.76302652828,6961.41433763984,0.0,0.0,0.0,0.0,0.0,0.0
1770860400.0,6971.75,6974.25,6971.25,6971.5,6971.46093857201,6969.445775579729,6963.41488733356,7011.5,6931.0,6971.25,6993.928834122909,6973.59721893366,6983.76302652828,6961.761566560909,0.0,0.0,0.0,0.0,0.0,0.0
1770860700.0,6971.75,6972.75,6969.75,6970.5,6971.73501907961,6970.32962688228,6964.18407201999,7011.5,6931.0,6971.25,6993.928834122909,6973.59721893366,6983.76302652828,6962.003370859669,0.0,0.0,0.0,0.0,0.0,0.0
1770861000.0,6970.25,6971.25,6968.75,6969.5,6971.28593542214,6970.769693661459,6964.79575530033,7011.5,6931.0,6971.25,6993.928834122909,6973.59721893366,6983.76302652828,6962.169131875639,0.0,0.0,0.0,0.0,0.0,0.0
1770861300.0,6969.5,6971.5,6969.25,6970.75,6971.493008929139,6971.4013860701,6965.49297502565,7011.5,6931.0,6971.25,6993.928834122909,6973.59721893366,6983.76302652828,6962.3052972018,0.0,0.0,0.0,0.0,0.0,0.0
1770861600.0,6970.75,6973.25,6968.5,6970.25,6971.284555188199,6971.755762008959,6966.08831104349,7011.5,6931.0,6971.25,6993.928834122909,6973.59721893366,6983.76302652828,6962.5344291463,0.0,0.0,0.0,0.0,0.0,0.0
1770861900.0,6970.0,6971.75,6969.5,6971.5,6971.67875424386,6972.31595471274,6966.769275574509,7011.5,6931.0,6971.25,6993.928834122909,6973.59721893366,6983.76302652828,6962.65504676369,0.0,0.0,0.0,0.0,0.0,0.0
1770862200.0,6971.5,6971.75,6968.5,6968.75,6970.51708479564,6972.051492898399,6967.115911463869,7011.5,6931.0,6971.25,6993.928834122909,6973.59721893366,6983.76302652828,6962.7625418240095,0.0,0.0,0.0,0.0,0.0,0.0
1770862500.0,6968.75,6970.0,6965.5,6965.75,6968.25748761769,6971.04491410828,6967.125442273569,7011.5,6931.0,6971.25,6993.928834122909,6973.59721893366,6983.76302652828,6962.86413060607,0.0,0.0,0.0,0.0,0.0,0.0
1770862800.0,6965.75,6969.25,6965.75,6967.25,6967.534689647679,6970.5494488062195,6967.2865357540195,7011.5,6931.0,6971.25,6993.928834122909,6973.59721893366,6983.76302652828,6962.935036662429,0.0,0.0,0.0,0.0,0.0,0.0
1770863100.0,6967.25,6969.25,6966.75,6967.5,6967.21762634383,6970.17113111017,6967.459323469509,7011.5,6931.0,6971.25,6993.928834122909,6973.59721893366,6983.76302652828,6962.98795384096,0.0,0.0,0.0,0.0,0.0,0.0
1770863400.0,6967.75,6968.75,6967.0,6968.0,6967.291532761909,6969.955626579779,6967.668727425529,7011.5,6931.0,6971.25,6993.928834122909,6973.59721893366,6983.76302652828,6963.057155969779,0.0,0.0,0.0,0.0,0.0,0.0
1770863700.0,6968.0,6968.75,6966.5,6967.5,6967.12759714804,6969.62895614369,6967.80870160797,7011.5,6931.0,6971.25,6993.928834122909,6973.59721893366,6983.76302652828,6963.10941285556,0.0,0.0,0.0,0.0,0.0,0.0
1770864000.0,6967.75,6968.5,6966.75,6967.25,6966.931914940469,6969.27529992375,6967.909858242219,7011.5,6931.0,6971.25,6993.928834122909,6973.59721893366,6983.76302652828,6963.150265208759,0.0,0.0,0.0,0.0,0.0,0.0
1770864300.0,6967.25,6969.5,6966.25,6969.5,6967.936874106989,6969.52397447693,6968.2332725066,7011.5,6931.0,6971.25,6993.928834122909,6973.59721893366,6983.76302652828,6963.21485053367,0.0,0.0,0.0,0.0,0.0,0.0
1770864600.0,6969.25,6970.0,6968.5,6970.0,6968.84455091087,6969.83658433251,6968.5823424602895,7011.5,6931.0,6971.25,6993.928834122909,6973.59721893366,6983.76302652828,6963.29279038397,0.0,0.0,0.0,0.0,0.0,0.0
1770864900.0,6969.75,6972.75,6969.75,6971.75,6970.27926435019,6970.512573461229,6969.084247000989,7011.5,6931.0,6971.25,6993.928834122909,6973.59721893366,6983.76302652828,6963.48111493863,0.0,0.0,0.0,0.0,0.0,0.0
1770865200.0,6971.75,6973.75,6970.25,6973.25,6971.906376234349,6971.4253477414895,6969.70213198798,7011.5,6931.0,6971.25,6993.928834122909,6973.59721893366,6983.76302652828,6963.64434511435,0.0,0.0,0.0,0.0,0.0,0.0
1770865500.0,6973.25,6973.75,6972.25,6972.75,6972.653525476459,6972.03369963339,6970.2207423951095,7011.5,6931.0,6971.25,6993.928834122909,6973.59721893366,6983.76302652828,6963.73923580626,0.0,0.0,0.0,0.0,0.0,0.0
1770865800.0,6973.0,6973.75,6972.75,6973.0,6973.187202120839,6972.57457218898,6970.724171117169,7011.5,6931.0,6971.25,6993.928834122909,6973.59721893366,6983.76302652828,6963.839802575029,0.0,0.0,0.0,0.0,0.0,0.0
1770866100.0,6972.75,6973.25,6971.5,6971.5,6972.72658080721,6972.62309240968,6971.0322610804,7011.5,6931.0,6971.25,6993.928834122909,6973.59721893366,6983.76302652828,6963.902864197529,0.0,0.0,0.0,0.0,0.0,0.0
1770866400.0,6971.5,6973.0,6971.25,6972.0,6972.61497090922,6972.762161425179,6971.36519395416,7011.5,6931.0,6971.25,6993.928834122909,6973.59721893366,6983.76302652828,6963.99631419645,0.0,0.0,0.0,0.0,0.0,0.0
1770866700.0,6972.0,6974.75,6970.75,6974.75,6973.83874251817,6973.53663652173,6971.953619143809,7011.5,6931.0,6971.25,6993.928834122909,6973.59721893366,6983.76302652828,6964.216554408409,0.0,0.0,0.0,0.0,0.0,0.0
1770867000.0,6974.5,6977.5,6974.25,6977.25,6975.790247271189,6974.77325340381,6972.75348979487,7011.5,6931.0,6971.25,6993.928834122909,6973.59721893366,6983.76302652828,6964.538621539289,0.0,0.0,0.0,0.0,0.0,0.0
1770867300.0,6977.0,6978.0,6976.75,6977.5,6977.0850729215,6975.828828519389,6973.516941811359,7011.5,6931.0,6971.25,6993.928834122909,6973.59721893366,6983.76302652828,6964.6855818880995,0.0,0.0,0.0,0.0,0.0,0.0
1770867600.0,6977.25,6977.75,6976.25,6977.75,6977.938336420199,6976.73087739635,6974.246002975459,7011.5,6931.0,6971.25,6993.928834122909,6973.59721893366,6983.76302652828,6964.827960181769,0.0,0.0,0.0,0.0,0.0,0.0
1770867900.0,6977.75,6978.0,6976.75,6976.75,6977.89127400206,6977.19230220778,6974.81339576465,7011.5,6931.0,6971.25,6993.928834122909,6973.59721893366,6983.76302652828,6964.95097246717,0.0,0.0,0.0,0.0,0.0,0.0
1770868200.0,6976.75,6978.0,6976.5,6977.5,6978.129009013979,6977.72350873456,6975.41094716228,7011.5,6931.0,6971.25,6993.928834122909,6973.59721893366,6983.76302652828,6965.09872046212,0.0,0.0,0.0,0.0,0.0,0.0
1770868500.0,6977.25,6978.0,6976.75,6977.25,6978.072803796719,6978.0633860384,6975.9328426619495,7011.5,6931.0,6971.25,6993.928834122909,6973.59721893366,6983.76302652828,6965.22096691746,0.0,0.0,0.0,0.0,0.0,0.0
1770868800.0,6977.25,6978.0,6976.5,6977.75,6978.2053640943495,6978.4316789655495,6976.4616002555895,7011.5,6931.0,6971.25,6993.928834122909,6973.59721893366,6983.76302652828,6965.34448305306,0.0,0.0,0.0,0.0,0.0,0.0
1770869100.0,6977.5,6978.0,6976.0,6977.25,6977.981143151889,6978.57519117413,6976.8931000537095,7011.5,6931.0,6971.25,6993.928834122909,6973.59721893366,6983.76302652828,6965.5048641166595,0.0,0.0,0.0,0.0,0.0,0.0
1770869400.0,6977.25,6977.75,6976.75,6977.5,6977.90572004731,6978.720352677819,6977.311452927959,7011.5,6931.0,6971.25,6993.928834122909,6973.59721893366,6983.76302652828,6965.590302938809,0.0,0.0,0.0,0.0,0.0,0.0
1770869700.0,6977.5,6980.75,6977.0,6978.75,6978.42507967822,6979.116963419549,6977.82075936948,7011.5,6931.0,6971.25,6993.928834122909,6973.59721893366,6983.76302652828,6965.931896174619,0.0,0.0,0.0,0.0,0.0,0.0
1770870000.0,6978.75,6981.75,6978.75,6981.25,6979.937554030669,6980.03294857271,6978.54362973125,7011.5,6931.0,6971.25,6993.928834122909,6973.59721893366,6983.76302652828,6966.354298511619,0.0,0.0,0.0,0.0,0.0,0.0
1770870300.0,6981.25,6983.25,6981.0,6982.5,6981.461705355629,6981.06609820604,6979.33554891055,7011.5,6931.0,6971.25,6993.928834122909,6973.59721893366,6983.76302652828,6966.649793329019,0.0,0.0,0.0,0.0,0.0,0.0
1770870600.0,6982.5,6982.75,6979.0,6980.25,6981.2636299098895,6981.3230049718595,6979.8294685888595,7011.5,6931.0,6971.25,6993.928834122909,6973.59721893366,6983.76302652828,6966.94192868355,0.0,0.0,0.0,0.0,0.0,0.0
1770870900.0,6980.0,6980.25,6978.75,6979.5,6980.6942651646195,6981.31054285546,6980.201002832569,7011.5,6931.0,6971.25,6993.928834122909,6973.59721893366,6983.76302652828,6967.024122945029,0.0,0.0,0.0,0.0,0.0,0.0
1770871200.0,6979.25,6979.25,6978.0,6978.25,6979.662460110179,6980.952819206799,6980.40689935215,7011.5,6931.0,6971.25,6993.928834122909,6973.59721893366,6983.76302652828,6967.126952529449,0.0,0.0,0.0,0.0,0.0,0.0
1770871500.0,6978.5,6980.5,6978.0,6980.0,6979.823893662239,6981.05893859465,6980.76882777142,7011.5,6931.0,6971.25,6993.928834122909,6973.59721893366,6983.76302652828,6967.25449922155,0.0,0.0,0.0,0.0,0.0,0.0
1770871800.0,6980.0,6980.75,6979.25,6979.25,6979.542885142099,6980.9293287540395,6981.01740564967,7011.5,6931.0,6971.25,6993.928834122909,6973.59721893366,6983.76302652828,6967.33369623738,0.0,0.0,0.0,0.0,0.0,0.0
1770872100.0,6979.25,6980.75,6979.0,6979.75,6979.59422808596,6980.917757491829,6981.289740839759,7011.5,6931.0,6971.25,6993.928834122909,6973.59721893366,6983.76302652828,6967.40711890244,0.0,0.0,0.0,0.0,0.0,0.0
1770872400.0,6980.0,6982.5,6980.0,6982.5,6980.9616414885395,6981.56544958801,6981.816722255349,7011.5,6931.0,6971.25,6993.928834122909,6973.59721893366,6983.76302652828,6967.55823965518,0.0,0.0,0.0,0.0,0.0,0.0
1770872700.0,6982.25,6982.75,6981.75,6982.25,6981.69497884019,6982.01206689369,6982.2702785824995,7011.5,6931.0,6971.25,6993.928834122909,6973.59721893366,6983.76302652828,6967.67547595773,0.0,0.0,0.0,0.0,0.0,0.0
1770873000.0,6982.5,6982.75,6981.5,6982.5,6982.2498423385,6982.4159103497195,6982.707051112569,7011.5,6931.0,6971.25,6993.928834122909,6973.59721893366,6983.76302652828,6967.79171449304,0.0,0.0,0.0,0.0,0.0,0.0
1770873300.0,6982.75,6984.25,6982.25,6983.25,6982.92762268135,6982.908439825929,6983.17974848428,7011.5,6931.0,6971.25,6993.928834122909,6973.59721893366,6983.76302652828,6967.950672477389,0.0,0.0,0.0,0.0,0.0,0.0
1770873600.0,6983.25,6984.25,6982.25,6982.5,6982.9464263115,6983.10082592618,6983.530653660529,7011.5,6931.0,6971.25,6993.928834122909,6973.59721893366,6983.76302652828,6968.099227820439,0.0,0.0,0.0,0.0,0.0,0.0
1770873900.0,6982.25,6982.75,6981.75,6982.0,6982.666306876719,6983.10748086866,6983.794036485199,7011.5,6931.0,6971.25,6993.928834122909,6973.59721893366,6983.76302652828,6968.19245427808,0.0,0.0,0.0,0.0,0.0,0.0
1770874200.0,6981.75,6982.0,6981.0,6981.0,6981.960940798899,6982.83761819892,6983.92432920993,7011.5,6931.0,6971.25,6993.928834122909,6973.59721893366,6983.76302652828,6968.27296820352,0.0,0.0,0.0,0.0,0.0,0.0
1770874500.0,6981.25,6981.5,6980.5,6980.75,6981.36551898554,6982.528131571509,6984.00845435222,7011.5,6931.0,6971.25,6993.928834122909,6973.59721893366,6983.76302652828,6968.35307230329,0.0,0.0,0.0,0.0,0.0,0.0
1770874800.0,6980.75,6983.5,6980.75,6981.75,6981.467388352299,6982.49978092925,6984.178989696709,7011.5,6931.0,6971.25,6993.928834122909,6973.59721893366,6983.76302652828,6968.4941410908195,0.0,0.0,0.0,0.0,0.0,0.0
1770875100.0,6981.75,6982.75,6981.75,6982.5,6981.89993728231,6982.64386835919,6984.404151003379,7011.5,6931.0,6971.25,6993.928834122909,6973.59721893366,6983.76302652828,6968.55639800062,0.0,0.0,0.0,0.0,0.0,0.0
1770875400.0,6982.5,6982.75,6981.0,6982.0,6981.929609561729,6982.62065863927,6984.5509634323,7011.5,6931.0,6971.25,6993.928834122909,6973.59721893366,6983.76302652828,6968.66765493141,0.0,0.0,0.0,0.0,0.0,0.0
1770875700.0,6981.75,6982.75,6980.75,6982.25,6982.064486202489,6982.64669887638,6984.70251435688,7011.5,6931.0,6971.25,6993.928834122909,6973.59721893366,6983.76302652828,6968.805594388439,0.0,0.0,0.0,0.0,0.0,0.0
1770876000.0,6982.25,6982.75,6979.0,6979.25,6980.680684415999,6981.90643258517,6984.522643913009,7011.5,6931.0,6971.25,6993.928834122909,6973.59721893366,6983.76302652828,6968.90961069894,0.0,0.0,0.0,0.0,0.0,0.0
1770876300.0,6979.5,6980.0,6978.75,6979.5,6979.925789185229,6981.34402902433,6984.370759982319,7011.5,6931.0,6971.25,6993.928834122909,6973.59721893366,6983.76302652828,6968.98000144851,0.0,0.0,0.0,0.0,0.0,0.0
1770876600.0,6979.5,6983.0,6979.5,6981.25,6980.3259969015,6981.3058202131,6984.400291970959,7011.5,6931.0,6971.25,6993.928834122909,6973.59721893366,6983.76302652828,6969.1033832227995,0.0,0.0,0.0,0.0,0.0,0.0
1770876900.0,6981.5,6982.75,6978.75,6979.0,6979.51338774895,6980.708312681009,6984.1853240336395,7011.5,6931.0,6971.25,6993.928834122909,6973.59721893366,6983.76302652828,6969.21119029447,0.0,0.0,0.0,0.0,0.0,0.0
1770877200.0,6979.0,6979.0,6977.0,6977.75,6978.414220609439,6979.89950965678,6983.84665210598,7011.5,6931.0,6971.25,6993.928834122909,6973.59721893366,6983.76302652828,6969.283669529909,0.0,0.0,0.0,0.0,0.0,0.0
1770877500.0,6978.0,6979.75,6977.75,6978.75,6978.245335398239,6979.47960812914,6983.625944773979,7011.5,6931.0,6971.25,6993.928834122909,6973.59721893366,6983.76302652828,6969.394983880689,0.0,0.0,0.0,0.0,0.0,0.0
1770877800.0,6978.75,6981.0,6974.75,6975.0,6976.36035591311,6978.20316177492,6983.02437780246,7011.5,6931.0,6971.25,6993.928834122909,6973.59721893366,6983.76302652828,6969.545766284829,0.0,0.0,0.0,0.0,0.0,0.0
1770878100.0,6975.25,6975.75,6973.25,6974.75,6975.099891178879,6977.09356128742,6982.43095787124,7011.5,6931.0,6971.25,6993.928834122909,6973.59721893366,6983.76302652828,6969.62321528477,0.0,0.0,0.0,0.0,0.0,0.0
1770878400.0,6974.75,6974.75,6972.5,6973.5,6973.77346720004,6975.87888936533,6981.74241392723,7011.5,6931.0,6971.25,6993.928834122909,6973.59721893366,6983.76302652828,6969.651853456419,0.0,0.0,0.0,0.0,0.0,0.0
1770878700.0,6973.25,6975.25,6972.75,6975.25,6973.88303244416,6975.3287212040395,6981.27619105854,7011.5,6931.0,6971.25,6993.928834122909,6973.59721893366,6983.76302652828,6969.6893481016095,0.0,0.0,0.0,0.0,0.0,0.0
1770879000.0,6975.25,6976.25,6974.5,6975.5,6974.17736512549,6974.95829027235,6980.862270932639,7011.5,6931.0,6971.25,6993.928834122909,6973.59721893366,6983.76302652828,6969.715455482959,0.0,0.0,0.0,0.0,0.0,0.0
1770879300.0,6975.5,6977.0,6975.0,6976.5,6974.938269214809,6974.924269782589,6980.575004599819,7011.5,6931.0,6971.25,6993.928834122909,6973.59721893366,6983.76302652828,6969.76088951709,0.0,0.0,0.0,0.0,0.0,0.0
1770879600.0,6976.5,6979.5,6975.5,6979.0,6976.70741768601,6975.5412942269595,6980.560966558,7011.5,6931.0,6971.25,6993.928834122909,6973.59721893366,6983.76302652828,6969.86063983771,0.0,0.0,0.0,0.0,0.0,0.0
1770879900.0,6979.25,6979.75,6976.75,6977.25,6977.01313649825,6975.63700077661,6980.36194731194,7011.5,6931.0,6971.25,6993.928834122909,6973.59721893366,6983.76302652828,6969.9166867045,0.0,0.0,0.0,0.0,0.0,0.0
1770880200.0,6977.25,6979.0,6977.0,6978.25,6977.699679476639,6975.98314173759,6980.275376707819,7011.5,6931.0,6971.25,6993.928834122909,6973.59721893366,6983.76302652828,6969.96186240282,0.0,0.0,0.0,0.0,0.0,0.0
1770880500.0,6978.5,6979.5,6977.75,6979.0,6978.49620652252,6976.47219847602,6980.2677579091,7011.5,6931.0,6971.25,6993.928834122909,6973.59721893366,6983.76302652828,6970.01103986346,0.0,0.0,0.0,0.0,0.0,0.0
1770880800.0,6979.0,6981.5,6978.0,6981.5,6980.202236946019,6977.511805793019,6980.514585874639,7011.5,6931.0,6971.25,6993.928834122909,6973.59721893366,6983.76302652828,6970.093018226989,0.0,0.0,0.0,0.0,0.0,0.0
1770881100.0,6981.75,6982.75,6980.75,6981.25,6981.1248880392395,6978.31817565395,6980.71377677668,7011.5,6931.0,6971.25,6993.928834122909,6973.59721893366,6983.76302652828,6970.226788526899,0.0,0.0,0.0,0.0,0.0,0.0
1770881400.0,6981.5,6982.25,6980.75,6981.5,6981.76949409735,6979.05125242891,6980.92028192109,7011.5,6931.0,6971.25,6993.928834122909,6973.59721893366,6983.76302652828,6970.28761175955,0.0,0.0,0.0,0.0,0.0,0.0
1770881700.0,6981.5,6983.0,6981.5,6982.0,6982.35054611467,6979.78202287898,6981.1593746442595,7011.5,6931.0,6971.25,6993.928834122909,6973.59721893366,6983.76302652828,6970.357533657099,0.0,0.0,0.0,0.0,0.0,0.0
1770882000.0,6982.0,6982.75,6980.5,6980.75,6982.033824684379,6980.072153034749,6981.247816234701,7011.5,6931.0,6971.25,6993.928834122909,6973.59721893366,6983.76302652828,6970.477985509449,0.0,0.0,0.0,0.0,0.0,0.0
1770882300.0,6980.75,6981.5,6979.5,6981.5,6982.12611168018,6980.493232490179,6981.4028797150895,7011.5,6931.0,6971.25,6993.928834122909,6973.59721893366,6983.76302652828,6970.5491106247,0.0,0.0,0.0,0.0,0.0,0.0
1770882600.0,6981.5,6981.5,6980.0,6980.75,6981.75920424915,6980.648085502349,6981.46486286451,7011.5,6931.0,6971.25,6993.928834122909,6973.59721893366,6983.76302652828,6970.605464899239,0.0,0.0,0.0,0.0,0.0,0.0
1770882900.0,6980.5,6982.25,6980.25,6981.75,6981.9632740104,6981.017119602349,6981.621204266689,7011.5,6931.0,6971.25,6993.928834122909,6973.59721893366,6983.76302652828,6970.6807307195395,0.0,0.0,0.0,0.0,0.0,0.0
1770883200.0,6981.75,6984.75,6981.75,6983.25,6982.784754646859,6981.68666002173,6981.916989104079,7011.5,6931.0,6971.25,6993.928834122909,6973.59721893366,6983.76302652828,6971.007596327429,0.0,0.0,0.0,0.0,0.0,0.0
1770883500.0,6983.0,6985.0,6981.0,6983.5,6983.386637628049,6982.291635382029,6982.21316086702,7011.5,6931.0,6971.25,6993.928834122909,6973.59721893366,6983.76302652828,6971.267619643059,0.0,0.0,0.0,0.0,0.0,0.0
1770883800.0,6983.5,6984.5,6979.0,6981.25,6982.620397678679,6982.2190292768,6982.251161010509,7011.5,6931.0,6971.25,6993.928834122909,6973.59721893366,6983.76302652828,6971.43262490678,0.0,0.0,0.0,0.0,0.0,0.0
1770884100.0,6981.0,6983.25,6980.75,6982.0,6982.452404562159,6982.331960582869,6982.359168025439,7011.5,6931.0,6971.25,6993.928834122909,6973.59721893366,6983.76302652828,6971.541566918059,0.0,0.0,0.0,0.0,0.0,0.0
1770884400.0,6982.0,6982.5,6979.25,6979.25,6980.974565871689,6981.728479101749,6982.170561041969,7011.5,6931.0,6971.25,6993.928834122909,6973.59721893366,6983.76302652828,6971.642468264389,0.0,0.0,0.0,0.0,0.0,0.0
1770884700.0,6979.25,6981.25,6978.0,6979.0,6979.89998494418,6981.15660292461,6981.96470241315,7011.5,6931.0,6971.25,6993.928834122909,6973.59721893366,6983.76302652828,6971.74634248387,0.0,0.0,0.0,0.0,0.0,0.0
1770885000.0,6979.0,6980.25,6975.5,6976.25,6977.89042852823,6979.99263573512,6981.48467065977,7011.5,6931.0,6971.25,6993.928834122909,6973.59721893366,6983.76302652828,6971.8279271731,0.0,0.0,0.0,0.0,0.0,0.0
1770885300.0,6976.25,6977.5,6974.75,6975.25,6976.16603510122,6978.779269097689,6980.93097037151,7011.5,6931.0,6971.25,6993.928834122909,6973.59721893366,6983.76302652828,6971.87795332466,0.0,0.0,0.0,0.0,0.0,0.0
1770885600.0,6975.25,6977.75,6975.0,6976.75,6975.875653760149,6978.1528188003895,6980.56769485918,7011.5,6931.0,6971.25,6993.928834122909,6973.59721893366,6983.76302652828,6971.90342845948,0.0,0.0,0.0,0.0,0.0,0.0
1770885900.0,6976.5,6978.75,6976.0,6977.5,6976.14668103647,6977.829286219499,6980.3044262602,7011.5,6931.0,6971.25,6993.928834122909,6973.59721893366,6983.76302652828,6971.93592706561,0.0,0.0,0.0,0.0,0.0,0.0
1770886200.0,6977.25,6980.5,6977.0,6979.75,6977.497789239869,6978.13112399189,6980.28952772656,7011.5,6931.0,6971.25,6993.928834122909,6973.59721893366,6983.76302652828,6971.97450830998,0.0,0.0,0.0,0.0,0.0,0.0
1770886500.0,6979.75,6983.5,6979.75,6981.75,6979.39140131085,6978.88723092907,6980.4799225670195,7011.5,6931.0,6971.25,6993.928834122909,6973.59721893366,6983.76302652828,6972.06846132532,0.0,0.0,0.0,0.0,0.0,0.0
1770886800.0,6981.5,6983.5,6980.5,6982.5,6980.98270849618,6979.704902568579,6980.73200641908,7011.5,6931.0,6971.25,6993.928834122909,6973.59721893366,6983.76302652828,6972.186268190129,0.0,0.0,0.0,0.0,0.0,0.0
1770887100.0,6982.75,6983.0,6981.0,6982.5,6981.9778779647995,6980.3828386550795,6980.963822046519,7011.5,6931.0,6971.25,6993.928834122909,6973.59721893366,6983.76302652828,6972.249318647089,0.0,0.0,0.0,0.0,0.0,0.0
1770887400.0,6983.0,6985.0,6982.5,6983.5,6983.05650427401,6981.19027556025,6981.28003034121,7011.5,6931.0,6971.25,6993.928834122909,6973.59721893366,6983.76302652828,6972.34092485309,0.0,0.0,0.0,0.0,0.0,0.0
1770887700.0,6983.75,6985.75,6982.25,6982.75,6983.3192313152595,6981.66602951956,6981.493680406979,7011.5,6931.0,6971.25,6993.928834122909,6973.59721893366,6983.76302652828,6972.4844573181,0.0,0.0,0.0,0.0,0.0,0.0
1770888000.0,6982.75,6983.75,6981.75,6982.75,6983.4203404684895,6982.05136473496,6981.68935185551,7011.5,6931.0,6971.25,6993.928834122909,6973.59721893366,6983.76302652828,6972.566125719401,0.0,0.0,0.0,0.0,0.0,0.0
1770888300.0,6982.75,6984.0,6982.0,6982.25,6983.17882318739,6982.23597455571,6981.81653945139,7011.5,6931.0,6971.25,6993.928834122909,6973.59721893366,6983.76302652828,6972.61841855026,0.0,0.0,0.0,0.0,0.0,0.0
1770888600.0,6982.25,6983.75,6980.75,6983.25,6983.45956838363,6982.626869670459,6982.03504157011,7011.5,6931.0,6971.25,6993.928834122909,6973.59721893366,6983.76302652828,6972.6940485656,0.0,0.0,0.0,0.0,0.0,0.0
1770888900.0,6983.0,6985.0,6982.5,6982.75,6983.348837920789,6982.81437686318,6982.183351521299,7011.5,6931.0,6971.25,6993.928834122909,6973.59721893366,6983.76302652828,6972.74495927454,0.0,0.0,0.0,0.0,0.0,0.0
1770889200.0,6983.0,6983.25,6981.75,6981.75,6982.74839718528,6982.708672168709,6982.214647660469,7011.5,6931.0,6971.25,6993.928834122909,6973.59721893366,6983.76302652828,6972.797207814149,0.0,0.0,0.0,0.0,0.0,0.0
1770889500.0,6981.75,6982.25,6979.0,6980.75,6981.847683449169,6982.3611239627,6982.13715126169,7011.5,6931.0,6971.25,6993.928834122909,6973.59721893366,6983.76302652828,6972.89286822071,0.0,0.0,0.0,0.0,0.0,0.0
1770889800.0,6980.75,6983.25,6980.75,6983.0,6982.36012269772,6982.623695485399,6982.29452430666,7011.5,6931.0,6971.25,6993.928834122909,6973.59721893366,6983.76302652828,6972.94759267067,0.0,0.0,0.0,0.0,0.0,0.0
1770890100.0,6982.75,6984.0,6981.75,6983.5,6982.92792161097,6982.956031332669,6982.4894559407,7011.5,6931.0,6971.25,6993.928834122909,6973.59721893366,6983.76302652828,6973.0742996850695,0.0,0.0,0.0,0.0,0.0,0.0
1770890400.0,6983.5,6986.25,6982.25,6985.25,6984.1315902127,6983.6559523655,6982.848451981569,7011.5,6931.0,6971.25,6993.928834122909,6973.59721893366,6983.76302652828,6973.26796413994,0.0,0.0,0.0,0.0,0.0,0.0
1770890700.0,6985.25,6985.5,6983.25,6983.25,6983.89658983864,6983.72513085978,6982.9722527597,7011.5,6931.0,6971.25,6993.928834122909,6973.59721893366,6983.76302652828,6973.3452523394,0.0,0.0,0.0,0.0,0.0,0.0
1770891000.0,6983.5,6983.5,6978.5,6979.0,6981.638258269159,6982.71233174116,6982.64468362742,7011.5,6931.0,6971.25,6993.928834122909,6973.59721893366,6983.76302652828,6973.42255791714,0.0,0.0,0.0,0.0,0.0,0.0
1770891300.0,6978.75,6980.5,6978.0,6979.75,6980.555741544719,6982.051866828459,6982.41439046266,7011.5,6931.0,6971.25,6993.928834122909,6973.59721893366,6983.76302652828,6973.4624379957595,0.0,0.0,0.0,0.0,0.0,0.0
1770891600.0,6979.5,6979.5,6976.25,6976.25,6978.185377827899,6980.6303250948395,6981.83557108241,7011.5,6931.0,6971.25,6993.928834122909,6973.59721893366,6983.76302652828,6973.49963484411,0.0,0.0,0.0,0.0,0.0,0.0
1770891900.0,6976.25,6978.5,6976.25,6977.75,6977.46267125493,6979.82870120324,6981.449892924769,7011.5,6931.0,6971.25,6993.928834122909,6973.59721893366,6983.76302652828,6973.5277287052495,0.0,0.0,0.0,0.0,0.0,0.0
1770892200.0,6977.75,6979.5,6977.75,6979.0,6977.69502525314,6979.48270426992,6981.21842734003,7011.5,6931.0,6971.25,6993.928834122909,6973.59721893366,6983.76302652828,6973.55390720788,0.0,0.0,0.0,0.0,0.0,0.0
1770892500.0,6979.25,6979.25,6977.5,6978.75,6977.8006452459695,6979.142808132199,6980.975624648109,7011.5,6931.0,6971.25,6993.928834122909,6973.59721893366,6983.76302652828,6973.581816563449,0.0,0.0,0.0,0.0,0.0,0.0
1770892800.0,6978.75,6980.25,6978.25,6978.25,6977.68998778681,6978.74712293942,6980.696687932669,7011.5,6931.0,6971.25,6993.928834122909,6973.59721893366,6983.76302652828,6973.609643991759,0.0,0.0,0.0,0.0,0.0,0.0
1770893100.0,6978.75,6979.25,6977.5,6978.0,6977.55458474571,6978.368890836799,6980.41025532334,7011.5,6931.0,6971.25,6993.928834122909,6973.59721893366,6983.76302652828,6973.634462438479,0.0,0.0,0.0,0.0,0.0,0.0
1770893400.0,6978.0,6979.25,6977.75,6978.5,6977.76415720495,6978.192994868279,6980.19464931476,7011.5,6931.0,6971.25,6993.928834122909,6973.59721893366,6983.76302652828,6973.649685527899,0.0,0.0,0.0,0.0,0.0,0.0
1770893700.0,6978.5,6979.5,6978.5,6979.5,6978.43044832696,6978.30943241911,6980.096825969519,7011.5,6931.0,6971.25,6993.928834122909,6973.59721893366,6983.76302652828,6973.6694007323795,0.0,0.0,0.0,0.0,0.0,0.0
1770894000.0,6979.5,6981.25,6978.75,6979.5,6978.8858415410195,6978.418292601699,6980.00532281611,7011.5,6931.0,6971.25,6993.928834122909,6973.59721893366,6983.76302652828,6973.751562423709,0.0,0.0,0.0,0.0,0.0,0.0
1770894300.0,6979.5,6981.25,6979.0,6981.25,6980.044807399599,6978.954936160309,6980.10068866195,7011.5,6931.0,6971.25,6993.928834122909,6973.59721893366,6983.76302652828,6973.782906703879,0.0,0.0,0.0,0.0,0.0,0.0
1770894600.0,6981.25,6983.0,6980.5,6982.0,6981.1471115437,6979.59427880949,6980.266479609109,7011.5,6931.0,6971.25,6993.928834122909,6973.59721893366,6983.76302652828,6973.831820393119,0.0,0.0,0.0,0.0,0.0,0.0
1770894900.0,6982.0,6983.25,6981.5,6982.75,6982.1905883666395,6980.315165553059,6980.49767762314,7011.5,6931.0,6971.25,6993.928834122909,6973.59721893366,6983.76302652828,6973.864891061139,0.0,0.0,0.0,0.0,0.0,0.0
1770895200.0,6982.5,6983.25,6980.75,6981.75,6982.32389930464,6980.664625880239,6980.608679362669,7011.5,6931.0,6971.25,6993.928834122909,6973.59721893366,6983.76302652828,6973.89779966249,0.0,0.0,0.0,0.0,0.0,0.0
1770895500.0,6981.75,6984.25,6981.5,6983.75,6983.33274977754,6981.450469143259,6980.91789611257,7011.5,6931.0,6971.25,6993.928834122909,6973.59721893366,6983.76302652828,6973.93486754628,0.0,0.0,0.0,0.0,0.0,0.0
1770895800.0,6983.5,6984.0,6982.0,6982.25,6983.1882940449295,6981.72378147128,6981.04951821867,7011.5,6931.0,6971.25,6993.928834122909,6973.59721893366,6983.76302652828,6973.966490695259,0.0,0.0,0.0,0.0,0.0,0.0
1770896100.0,6982.0,6982.0,6979.75,6980.0,6981.93886257892,6981.38460138862,6980.9383406753,7011.5,6931.0,6971.25,6993.928834122909,6973.59721893366,6983.76302652828,6974.0009715857595,0.0,0.0,0.0,0.0,0.0,0.0
1770896400.0,6980.25,6980.25,6979.0,6979.5,6980.85811350924,6980.9749010734095,6980.78231085048,7011.5,6931.0,6971.25,6993.928834122909,6973.59721893366,6983.76302652828,6974.02895857081,0.0,0.0,0.0,0.0,0.0,0.0
1770896700.0,6979.5,6981.5,6979.25,6981.5,6981.13326282166,6981.13071959829,6980.843126173209,7011.5,6931.0,6971.25,6993.928834122909,6973.59721893366,6983.76302652828,6974.054287092499,0.0,0.0,0.0,0.0,0.0,0.0
1770897000.0,6981.5,6983.0,6981.25,6982.5,6981.79695047465,6981.50596543063,6981.00228483854,7011.5,6931.0,6971.25,6993.928834122909,6973.59721893366,6983.76302652828,6974.097707871009,0.0,0.0,0.0,0.0,0.0,0.0
1770897300.0,6982.5,6984.0,6981.75,6983.5,6982.70017063829,6982.0613680783,6981.25283101828,7011.5,6931.0,6971.25,6993.928834122909,6973.59721893366,6983.76302652828,6974.17712110704,0.0,0.0,0.0,0.0,0.0,0.0
1770897600.0,6983.25,6983.5,6980.0,6980.5,6981.79049518529,6981.768820286589,6981.174773099499,7011.5,6931.0,6971.25,6993.928834122909,6973.59721893366,6983.76302652828,6974.255244469709,0.0,0.0,0.0,0.0,0.0,0.0
1770897900.0,6980.25,6981.75,6979.5,6981.0,6981.432899462169,6981.64558107631,6981.15289737389,7011.5,6931.0,6971.25,6993.928834122909,6973.59721893366,6983.76302652828,6974.297986435619,0.0,0.0,0.0,0.0,0.0,0.0
1770898200.0,6981.0,6982.0,6978.75,6981.5,6981.443695320259,6981.6635765886795,6981.18333920569,7011.5,6931.0,6971.25,6993.928834122909,6973.59721893366,6983.76302652828,6974.347847436889,0.0,0.0,0.0,0.0,0.0,0.0
1770898500.0,6981.5,6982.0,6980.25,6981.75,6981.572435336139,6981.736615891589,6981.23661890709,7011.5,6931.0,6971.25,6993.928834122909,6973.59721893366,6983.76302652828,6974.37594046451,0.0,0.0,0.0,0.0,0.0,0.0
1770898800.0,6982.0,6983.0,6981.5,6982.5,6982.01959431646,6981.97948461316,6981.362815073169,7011.5,6931.0,6971.25,6993.928834122909,6973.59721893366,6983.76302652828,6974.40667458941,0.0,0.0,0.0,0.0,0.0,0.0
1770899100.0,6982.5,6983.25,6981.0,6983.0,6982.543122518079,6982.29997993405,6981.530932425189,7011.5,6931.0,6971.25,6993.928834122909,6973.59721893366,6983.76302652828,6974.44973865243,0.0,0.0,0.0,0.0,0.0,0.0
1770899400.0,6983.0,6985.0,6982.5,6984.25,6983.47295984791,6982.870017902889,6981.81546596468,7011.5,6931.0,6971.25,6993.928834122909,6973.59721893366,6983.76302652828,6974.54788734388,0.0,0.0,0.0,0.0,0.0,0.0
1770899700.0,6984.0,6985.0,6983.25,6984.5,6984.16234069028,6983.395729390159,6982.10473814311,7011.5,6931.0,6971.25,6993.928834122909,6973.59721893366,6983.76302652828,6974.60864378656,0.0,0.0,0.0,0.0,0.0,0.0
1770900000.0,6984.5,6986.75,6982.75,6983.25,6983.953613477949,6983.509518062189,6982.243178760559,7011.5,6931.0,6971.25,6993.928834122909,6973.59721893366,6983.76302652828,6974.71244887929,0.0,0.0,0.0,0.0,0.0,0.0
1770900300.0,6983.25,6983.5,6981.75,6983.5,6983.90313366388,6983.65489217215,6982.39628032352,7011.5,6931.0,6971.25,6993.928834122909,6973.59721893366,6983.76302652828,6974.78708545069,0.0,0.0,0.0,0.0,0.0,0.0
1770900600.0,6983.25,6984.25,6979.5,6980.75,6982.49770134906,6983.080261735399,6982.252854043089,7011.5,6931.0,6971.25,6993.928834122909,6973.59721893366,6983.76302652828,6974.85559143208,0.0,0.0,0.0,0.0,0.0,0.0
1770900900.0,6980.5,6981.75,6979.5,6980.0,6981.22071670381,6982.40963485621,6982.040468240059,7011.5,6931.0,6971.25,6993.928834122909,6973.59721893366,6983.76302652828,6974.892071997179,0.0,0.0,0.0,0.0,0.0,0.0
1770901200.0,6980.0,6980.25,6976.75,6976.75,6978.834537934849,6981.04151237669,6981.505744831519,7011.5,6931.0,6971.25,6993.928834122909,6973.59721893366,6983.76302652828,6974.93408699397,0.0,0.0,0.0,0.0,0.0,0.0
1770901500.0,6976.75,6978.25,6975.5,6978.0,6977.96993806305,6980.22137989276,6981.1367703518,7011.5,6931.0,6971.25,6993.928834122909,6973.59721893366,6983.76302652828,6974.957152350789,0.0,0.0,0.0,0.0,0.0,0.0
1770901800.0,6977.75,6978.25,6974.5,6974.5,6975.78654546876,6978.678251708389,6980.431348409579,7011.5,6931.0,6971.25,6993.928834122909,6973.59721893366,6983.76302652828,6974.96516280112,0.0,0.0,0.0,0.0,0.0,0.0
1770902100.0,6974.5,6975.75,6973.5,6975.5,6974.976711466599,6977.662293337379,6979.87867418266,7011.5,6931.0,6971.25,6993.928834122909,6973.59721893366,6983.76302652828,6974.96456344312,0.0,0.0,0.0,0.0,0.0,0.0
1770902400.0,6975.25,6975.75,6974.0,6975.0,6974.330548508109,6976.71470628831,6979.31351698803,7011.5,6931.0,6971.25,6993.928834122909,6973.59721893366,6983.76302652828,6974.9641121040195,0.0,0.0,0.0,0.0,0.0,0.0
1770902700.0,6975.25,6978.0,6974.25,6977.75,6975.3747416835995,6976.63585088025,6979.0731400921995,7011.5,6931.0,6971.25,6993.928834122909,6973.59721893366,6983.76302652828,6974.983040883801,0.0,0.0,0.0,0.0,0.0,0.0
1770903000.0,6978.0,6983.25,6976.0,6982.75,6978.578803175959,6977.83595137586,6979.36764787143,7011.5,6931.0,6971.25,6993.928834122909,6973.59721893366,6983.76302652828,6975.1110792264,0.0,0.0,0.0,0.0,0.0,0.0
1770903300.0,6983.0,6986.75,6981.75,6985.75,6982.132864425959,6979.5917745137795,6979.9527609610395,7011.5,6931.0,6971.25,6993.928834122909,6973.59721893366,6983.76302652828,6975.31894315841,0.0,0.0,0.0,0.0,0.0,0.0
1770903600.0,6985.75,6991.5,6985.5,6988.75,6985.837440266449,6981.79872488726,6980.80772656021,7011.5,6931.0,6971.25,6993.928834122909,6973.59721893366,6983.76302652828,6975.733815483601,0.0,0.0,0.0,0.0,0.0,0.0
1770903900.0,6989.0,6989.25,6985.5,6987.0,6987.25110416773,6983.18705245765,6981.42205768597,7011.5,6931.0,6971.25,6993.928834122909,6973.59721893366,6983.76302652828,6975.90930375064,0.0,0.0,0.0,0.0,0.0,0.0
1770904200.0,6986.75,6987.0,6983.75,6985.5,6987.28279127706,6983.952278592869,6981.8378895610995,7011.5,6931.0,6971.25,6993.928834122909,6973.59721893366,6983.76302652828,6976.0308424264595,0.0,0.0,0.0,0.0,0.0,0.0
1770904500.0,6985.5,6988.5,6985.5,6986.5,6987.65334847933,6984.81947638551,6982.32715452416,7011.5,6931.0,6971.25,6993.928834122909,6973.59721893366,6983.76302652828,6976.1685566364895,0.0,0.0,0.0,0.0,0.0,0.0
1770904800.0,6986.5,6986.75,6982.25,6983.0,6986.05764243231,6984.648559264159,6982.419231831819,7011.5,6931.0,6971.25,6993.928834122909,6973.59721893366,6983.76302652828,6976.32797386439,0.0,0.0,0.0,0.0,0.0,0.0
1770905100.0,6983.25,6985.0,6982.5,6984.75,6985.79470189108,6984.92451288472,6982.68443394849,7011.5,6931.0,6971.25,6993.928834122909,6973.59721893366,6983.76302652828,6976.40767852461,0.0,0.0,0.0,0.0,0.0,0.0
1770905400.0,6984.75,6985.25,6981.0,6981.25,6983.85312548998,6984.264810357129,6982.56785693835,7011.5,6931.0,6971.25,6993.928834122909,6973.59721893366,6983.76302652828,6976.5045802839895,0.0,0.0,0.0,0.0,0.0,0.0
1770905700.0,6981.25,6982.5,6980.25,6981.5,6982.69918647043,6983.76628725842,6982.483870712879,7011.5,6931.0,6971.25,6993.928834122909,6973.59721893366,6983.76302652828,6976.58056521975,0.0,0.0,0.0,0.0,0.0,0.0
1770906000.0,6981.5,6982.75,6980.0,6980.75,6981.59693395649,6983.1559064269395,6982.326947507369,7011.5,6931.0,6971.25,6993.928834122909,6973.59721893366,6983.76302652828,6976.63550084483,0.0,0.0,0.0,0.0,0.0,0.0
1770906300.0,6981.0,6982.5,6979.5,6981.25,6981.161003723219,6982.76728229462,6982.23154134711,7011.5,6931.0,6971.25,6993.928834122909,6973.59721893366,6983.76302652828,6976.767455876849,0.0,0.0,0.0,0.0,0.0,0.0
1770906600.0,6981.5,6989.25,6979.75,6988.75,6984.580279212129,6984.305620419969,6982.91700625853,,,,6977.60135177111,6954.78738691435,6966.194369342729,6978.615653558069,0.0,0.0,0.0,0.0,0.0,0.0
1770906900.0,6988.75,6990.0,6982.5,6987.25,6986.03917314626,6985.1957377755,6983.3980939002195,,,,6977.60135177111,6954.78738691435,6966.194369342729,6979.50734390408,0.0,0.0,0.0,0.0,0.0,0.0
1770907200.0,6987.25,6992.75,6978.75,6979.25,6983.02431337001,6983.928259228979,6983.01685213772,,,,6977.60135177111,6954.78738691435,6966.194369342729,6980.061352211679,0.0,0.0,0.0,0.0,0.0,0.0
1770907500.0,6979.25,6982.75,6970.0,6972.0,6977.536242603829,6981.06594046735,6981.911303492469,,,,6977.60135177111,6954.78738691435,6966.194369342729,6979.4266935066,0.0,0.0,0.0,0.0,0.0,0.0
1770907800.0,6972.0,6979.0,6969.5,6976.5,6976.28835722965,6979.818441935629,6981.34741215918,,,,6977.60135177111,6954.78738691435,6966.194369342729,6979.0689179068795,0.0,0.0,0.0,0.0,0.0,0.0
1770908100.0,6976.25,6976.5,6962.0,6967.25,6971.1009199972395,6976.49613066346,6979.866660519249,,,,6977.60135177111,6954.78738691435,6966.194369342729,6978.31635714957,0.0,0.0,0.0,0.0,0.0,0.0
1770908400.0,6967.0,6975.25,6962.25,6965.25,6966.98111832563,6973.27294244038,6978.283594445929,,,,6977.60135177111,6954.78738691435,6966.194369342729,6977.485195614579,0.0,0.0,0.0,0.0,0.0,0.0
1770908700.0,6965.25,6971.25,6960.25,6962.75,6963.370556488379,6970.022345458139,6976.55495725523,,,,6977.60135177111,6954.78738691435,6966.194369342729,6976.7508613978,0.0,0.0,0.0,0.0,0.0,0.0
1770909000.0,6963.0,6973.0,6961.0,6972.5,6966.10925942549,6969.8095677109295,6975.958468250969,,,,6977.60135177111,6954.78738691435,6966.194369342729,6976.32633106426,0.0,0.0,0.0,0.0,0.0,0.0
1770909300.0,6972.5,6975.0,6966.75,6967.0,6965.437086746219,6968.320761246569,6974.839328753999,,,,6977.60135177111,6954.78738691435,6966.194369342729,6976.034646131529,0.0,0.0,0.0,0.0,0.0,0.0
1770909600.0,6966.75,6976.0,6964.0,6969.25,6966.31095501602,6967.706149764949,6974.035893997459,,,,6977.60135177111,6954.78738691435,6966.194369342729,6975.76896618854,0.0,0.0,0.0,0.0,0.0,0.0
1770909900.0,6969.25,6972.5,6965.75,6969.5,6967.167026311569,6967.3188424072,6973.3199962380895,,,,6977.60135177111,6954.78738691435,6966.194369342729,6975.584564451339,0.0,0.0,0.0,0.0,0.0,0.0
1770910200.0,6969.75,6974.0,6958.0,6958.25,6962.357617931069,6964.2589143203595,6971.49735988249,6992.75,6960.25,6976.5,6977.60135177111,6954.78738691435,6966.194369342729,6975.11556841074,0.0,0.0,0.0,0.0,0.0,0.0
1770910500.0,6958.25,6960.25,6948.25,6950.25,6955.53080148455,6959.80396604365,6968.98248696673,6992.75,6960.25,6976.5,6977.60135177111,6954.78738691435,6966.194369342729,6973.9951250614795,0.0,0.0,0.0,0.0,0.0,0.0
1770910800.0,6950.25,6952.0,6941.75,6942.5,6947.62881460679,6954.273344769669,6965.85142622656,6992.75,6960.25,6976.5,6977.60135177111,6954.78738691435,6966.194369342729,6972.52828522821,0.0,0.0,0.0,0.0,0.0,0.0
1770911100.0,6942.25,6947.75,6940.75,6943.75,6943.543116586679,6950.1121847409795,6963.07980747832,6992.75,6960.25,6976.5,6977.60135177111,6954.78738691435,6966.194369342729,6971.363839686949,0.0,0.0,0.0,0.0,0.0,0.0
1770911400.0,6943.75,6946.75,6933.5,6933.75,6936.47792612308,6944.30346274492,6959.48179886386,6992.75,6960.25,6976.5,6977.60135177111,6954.78738691435,6966.194369342729,6970.08242753131,0.0,0.0,0.0,0.0,0.0,0.0
1770911700.0,6933.75,6935.0,6924.25,6925.0,6928.170191927639,6937.462212538319,6955.24693361543,6992.75,6960.25,6976.5,6977.60135177111,6954.78738691435,6966.194369342729,6967.74889680197,0.0,0.0,0.0,0.0,0.0,0.0
1770912000.0,6925.0,6926.25,6917.75,6919.75,6920.8629181624,6930.66178752579,6950.78456121001,6992.75,6960.25,6976.5,6977.60135177111,6954.78738691435,6966.194369342729,6964.665008569609,0.0,0.0,0.0,0.0,0.0,0.0
1770912300.0,6919.75,6921.0,6906.5,6908.5,6911.344933263709,6922.42783627881,6945.493670063949,6992.75,6960.25,6976.5,6977.60135177111,6954.78738691435,6966.194369342729,6961.572931951199,0.0,0.0,0.0,0.0,0.0,0.0
1770912600.0,6908.5,6909.75,6898.5,6901.5,6902.566175228049,6914.09305739691,6939.87524042626,6992.75,6960.25,6976.5,6977.60135177111,6954.78738691435,6966.194369342729,6958.047475075259,0.0,0.0,0.0,0.0,0.0,0.0
1770912900.0,6901.25,6903.0,6889.25,6893.25,6893.73236278014,6905.3932953843,6933.82701604819,6992.75,6960.25,6976.5,6977.60135177111,6954.78738691435,6966.194369342729,6954.753803099919,0.0,0.0,0.0,0.0,0.0,0.0
1770913200.0,6893.25,6894.75,6881.75,6888.0,6886.3912200655095,6897.166723601819,6927.693433958199,6992.75,6960.25,6976.5,6977.60135177111,6954.78738691435,6966.194369342729,6950.680114912169,0.0,0.0,0.0,0.0,0.0,0.0
1770913500.0,6888.0,6889.0,6873.5,6874.0,6875.77467333611,6887.1821106711595,6920.58039279632,6992.75,6960.25,6976.5,6977.60135177111,6954.78738691435,6966.194369342729,6946.97383332498,0.0,0.0,0.0,0.0,0.0,0.0
1770913800.0,6874.0,6888.75,6873.0,6883.5,6874.583043224319,6881.6173322574095,6914.99028786213,6992.75,6960.25,6976.5,6977.60135177111,6954.78738691435,6966.194369342729,6943.111239375189,0.0,0.0,0.0,0.0,0.0,0.0
1770914100.0,6883.5,6896.25,6882.0,6893.75,6879.766235606569,6879.91203943004,6910.89816042824,6992.75,6960.25,6976.5,6977.60135177111,6954.78738691435,6966.194369342729,6940.952674624749,0.0,0.0,0.0,0.0,0.0,0.0
1770914400.0,6893.75,6896.5,6885.25,6887.25,6880.67815521317,6877.22980266924,6906.47065796826,6992.75,6960.25,6976.5,6977.60135177111,6954.78738691435,6966.194369342729,6939.42901395391,0.0,0.0,0.0,0.0,0.0,0.0
1770914700.0,6887.25,6891.5,6878.5,6883.25,6879.90491827784,6874.35389618905,6901.9922329456695,6992.75,6960.25,6976.5,6977.60135177111,6954.78738691435,6966.194369342729,6937.90314742976,0.0,0.0,0.0,0.0,0.0,0.0
1770915000.0,6883.25,6887.25,6876.75,6880.25,6878.448058488089,6871.56167076468,6897.572444029989,6992.75,6960.25,6976.5,6977.60135177111,6954.78738691435,6966.194369342729,6936.50307539123,0.0,0.0,0.0,0.0,0.0,0.0
1770915300.0,6880.0,6885.5,6879.5,6884.5,6880.03311274712,6870.636972292379,6893.95911852262,6992.75,6960.25,6976.5,6977.60135177111,6954.78738691435,6966.194369342729,6935.513672018609,0.0,0.0,0.0,0.0,0.0,0.0
1770915600.0,6884.5,6884.75,6871.75,6882.25,6880.3165164542,6869.62985881816,6890.42598857096,6992.75,6960.25,6976.5,6977.60135177111,6954.78738691435,6966.194369342729,6934.006467807049,0.0,0.0,0.0,0.0,0.0,0.0
1770915900.0,6882.25,6889.25,6874.0,6886.5,6882.85746896151,6870.1578134558295,6887.641037818949,6992.75,6960.25,6976.5,6977.60135177111,6954.78738691435,6966.194369342729,6932.90803423279,0.0,0.0,0.0,0.0,0.0,0.0
1770916200.0,6886.5,6886.5,6874.25,6876.25,6879.685167642089,6868.3321194869595,6884.054412327059,6992.75,6960.25,6976.5,6977.60135177111,6954.78738691435,6966.194369342729,6931.98724452373,0.0,0.0,0.0,0.0,0.0,0.0
1770916500.0,6876.25,6879.5,6872.75,6873.25,6876.36211835947,6866.35080251809,6880.47310229496,6992.75,6960.25,6976.5,6977.60135177111,6954.78738691435,6966.194369342729,6931.077691894509,0.0,0.0,0.0,0.0,0.0,0.0
1770916800.0,6873.25,6888.25,6873.25,6886.75,6881.0225862982,6868.3373270394595,6878.60387173239,6992.75,6960.25,6976.5,6977.60135177111,6954.78738691435,6966.194369342729,6930.20269725152,0.0,0.0,0.0,0.0,0.0,0.0
1770917100.0,6886.75,6890.75,6876.75,6879.25,6880.4877456982495,6868.36455171339,6876.15693905763,6992.75,6960.25,6976.5,6977.60135177111,6954.78738691435,6966.194369342729,6929.303847706649,0.0,0.0,0.0,0.0,0.0,0.0
1770917400.0,6879.5,6886.25,6876.75,6885.0,6883.02462858331,6870.047667924459,6874.54282712204,6992.75,6960.25,6976.5,6977.60135177111,6954.78738691435,6966.194369342729,6928.62635025882,0.0,0.0,0.0,0.0,0.0,0.0
1770917700.0,6885.0,6894.0,6884.75,6886.5,6885.410201043979,6872.02392257782,6873.26415045251,6992.75,6960.25,6976.5,6977.60135177111,6954.78738691435,6966.194369342729,6928.022564881409,0.0,0.0,0.0,0.0,0.0,0.0
1770918000.0,6886.5,6892.0,6883.25,6889.25,6888.244921423089,6874.5310567394,6872.426422656809,6992.75,6960.25,6976.5,6977.60135177111,6954.78738691435,6966.194369342729,6927.5411352231495,0.0,0.0,0.0,0.0,0.0,0.0
1770918300.0,6889.5,6892.0,6879.0,6882.5,6886.672835245649,6875.09125423117,6871.0162966258695,6992.75,6960.25,6976.5,6977.60135177111,6954.78738691435,6966.194369342729,6926.974909372329,0.0,0.0,0.0,0.0,0.0,0.0
1770918600.0,6882.5,6887.25,6873.25,6875.25,6882.02857839173,6873.899653040529,6869.02183201867,6992.75,6960.25,6976.5,6977.60135177111,6954.78738691435,6966.194369342729,6926.310438187769,0.0,0.0,0.0,0.0,0.0,0.0
1770918900.0,6875.25,6878.0,6867.0,6867.75,6875.36414423713,6871.18963810193,6866.458238770299,6992.75,6960.25,6976.5,6977.60135177111,6954.78738691435,6966.194369342729,6925.50843008534,0.0,0.0,0.0,0.0,0.0,0.0
1770919200.0,6867.75,6874.25,6862.25,6869.25,6871.90956730276,6869.462836594609,6864.29621929031,6992.75,6960.25,6976.5,6977.60135177111,6954.78738691435,6966.194369342729,6924.35498940862,0.0,0.0,0.0,0.0,0.0,0.0
1770919500.0,6869.25,6879.25,6868.75,6871.5,6870.958436727909,6868.736246538379,6862.58569242426,6992.75,6960.25,6976.5,6977.60135177111,6954.78738691435,6966.194369342729,6923.71497240523,0.0,0.0,0.0,0.0,0.0,0.0
1770919800.0,6871.75,6873.75,6868.5,6871.0,6870.284320775079,6868.14864934188,6861.01094619919,6992.75,6960.25,6976.5,6977.60135177111,6954.78738691435,6966.194369342729,6923.261285196239,0.0,0.0,0.0,0.0,0.0,0.0
1770920100.0,6871.0,6871.25,6862.25,6864.25,6866.725869801629,6866.115379510879,6858.916403992,6992.75,6960.25,6976.5,6977.60135177111,6954.78738691435,6966.194369342729,6922.69203830249,0.0,0.0,0.0,0.0,0.0,0.0
1770920400.0,6864.0,6875.75,6864.0,6873.75,6869.26891124045,6866.92583120562,6858.01827631383,6992.75,6960.25,6976.5,6977.60135177111,6954.78738691435,6966.194369342729,6922.19494462433,0.0,0.0,0.0,0.0,0.0,0.0
1770920700.0,6873.5,6875.5,6860.0,6869.5,6868.985289194779,6866.660904757599,6856.811231697249,6992.75,6960.25,6976.5,6977.60135177111,6954.78738691435,6966.194369342729,6921.140504004909,0.0,0.0,0.0,0.0,0.0,0.0
1770921000.0,6869.75,6873.75,6865.75,6871.5,6869.89602982425,6867.05163095598,6855.96242342943,6992.75,6960.25,6976.5,6977.60135177111,6954.78738691435,6966.194369342729,6920.432064551959,0.0,0.0,0.0,0.0,0.0,0.0
1770921300.0,6871.75,6880.5,6870.0,6880.5,6874.96039887933,6869.716578419059,6856.16970599193,6992.75,6960.25,6976.5,6977.60135177111,6954.78738691435,6966.194369342729,6919.9658787933695,0.0,0.0,0.0,0.0,0.0,0.0
1770921600.0,6880.5,6887.5,6876.75,6886.5,6881.14104811556,6873.499776306579,6857.04778706652,6992.75,6960.25,6976.5,6977.60135177111,6954.78738691435,6966.194369342729,6919.554455249479,0.0,0.0,0.0,0.0,0.0,0.0
1770921900.0,6886.75,6888.75,6883.25,6884.0,6883.76931689905,6876.07070636059,6857.669229870249,6992.75,6960.25,6976.5,6977.60135177111,6954.78738691435,6966.194369342729,6919.241167278829,0.0,0.0,0.0,0.0,0.0,0.0
1770922200.0,6884.0,6891.5,6881.75,6888.5,6887.463272402049,6879.35948962908,6858.773633742429,6992.75,6960.25,6976.5,6977.60135177111,6954.78738691435,6966.194369342729,6918.94219620272,0.0,0.0,0.0,0.0,0.0,0.0
1770922500.0,6888.5,6890.75,6881.0,6885.0,6887.890981953929,6881.2332026072,6859.49822201509,6992.75,6960.25,6976.5,6977.60135177111,6954.78738691435,6966.194369342729,6918.551196976179,0.0,0.0,0.0,0.0,0.0,0.0
1770922800.0,6885.25,6889.5,6881.25,6883.0,6886.9467639298,6882.294452328139,6860.02267704678,6992.75,6960.25,6976.5,6977.60135177111,6954.78738691435,6966.194369342729,6918.2140401148,0.0,0.0,0.0,0.0,0.0,0.0
1770923100.0,6882.75,6887.5,6882.5,6882.75,6886.01274354982,6883.10971673666,6860.54018507721,6992.75,6960.25,6976.5,6977.60135177111,6954.78738691435,6966.194369342729,6917.98386442016,0.0,0.0,0.0,0.0,0.0,0.0
1770923400.0,6882.75,6884.5,6874.0,6879.5,6883.66498053477,6882.9690320649,6860.73952329764,6992.75,6960.25,6976.5,6977.60135177111,6954.78738691435,6966.194369342729,6917.60290298754,0.0,0.0,0.0,0.0,0.0,0.0
1770923700.0,6879.5,6889.75,6879.5,6888.5,6886.44422879984,6885.08149774064,6861.90773125075,6992.75,6960.25,6976.5,6977.60135177111,6954.78738691435,6966.194369342729,6917.33862499647,0.0,0.0,0.0,0.0,0.0,0.0
1770924000.0,6888.75,6892.25,6887.0,6890.0,6888.85191119038,6887.184633900049,6863.199917072189,6992.75,6960.25,6976.5,6977.60135177111,6954.78738691435,6966.194369342729,6917.11246946875,0.0,0.0,0.0,0.0,0.0,0.0
1770924300.0,6890.0,6891.0,6878.25,6879.75,6885.25013759502,6886.346777293759,6863.390761203909,6992.75,6960.25,6976.5,6977.60135177111,6954.78738691435,6966.194369342729,6916.7192783744595,0.0,0.0,0.0,0.0,0.0,0.0
1770924600.0,6879.5,6889.0,6879.5,6886.25,6886.01010588803,6887.240614159889,6864.287156152949,6992.75,6960.25,6976.5,6977.60135177111,6954.78738691435,6966.194369342729,6916.4601906750995,0.0,0.0,0.0,0.0,0.0,0.0
1770924900.0,6886.5,6891.75,6885.25,6891.25,6888.87016847831,6889.19229769426,6865.683064367069,6992.75,6960.25,6976.5,6977.60135177111,6954.78738691435,6966.194369342729,6916.285798711479,0.0,0.0,0.0,0.0,0.0,0.0
1770925200.0,6891.25,6893.75,6886.0,6888.25,6889.14307149157,6890.02181908059,6866.714587653109,6992.75,6960.25,6976.5,6977.60135177111,6954.78738691435,6966.194369342729,6916.0670224694795,0.0,0.0,0.0,0.0,0.0,0.0
1770925500.0,6888.5,6896.0,6888.5,6895.75,6892.8678223161005,6892.5289143737,6868.490610846369,6992.75,6960.25,6976.5,6977.60135177111,6954.78738691435,6966.194369342729,6915.87825919768,0.0,0.0,0.0,0.0,0.0,0.0
1770925800.0,6895.25,6898.0,6891.0,6891.75,6893.16360255571,6893.55522457162,6869.76814265667,6992.75,6960.25,6976.5,6977.60135177111,6954.78738691435,6966.194369342729,6915.664058810809,0.0,0.0,0.0,0.0,0.0,0.0
1770926100.0,6891.75,6896.25,6886.0,6889.75,6892.221679890469,6893.84794653821,6870.78671939946,6992.75,6960.25,6976.5,6977.60135177111,6954.78738691435,6966.194369342729,6915.36608057757,0.0,0.0,0.0,0.0,0.0,0.0
1770926400.0,6890.0,6893.0,6887.75,6892.25,6892.71223985602,6894.65211812252,6872.02782381144,6992.75,6960.25,6976.5,6977.60135177111,6954.78738691435,6966.194369342729,6915.19820848521,0.0,0.0,0.0,0.0,0.0,0.0
1770926700.0,6892.25,6893.75,6884.5,6885.5,6889.6275147732695,6893.57790366662,6872.51798132687,6992.75,6960.25,6976.5,6977.60135177111,6954.78738691435,6966.194369342729,6915.030063720529,0.0,0.0,0.0,0.0,0.0,0.0
1770927000.0,6885.5,6887.25,6880.0,6886.5,6888.080035036201,6892.881477869059,6873.109412135749,6992.75,6960.25,6976.5,6977.60135177111,6954.78738691435,6966.194369342729,6914.7879287713295,0.0,0.0,0.0,0.0,0.0,0.0
1770927300.0,6886.5,6886.75,6878.5,6879.5,6883.66792252848,6890.514125234679,6872.9668895689,6992.75,6960.25,6976.5,6977.60135177111,6954.78738691435,6966.194369342729,6914.556851616069,0.0,0.0,0.0,0.0,0.0,0.0
1770927600.0,6879.25,6879.5,6873.5,6875.5,6878.95063436278,6887.5212631860295,6872.45104410059,6992.75,6960.25,6976.5,6977.60135177111,6954.78738691435,6966.194369342729,6914.18911061545,0.0,0.0,0.0,0.0,0.0,0.0
1770927900.0,6875.5,6876.0,6869.0,6870.25,6873.51408915451,6883.71510139738,6871.458384839199,6992.75,6960.25,6976.5,6977.60135177111,6954.78738691435,6966.194369342729,6913.82830171768,0.0,0.0,0.0,0.0,0.0,0.0
1770928200.0,6870.0,6872.0,6863.25,6867.25,6868.80057232888,6879.81369255694,6870.254802371969,6992.75,6960.25,6976.5,6977.60135177111,6954.78738691435,6966.194369342729,6913.28219143773,0.0,0.0,0.0,0.0,0.0,0.0
1770928500.0,6867.5,6869.75,6865.25,6867.25,6866.08704720638,6876.598334001759,6869.165336500039,6992.75,6960.25,6976.5,6977.60135177111,6954.78738691435,6966.194369342729,6912.942418666889,0.0,0.0,0.0,0.0,0.0,0.0
1770928800.0,6867.25,6871.75,6862.25,6864.75,6863.469028070989,6873.344566781269,6867.9237695808,6992.75,6960.25,6976.5,6977.60135177111,6954.78738691435,6966.194369342729,6912.49707680056,0.0,0.0,0.0,0.0,0.0,0.0
1770929100.0,6865.0,6865.75,6854.0,6856.75,6858.2384297665,6868.70527255233,6865.972487364739,6992.75,6960.25,6976.5,6977.60135177111,6954.78738691435,6966.194369342729,6911.768047707579,0.0,0.0,0.0,0.0,0.0,0.0
1770929400.0,6856.75,6856.75,6842.0,6855.5,6854.66426571297,6864.61638090798,6864.05952541412,6992.75,6960.25,6976.5,6977.60135177111,6954.78738691435,6966.194369342729,6910.0538482659595,0.0,0.0,0.0,0.0,0.0,0.0
1770929700.0,6855.5,6856.5,6847.5,6850.5,6850.3565949318,6860.067716044,6861.7954023455595,6992.75,6960.25,6976.5,6977.60135177111,6954.78738691435,6966.194369342729,6907.18473642867,0.0,0.0,0.0,0.0,0.0,0.0
1770930000.0,6850.75,6852.0,6846.75,6850.75,6848.164513707849,6856.4615137458195,6859.74833049807,6992.75,6960.25,6976.5,6977.60135177111,6954.78738691435,6966.194369342729,6906.295207358449,0.0,0.0,0.0,0.0,0.0,0.0
1770930300.0,6851.0,6855.75,6849.0,6854.75,6849.1602746748495,6854.5814897521595,6858.2916527260695,6992.75,6960.25,6976.5,6977.60135177111,6954.78738691435,6966.194369342729,6906.03782654662,0.0,0.0,0.0,0.0,0.0,0.0
1770930600.0,6854.5,6857.0,6853.5,6856.0,6850.803369505619,6853.4515615951395,6857.10032127846,6992.75,6960.25,6976.5,6977.60135177111,6954.78738691435,6966.194369342729,6905.895424220669,0.0,0.0,0.0,0.0,0.0,0.0
1770930900.0,6856.0,6857.5,6854.0,6857.0,6852.656590456219,6852.880365254739,6856.13013827107,6992.75,6960.25,6976.5,6977.60135177111,6954.78738691435,6966.194369342729,6905.8043376080695,0.0,0.0,0.0,0.0,0.0,0.0
1770931200.0,6856.75,6858.5,6856.25,6857.75,6854.441408277649,6852.70647059571,6855.33980400719,6992.75,6960.25,6976.5,6977.60135177111,6954.78738691435,6966.194369342729,6905.7461891228195,0.0,0.0,0.0,0.0,0.0,0.0
1770931500.0,6858.0,6859.75,6856.5,6859.5,6856.598051377289,6853.105067255399,6854.81995445651,6992.75,6960.25,6976.5,6977.60135177111,6954.78738691435,6966.194369342729,6905.709457536879,0.0,0.0,0.0,0.0,0.0,0.0
1770931800.0,6859.5,6863.0,6859.0,6862.25,6859.413993726,6854.21875013222,6854.6546857330295,6992.75,6960.25,6976.5,6977.60135177111,6954.78738691435,6966.194369342729,6905.65566304178,0.0,0.0,0.0,0.0,0.0,0.0
1770932100.0,6862.25,6864.0,6862.0,6862.0,6861.11932733616,6855.167777334989,6854.508497811799,6992.75,6960.25,6976.5,6977.60135177111,6954.78738691435,6966.194369342729,6905.61884742579,0.0,0.0,0.0,0.0,0.0,0.0
1770932400.0,6862.0,6863.0,6860.75,6861.75,6862.05971995803,6855.97030318938,6854.379371950649,6992.75,6960.25,6976.5,6977.60135177111,6954.78738691435,6966.194369342729,6905.567409247449,0.0,0.0,0.0,0.0,0.0,0.0
1770932700.0,6862.0,6863.25,6860.25,6863.25,6863.336184201559,6857.07778775673,6854.446312118879,6992.75,6960.25,6976.5,6977.60135177111,6954.78738691435,6966.194369342729,6905.51653715864,0.0,0.0,0.0,0.0,0.0,0.0
1770933000.0,6863.25,6865.0,6863.0,6863.5,6864.19727536045,6858.11731507661,6854.565604339329,6992.75,6960.25,6976.5,6977.60135177111,6954.78738691435,6966.194369342729,6905.477311134179,0.0,0.0,0.0,0.0,0.0,0.0
1770933300.0,6863.5,6863.5,6860.75,6861.75,6863.80056381658,6858.594070112899,6854.52600889021,6992.75,6960.25,6976.5,6977.60135177111,6954.78738691435,6966.194369342729,6905.43218174234,0.0,0.0,0.0,0.0,0.0,0.0
1770937200.0,6865.5,6865.5,6856.5,6858.5,6861.87071077894,6858.22548648666,6854.182845876299,6992.75,6960.25,6976.5,6977.60135177111,6954.78738691435,6966.194369342729,6860.16666666667,0.0,0.0,0.0,0.0,0.0,0.0
1770937500.0,6858.25,6864.0,6855.0,6863.5,6863.01762832617,6859.20653617626,6854.409566524169,6992.75,6960.25,6976.5,6977.60135177111,6954.78738691435,6966.194369342729,6860.47888804778,0.0,0.0,0.0,0.0,0.0,0.0
1770937800.0,6863.75,6865.5,6862.25,6862.5,6863.216431961319,6859.8063043026,6854.54533962536,6992.75,6960.25,6976.5,6977.60135177111,6954.78738691435,6966.194369342729,6861.01962802828,0.0,0.0,0.0,0.0,0.0,0.0
1770938100.0,6862.5,6867.0,6861.75,6862.5,6863.28739423976,6860.33305914608,6854.69904734321,6992.75,6960.25,6976.5,6977.60135177111,6954.78738691435,6966.194369342729,6861.544542380399,0.0,0.0,0.0,0.0,0.0,0.0
1770938400.0,6862.5,6863.5,6860.25,6861.75,6862.91322251267,6860.60780366488,6854.7910957124395,6992.75,6960.25,6976.5,6977.60135177111,6954.78738691435,6966.194369342729,6861.583261328729,0.0,0.0,0.0,0.0,0.0,0.0
1770938700.0,6861.75,6864.25,6861.5,6864.0,6863.72675025427,6861.41625576563,6855.1351151995395,6992.75,6960.25,6976.5,6977.60135177111,6954.78738691435,6966.194369342729,6861.73092488078,0.0,0.0,0.0,0.0,0.0,0.0
1770939000.0,6864.25,6865.75,6852.25,6856.75,6860.663959236679,6860.298696830349,6854.730647204849,6992.75,6960.25,6976.5,6977.60135177111,6954.78738691435,6966.194369342729,6860.5860492087295,0.0,0.0,0.0,0.0,0.0,0.0
1770939300.0,6856.75,6859.0,6847.25,6849.5,6855.149711606329,6857.5886019027,6853.62957783554,6992.75,6960.25,6976.5,6977.60135177111,6954.78738691435,6966.194369342729,6858.6612359807195,0.0,0.0,0.0,0.0,0.0,0.0
1770939600.0,6849.75,6854.0,6847.25,6853.0,6853.400602250929,6856.243562082839,6852.991892360809,6992.75,6960.25,6976.5,6977.60135177111,6954.78738691435,6966.194369342729,6857.9990712492,0.0,0.0,0.0,0.0,0.0,0.0
1770939900.0,6853.25,6858.25,6851.5,6857.5,6854.609946247279,6856.283201286369,6852.888512804159,6992.75,6960.25,6976.5,6977.60135177111,6954.78738691435,6966.194369342729,6857.832579033339,0.0,0.0,0.0,0.0,0.0,0.0
1770940200.0,6857.5,6862.0,6857.5,6861.5,6857.4553670141195,6857.34362712159,6853.22993700097,6992.75,6960.25,6976.5,6977.60135177111,6954.78738691435,6966.194369342729,6858.0099317942395,0.0,0.0,0.0,0.0,0.0,0.0
1770940500.0,6861.25,6863.25,6859.75,6860.75,6858.97289239159,6858.0613180234495,6853.4932633278195,6992.75,6960.25,6976.5,6977.60135177111,6954.78738691435,6966.194369342729,6858.18990826462,0.0,0.0,0.0,0.0,0.0,0.0
1770940800.0,6860.5,6868.5,6856.5,6866.5,6862.760929551309,6860.105797302949,6854.354961721149,6992.75,6960.25,6976.5,6977.60135177111,6954.78738691435,6966.194369342729,6858.9717634155595,0.0,0.0,0.0,0.0,0.0,0.0
1770941100.0,6866.0,6868.75,6864.5,6865.75,6864.7734254425195,6861.621766982669,6855.10014422319,6992.75,6960.25,6976.5,6977.60135177111,6954.78738691435,6966.194369342729,6859.369054490479,0.0,0.0,0.0,0.0,0.0,0.0
1770941400.0,6866.0,6867.5,6862.75,6864.0,6865.10935722802,6862.44229982779,6855.632392259239,6992.75,6960.25,6976.5,6977.60135177111,6954.78738691435,6966.194369342729,6859.608179358889,0.0,0.0,0.0,0.0,0.0,0.0
1770941700.0,6863.75,6864.75,6860.75,6861.75,6864.1170764278895,6862.55729874908,6855.913890212139,6992.75,6960.25,6976.5,6977.60135177111,6954.78738691435,6966.194369342729,6859.70888251605,0.0,0.0,0.0,0.0,0.0,0.0
1770942000.0,6861.5,6864.0,6854.25,6855.5,6860.3430113756995,6861.091789639469,6855.547918202879,6992.75,6960.25,6976.5,6977.60135177111,6954.78738691435,6966.194369342729,6859.501234174029,0.0,0.0,0.0,0.0,0.0,0.0
1770942300.0,6855.5,6856.0,6849.5,6852.5,6856.43443146089,6859.1314127325895,6854.915344540999,6992.75,6960.25,6976.5,6977.60135177111,6954.78738691435,6966.194369342729,6859.071882310979,0.0,0.0,0.0,0.0,0.0,0.0
1770942600.0,6852.25,6854.75,6851.0,6851.5,6853.495996795859,6857.26740883407,6854.241496068949,6992.75,6960.25,6976.5,6977.60135177111,6954.78738691435,6966.194369342729,6858.8421480446095,0.0,0.0,0.0,0.0,0.0,0.0
1770942900.0,6851.75,6853.0,6849.5,6852.25,6852.09390572951,6855.92680066836,6853.710179119769,6992.75,6960.25,6976.5,6977.60135177111,6954.78738691435,6966.194369342729,6858.636192303909,0.0,0.0,0.0,0.0,0.0,0.0
1770943200.0,6852.25,6853.75,6845.25,6846.0,6848.28748881077,6853.284560485589,6852.58784794753,6992.75,6960.25,6976.5,6977.60135177111,6954.78738691435,6966.194369342729,6858.07123854705,0.0,0.0,0.0,0.0,0.0,0.0
1770943500.0,6846.0,6847.5,6840.25,6843.75,6844.92962450465,6850.569625237539,6851.32958430242,6992.75,6960.25,6976.5,6977.60135177111,6954.78738691435,6966.194369342729,6857.134045881129,0.0,0.0,0.0,0.0,0.0,0.0
1770943800.0,6843.5,6846.0,6840.75,6842.25,6842.273200027989,6847.99229201967,6850.02290999638,6992.75,6960.25,6976.5,6977.60135177111,6954.78738691435,6966.194369342729,6856.47036024845,0.0,0.0,0.0,0.0,0.0,0.0
1770944100.0,6842.5,6847.0,6842.25,6844.75,6842.047995289379,6846.53385967927,6849.085200128379,6992.75,6960.25,6976.5,6977.60135177111,6954.78738691435,6966.194369342729,6856.068669802569,0.0,0.0,0.0,0.0,0.0,0.0
1770944400.0,6844.75,6852.75,6844.75,6852.5,6845.934612387129,6847.312526076919,6849.033611526929,6992.75,6960.25,6976.5,6977.60135177111,6954.78738691435,6966.194369342729,6855.8142910793795,0.0,0.0,0.0,0.0,0.0,0.0
1770944700.0,6852.5,6859.25,6851.25,6858.0,6851.28279718784,6849.37868124516,6849.5732889396395,6992.75,6960.25,6976.5,6977.60135177111,6954.78738691435,6966.194369342729,6855.83290865402,0.0,0.0,0.0,0.0,0.0,0.0
1770945000.0,6857.75,6859.25,6856.5,6858.5,6855.008831055699,6851.25517396346,6850.14522136876,6992.75,6960.25,6976.5,6977.60135177111,6954.78738691435,6966.194369342729,6855.88499804985,0.0,0.0,0.0,0.0,0.0,0.0
1770945300.0,6858.25,6860.75,6857.0,6859.25,6857.718745475229,6853.0247253608095,6850.772027240279,6992.75,6960.25,6976.5,6977.60135177111,6954.78738691435,6966.194369342729,6855.948933805649,0.0,0.0,0.0,0.0,0.0,0.0
1770945600.0,6859.0,6859.75,6853.75,6853.75,6856.666825673779,6853.1405786818095,6850.80286936624,6992.75,6960.25,6976.5,6977.60135177111,6954.78738691435,6966.194369342729,6855.938371052929,0.0,0.0,0.0,0.0,0.0,0.0
1770945900.0,6853.75,6858.25,6853.0,6856.75,6857.35091180515,6853.9974687361,6851.15739788401,6992.75,6960.25,6976.5,6977.60135177111,6954.78738691435,6966.194369342729,6855.93967909103,0.0,0.0,0.0,0.0,0.0,0.0
1770946200.0,6856.5,6858.5,6854.25,6857.75,6858.183880722029,6854.965722932299,6851.605568917889,6992.75,6960.25,6976.5,6977.60135177111,6954.78738691435,6966.194369342729,6855.954746398829,0.0,0.0,0.0,0.0,0.0,0.0
1770946500.0,6857.5,6859.5,6855.5,6858.5,6858.98497781194,6855.95830660927,6852.114204148679,6992.75,6960.25,6976.5,6977.60135177111,6954.78738691435,6966.194369342729,6855.9787960863,0.0,0.0,0.0,0.0,0.0,0.0
1770946800.0,6858.5,6859.5,6856.25,6857.25,6858.784562606609,6856.4680586409695,6852.47152261994,6992.75,6960.25,6976.5,6977.60135177111,6954.78738691435,6966.194369342729,6855.99759817369,0.0,0.0,0.0,0.0,0.0,0.0
1770947100.0,6856.75,6859.75,6856.0,6858.75,6859.29193978662,6857.258537932719,6852.971623552259,6992.75,6960.25,6976.5,6977.60135177111,6954.78738691435,6966.194369342729,6856.0241257781,0.0,0.0,0.0,0.0,0.0,0.0
1770947400.0,6859.0,6861.5,6855.5,6855.5,6857.942603922899,6857.09632290747,6853.11277802324,6992.75,6960.25,6976.5,6977.60135177111,6954.78738691435,6966.194369342729,6856.0562674618495,0.0,0.0,0.0,0.0,0.0,0.0
1770947700.0,6855.5,6856.0,6851.0,6854.5,6856.52342107924,6856.7047600429,6853.152092996999,6992.75,6960.25,6976.5,6977.60135177111,6954.78738691435,6966.194369342729,6856.00728768931,0.0,0.0,0.0,0.0,0.0,0.0
1770948000.0,6854.5,6862.5,6854.5,6859.75,6858.145884228959,6857.679339815029,6853.74228567008,6992.75,6960.25,6976.5,6977.60135177111,6954.78738691435,6966.194369342729,6856.07934630364,0.0,0.0,0.0,0.0,0.0,0.0
1770948300.0,6859.25,6861.75,6858.0,6861.25,6859.88576688588,6858.848886772689,6854.45648926109,6992.75,6960.25,6976.5,6977.60135177111,6954.78738691435,6966.194369342729,6856.144950752029,0.0,0.0,0.0,0.0,0.0,0.0
1770948600.0,6861.5,6862.25,6860.5,6861.0,6860.817734399079,6859.73921685814,6855.10424723049,6992.75,6960.25,6976.5,6977.60135177111,6954.78738691435,6966.194369342729,6856.188449054,0.0,0.0,0.0,0.0,0.0,0.0
1770948900.0,6861.0,6861.25,6857.5,6858.0,6859.87258286214,6859.71027096933,6855.405097420589,6992.75,6960.25,6976.5,6977.60135177111,6954.78738691435,6966.194369342729,6856.22785848493,0.0,0.0,0.0,0.0,0.0,0.0
1770949200.0,6858.25,6859.5,6856.25,6858.0,6859.20166146846,6859.66623197559,6855.692770650379,6992.75,6960.25,6976.5,6977.60135177111,6954.78738691435,6966.194369342729,6856.24877192413,0.0,0.0,0.0,0.0,0.0,0.0
1770949500.0,6858.0,6859.5,6855.75,6859.25,6859.34130844133,6859.92148364443,6856.09686178808,6992.75,6960.25,6976.5,6977.60135177111,6954.78738691435,6966.194369342729,6856.26258573554,0.0,0.0,0.0,0.0,0.0,0.0
1770949800.0,6859.25,6862.25,6859.25,6861.0,6860.25471266517,6860.54860336526,6856.6603220651,6992.75,6960.25,6976.5,6977.60135177111,6954.78738691435,6966.194369342729,6856.29817366929,0.0,0.0,0.0,0.0,0.0,0.0
1770950100.0,6861.0,6862.25,6860.5,6861.75,6861.169248860901,6861.232919733189,6857.267946823929,6992.75,6960.25,6976.5,6977.60135177111,6954.78738691435,6966.194369342729,6856.3216034547695,0.0,0.0,0.0,0.0,0.0,0.0
1770950400.0,6861.5,6861.75,6856.5,6858.25,6859.997898871,6860.90521500416,6857.47661915556,6992.75,6960.25,6976.5,6977.60135177111,6954.78738691435,6966.194369342729,6856.36485901687,0.0,0.0,0.0,0.0,0.0,0.0
1770950700.0,6858.0,6859.25,6856.25,6858.0,6859.08841236203,6860.549510676829,6857.64968341619,6992.75,6960.25,6976.5,6977.60135177111,6954.78738691435,6966.194369342729,6856.3760283754,0.0,0.0,0.0,0.0,0.0,0.0
1770951000.0,6858.0,6859.25,6857.5,6858.0,6858.49487925334,6860.23548758552,6857.8150962275395,6992.75,6960.25,6976.5,6977.60135177111,6954.78738691435,6966.194369342729,6856.38635591781,0.0,0.0,0.0,0.0,0.0,0.0
1770951300.0,6858.0,6859.0,6857.0,6857.5,6857.87688269487,6859.8340719053795,6857.92135805389,6992.75,6960.25,6976.5,6977.60135177111,6954.78738691435,6966.194369342729,6856.39329169931,0.0,0.0,0.0,0.0,0.0,0.0
1770951600.0,6857.75,6861.0,6857.5,6860.0,6858.71961743063,6860.10900275069,6858.28238465495,6992.75,6960.25,6976.5,6977.60135177111,6954.78738691435,6966.194369342729,6856.420823626149,0.0,0.0,0.0,0.0,0.0,0.0
1770951900.0,6860.0,6860.0,6857.25,6857.5,6858.05284523707,6859.70039840927,6858.36310187621,6992.75,6960.25,6976.5,6977.60135177111,6954.78738691435,6966.194369342729,6856.430713312129,0.0,0.0,0.0,0.0,0.0,0.0
1770952200.0,6857.75,6858.75,6857.0,6857.25,6857.516127041939,6859.28742227931,6858.4153678658395,6992.75,6960.25,6976.5,6977.60135177111,6954.78738691435,6966.194369342729,6856.4367298137695,0.0,0.0,0.0,0.0,0.0,0.0
1770952500.0,6857.25,6858.5,6855.75,6856.0,6856.585686169959,6858.62474145306,6858.33757933783,6992.75,6960.25,6976.5,6977.60135177111,6954.78738691435,6966.194369342729,6856.438965783829,0.0,0.0,0.0,0.0,0.0,0.0
1770952800.0,6856.0,6856.25,6851.75,6852.25,6854.19573964876,6857.137089678519,6857.880289079209,6992.75,6960.25,6976.5,6977.60135177111,6954.78738691435,6966.194369342729,6856.3847384069795,0.0,0.0,0.0,0.0,0.0,0.0
1770953100.0,6852.25,6853.75,6851.5,6853.0,6853.097514756169,6856.09234486647,6857.5352954199,6992.75,6960.25,6976.5,6977.60135177111,6954.78738691435,6966.194369342729,6856.351082931749,0.0,0.0,0.0,0.0,0.0,0.0
1770953400.0,6852.75,6857.0,6852.5,6855.25,6853.58408660822,6855.79286805351,6857.4499176566,6992.75,6960.25,6976.5,6977.60135177111,6954.78738691435,6966.194369342729,6856.3373286519,0.0,0.0,0.0,0.0,0.0,0.0
1770953700.0,6855.5,6856.0,6854.25,6855.5,6854.102798228029,6855.61492310549,6857.39922104946,6992.75,6960.25,6976.5,6977.60135177111,6954.78738691435,6966.194369342729,6856.33158945305,0.0,0.0,0.0,0.0,0.0,0.0
1770954000.0,6855.5,6855.5,6852.75,6854.25,6853.88919701466,6855.165139866879,6857.2256147802,6992.75,6960.25,6976.5,6977.60135177111,6954.78738691435,6966.194369342729,6856.321421433569,0.0,0.0,0.0,0.0,0.0,0.0
1770954300.0,6854.25,6855.0,6851.5,6852.0,6852.70775258077,6854.24311008427,6856.83428480559,6992.75,6960.25,6976.5,6977.60135177111,6954.78738691435,6966.194369342729,6856.29522827848,0.0,0.0,0.0,0.0,0.0,0.0
1770954600.0,6852.0,6853.0,6847.75,6848.5,6850.30398061846,6852.6228032687395,6856.11136996767,6992.75,6960.25,6976.5,6977.60135177111,6954.78738691435,6966.194369342729,6856.21200294688,0.0,0.0,0.0,0.0,0.0,0.0
1770954900.0,6848.25,6848.75,6846.5,6847.0,6848.12193740072,6850.9283639776895,6855.287146947449,6992.75,6960.25,6976.5,6977.60135177111,6954.78738691435,6966.194369342729,6856.12213284228,0.0,0.0,0.0,0.0,0.0,0.0
1770955200.0,6847.25,6848.0,6845.75,6847.25,6846.969376295649,6849.615004159619,6854.55006861512,6992.75,6960.25,6976.5,6977.60135177111,6954.78738691435,6966.194369342729,6856.03618239089,0.0,0.0,0.0,0.0,0.0,0.0
1770955500.0,6847.5,6849.25,6847.0,6848.0,6846.73602137682,6848.746932563319,6853.94616308008,6992.75,6960.25,6976.5,6977.60135177111,6954.78738691435,6966.194369342729,6855.987831531689,0.0,0.0,0.0,0.0,0.0,0.0
1770955800.0,6848.25,6851.25,6847.75,6851.0,6848.183680765899,6848.8100792304995,6853.69901612104,6992.75,6960.25,6976.5,6977.60135177111,6954.78738691435,6966.194369342729,6855.94270974259,0.0,0.0,0.0,0.0,0.0,0.0
1770956100.0,6851.0,6858.0,6851.0,6854.25,6850.79799345802,6849.705082124259,6853.80959948659,6992.75,6960.25,6976.5,6977.60135177111,6954.78738691435,6966.194369342729,6855.914860317879,0.0,0.0,0.0,0.0,0.0,0.0
1770956400.0,6854.5,6855.5,6852.25,6853.75,6852.27336017367,6850.35076575035,6853.865077556209,6992.75,6960.25,6976.5,6977.60135177111,6954.78738691435,6966.194369342729,6855.90249317842,0.0,0.0,0.0,0.0,0.0,0.0
1770956700.0,6853.75,6855.25,6853.75,6854.75,6853.70396152954,6851.1580299731095,6854.02410874997,6992.75,6960.25,6976.5,6977.60135177111,6954.78738691435,6966.194369342729,6855.896097483,0.0,0.0,0.0,0.0,0.0,0.0
1770957000.0,6854.5,6855.0,6851.25,6851.25,6852.87922878796,6850.97479635651,6853.81403560132,6992.75,6960.25,6976.5,6977.60135177111,6954.78738691435,6966.194369342729,6855.87653276725,0.0,0.0,0.0,0.0,0.0,0.0
1770957300.0,6851.5,6852.25,6848.75,6849.5,6851.462503363309,6850.40554291,6853.441486650519,6992.75,6960.25,6976.5,6977.60135177111,6954.78738691435,6966.194369342729,6855.8409526591395,0.0,0.0,0.0,0.0,0.0,0.0
1770957600.0,6849.5,6851.75,6849.0,6849.5,6850.546317102179,6849.9532853192495,6853.098814080609,6992.75,6960.25,6976.5,6977.60135177111,6954.78738691435,6966.194369342729,6855.7966729789,0.0,0.0,0.0,0.0,0.0,0.0
1770957900.0,6849.75,6851.0,6848.0,6849.5,6849.97331972711,6849.599121309079,6852.78404589945,6992.75,6960.25,6976.5,6977.60135177111,6954.78738691435,6966.194369342729,6855.75917934402,0.0,0.0,0.0,0.0,0.0,0.0
1770958200.0,6849.5,6850.75,6847.75,6848.75,6849.26584023089,6849.140316835799,6852.417802637619,6992.75,6960.25,6976.5,6977.60135177111,6954.78738691435,6966.194369342729,6855.711900342029,0.0,0.0,0.0,0.0,0.0,0.0
1770958500.0,6848.75,6850.75,6848.5,6848.75,6848.84695703442,6848.78233291752,6852.081325690089,6992.75,6960.25,6976.5,6977.60135177111,6954.78738691435,6966.194369342729,6855.67777784804,0.0,0.0,0.0,0.0,0.0,0.0
1770958800.0,6849.0,6851.0,6846.75,6850.25,6849.350623339559,6848.881438198019,6851.9276863039795,6992.75,6960.25,6976.5,6977.60135177111,6954.78738691435,6966.194369342729,6855.63292417488,0.0,0.0,0.0,0.0,0.0,0.0
1770959100.0,6850.0,6850.5,6847.25,6849.5,6849.33944870708,6848.7980757827,6851.711522431049,6992.75,6960.25,6976.5,6977.60135177111,6954.78738691435,6966.194369342729,6855.60214533002,0.0,0.0,0.0,0.0,0.0,0.0
1770959400.0,6849.5,6849.5,6846.5,6846.5,6847.891122086659,6848.0030818597,6851.204637641599,6992.75,6960.25,6976.5,6977.60135177111,6954.78738691435,6966.194369342729,6855.56234298435,0.0,0.0,0.0,0.0,0.0,0.0
1770959700.0,6846.5,6847.0,6843.0,6844.0,6845.77847064025,6846.74528569934,6850.47923518248,6992.75,6960.25,6976.5,6977.60135177111,6954.78738691435,6966.194369342729,6855.41265874281,0.0,0.0,0.0,0.0,0.0,0.0
1770960000.0,6844.0,6844.25,6839.5,6839.75,6842.4171728682295,6844.67358582592,6849.370094133459,6992.75,6960.25,6976.5,6977.60135177111,6954.78738691435,6966.194369342729,6855.12703339984,0.0,0.0,0.0,0.0,0.0,0.0
1770960300.0,6839.75,6840.75,6836.0,6836.75,6838.9128057628395,6842.246811119429,6848.03391011827,6992.75,6960.25,6976.5,6977.60135177111,6954.78738691435,6966.194369342729,6854.812127523989,0.0,0.0,0.0,0.0,0.0,0.0
1770960600.0,6836.75,6839.25,6835.0,6838.0,6837.44433889163,6840.592694843979,6846.926709634249,6992.75,6960.25,6976.5,6977.60135177111,6954.78738691435,6966.194369342729,6854.49687624323,0.0,0.0,0.0,0.0,0.0,0.0
1770960900.0,6838.25,6841.5,6836.25,6836.5,6835.963418783799,6838.900895128059,6845.748977835259,6992.75,6960.25,6976.5,6977.60135177111,6954.78738691435,6966.194369342729,6854.263827332539,0.0,0.0,0.0,0.0,0.0,0.0
1770961200.0,6836.75,6840.5,6835.0,6838.5,6836.1864309597395,6838.053844815289,6844.8681464169795,6992.75,6960.25,6976.5,6977.60135177111,6954.78738691435,6966.194369342729,6854.052046809999,0.0,0.0,0.0,0.0,0.0,0.0
1770961500.0,6838.25,6842.25,6838.25,6841.0,6837.72917175102,6838.03245499692,6844.31567916704,6992.75,6960.25,6976.5,6977.60135177111,6954.78738691435,6966.194369342729,6853.91756708488,0.0,0.0,0.0,0.0,0.0,0.0
1770961800.0,6841.0,6841.0,6836.0,6836.0,6836.41333517704,6836.82721177791,6843.2936728573695,6992.75,6960.25,6976.5,6977.60135177111,6954.78738691435,6966.194369342729,6853.771596607669,0.0,0.0,0.0,0.0,0.0,0.0
1770962100.0,6836.0,6840.75,6836.0,6838.0,6836.6634473143195,6836.384314109159,6842.5590013477895,6992.75,6960.25,6976.5,6977.60135177111,6954.78738691435,6966.194369342729,6853.64506416657,0.0,0.0,0.0,0.0,0.0,0.0
1770962400.0,6838.0,6841.5,6836.5,6837.5,6836.6880059509895,6835.9505757671295,6841.8335679455795,6992.75,6960.25,6976.5,6977.60135177111,6954.78738691435,6966.194369342729,6853.500560560449,0.0,0.0,0.0,0.0,0.0,0.0
1770962700.0,6837.5,6841.0,6837.5,6839.5,6837.76902304951,6836.14505278164,6841.37546716173,6992.75,6960.25,6976.5,6977.60135177111,6954.78738691435,6966.194369342729,6853.428111553179,0.0,0.0,0.0,0.0,0.0,0.0
1770963000.0,6840.0,6841.5,6837.75,6838.75,6838.15836891786,6836.17220561607,6840.88191843346,6992.75,6960.25,6976.5,6977.60135177111,6954.78738691435,6966.194369342729,6853.324945085999,0.0,0.0,0.0,0.0,0.0,0.0
1770963300.0,6839.0,6841.75,6837.5,6840.75,6839.42182019471,6836.741365870819,6840.63977582707,6992.75,6960.25,6976.5,6977.60135177111,6954.78738691435,6966.194369342729,6853.216293918939,0.0,0.0,0.0,0.0,0.0,0.0
1770963600.0,6841.0,6841.0,6835.0,6836.25,6838.0480399463695,6836.13762761808,6839.95958168163,6992.75,6960.25,6976.5,6977.60135177111,6954.78738691435,6966.194369342729,6853.040500426319,0.0,0.0,0.0,0.0,0.0,0.0
1770963900.0,6836.25,6836.25,6830.5,6832.5,6835.350485983389,6834.7485247904,6838.94969766262,6992.75,6960.25,6976.5,6977.60135177111,6954.78738691435,6966.194369342729,6852.52039996856,0.0,0.0,0.0,0.0,0.0,0.0
1770964200.0,6832.5,6833.0,6827.5,6830.5,6832.69690160278,6833.147888595249,6837.814555125469,6992.75,6960.25,6976.5,6977.60135177111,6954.78738691435,6966.194369342729,6851.97092523346,0.0,0.0,0.0,0.0,0.0,0.0
1770964500.0,6830.5,6830.75,6824.25,6827.75,6829.75022721112,6831.19051946698,6836.48601580083,6992.75,6960.25,6976.5,6977.60135177111,6954.78738691435,6966.194369342729,6851.5430811494,0.0,0.0,0.0,0.0,0.0,0.0
1770964800.0,6827.5,6829.75,6826.75,6828.75,6828.48794305285,6829.87665521501,6835.36596887963,6992.75,6960.25,6976.5,6977.60135177111,6954.78738691435,6966.194369342729,6851.31723374316,0.0,0.0,0.0,0.0,0.0,0.0
1770965100.0,6829.25,6833.25,6828.0,6833.0,6829.91144070209,6829.90753777966,6834.77640819457,6992.75,6960.25,6976.5,6977.60135177111,6954.78738691435,6966.194369342729,6851.10068806383,0.0,0.0,0.0,0.0,0.0,0.0
1770965400.0,6833.0,6837.5,6833.0,6837.0,6832.90672335566,6830.98716709061,6834.65465810324,6992.75,6960.25,6976.5,6977.60135177111,6954.78738691435,6966.194369342729,6851.0033387186195,0.0,0.0,0.0,0.0,0.0,0.0
1770965700.0,6837.25,6839.75,6837.0,6838.0,6835.379996748619,6832.18121493693,6834.65778250017,6992.75,6960.25,6976.5,6977.60135177111,6954.78738691435,6966.194369342729,6850.9105083845,0.0,0.0,0.0,0.0,0.0,0.0
1770966000.0,6838.0,6843.5,6838.0,6840.0,6837.941740993289,6833.70976453921,6834.880112006839,6992.75,6960.25,6976.5,6977.60135177111,6954.78738691435,6966.194369342729,6850.75805833232,0.0,0.0,0.0,0.0,0.0,0.0
1770966300.0,6840.0,6843.75,6838.5,6842.75,6840.87282698465,6835.69185054552,6835.383384163099,6992.75,6960.25,6976.5,6977.60135177111,6954.78738691435,6966.194369342729,6850.653183839099,0.0,0.0,0.0,0.0,0.0,0.0
1770966600.0,6843.0,6845.0,6841.75,6842.75,6842.6472003913395,6837.353989059169,6835.863043093699,6992.75,6960.25,6976.5,6977.60135177111,6954.78738691435,6966.194369342729,6850.58251234534,0.0,0.0,0.0,0.0,0.0,0.0
1770966900.0,6843.0,6846.5,6842.75,6845.25,6844.86562451724,6839.36280091947,6836.57845620636,6992.75,6960.25,6976.5,6977.60135177111,6954.78738691435,6966.194369342729,6850.5259087008,0.0,0.0,0.0,0.0,0.0,0.0
1770967200.0,6845.25,6847.0,6844.0,6846.75,6846.85576150615,6841.39925168137,6837.40895483439,6992.75,6960.25,6976.5,6977.60135177111,6954.78738691435,6966.194369342729,6850.4979155027695,0.0,0.0,0.0,0.0,0.0,0.0
1770967500.0,6846.75,6847.5,6842.75,6843.0,6846.11519514203,6842.14239641496,6837.80292004211,6992.75,6960.25,6976.5,6977.60135177111,6954.78738691435,6966.194369342729,6850.44468461388,0.0,0.0,0.0,0.0,0.0,0.0
1770967800.0,6843.0,6844.0,6841.0,6843.75,6845.834606001879,6842.9289401632195,6838.25535849239,6992.75,6960.25,6976.5,6977.60135177111,6954.78738691435,6966.194369342729,6850.39459044611,0.0,0.0,0.0,0.0,0.0,0.0
1770968100.0,6843.5,6843.75,6838.25,6839.5,6843.44002962297,6842.50442998083,6838.24477869931,6992.75,6960.25,6976.5,6977.60135177111,6954.78738691435,6966.194369342729,6850.2944800632395,0.0,0.0,0.0,0.0,0.0,0.0
1770968400.0,6839.5,6841.0,6838.75,6839.5,6841.812607484239,6842.1355933183795,6838.24254824481,6992.75,6960.25,6976.5,6977.60135177111,6954.78738691435,6966.194369342729,6850.2295008990495,0.0,0.0,0.0,0.0,0.0,0.0
1770968700.0,6839.75,6840.25,6838.75,6839.25,6840.60671935903,6841.75302402117,6838.22202926899,6992.75,6960.25,6976.5,6977.60135177111,6954.78738691435,6966.194369342729,6850.178680850569,0.0,0.0,0.0,0.0,0.0,0.0
1770969000.0,6839.25,6841.5,6836.75,6841.5,6840.9252152589,6841.98305727051,6838.442706428459,6992.75,6960.25,6976.5,6977.60135177111,6954.78738691435,6966.194369342729,6850.114802408169,0.0,0.0,0.0,0.0,0.0,0.0
1770969300.0,6841.25,6843.75,6839.5,6843.25,6841.985670483939,6842.595688910929,6838.8356879473195,6992.75,6960.25,6976.5,6977.60135177111,6954.78738691435,6966.194369342729,6850.032428807,0.0,0.0,0.0,0.0,0.0,0.0
1770969600.0,6843.5,6846.0,6838.5,6845.5,6843.7518361762095,6843.647096750699,6839.440115190189,6992.75,6960.25,6976.5,6977.60135177111,6954.78738691435,6966.194369342729,6849.90579874151,0.0,0.0,0.0,0.0,0.0,0.0
1770969900.0,6845.75,6849.75,6845.25,6847.5,6845.82162970628,6844.99530057811,6840.2147152208,6992.75,6960.25,6976.5,6977.60135177111,6954.78738691435,6966.194369342729,6849.848280667879,0.0,0.0,0.0,0.0,0.0,0.0
1770970200.0,6847.5,6848.0,6839.25,6840.0,6843.4170491245295,6844.22104487767,6840.16487005567,6992.75,6960.25,6976.5,6977.60135177111,6954.78738691435,6966.194369342729,6849.69697734815,0.0,0.0,0.0,0.0,0.0,0.0
1770970500.0,6839.75,6840.75,6827.5,6828.75,6836.33432898504,6840.7597654011,6838.96035186058,6992.75,6960.25,6976.5,6977.60135177111,6954.78738691435,6966.194369342729,6849.14606713958,0.0,0.0,0.0,0.0,0.0,0.0
1770970800.0,6829.0,6838.25,6828.0,6838.0,6836.366329654609,6840.18730344688,6838.8014391178895,6992.75,6960.25,6976.5,6977.60135177111,6954.78738691435,6966.194369342729,6848.896937167119,0.0,0.0,0.0,0.0,0.0,0.0
1770971100.0,6838.0,6843.5,6838.0,6842.25,6838.57280867154,6840.76895609782,6839.098356437389,6992.75,6960.25,6976.5,6977.60135177111,6954.78738691435,6966.194369342729,6848.780687226629,0.0,0.0,0.0,0.0,0.0,0.0
1770971400.0,6842.0,6845.5,6838.75,6844.25,6841.0365643152,6841.74472175921,6839.586334140349,6992.75,6960.25,6976.5,6977.60135177111,6954.78738691435,6966.194369342729,6848.70270171771,0.0,0.0,0.0,0.0,0.0,0.0
1770971700.0,6844.25,6845.25,6837.25,6838.5,6839.82752249027,6841.11501751315,6839.450429783449,6992.75,6960.25,6976.5,6977.60135177111,6954.78738691435,6966.194369342729,6848.615647418689,0.0,0.0,0.0,0.0,0.0,0.0
1770972000.0,6838.5,6844.25,6838.0,6843.75,6841.6231285313,6841.89341687839,6839.8710953583495,6992.75,6960.25,6976.5,6977.60135177111,6954.78738691435,6966.194369342729,6848.5339763095,0.0,0.0,0.0,0.0,0.0,0.0
1770972300.0,6844.0,6849.5,6844.0,6846.75,6844.235386223179,6843.27574548039,6840.57645482426,6992.75,6960.25,6976.5,6977.60135177111,6954.78738691435,6966.194369342729,6848.507417068719,0.0,0.0,0.0,0.0,0.0,0.0
1770972600.0,6846.75,6849.5,6845.25,6847.0,6845.9842116705495,6844.468217812369,6841.2616891956795,6992.75,6960.25,6976.5,6977.60135177111,6954.78738691435,6966.194369342729,6848.490707942789,0.0,0.0,0.0,0.0,0.0,0.0
1770972900.0,6847.0,6847.25,6843.75,6845.75,6846.41120826886,6845.12497178964,6841.772471437779,6992.75,6960.25,6976.5,6977.60135177111,6954.78738691435,6966.194369342729,6848.457033742379,0.0,0.0,0.0,0.0,0.0,0.0
1770973200.0,6845.75,6846.75,6837.0,6837.75,6842.68773118405,6843.6566673899,6841.42274448361,6992.75,6960.25,6976.5,6977.60135177111,6954.78738691435,6966.194369342729,6848.31906654264,0.0,0.0,0.0,0.0,0.0,0.0
1770973500.0,6837.5,6845.5,6837.25,6844.0,6843.3089513408495,6843.978973352289,6841.74561466663,6992.75,6960.25,6976.5,6977.60135177111,6954.78738691435,6966.194369342729,6848.22957858796,0.0,0.0,0.0,0.0,0.0,0.0
1770973800.0,6844.25,6847.0,6842.75,6843.0,6843.20757797831,6843.9816999788,6841.9444304802,6992.75,6960.25,6976.5,6977.60135177111,6954.78738691435,6966.194369342729,6848.20293973269,0.0,0.0,0.0,0.0,0.0,0.0
1770974100.0,6842.75,6850.0,6842.5,6849.5,6846.301118939739,6845.585369083689,6842.80279852221,6992.75,6960.25,6976.5,6977.60135177111,6954.78738691435,6966.194369342729,6848.19531752825,0.0,0.0,0.0,0.0,0.0,0.0
1770974400.0,6849.5,6853.75,6849.25,6852.0,6849.458318823549,6847.51408955375,6843.86047767638,6992.75,6960.25,6976.5,6977.60135177111,6954.78738691435,6966.194369342729,6848.23826608737,0.0,0.0,0.0,0.0,0.0,0.0
1770974700.0,6851.75,6854.5,6851.25,6851.5,6851.136096737109,6848.95764619288,6844.79253959535,6992.75,6960.25,6976.5,6977.60135177111,6954.78738691435,6966.194369342729,6848.27070586221,0.0,0.0,0.0,0.0,0.0,0.0
1770975000.0,6851.5,6853.0,6849.75,6851.75,6852.19883292499,6850.17984916341,6845.68444591766,6992.75,6960.25,6976.5,6977.60135177111,6954.78738691435,6966.194369342729,6848.30424412457,0.0,0.0,0.0,0.0,0.0,0.0
1770975300.0,6852.0,6852.5,6850.25,6851.0,6852.3705525223895,6850.96559698001,6846.434863839229,6992.75,6960.25,6976.5,6977.60135177111,6954.78738691435,6966.194369342729,6848.3212054909,0.0,0.0,0.0,0.0,0.0,0.0
1770975600.0,6851.0,6853.75,6849.75,6850.0,6851.85724836715,6851.32551539525,6847.027180661799,6992.75,6960.25,6976.5,6977.60135177111,6954.78738691435,6966.194369342729,6848.346948026419,0.0,0.0,0.0,0.0,0.0,0.0
1770975900.0,6850.25,6854.25,6850.0,6852.75,6852.75773769576,6852.2654019640395,6847.859532511159,6992.75,6960.25,6976.5,6977.60135177111,6954.78738691435,6966.194369342729,6848.376324428639,0.0,0.0,0.0,0.0,0.0,0.0
1770976200.0,6852.75,6854.5,6847.75,6848.25,6851.0363764963695,6851.880582498229,6848.16512128874,6992.75,6960.25,6976.5,6977.60135177111,6954.78738691435,6966.194369342729,6848.3897653860595,0.0,0.0,0.0,0.0,0.0,0.0
1770976500.0,6848.25,6848.5,6845.25,6846.75,6849.12535837941,6851.147973991359,6848.29053281856,6992.75,6960.25,6976.5,6977.60135177111,6954.78738691435,6966.194369342729,6848.35369980578,0.0,0.0,0.0,0.0,0.0,0.0
1770976800.0,6846.5,6850.0,6846.0,6848.75,6848.84897893778,6851.00328723404,6848.6100153648595,6992.75,6960.25,6976.5,6977.60135177111,6954.78738691435,6966.194369342729,6848.353005997649,0.0,0.0,0.0,0.0,0.0,0.0
1770977100.0,6848.75,6849.75,6844.5,6844.75,6846.717486128339,6849.856462048319,6848.48962191961,6992.75,6960.25,6976.5,6977.60135177111,6954.78738691435,6966.194369342729,6848.337254819429,0.0,0.0,0.0,0.0,0.0,0.0
1770977400.0,6844.75,6850.5,6844.75,6850.0,6847.94011063774,6850.18676435344,6848.91625396174,6992.75,6960.25,6976.5,6977.60135177111,6954.78738691435,6966.194369342729,6848.337753524899,0.0,0.0,0.0,0.0,0.0,0.0
1770977700.0,6850.25,6851.0,6848.5,6851.0,6849.241369380319,6850.684385482769,6849.412148603469,6992.75,6960.25,6976.5,6977.60135177111,6954.78738691435,6966.194369342729,6848.34761198672,0.0,0.0,0.0,0.0,0.0,0.0
1770978000.0,6851.25,6853.5,6850.75,6852.75,6850.931626985989,6851.506167531509,6850.04962352212,6992.75,6960.25,6976.5,6977.60135177111,6954.78738691435,6966.194369342729,6848.37954512851,0.0,0.0,0.0,0.0,0.0,0.0
1770978300.0,6852.75,6853.75,6850.0,6850.75,6851.01181220271,6851.6614803904195,6850.430716426539,6992.75,6960.25,6976.5,6977.60135177111,6954.78738691435,6966.194369342729,6848.398070063369,0.0,0.0,0.0,0.0,0.0,0.0
1770978600.0,6851.0,6851.75,6847.25,6847.5,6849.439206596109,6850.954324903109,6850.4438452493,6992.75,6960.25,6976.5,6977.60135177111,6954.78738691435,6966.194369342729,6848.399825577209,0.0,0.0,0.0,0.0,0.0,0.0
1770978900.0,6847.0,6848.0,6844.5,6845.0,6847.1964094182995,6849.723878017579,6850.192241590819,6992.75,6960.25,6976.5,6977.60135177111,6954.78738691435,6966.194369342729,6848.38770429108,0.0,0.0,0.0,0.0,0.0,0.0
1770979200.0,6845.25,6848.75,6844.25,6845.5,6846.030153787169,6848.8132121818,6850.004719101719,6992.75,6960.25,6976.5,6977.60135177111,6954.78738691435,6966.194369342729,6848.359702130339,0.0,0.0,0.0,0.0,0.0,0.0
1770979500.0,6845.5,6847.0,6843.0,6843.75,6844.48613678328,6847.6136270962,6849.644452980239,6992.75,6960.25,6976.5,6977.60135177111,6954.78738691435,6966.194369342729,6848.33702983619,0.0,0.0,0.0,0.0,0.0,0.0
1770979800.0,6843.75,6843.75,6838.25,6842.25,6842.8433946306795,6846.243421620459,6849.14967904412,6992.75,6960.25,6976.5,6977.60135177111,6954.78738691435,6966.194369342729,6848.25330209137,0.0,0.0,0.0,0.0,0.0,0.0
1770980100.0,6842.25,6842.5,6837.75,6838.0,6839.81820322876,6844.055118893019,6848.245985850879,6992.75,6960.25,6976.5,6977.60135177111,6954.78738691435,6966.194369342729,6848.20218408634,0.0,0.0,0.0,0.0,0.0,0.0
1770980400.0,6838.25,6839.75,6833.0,6833.25,6835.699272091159,6841.075257197859,6846.910992508149,6992.75,6960.25,6976.5,6977.60135177111,6954.78738691435,6966.194369342729,6848.10087144214,0.0,0.0,0.0,0.0,0.0,0.0
1770980700.0,6833.0,6835.5,6829.5,6830.25,6831.78912087047,6837.888777536979,6845.356783495729,6992.75,6960.25,6976.5,6977.60135177111,6954.78738691435,6966.194369342729,6847.937814215459,0.0,0.0,0.0,0.0,0.0,0.0
1770981000.0,6830.25,6831.75,6828.0,6828.5,6828.678207727229,6834.85652336538,6843.729130894089,6992.75,6960.25,6976.5,6977.60135177111,6954.78738691435,6966.194369342729,6847.77263253343,0.0,0.0,0.0,0.0,0.0,0.0
1770981300.0,6828.25,6833.25,6825.0,6833.0,6829.16661378472,6833.5195125035,6842.68048695751,6992.75,6960.25,6976.5,6977.60135177111,6954.78738691435,6966.194369342729,6847.53467248783,0.0,0.0,0.0,0.0,0.0,0.0
1770981600.0,6832.5,6832.75,6824.25,6825.75,6826.21174413273,6830.669670036759,6840.956787712549,6992.75,6960.25,6976.5,6977.60135177111,6954.78738691435,6966.194369342729,6847.310342826359,0.0,0.0,0.0,0.0,0.0,0.0
1770981900.0,6825.75,6831.25,6824.25,6827.75,6825.557529808229,6828.877373656849,6839.56256974107,6992.75,6960.25,6976.5,6977.60135177111,6954.78738691435,6966.194369342729,6847.04335818835,0.0,0.0,0.0,0.0,0.0,0.0
1770982200.0,6827.5,6831.5,6820.0,6831.0,6826.98482906269,6828.27796225136,6838.605120319599,6992.75,6960.25,6976.5,6977.60135177111,6954.78738691435,6966.194369342729,6846.604871601659,0.0,0.0,0.0,0.0,0.0,0.0
1770982500.0,6830.75,6835.75,6830.0,6831.5,6828.357545514609,6827.98259950533,6837.77041921729,6992.75,6960.25,6976.5,6977.60135177111,6954.78738691435,6966.194369342729,6846.4146517543795,0.0,0.0,0.0,0.0,0.0,0.0
1770982800.0,6831.75,6833.75,6827.25,6827.5,6827.440692696509,6826.817756898349,6836.585350505519,6992.75,6960.25,6976.5,6977.60135177111,6954.78738691435,6966.194369342729,6846.267106239409,0.0,0.0,0.0,0.0,0.0,0.0
1770983100.0,6827.75,6830.0,6824.5,6828.0,6827.22740756368,6826.053224210959,6835.540328469529,6992.75,6960.25,6976.5,6977.60135177111,6954.78738691435,6966.194369342729,6846.09677671745,0.0,0.0,0.0,0.0,0.0,0.0
1770983400.0,6827.75,6833.75,6826.0,6833.75,6830.016711478999,6826.925962153679,6835.16895531283,6992.75,6960.25,6976.5,6977.60135177111,6954.78738691435,6966.194369342729,6845.98963655823,0.0,0.0,0.0,0.0,0.0,0.0
1770983700.0,6833.75,6837.5,6833.75,6837.0,6833.46111968795,6828.5258148911,6835.16599799679,6992.75,6960.25,6976.5,6977.60135177111,6954.78738691435,6966.194369342729,6845.91520266026,0.0,0.0,0.0,0.0,0.0,0.0
1770984000.0,6837.0,6842.75,6833.75,6834.5,6834.443033884019,6829.286819803539,6834.91128027141,6992.75,6960.25,6976.5,6977.60135177111,6954.78738691435,6966.194369342729,6845.747187602559,0.0,0.0,0.0,0.0,0.0,0.0
1770984300.0,6834.75,6834.75,6830.5,6831.25,6833.43648779801,6829.15903749052,6834.34489734175,6992.75,6960.25,6976.5,6977.60135177111,6954.78738691435,6966.194369342729,6845.63476746383,0.0,0.0,0.0,0.0,0.0,0.0
1770984600.0,6831.0,6834.25,6828.5,6830.25,6832.259038938139,6828.85189003006,6833.72146231148,6992.75,6960.25,6976.5,6977.60135177111,6954.78738691435,6966.194369342729,6845.53672645153,0.0,0.0,0.0,0.0,0.0,0.0
1770984900.0,6830.0,6834.5,6827.75,6832.5,6832.58247022799,6829.20312313596,6833.38123353639,6992.75,6960.25,6976.5,6977.60135177111,6954.78738691435,6966.194369342729,6845.423513672899,0.0,0.0,0.0,0.0,0.0,0.0
1770985200.0,6832.5,6837.75,6831.5,6836.0,6834.48405553852,6830.406564519039,6833.43377609178,6992.75,6960.25,6976.5,6977.60135177111,6954.78738691435,6966.194369342729,6845.32536991416,0.0,0.0,0.0,0.0,0.0,0.0
1770985500.0,6836.0,6838.75,6834.75,6835.75,6835.542018391029,6831.37540412133,6833.463879955129,6992.75,6960.25,6976.5,6977.60135177111,6954.78738691435,6966.194369342729,6845.270920819419,0.0,0.0,0.0,0.0,0.0,0.0
1770985800.0,6835.75,6841.0,6834.75,6838.25,6837.3756822612495,6832.82676723034,6833.75716743854,6992.75,6960.25,6976.5,6977.60135177111,6954.78738691435,6966.194369342729,6845.207226679369,0.0,0.0,0.0,0.0,0.0,0.0
1770986100.0,6838.25,6839.5,6835.75,6837.25,6837.97479855194,6833.7987572988495,6833.933116476839,6992.75,6960.25,6976.5,6977.60135177111,6954.78738691435,6966.194369342729,6845.16905279402,0.0,0.0,0.0,0.0,0.0,0.0
1770986400.0,6837.25,6839.5,6836.75,6838.5,6838.86771999927,6834.926792829489,6834.2321780537195,6992.75,6960.25,6976.5,6977.60135177111,6954.78738691435,6966.194369342729,6845.1277791617595,0.0,0.0,0.0,0.0,0.0,0.0
1770986700.0,6838.5,6838.75,6833.5,6834.25,6837.26126409627,6834.809824278859,6834.07688325623,6992.75,6960.25,6976.5,6977.60135177111,6954.78738691435,6966.194369342729,6845.055500487,0.0,0.0,0.0,0.0,0.0,0.0
1770987000.0,6834.25,6841.0,6834.0,6840.25,6839.07810829106,6836.20980698258,6834.558366919619,6992.75,6960.25,6976.5,6977.60135177111,6954.78738691435,6966.194369342729,6844.98685976433,0.0,0.0,0.0,0.0,0.0,0.0
1770987300.0,6840.5,6843.5,6829.25,6835.5,6837.84610547332,6836.186305075879,6834.52054347743,6992.75,6960.25,6976.5,6977.60135177111,6954.78738691435,6966.194369342729,6844.72787801429,0.0,0.0,0.0,0.0,0.0,0.0
1770987600.0,6835.25,6840.5,6833.75,6839.75,6839.06045243443,6837.220885546049,6834.92978905945,6992.75,6960.25,6976.5,6977.60135177111,6954.78738691435,6966.194369342729,6844.65913168703,0.0,0.0,0.0,0.0,0.0,0.0
1770987900.0,6839.5,6840.25,6825.5,6826.0,6833.06455477888,6834.6508751046995,6833.89394634322,6992.75,6960.25,6976.5,6977.60135177111,6954.78738691435,6966.194369342729,6844.272848769359,0.0,0.0,0.0,0.0,0.0,0.0
1770988200.0,6825.5,6828.75,6822.25,6823.25,6827.882068797539,6831.841329379389,6832.651510705249,6992.75,6960.25,6976.5,6977.60135177111,6954.78738691435,6966.194369342729,6843.980904420389,0.0,0.0,0.0,0.0,0.0,0.0
1770988500.0,6823.25,6832.75,6821.25,6831.5,6828.69997158508,6831.58228651219,6832.35475699754,6992.75,6960.25,6976.5,6977.60135177111,6954.78738691435,6966.194369342729,6843.678818886679,0.0,0.0,0.0,0.0,0.0,0.0
1770988800.0,6831.75,6839.0,6828.0,6835.75,6831.4334117597,6832.44285363784,6832.5243770362,6992.75,6960.25,6976.5,6977.60135177111,6954.78738691435,6966.194369342729,6843.51455504565,0.0,0.0,0.0,0.0,0.0,0.0
1770989100.0,6835.75,6846.5,6835.75,6839.0,6834.85186200427,6833.977342294899,6833.02419255725,6992.75,6960.25,6976.5,6977.60135177111,6954.78738691435,6966.194369342729,6843.4555457065,0.0,0.0,0.0,0.0,0.0,0.0
1770989400.0,6838.5,6865.0,6838.0,6856.0,6845.34670368317,6839.481308818799,6835.25184511433,6992.75,6960.25,6976.5,6977.60135177111,6954.78738691435,6966.194369342729,6844.24383882217,0.0,0.0,0.0,0.0,0.0,0.0
1770989700.0,6856.0,6856.25,6846.0,6852.5,6850.222420612399,6843.149718314719,6836.96594979536,6992.75,6960.25,6976.5,6977.60135177111,6954.78738691435,6966.194369342729,6844.4622001444795,0.0,0.0,0.0,0.0,0.0,0.0
1770990000.0,6852.25,6858.25,6849.25,6852.75,6853.198291744239,6846.2116834525295,6838.588425678219,6992.75,6960.25,6976.5,6977.60135177111,6954.78738691435,6966.194369342729,6844.65755002078,0.0,0.0,0.0,0.0,0.0,0.0
1770990300.0,6852.5,6855.0,6842.5,6854.75,6855.768364896159,6849.192636598709,6840.30514531641,6992.75,6960.25,6976.5,6977.60135177111,6954.78738691435,6966.194369342729,6844.869131274029,0.0,0.0,0.0,0.0,0.0,0.0
1770990600.0,6854.75,6856.5,6851.5,6856.0,6857.69723495539,6851.907538523449,6842.03056227972,6992.75,6960.25,6976.5,6977.60135177111,6954.78738691435,6966.194369342729,6844.985630622809,0.0,0.0,0.0,0.0,0.0,0.0
1770990900.0,6856.25,6860.5,6850.5,6855.0,6858.1156286653595,6853.83196657918,6843.5300738447295,6992.75,6960.25,6976.5,6977.60135177111,6954.78738691435,6966.194369342729,6845.1984704324195,0.0,0.0,0.0,0.0,0.0,0.0
1770991200.0,6854.75,6862.25,6854.5,6856.25,6858.686220509349,6855.654807027619,6845.05078001723,6992.75,6960.25,6976.5,6977.60135177111,6954.78738691435,6966.194369342729,6845.41881204297,0.0,0.0,0.0,0.0,0.0,0.0
1770991500.0,6856.25,6856.75,6845.5,6845.5,6853.529906482109,6854.404206102489,6845.34964648368,6992.75,6960.25,6976.5,6977.60135177111,6954.78738691435,6966.194369342729,6845.48555954667,0.0,0.0,0.0,0.0,0.0,0.0
1770991800.0,6845.75,6851.75,6844.75,6849.25,6851.87143405578,6854.22248049592,6846.01044682263,6992.75,6960.25,6976.5,6977.60135177111,6954.78738691435,6966.194369342729,6845.53010573136,0.0,0.0,0.0,0.0,0.0,0.0
1770992100.0,6849.25,6851.75,6845.5,6847.25,6849.739366188999,6853.501713816379,6846.413127096789,6992.75,6960.25,6976.5,6977.60135177111,6954.78738691435,6966.194369342729,6845.56727493486,0.0,0.0,0.0,0.0,0.0,0.0
1770992400.0,6847.0,6848.75,6845.5,6846.75,6848.090637585339,6852.7144940791895,6846.73047299847,6992.75,6960.25,6976.5,6977.60135177111,6954.78738691435,6966.194369342729,6845.58122641721,0.0,0.0,0.0,0.0,0.0,0.0
1770992700.0,6846.75,6854.5,6846.25,6851.5,6849.3601213585,6853.18515282444,6847.51090247838,6992.75,6960.25,6976.5,6977.60135177111,6954.78738691435,6966.194369342729,6845.6830197216095,0.0,0.0,0.0,0.0,0.0,0.0
1770993000.0,6851.5,6859.75,6843.0,6846.5,6847.7448225853195,6852.2745966249195,6847.7137817556095,,,,6937.20972275366,6865.58998138586,6901.39985206976,6846.230114987299,0.0,0.0,0.0,0.0,0.0,0.0
1770993300.0,6846.5,6847.25,6832.0,6832.75,6840.02054764013,6848.0507329128495,6846.474900804979,,,,6937.20972275366,6865.58998138586,6901.39985206976,6845.45143510972,0.0,0.0,0.0,0.0,0.0,0.0
1770993600.0,6832.75,6839.75,6808.75,6839.0,6838.243637108059,6846.077869598679,6845.96316074229,,,,6937.20972275366,6865.58998138586,6901.39985206976,6843.5612571031,0.0,0.0,0.0,0.0,0.0,0.0
1770993900.0,6839.0,6862.75,6838.5,6848.5,6841.938626753979,6846.790642115499,6846.46426978774,,,,6937.20972275366,6865.58998138586,6901.39985206976,6844.180373985379,0.0,0.0,0.0,0.0,0.0,0.0
1770994200.0,6848.75,6849.75,6831.75,6839.25,6839.94144135381,6845.06427056083,6845.96921009156,,,,6937.20972275366,6865.58998138586,6901.39985206976,6843.86627561085,0.0,0.0,0.0,0.0,0.0,0.0
1770994500.0,6839.0,6855.25,6830.0,6833.5,6835.97803808084,6842.1961327974095,6844.90970462024,,,,6937.20972275366,6865.58998138586,6901.39985206976,6843.64870694528,0.0,0.0,0.0,0.0,0.0,0.0
1770994800.0,6833.25,6851.0,6832.75,6844.25,6838.85430089274,6842.49982067569,6845.031525841299,,,,6937.20972275366,6865.58998138586,6901.39985206976,6843.60031825801,0.0,0.0,0.0,0.0,0.0,0.0
1770995100.0,6844.25,6859.75,6834.75,6859.0,6848.046507000509,6846.4259063727595,6846.6656822673895,,,,6937.20972275366,6865.58998138586,6901.39985206976,6843.94130866591,0.0,0.0,0.0,0.0,0.0,0.0
1770995400.0,6859.25,6864.0,6847.0,6847.75,6848.45011458455,6846.869282269529,6847.01800229274,,,,6937.20972275366,6865.58998138586,6901.39985206976,6844.360645316009,0.0,0.0,0.0,0.0,0.0,0.0
1770995700.0,6847.75,6857.75,6839.5,6844.75,6847.162383619029,6846.4760137370295,6847.03040822735,,,,6937.20972275366,6865.58998138586,6901.39985206976,6844.48954203126,0.0,0.0,0.0,0.0,0.0,0.0
1770996000.0,6844.75,6856.5,6839.0,6847.0,6847.373312267599,6846.697749623379,6847.26932761208,,,,6937.20972275366,6865.58998138586,6901.39985206976,6844.58669653558,0.0,0.0,0.0,0.0,0.0,0.0
1770996300.0,6847.0,6869.0,6846.25,6864.25,6855.88063156098,6851.1592923142,6849.269275765109,,,,6937.20972275366,6865.58998138586,6901.39985206976,6845.047663141329,0.0,0.0,0.0,0.0,0.0,0.0
1770996600.0,6864.25,6880.0,6863.5,6875.75,6866.80589660551,6857.684012832779,6852.31154645011,6869.0,6808.75,6838.875,6937.20972275366,6865.58998138586,6901.39985206976,6845.855063958879,0.0,0.0,0.0,0.0,0.0,0.0
1770996900.0,6876.0,6880.75,6862.5,6863.75,6867.632475137149,6860.044178489489,6853.892059967409,6869.0,6808.75,6838.875,6937.20972275366,6865.58998138586,6901.39985206976,6846.46115474733,0.0,0.0,0.0,0.0,0.0,0.0
1770997200.0,6863.25,6866.5,6850.0,6851.25,6861.6795022058095,6858.81943492327,6854.059945455329,6869.0,6808.75,6838.875,6937.20972275366,6865.58998138586,6901.39985206976,6846.69142018794,0.0,0.0,0.0,0.0,0.0,0.0
1770997500.0,6851.25,6857.75,6842.5,6846.5,6855.273072092629,6856.560309984159,6853.71482146542,6869.0,6808.75,6838.875,6937.20972275366,6865.58998138586,6901.39985206976,6846.74718451644,0.0,0.0,0.0,0.0,0.0,0.0
1770997800.0,6846.75,6863.0,6845.75,6860.75,6858.00855605739,6858.183484962599,6854.856806613349,6869.0,6808.75,6838.875,6937.20972275366,6865.58998138586,6901.39985206976,6846.9351077783795,0.0,0.0,0.0,0.0,0.0,0.0
1770998100.0,6861.0,6867.0,6857.25,6860.0,6859.32414124924,6859.28922794124,6855.8309947300695,6869.0,6808.75,6838.875,6937.20972275366,6865.58998138586,6901.39985206976,6847.168376142489,0.0,0.0,0.0,0.0,0.0,0.0
1770998400.0,6860.25,6869.5,6859.5,6869.25,6864.58332427943,6862.4503809423395,6857.68209778003,6869.0,6808.75,6838.875,6937.20972275366,6865.58998138586,6901.39985206976,6847.42109551812,1.0,0.0,1.0,0.0,0.0,0.0
1770998700.0,6869.0,6877.0,6868.0,6874.75,6870.48400777347,6866.370146940049,6859.96003410637,6869.0,6808.75,6838.875,6937.20972275366,6865.58998138586,6901.39985206976,6847.880896472009,0.0,0.0,0.0,0.0,0.0,0.0
1770999000.0,6874.75,6875.0,6861.5,6869.0,6871.21559635943,6868.105262377089,6861.47057377484,6869.0,6808.75,6838.875,6937.20972275366,6865.58998138586,6901.39985206976,6848.2548230136,0.0,0.0,0.0,0.0,0.0,0.0
1770999300.0,6869.25,6876.5,6865.5,6866.0,6869.95079836865,6868.7092400218,6862.55050332834,6869.0,6808.75,6838.875,6937.20972275366,6865.58998138586,6901.39985206976,6848.550383002749,0.0,0.0,0.0,0.0,0.0,0.0
1770999600.0,6866.25,6869.25,6852.75,6858.5,6865.255783054659,6867.25831883904,6862.76411985253,6869.0,6808.75,6838.875,6937.20972275366,6865.58998138586,6901.39985206976,6848.72683383514,0.0,0.0,0.0,0.0,0.0,0.0
1770999900.0,6858.25,6874.75,6856.75,6873.0,6869.1947317994,6869.5871282426,6864.44592059542,6869.0,6808.75,6838.875,6937.20972275366,6865.58998138586,6901.39985206976,6849.056452748059,0.0,0.0,0.0,0.0,0.0,0.0
1771000200.0,6873.0,6877.25,6863.25,6873.5,6871.851061618379,6871.56015279759,6866.045356013769,6869.0,6808.75,6838.875,6937.20972275366,6865.58998138586,6901.39985206976,6849.446553907729,0.0,0.0,0.0,0.0,0.0,0.0
1771000500.0,6873.5,6879.75,6867.75,6879.5,6876.323623753229,6874.60078910121,6868.135662617259,6869.0,6808.75,6838.875,6937.20972275366,6865.58998138586,6901.39985206976,6849.75922136306,0.0,0.0,0.0,0.0,0.0,0.0
1771000800.0,6879.25,6881.25,6874.25,6880.5,6879.470361381759,6877.27271859349,6870.16441568273,6869.0,6808.75,6838.875,6937.20972275366,6865.58998138586,6901.39985206976,6850.060598866369,0.0,0.0,0.0,0.0,0.0,0.0
1771001100.0,6880.5,6885.25,6877.75,6879.0,6880.503253258639,6879.009404401179,6871.876200797399,6869.0,6808.75,6838.875,6937.20972275366,6865.58998138586,6901.39985206976,6850.4083615767895,0.0,0.0,0.0,0.0,0.0,0.0
1771001400.0,6879.25,6885.0,6877.0,6885.0,6883.83840932941,6881.833174845219,6874.0673216101395,6869.0,6808.75,6838.875,6937.20972275366,6865.58998138586,6901.39985206976,6850.70325896472,0.0,0.0,0.0,0.0,0.0,0.0
1771001700.0,6885.0,6890.25,6882.25,6882.5,6884.49076116145,6883.43621995322,6875.8243828983295,6869.0,6808.75,6838.875,6937.20972275366,6865.58998138586,6901.39985206976,6851.1320163447,0.0,0.0,0.0,0.0,0.0,0.0
1771002000.0,6882.5,6889.5,6879.75,6887.75,6887.2077465434395,6885.95315991145,6877.977706621359,6869.0,6808.75,6838.875,6937.20972275366,6865.58998138586,6901.39985206976,6851.43135990854,0.0,0.0,0.0,0.0,0.0,0.0
1771002300.0,6888.0,6891.75,6885.25,6886.75,6888.19959585093,6887.667445137609,6879.8523351573,6869.0,6808.75,6838.875,6937.20972275366,6865.58998138586,6901.39985206976,6851.69214865686,0.0,0.0,0.0,0.0,0.0,0.0
1771002600.0,6887.0,6895.25,6886.75,6894.5,6892.359426393489,6890.890772422969,6882.37106768183,6869.0,6808.75,6838.875,6937.20972275366,6865.58998138586,6901.39985206976,6852.03971384855,0.0,0.0,0.0,0.0,0.0,0.0
1771002900.0,6894.5,6895.25,6883.0,6885.5,6890.35776554083,6891.19052956627,6883.756110413759,6869.0,6808.75,6838.875,6937.20972275366,6865.58998138586,6901.39985206976,6852.3720699140795,0.0,0.0,0.0,0.0,0.0,0.0
1771003200.0,6885.5,6895.0,6884.75,6892.5,6892.242731698169,6893.0518545960595,6885.73972066562,6869.0,6808.75,6838.875,6937.20972275366,6865.58998138586,6901.39985206976,6852.67557098408,0.0,0.0,0.0,0.0,0.0,0.0
1771003500.0,6892.75,6893.25,6887.5,6888.5,6891.2836725506795,6893.47014052442,6887.142094981509,6869.0,6808.75,6838.875,6937.20972275366,6865.58998138586,6901.39985206976,6852.9488861971195,0.0,0.0,0.0,0.0,0.0,0.0
1771003800.0,6888.75,6895.75,6887.75,6893.25,6892.799945218049,6894.87360593757,6888.9076091608995,6869.0,6808.75,6838.875,6937.20972275366,6865.58998138586,6901.39985206976,6853.259921316399,0.0,0.0,0.0,0.0,0.0,0.0
1771004100.0,6893.5,6895.75,6890.75,6894.75,6894.33749585548,6896.285747872909,6890.6741484023,6869.0,6808.75,6838.875,6937.20972275366,6865.58998138586,6901.39985206976,6853.50616524552,0.0,0.0,0.0,0.0,0.0,0.0
1771004400.0,6894.75,6897.75,6892.0,6892.0,6893.81133558044,6896.64838896253,6892.00150879573,6869.0,6808.75,6838.875,6937.20972275366,6865.58998138586,6901.39985206976,6853.76766198111,0.0,0.0,0.0,0.0,0.0,0.0
1771004700.0,6891.75,6895.75,6889.5,6895.0,6894.788785302169,6897.576476251629,6893.514184772,6869.0,6808.75,6838.875,6937.20972275366,6865.58998138586,6901.39985206976,6854.089336582319,0.0,0.0,0.0,0.0,0.0,0.0
1771005000.0,6894.75,6895.0,6888.25,6890.25,6892.966118288789,6897.04840202104,6894.3975906590795,6869.0,6808.75,6838.875,6937.20972275366,6865.58998138586,6901.39985206976,6854.281382647589,0.0,0.0,0.0,0.0,0.0,0.0
1771005300.0,6890.25,6891.5,6883.75,6886.25,6889.7496199300895,6895.50936639257,6894.77305831552,6869.0,6808.75,6838.875,6937.20972275366,6865.58998138586,6901.39985206976,6854.540022133439,0.0,0.0,0.0,0.0,0.0,0.0
1771005600.0,6886.25,6888.75,6878.5,6879.5,6884.36799879247,6892.46262177854,6894.392111540489,6869.0,6808.75,6838.875,6937.20972275366,6865.58998138586,6901.39985206976,6854.84224996547,0.0,0.0,0.0,0.0,0.0,0.0
1771005900.0,6879.5,6884.5,6875.5,6882.25,6882.332579399999,6890.54963184195,6894.29040311591,6869.0,6808.75,6838.875,6937.20972275366,6865.58998138586,6901.39985206976,6855.05955687394,0.0,0.0,0.0,0.0,0.0,0.0
1771006200.0,6882.25,6889.75,6882.0,6887.75,6883.849438282679,6890.274701810449,6894.733419460829,6869.0,6808.75,6838.875,6937.20972275366,6865.58998138586,6901.39985206976,6855.28742600216,0.0,0.0,0.0,0.0,0.0,0.0
1771006500.0,6887.5,6893.25,6884.75,6888.5,6885.31251481216,6890.181821391439,6895.192459716,6869.0,6808.75,6838.875,6937.20972275366,6865.58998138586,6901.39985206976,6855.50883857809,0.0,0.0,0.0,0.0,0.0,0.0
1771006800.0,6888.25,6897.75,6888.25,6894.25,6889.139394699249,6891.48751128354,6896.18345901204,6869.0,6808.75,6838.875,6937.20972275366,6865.58998138586,6901.39985206976,6855.7244394829795,0.0,0.0,0.0,0.0,0.0,0.0
1771007100.0,6894.25,6896.75,6884.5,6889.0,6889.0494312395795,6891.2140174139495,6896.5321411797995,6869.0,6808.75,6838.875,6937.20972275366,6865.58998138586,6901.39985206976,6856.035621563619,0.0,0.0,0.0,0.0,0.0,0.0
1771007400.0,6889.0,6894.25,6886.0,6893.25,6891.05300473626,6891.998998774149,6897.26557862658,6869.0,6808.75,6838.875,6937.20972275366,6865.58998138586,6901.39985206976,6856.256081902309,0.0,0.0,0.0,0.0,0.0,0.0
1771007700.0,6893.0,6895.75,6887.75,6892.75,6892.061673473049,6892.47961635435,6897.86598631334,6869.0,6808.75,6838.875,6937.20972275366,6865.58998138586,6901.39985206976,6856.414141798709,0.0,0.0,0.0,0.0,0.0,0.0
1771008000.0,6892.75,6893.5,6883.5,6885.0,6888.87155603635,6890.9059570440095,6897.593397271629,6869.0,6808.75,6838.875,6937.20972275366,6865.58998138586,6901.39985206976,6856.598843490679,0.0,0.0,0.0,0.0,0.0,0.0
1771008300.0,6885.0,6892.0,6884.75,6886.75,6887.662459843969,6890.003109597699,6897.491478979629,6869.0,6808.75,6838.875,6937.20972275366,6865.58998138586,6901.39985206976,6856.7664752744095,0.0,0.0,0.0,0.0,0.0,0.0
1771008600.0,6886.75,6887.0,6879.0,6883.5,6885.32809285393,6888.4201697586595,6897.03220956644,6869.0,6808.75,6838.875,6937.20972275366,6865.58998138586,6901.39985206976,6856.9502354467695,0.0,0.0,0.0,0.0,0.0,0.0
1771008900.0,6883.5,6885.25,6878.5,6881.25,6882.7957366396095,6886.53242794555,6896.34484639249,6869.0,6808.75,6838.875,6937.20972275366,6865.58998138586,6901.39985206976,6857.105202598929,0.0,0.0,0.0,0.0,0.0,0.0
1771009200.0,6881.75,6885.25,6879.0,6880.0,6880.6670090956495,6884.65196306271,6895.54980279949,6869.0,6808.75,6838.875,6937.20972275366,6865.58998138586,6901.39985206976,6857.24987029695,0.0,0.0,0.0,0.0,0.0,0.0
1771009500.0,6880.0,6886.75,6879.5,6885.5,6882.1249910227,6884.466779456039,6895.353493721959,6869.0,6808.75,6838.875,6937.20972275366,6865.58998138586,6901.39985206976,6857.378124451289,0.0,0.0,0.0,0.0,0.0,0.0
1771009800.0,6885.5,6888.25,6881.5,6884.75,6882.81673815033,6884.13419178364,6895.0688503386,6869.0,6808.75,6838.875,6937.20972275366,6865.58998138586,6901.39985206976,6857.523753861419,0.0,0.0,0.0,0.0,0.0,0.0
1771010100.0,6884.75,6886.25,6880.0,6885.0,6883.469697454169,6883.93028327002,6894.80615656192,6869.0,6808.75,6838.875,6937.20972275366,6865.58998138586,6901.39985206976,6857.642490502049,0.0,0.0,0.0,0.0,0.0,0.0
1771010400.0,6885.0,6888.5,6882.75,6887.25,6885.049132045009,6884.33179927889,6894.7713358191795,6869.0,6808.75,6838.875,6937.20972275366,6865.58998138586,6901.39985206976,6857.770589289489,0.0,0.0,0.0,0.0,0.0,0.0
1771010700.0,6887.5,6888.0,6876.0,6878.5,6881.82226772897,6882.49788758448,6893.812046184869,6869.0,6808.75,6838.875,6937.20972275366,6865.58998138586,6901.39985206976,6857.926849161159,0.0,0.0,0.0,0.0,0.0,0.0
1771011000.0,6878.25,6884.25,6877.25,6881.75,6881.38959411965,6881.804603742569,6893.234385947029,6869.0,6808.75,6838.875,6937.20972275366,6865.58998138586,6901.39985206976,6858.09296410888,0.0,0.0,0.0,0.0,0.0,0.0
1771011300.0,6881.75,6882.75,6872.5,6875.75,6878.25942745459,6879.75975344523,6892.05658654938,6869.0,6808.75,6838.875,6937.20972275366,6865.58998138586,6901.39985206976,6858.20199130232,0.0,0.0,0.0,0.0,0.0,0.0
1771011600.0,6875.5,6877.5,6867.75,6871.25,6874.16160625851,6876.97734803922,6890.47696653774,6869.0,6808.75,6838.875,6937.20972275366,6865.58998138586,6901.39985206976,6858.327697060819,0.0,0.0,0.0,0.0,0.0,0.0
1771011900.0,6871.5,6877.25,6869.25,6872.75,6872.431226496879,6875.088610635369,6889.14544541136,6869.0,6808.75,6838.875,6937.20972275366,6865.58998138586,6901.39985206976,6858.427379119669,0.0,0.0,0.0,0.0,0.0,0.0
1771012200.0,6873.0,6874.5,6865.75,6867.5,6868.95748643292,6872.26984336755,6887.348516561119,6869.0,6808.75,6838.875,6937.20972275366,6865.58998138586,6901.39985206976,6858.5059924513,0.0,0.0,0.0,0.0,0.0,0.0
1771012500.0,6867.5,6870.5,6856.75,6858.75,6862.68675496935,6867.82172379165,6884.75871596434,6869.0,6808.75,6838.875,6937.20972275366,6865.58998138586,6901.39985206976,6858.5434867416,0.0,0.0,0.0,0.0,0.0,0.0
1771012800.0,6858.75,6867.75,6858.5,6866.0,6862.50262594165,6866.02140111658,6883.08759067487,6869.0,6808.75,6838.875,6937.20972275366,6865.58998138586,6901.39985206976,6858.596165844379,0.0,0.0,0.0,0.0,0.0,0.0
1771013100.0,6866.0,6867.5,6861.5,6866.0,6862.69796577245,6864.6182125531595,6881.52335681929,6869.0,6808.75,6838.875,6937.20972275366,6865.58998138586,6901.39985206976,6858.627031926099,0.0,0.0,0.0,0.0,0.0,0.0
1771013400.0,6866.0,6866.25,6855.75,6856.0,6858.213694590219,6861.0602642185895,6879.0264830180395,6869.0,6808.75,6838.875,6937.20972275366,6865.58998138586,6901.39985206976,6858.631574465089,0.0,0.0,0.0,0.0,0.0,0.0
1771013700.0,6856.0,6861.5,6853.0,6860.75,6857.940117215559,6859.397677539149,6877.18888013143,6869.0,6808.75,6838.875,6937.20972275366,6865.58998138586,6901.39985206976,6858.62975666687,0.0,0.0,0.0,0.0,0.0,0.0
1771014000.0,6860.5,6860.75,6851.5,6851.5,6853.535346179599,6855.827881366599,6874.51919697739,6869.0,6808.75,6838.875,6937.20972275366,6865.58998138586,6901.39985206976,6858.60162133415,0.0,0.0,0.0,0.0,0.0,0.0
1771014300.0,6851.5,6853.25,6838.25,6841.0,6845.88521740737,6850.378766115809,6870.948607706249,6869.0,6808.75,6838.875,6937.20972275366,6865.58998138586,6901.39985206976,6858.41733740922,0.0,0.0,0.0,0.0,0.0,0.0
1771014600.0,6841.0,6847.25,6836.5,6837.0,6839.40999712722,6845.0094590757,6867.21483533609,6869.0,6808.75,6838.875,6937.20972275366,6865.58998138586,6901.39985206976,6858.17769661211,0.0,0.0,0.0,0.0,0.0,0.0
1771014900.0,6837.25,6841.5,6835.0,6838.5,6836.458472927129,6841.09375629543,6863.900866244009,6869.0,6808.75,6838.875,6937.20972275366,6865.58998138586,6901.39985206976,6857.95597008804,0.0,0.0,0.0,0.0,0.0,0.0
1771015200.0,6838.5,6843.25,6832.75,6836.5,6834.082371853429,6837.523956813249,6860.61836729234,6869.0,6808.75,6838.875,6937.20972275366,6865.58998138586,6901.39985206976,6857.75552783463,0.0,0.0,0.0,0.0,0.0,0.0
1771015500.0,6836.75,6848.75,6835.75,6847.0,6838.1593429572595,6837.358397094549,6858.6598011631995,6869.0,6808.75,6838.875,6937.20972275366,6865.58998138586,6901.39985206976,6857.59322451544,0.0,0.0,0.0,0.0,0.0,0.0
1771015800.0,6847.0,6851.0,6838.25,6849.25,6842.25300727755,6837.954493061559,6857.081595017979,6869.0,6808.75,6838.875,6937.20972275366,6865.58998138586,6901.39985206976,6857.4155787481195,0.0,0.0,0.0,0.0,0.0,0.0
1771016100.0,6849.0,6852.75,6842.75,6850.0,6845.48745337713,6838.796811581289,6855.703334521119,6869.0,6808.75,6838.875,6937.20972275366,6865.58998138586,6901.39985206976,6857.035235759129,0.0,0.0,0.0,0.0,0.0,0.0
1771016400.0,6850.25,6856.5,6847.75,6848.5,6846.9616977263295,6839.270846004119,6854.279478826689,6869.0,6808.75,6838.875,6937.20972275366,6865.58998138586,6901.39985206976,6856.94270035868,0.0,0.0,0.0,0.0,0.0,0.0
1771016700.0,6848.25,6849.5,6845.25,6847.25,6847.35970378521,6839.49131167412,6852.840033500969,6869.0,6808.75,6838.875,6937.20972275366,6865.58998138586,6901.39985206976,6856.90502833475,0.0,0.0,0.0,0.0,0.0,0.0
1771017000.0,6847.5,6853.0,6846.0,6852.5,6850.20640557905,6841.10930213732,6852.058915150969,6869.0,6808.75,6838.875,6937.20972275366,6865.58998138586,6901.39985206976,6856.887905222479,0.0,0.0,0.0,0.0,0.0,0.0
1771017300.0,6852.75,6853.0,6849.75,6850.25,6850.91513135798,6842.00528492709,6851.115412628789,6869.0,6808.75,6838.875,6937.20972275366,6865.58998138586,6901.39985206976,6856.8824157428,0.0,0.0,0.0,0.0,0.0,0.0
1771017600.0,6850.0,6850.25,6845.75,6846.5,6849.484184885419,6841.918706916859,6849.86634770378,6869.0,6808.75,6838.875,6937.20972275366,6865.58998138586,6901.39985206976,6856.872561177949,0.0,0.0,0.0,0.0,0.0,0.0
1771017900.0,6846.5,6849.25,6845.75,6848.25,6849.37667117415,6842.37980314507,6848.90229882294,6869.0,6808.75,6838.875,6937.20972275366,6865.58998138586,6901.39985206976,6856.865134944889,0.0,0.0,0.0,0.0,0.0,0.0
1771018200.0,6848.25,6849.75,6847.5,6848.0,6849.15492309324,6842.7894346492,6847.9971908361795,6869.0,6808.75,6838.875,6937.20972275366,6865.58998138586,6901.39985206976,6856.8616803839695,0.0,0.0,0.0,0.0,0.0,0.0
1771018500.0,6848.0,6850.0,6847.25,6848.75,6849.350509430739,6843.39763660008,6847.250740615529,6869.0,6808.75,6838.875,6937.20972275366,6865.58998138586,6901.39985206976,6856.857019428679,0.0,0.0,0.0,0.0,0.0,0.0
1771018800.0,6848.75,6848.75,6847.0,6847.25,6848.71462593593,6843.60280966267,6846.419642936259,6869.0,6808.75,6838.875,6937.20972275366,6865.58998138586,6901.39985206976,6856.851891534099,0.0,0.0,0.0,0.0,0.0,0.0
1771019100.0,6847.5,6848.25,6846.25,6846.75,6848.03944476295,6843.71689176891,6845.613548192419,6869.0,6808.75,6838.875,6937.20972275366,6865.58998138586,6901.39985206976,6856.8473752104,0.0,0.0,0.0,0.0,0.0,0.0
1771019400.0,6846.5,6847.75,6845.75,6847.75,6848.08404646263,6844.123540070929,6844.986110017399,6869.0,6808.75,6838.875,6937.20972275366,6865.58998138586,6901.39985206976,6856.841456350479,0.0,0.0,0.0,0.0,0.0,0.0
1771019700.0,6847.5,6851.0,6845.25,6845.25,6846.885866044639,6843.8961437135695,6844.163300626309,6869.0,6808.75,6838.875,6937.20972275366,6865.58998138586,6901.39985206976,6856.8318842919,0.0,0.0,0.0,0.0,0.0,0.0
1771196400.0,6852.5,6860.0,6847.0,6848.0,6847.464905017519,6844.446064023349,6843.7017483153595,6869.0,6808.75,6838.875,6937.20972275366,6865.58998138586,6901.39985206976,6851.66666666667,0.0,0.0,0.0,0.0,0.0,0.0
1771196700.0,6848.25,6848.75,6844.25,6847.5,6847.5979410252,6844.82567860325,6843.24037906971,6869.0,6808.75,6838.875,6937.20972275366,6865.58998138586,6901.39985206976,6850.417161613,0.0,0.0,0.0,0.0,0.0,0.0
1771197000.0,6847.5,6854.25,6847.25,6853.5,6850.60800424171,6846.675316127949,6843.4510759307295,6869.0,6808.75,6838.875,6937.20972275366,6865.58998138586,6901.39985206976,6850.66662496873,0.0,0.0,0.0,0.0,0.0,0.0
1771197300.0,6853.5,6857.5,6852.75,6857.0,6854.205194780679,6849.10948322847,6844.02805144331,6869.0,6808.75,6838.875,6937.20972275366,6865.58998138586,6901.39985206976,6851.670030120479,0.0,0.0,0.0,0.0,0.0,0.0
1771197600.0,6857.0,6857.5,6853.75,6856.25,6856.04124513445,6850.95665627374,6844.50566802071,6869.0,6808.75,6838.875,6937.20972275366,6865.58998138586,6901.39985206976,6852.11703112864,0.0,0.0,0.0,0.0,0.0,0.0
1771197900.0,6856.5,6859.0,6856.25,6856.75,6857.318312515539,6852.617155332599,6845.01934727357,6869.0,6808.75,6838.875,6937.20972275366,6865.58998138586,6901.39985206976,6852.54607391567,0.0,0.0,0.0,0.0,0.0,0.0
1771198200.0,6856.75,6859.25,6853.75,6854.25,6856.759819106859,6853.367424028889,6845.25575933415,6869.0,6808.75,6838.875,6937.20972275366,6865.58998138586,6901.39985206976,6852.833458121189,0.0,0.0,0.0,0.0,0.0,0.0
1771198500.0,6854.25,6857.0,6852.0,6853.25,6855.771523335449,6853.731812848259,6845.3887939487595,6869.0,6808.75,6838.875,6937.20972275366,6865.58998138586,6901.39985206976,6852.92888427847,0.0,0.0,0.0,0.0,0.0,0.0
1771198800.0,6853.5,6857.25,6853.5,6856.75,6856.737779327879,6854.893228156609,6845.89039061232,6869.0,6808.75,6838.875,6937.20972275366,6865.58998138586,6901.39985206976,6853.068830086009,0.0,0.0,0.0,0.0,0.0,0.0
1771199100.0,6856.5,6857.0,6854.25,6855.0,6856.40637296556,6855.4037263998,6846.191499187889,6869.0,6808.75,6838.875,6937.20972275366,6865.58998138586,6901.39985206976,6853.18628064032,0.0,0.0,0.0,0.0,0.0,0.0
1771199400.0,6855.0,6856.5,6851.0,6853.75,6855.4957787555495,6855.496571572279,6846.357262945749,6869.0,6808.75,6838.875,6937.20972275366,6865.58998138586,6901.39985206976,6853.221756709249,0.0,0.0,0.0,0.0,0.0,0.0
1771199700.0,6854.0,6861.5,6852.0,6860.5,6858.1433759353395,6857.232521295769,6847.2236147166495,6869.0,6808.75,6838.875,6937.20972275366,6865.58998138586,6901.39985206976,6853.85979386678,0.0,0.0,0.0,0.0,0.0,0.0
1771200000.0,6860.5,6861.75,6855.75,6857.25,6858.17826999251,6857.83534373772,6847.70710430644,6869.0,6808.75,6838.875,6937.20972275366,6865.58998138586,6901.39985206976,6854.73469387755,0.0,0.0,0.0,0.0,0.0,0.0
1771200300.0,6857.25,6863.25,6856.25,6862.5,6860.674404909019,6859.61048013836,6848.712369608649,6869.0,6808.75,6838.875,6937.20972275366,6865.58998138586,6901.39985206976,6855.22208955224,0.0,0.0,0.0,0.0,0.0,0.0
1771200600.0,6862.25,6863.75,6861.25,6862.25,6862.04770187492,6860.981727921519,6849.63347252123,6869.0,6808.75,6838.875,6937.20972275366,6865.58998138586,6901.39985206976,6855.63315038934,0.0,0.0,0.0,0.0,0.0,0.0
1771200900.0,6862.25,6863.5,6861.5,6861.75,6862.55690131066,6861.95054968916,6850.44947192496,6869.0,6808.75,6838.875,6937.20972275366,6865.58998138586,6901.39985206976,6855.91529695745,0.0,0.0,0.0,0.0,0.0,0.0
1771201200.0,6861.75,6862.5,6861.0,6861.5,6862.634270859149,6862.644833485329,6851.192670955689,6869.0,6808.75,6838.875,6937.20972275366,6865.58998138586,6901.39985206976,6856.16650024695,0.0,0.0,0.0,0.0,0.0,0.0
1771201500.0,6861.5,6864.25,6861.0,6863.0,6863.30142290546,6863.5451987220395,6852.04823720887,6869.0,6808.75,6838.875,6937.20972275366,6865.58998138586,6901.39985206976,6856.4248365001795,0.0,0.0,0.0,0.0,0.0,0.0
1771201800.0,6863.0,6864.0,6862.0,6863.25,6863.74474839458,6864.303095829139,6852.878259974869,6869.0,6808.75,6838.875,6937.20972275366,6865.58998138586,6901.39985206976,6856.602139687129,0.0,0.0,0.0,0.0,0.0,0.0
1771202100.0,6863.25,6864.5,6861.75,6863.0,6863.805410848409,6864.816991406739,6853.6320043796595,6869.0,6808.75,6838.875,6937.20972275366,6865.58998138586,6901.39985206976,6856.824966065539,0.0,0.0,0.0,0.0,0.0,0.0
1771202400.0,6863.0,6863.75,6861.75,6861.75,6863.143397646179,6864.8797229844895,6854.210670157039,6869.0,6808.75,6838.875,6937.20972275366,6865.58998138586,6901.39985206976,6856.93904338576,0.0,0.0,0.0,0.0,0.0,0.0
1771202700.0,6861.75,6864.5,6861.75,6862.75,6863.1370766999,6865.1301041477,6854.85843060063,6869.0,6808.75,6838.875,6937.20972275366,6865.58998138586,6901.39985206976,6857.1030346714,0.0,0.0,0.0,0.0,0.0,0.0
1771203000.0,6862.75,6865.0,6862.5,6864.25,6863.81203095349,6865.66148280546,6855.621500151729,6869.0,6808.75,6838.875,6937.20972275366,6865.58998138586,6901.39985206976,6857.30074921489,0.0,0.0,0.0,0.0,0.0,0.0
1771203300.0,6864.25,6864.75,6861.5,6862.75,6863.461106619409,6865.679422900759,6856.18102041165,6869.0,6808.75,6838.875,6937.20972275366,6865.58998138586,6901.39985206976,6857.443439883829,0.0,0.0,0.0,0.0,0.0,0.0
1771203600.0,6862.75,6863.75,6861.25,6863.25,6863.435739726239,6865.771424507459,6856.75736044286,6869.0,6808.75,6838.875,6937.20972275366,6865.58998138586,6901.39985206976,6857.63072391851,0.0,0.0,0.0,0.0,0.0,0.0
1771203900.0,6863.25,6865.5,6863.25,6864.0,6863.75221048188,6865.98884913227,6857.3746327953095,6869.0,6808.75,6838.875,6937.20972275366,6865.58998138586,6901.39985206976,6857.77402242478,0.0,0.0,0.0,0.0,0.0,0.0
1771204200.0,6864.0,6864.75,6862.5,6862.5,6863.192771471279,6865.7518740618,6857.79684000167,6869.0,6808.75,6838.875,6937.20972275366,6865.58998138586,6901.39985206976,6857.89680694787,0.0,0.0,0.0,0.0,0.0,0.0
1771204500.0,6862.5,6863.25,6862.0,6863.0,6863.057506145689,6865.63901218282,6858.24390211413,6869.0,6808.75,6838.875,6937.20972275366,6865.58998138586,6901.39985206976,6857.99941534329,0.0,0.0,0.0,0.0,0.0,0.0
1771204800.0,6863.0,6863.0,6862.25,6862.75,,,,,,,,,,,,,,,,
