Date/Time,Open,High,Low,Close,Volume
2026-01-22 03:20:00,6936.5,6940.5,6936.0,6940.25,1000
2026-01-22 03:25:00,6940.25,6945.5,6939.5,6942.0,1000
2026-01-22 03:30:00,6942.0,6943.25,6940.0,6943.0,1000
2026-01-22 03:35:00,6943.0,6945.75,6942.0,6945.75,1000
2026-01-22 03:40:00,6946.0,6947.75,6944.75,6946.5,1000
2026-01-22 03:45:00,6946.25,6947.5,6944.25,6947.0,1000
2026-01-22 03:50:00,6947.0,6952.25,6946.75,6949.75,1000
2026-01-22 03:55:00,6949.75,6950.0,6946.5,6947.25,1000
2026-01-22 04:00:00,6947.0,6952.0,6946.5,6951.75,1000
2026-01-22 04:05:00,6951.75,6952.75,6950.25,6951.25,1000
2026-01-22 04:10:00,6951.5,6953.75,6951.25,6953.75,1000
2026-01-22 04:15:00,6953.75,6956.0,6953.25,6955.0,1000
2026-01-22 04:20:00,6955.0,6955.25,6951.0,6952.5,1000
2026-01-22 04:25:00,6952.75,6952.75,6950.25,6951.5,1000
2026-01-22 04:30:00,6951.5,6954.5,6951.0,6954.25,1000
2026-01-22 04:35:00,6954.25,6954.5,6952.25,6953.25,1000
2026-01-22 04:40:00,6953.5,6955.25,6953.25,6954.25,1000
2026-01-22 04:45:00,6954.25,6955.0,6954.0,6955.0,1000
2026-01-22 04:50:00,6955.25,6956.0,6953.75,6954.0,1000
2026-01-22 04:55:00,6954.0,6954.25,6952.5,6953.0,1000
2026-01-22 05:00:00,6953.25,6954.25,6952.25,6952.75,1000
2026-01-22 05:05:00,6953.0,6953.0,6951.0,6953.0,1000
2026-01-22 05:10:00,6952.75,6953.0,6949.25,6949.75,1000
2026-01-22 05:15:00,6950.0,6950.5,6946.25,6947.0,1000
2026-01-22 05:20:00,6947.25,6952.25,6946.5,6950.0,1000
2026-01-22 05:25:00,6950.0,6951.75,6949.25,6950.0,1000
2026-01-22 05:30:00,6950.0,6952.0,6949.5,6951.75,1000
2026-01-22 05:35:00,6951.75,6952.5,6950.5,6951.0,1000
2026-01-22 05:40:00,6951.0,6951.75,6950.0,6950.75,1000
2026-01-22 05:45:00,6950.75,6951.75,6950.0,6951.25,1000
2026-01-22 05:50:00,6951.25,6952.25,6950.25,6951.25,1000
2026-01-22 05:55:00,6951.0,6952.25,6950.75,6951.25,1000
2026-01-22 06:00:00,6951.0,6954.0,6950.75,6951.5,1000
2026-01-22 06:05:00,6951.75,6954.75,6951.75,6954.5,1000
2026-01-22 06:10:00,6954.5,6954.75,6950.25,6950.5,1000
2026-01-22 06:15:00,6950.25,6951.75,6944.75,6949.75,1000
2026-01-22 06:20:00,6949.75,6950.75,6948.0,6949.75,1000
2026-01-22 06:25:00,6949.75,6950.0,6947.0,6949.0,1000
2026-01-22 06:30:00,6948.75,6953.0,6947.5,6951.0,1000
2026-01-22 06:35:00,6951.0,6951.75,6946.25,6947.5,1000
2026-01-22 06:40:00,6947.5,6947.5,6944.0,6945.5,1000
2026-01-22 06:45:00,6945.5,6946.0,6944.0,6945.25,1000
2026-01-22 06:50:00,6945.0,6946.5,6944.0,6945.5,1000
2026-01-22 06:55:00,6945.5,6946.5,6944.0,6945.25,1000
2026-01-22 07:00:00,6945.0,6946.75,6941.75,6943.25,1000
2026-01-22 07:05:00,6943.25,6946.0,6942.75,6945.0,1000
2026-01-22 07:10:00,6945.0,6945.5,6942.5,6943.0,1000
2026-01-22 07:15:00,6943.25,6946.0,6943.0,6945.0,1000
2026-01-22 07:20:00,6944.75,6948.0,6944.25,6947.25,1000
2026-01-22 07:25:00,6947.0,6947.75,6946.0,6946.25,1000
2026-01-22 07:30:00,6946.0,6948.75,6943.5,6948.0,1000
2026-01-22 07:35:00,6948.0,6948.75,6946.25,6946.25,1000
2026-01-22 07:40:00,6946.0,6948.5,6946.0,6947.5,1000
2026-01-22 07:45:00,6947.5,6948.0,6945.5,6946.0,1000
2026-01-22 07:50:00,6946.0,6947.75,6944.75,6945.5,1000
2026-01-22 07:55:00,6945.5,6948.25,6945.0,6947.5,1000
2026-01-22 08:00:00,6947.5,6951.5,6947.25,6950.75,1000
2026-01-22 08:05:00,6950.5,6950.75,6946.25,6947.5,1000
2026-01-22 08:10:00,6947.5,6948.25,6945.0,6948.25,1000
2026-01-22 08:15:00,6948.25,6951.25,6948.0,6950.5,1000
2026-01-22 08:20:00,6950.5,6950.5,6949.0,6950.0,1000
2026-01-22 08:25:00,6950.0,6951.0,6949.25,6951.0,1000
2026-01-22 08:30:00,6950.5,6952.75,6946.0,6949.75,1000
2026-01-22 08:35:00,6949.5,6952.0,6949.0,6951.5,1000
2026-01-22 08:40:00,6951.5,6951.75,6947.5,6948.75,1000
2026-01-22 08:45:00,6948.5,6957.5,6948.25,6955.5,1000
2026-01-22 08:50:00,6955.25,6955.75,6953.0,6954.75,1000
2026-01-22 08:55:00,6954.5,6958.5,6954.25,6957.5,1000
2026-01-22 09:00:00,6957.5,6958.25,6953.75,6953.75,1000
2026-01-22 09:05:00,6953.75,6955.0,6952.5,6954.0,1000
2026-01-22 09:10:00,6954.0,6955.75,6952.25,6954.75,1000
2026-01-22 09:15:00,6955.0,6958.25,6953.75,6957.75,1000
2026-01-22 09:20:00,6957.75,6958.0,6953.0,6953.5,1000
2026-01-22 09:25:00,6953.5,6958.75,6953.5,6956.25,1000
2026-01-22 09:30:00,6956.0,6961.0,6951.75,6956.5,1000
2026-01-22 09:35:00,6956.75,6962.5,6952.0,6960.75,1000
2026-01-22 09:40:00,6960.75,6964.5,6946.25,6951.25,1000
2026-01-22 09:45:00,6951.25,6953.5,6933.0,6935.75,1000
2026-01-22 09:50:00,6935.5,6944.25,6933.0,6941.75,1000
2026-01-22 09:55:00,6941.75,6943.0,6930.5,6936.0,1000
2026-01-22 10:00:00,6935.5,6937.25,6926.25,6930.0,1000
2026-01-22 10:05:00,6929.75,6932.0,6925.5,6929.75,1000
2026-01-22 10:10:00,6930.0,6935.0,6927.25,6930.0,1000
2026-01-22 10:15:00,6929.75,6936.25,6927.5,6933.25,1000
2026-01-22 10:20:00,6933.25,6942.0,6930.5,6930.5,1000
2026-01-22 10:25:00,6930.5,6942.75,6929.25,6941.0,1000
2026-01-22 10:30:00,6941.25,6946.0,6937.0,6945.0,1000
2026-01-22 10:35:00,6945.0,6948.0,6943.25,6946.5,1000
2026-01-22 10:40:00,6946.75,6949.25,6942.75,6949.25,1000
2026-01-22 10:45:00,6949.0,6951.75,6947.75,6948.75,1000
2026-01-22 10:50:00,6948.5,6948.75,6944.25,6945.25,1000
2026-01-22 10:55:00,6945.5,6946.75,6942.5,6943.0,1000
2026-01-22 11:00:00,6943.0,6948.75,6942.5,6948.0,1000
2026-01-22 11:05:00,6948.25,6951.5,6946.75,6950.5,1000
2026-01-22 11:10:00,6950.75,6954.5,6949.0,6953.75,1000
2026-01-22 11:15:00,6953.75,6955.5,6949.0,6952.5,1000
2026-01-22 11:20:00,6952.75,6955.75,6952.5,6955.25,1000
2026-01-22 11:25:00,6955.0,6957.5,6954.0,6955.0,1000
2026-01-22 11:30:00,6954.75,6956.5,6953.25,6955.5,1000
2026-01-22 11:35:00,6955.5,6957.0,6953.75,6955.75,1000
2026-01-22 11:40:00,6956.0,6959.25,6955.0,6957.75,1000
2026-01-22 11:45:00,6958.0,6960.75,6957.75,6959.25,1000
2026-01-22 11:50:00,6959.5,6962.0,6958.25,6959.25,1000
2026-01-22 11:55:00,6959.5,6959.5,6953.5,6954.25,1000
2026-01-22 12:00:00,6954.25,6957.75,6951.0,6957.5,1000
2026-01-22 12:05:00,6957.5,6961.5,6955.0,6960.5,1000
2026-01-22 12:10:00,6960.75,6962.75,6958.75,6960.75,1000
2026-01-22 12:15:00,6960.75,6961.75,6956.5,6959.0,1000
2026-01-22 12:20:00,6958.75,6959.0,6954.5,6959.0,1000
2026-01-22 12:25:00,6959.0,6959.75,6956.25,6959.75,1000
2026-01-22 12:30:00,6959.75,6966.25,6959.75,6965.5,1000
2026-01-22 12:35:00,6965.75,6965.75,6962.75,6963.5,1000
2026-01-22 12:40:00,6963.5,6966.5,6963.25,6964.75,1000
2026-01-22 12:45:00,6964.75,6966.5,6963.75,6965.25,1000
2026-01-22 12:50:00,6965.25,6968.0,6965.0,6966.5,1000
2026-01-22 12:55:00,6966.5,6968.25,6964.25,6967.0,1000
2026-01-22 13:00:00,6966.75,6969.0,6962.5,6967.0,1000
2026-01-22 13:05:00,6967.0,6968.5,6965.0,6965.75,1000
2026-01-22 13:10:00,6966.0,6966.0,6960.75,6962.0,1000
2026-01-22 13:15:00,6962.0,6963.75,6959.75,6962.0,1000
2026-01-22 13:20:00,6962.25,6964.75,6961.5,6963.75,1000
2026-01-22 13:25:00,6963.5,6963.75,6961.25,6961.75,1000
2026-01-22 13:30:00,6961.5,6965.75,6961.25,6964.25,1000
2026-01-22 13:35:00,6964.0,6965.25,6963.0,6965.0,1000
2026-01-22 13:40:00,6965.0,6965.0,6959.75,6960.75,1000
2026-01-22 13:45:00,6960.5,6963.5,6960.5,6961.75,1000
2026-01-22 13:50:00,6962.0,6962.5,6958.5,6959.0,1000
2026-01-22 13:55:00,6959.25,6959.25,6955.25,6957.25,1000
2026-01-22 14:00:00,6957.0,6963.25,6957.0,6963.0,1000
2026-01-22 14:05:00,6963.0,6965.5,6962.0,6964.0,1000
2026-01-22 14:10:00,6964.0,6966.75,6962.0,6964.0,1000
2026-01-22 14:15:00,6964.0,6964.75,6962.0,6963.5,1000
2026-01-22 14:20:00,6963.5,6965.75,6962.75,6965.0,1000
2026-01-22 14:25:00,6965.25,6965.75,6963.0,6963.5,1000
2026-01-22 14:30:00,6963.75,6964.25,6960.5,6960.75,1000
2026-01-22 14:35:00,6960.5,6961.5,6955.5,6956.25,1000
2026-01-22 14:40:00,6956.25,6958.5,6954.0,6954.5,1000
2026-01-22 14:45:00,6954.75,6955.5,6952.25,6953.25,1000
2026-01-22 14:50:00,6953.0,6955.75,6950.75,6951.5,1000
2026-01-22 14:55:00,6951.25,6952.5,6944.5,6944.5,1000
2026-01-22 15:00:00,6944.5,6948.5,6943.0,6947.25,1000
2026-01-22 15:05:00,6947.0,6949.0,6945.25,6946.0,1000
2026-01-22 15:10:00,6946.0,6949.25,6945.75,6949.0,1000
2026-01-22 15:15:00,6949.0,6952.25,6947.75,6949.0,1000
2026-01-22 15:20:00,6949.0,6950.0,6945.0,6945.25,1000
2026-01-22 15:25:00,6945.5,6945.5,6938.25,6938.25,1000
2026-01-22 15:30:00,6938.25,6939.25,6933.75,6935.75,1000
2026-01-22 15:35:00,6935.75,6937.25,6932.5,6935.0,1000
2026-01-22 15:40:00,6935.0,6940.0,6933.25,6938.25,1000
2026-01-22 15:45:00,6938.25,6942.75,6938.25,6942.5,1000
2026-01-22 15:50:00,6942.75,6946.25,6941.75,6945.0,1000
2026-01-22 15:55:00,6945.0,6947.5,6943.0,6946.0,1000
2026-01-22 16:00:00,6945.75,6948.5,6941.25,6942.5,1000
2026-01-22 16:05:00,6942.5,6947.0,6942.25,6945.0,1000
2026-01-22 16:10:00,6945.0,6945.5,6942.5,6944.5,1000
2026-01-22 16:15:00,6944.5,6945.75,6944.25,6945.25,1000
2026-01-22 16:20:00,6945.0,6946.25,6944.75,6946.0,1000
2026-01-22 16:25:00,6946.0,6946.75,6945.0,6946.25,1000
2026-01-22 16:30:00,6946.25,6946.5,6945.5,6945.75,1000
2026-01-22 16:35:00,6945.75,6945.75,6943.0,6943.25,1000
2026-01-22 16:40:00,6943.25,6943.75,6942.25,6942.75,1000
2026-01-22 16:45:00,6943.0,6943.25,6942.0,6942.5,1000
2026-01-22 16:50:00,6942.5,6944.5,6942.5,6943.25,1000
2026-01-22 16:55:00,6943.25,6944.0,6935.75,6940.25,1000
2026-01-22 18:00:00,6938.0,6941.5,6933.5,6936.25,1000
2026-01-22 18:05:00,6936.5,6939.0,6935.75,6938.5,1000
2026-01-22 18:10:00,6938.75,6939.0,6936.25,6937.0,1000
2026-01-22 18:15:00,6937.0,6939.25,6936.75,6937.25,1000
2026-01-22 18:20:00,6937.25,6942.0,6936.75,6942.0,1000
2026-01-22 18:25:00,6942.0,6943.0,6941.0,6941.0,1000
2026-01-22 18:30:00,6941.25,6944.25,6940.75,6943.0,1000
2026-01-22 18:35:00,6943.25,6944.0,6942.5,6942.75,1000
2026-01-22 18:40:00,6942.5,6943.0,6941.5,6943.0,1000
2026-01-22 18:45:00,6943.0,6943.5,6939.75,6940.5,1000
2026-01-22 18:50:00,6940.5,6940.75,6938.25,6938.75,1000
2026-01-22 18:55:00,6939.0,6941.5,6938.75,6941.25,1000
2026-01-22 19:00:00,6941.0,6942.0,6937.5,6940.75,1000
2026-01-22 19:05:00,6940.75,6943.75,6939.75,6943.0,1000
2026-01-22 19:10:00,6943.25,6944.75,6942.5,6943.5,1000
2026-01-22 19:15:00,6943.5,6945.25,6942.25,6944.75,1000
2026-01-22 19:20:00,6945.0,6946.5,6944.0,6944.75,1000
2026-01-22 19:25:00,6945.0,6945.25,6943.75,6944.5,1000
2026-01-22 19:30:00,6944.5,6945.75,6943.75,6945.5,1000
2026-01-22 19:35:00,6945.75,6947.5,6945.5,6946.75,1000
2026-01-22 19:40:00,6946.75,6948.5,6946.75,6948.25,1000
2026-01-22 19:45:00,6948.25,6949.0,6947.25,6947.5,1000
2026-01-22 19:50:00,6947.5,6949.5,6947.5,6948.5,1000
2026-01-22 19:55:00,6948.5,6950.0,6948.0,6949.5,1000
2026-01-22 20:00:00,6949.5,6953.5,6949.0,6952.75,1000
2026-01-22 20:05:00,6952.75,6953.5,6952.0,6952.5,1000
2026-01-22 20:10:00,6952.25,6953.25,6951.5,6952.25,1000
2026-01-22 20:15:00,6952.25,6954.75,6952.25,6953.25,1000
2026-01-22 20:20:00,6953.0,6954.75,6952.75,6953.25,1000
2026-01-22 20:25:00,6953.0,6953.75,6949.75,6951.5,1000
2026-01-22 20:30:00,6951.25,6954.75,6950.5,6954.25,1000
2026-01-22 20:35:00,6954.5,6954.75,6952.5,6953.25,1000
2026-01-22 20:40:00,6953.0,6953.75,6952.5,6953.0,1000
2026-01-22 20:45:00,6952.75,6954.5,6952.5,6954.5,1000
2026-01-22 20:50:00,6954.5,6955.5,6954.25,6955.5,1000
2026-01-22 20:55:00,6955.5,6957.0,6955.0,6956.5,1000
2026-01-22 21:00:00,6956.75,6957.0,6954.25,6954.75,1000
2026-01-22 21:05:00,6954.75,6955.5,6954.25,6954.75,1000
2026-01-22 21:10:00,6955.0,6956.0,6954.75,6955.75,1000
2026-01-22 21:15:00,6955.75,6956.25,6954.75,6955.5,1000
2026-01-22 21:20:00,6955.5,6955.5,6954.25,6954.25,1000
2026-01-22 21:25:00,6954.25,6954.75,6953.5,6954.5,1000
2026-01-22 21:30:00,6954.25,6954.5,6952.75,6953.25,1000
2026-01-22 21:35:00,6953.5,6953.75,6952.25,6952.5,1000
2026-01-22 21:40:00,6952.5,6952.75,6951.75,6952.0,1000
2026-01-22 21:45:00,6952.0,6952.75,6951.75,6952.25,1000
2026-01-22 21:50:00,6952.0,6952.5,6951.5,6952.25,1000
2026-01-22 21:55:00,6952.25,6952.5,6951.5,6951.75,1000
2026-01-22 22:00:00,6951.75,6954.5,6951.75,6954.5,1000
2026-01-22 22:05:00,6954.25,6956.5,6954.0,6956.0,1000
2026-01-22 22:10:00,6956.0,6956.5,6955.25,6956.25,1000
2026-01-22 22:15:00,6956.25,6958.0,6956.25,6958.0,1000
2026-01-22 22:20:00,6957.75,6958.5,6957.5,6957.5,1000
2026-01-22 22:25:00,6957.5,6958.5,6957.5,6957.75,1000
2026-01-22 22:30:00,6957.5,6958.0,6956.25,6956.5,1000
2026-01-22 22:35:00,6956.5,6956.5,6955.5,6956.25,1000
2026-01-22 22:40:00,6956.25,6957.5,6956.25,6957.25,1000
2026-01-22 22:45:00,6957.5,6957.5,6955.25,6956.0,1000
2026-01-22 22:50:00,6956.25,6957.25,6956.0,6957.25,1000
2026-01-22 22:55:00,6957.0,6957.0,6956.25,6956.5,1000
2026-01-22 23:00:00,6956.5,6957.25,6956.0,6956.5,1000
2026-01-22 23:05:00,6956.25,6956.75,6955.5,6956.0,1000
2026-01-22 23:10:00,6956.0,6957.0,6956.0,6957.0,1000
2026-01-22 23:15:00,6957.0,6957.5,6956.0,6956.25,1000
2026-01-22 23:20:00,6956.25,6956.25,6954.75,6956.0,1000
2026-01-22 23:25:00,6956.0,6956.75,6956.0,6956.5,1000
2026-01-22 23:30:00,6956.5,6957.5,6956.5,6957.5,1000
2026-01-22 23:35:00,6957.5,6958.0,6957.0,6957.5,1000
2026-01-22 23:40:00,6957.5,6957.5,6956.25,6956.5,1000
2026-01-22 23:45:00,6956.25,6956.5,6955.5,6955.75,1000
2026-01-22 23:50:00,6955.75,6959.0,6955.75,6959.0,1000
2026-01-22 23:55:00,6958.75,6959.0,6958.0,6958.0,1000
2026-01-23 00:00:00,6958.25,6959.5,6957.0,6957.75,1000
2026-01-23 00:05:00,6957.75,6959.0,6957.25,6959.0,1000
2026-01-23 00:10:00,6959.0,6960.5,6958.75,6959.5,1000
2026-01-23 00:15:00,6959.5,6960.0,6959.25,6960.0,1000
2026-01-23 00:20:00,6959.75,6960.25,6959.0,6959.25,1000
2026-01-23 00:25:00,6959.25,6959.5,6958.5,6959.0,1000
2026-01-23 00:30:00,6958.75,6959.25,6958.0,6958.5,1000
2026-01-23 00:35:00,6958.5,6959.75,6958.5,6959.75,1000
2026-01-23 00:40:00,6959.5,6960.0,6958.0,6958.25,1000
2026-01-23 00:45:00,6958.5,6959.5,6958.25,6959.0,1000
2026-01-23 00:50:00,6959.0,6960.25,6958.75,6960.25,1000
2026-01-23 00:55:00,6960.25,6960.75,6959.75,6960.5,1000
2026-01-23 01:00:00,6960.5,6962.5,6960.25,6962.25,1000
2026-01-23 01:05:00,6962.25,6963.25,6961.25,6961.25,1000
2026-01-23 01:10:00,6961.25,6962.0,6960.25,6961.75,1000
2026-01-23 01:15:00,6961.5,6963.0,6961.25,6963.0,1000
2026-01-23 01:20:00,6963.0,6963.0,6962.25,6962.75,1000
2026-01-23 01:25:00,6963.0,6963.0,6960.25,6961.0,1000
2026-01-23 01:30:00,6960.75,6961.75,6960.5,6961.0,1000
2026-01-23 01:35:00,6961.0,6961.25,6957.5,6958.0,1000
2026-01-23 01:40:00,6958.0,6958.5,6957.5,6958.0,1000
2026-01-23 01:45:00,6957.75,6958.75,6957.25,6957.5,1000
2026-01-23 01:50:00,6957.5,6958.25,6957.25,6957.5,1000
2026-01-23 01:55:00,6957.5,6958.0,6957.25,6957.5,1000
2026-01-23 02:00:00,6957.5,6957.5,6955.5,6956.75,1000
2026-01-23 02:05:00,6957.0,6958.25,6956.5,6956.5,1000
2026-01-23 02:10:00,6956.75,6957.5,6955.75,6956.25,1000
2026-01-23 02:15:00,6956.25,6959.0,6956.25,6959.0,1000
2026-01-23 02:20:00,6959.25,6960.25,6959.25,6960.25,1000
2026-01-23 02:25:00,6960.25,6960.75,6958.5,6959.0,1000
2026-01-23 02:30:00,6959.0,6959.0,6957.0,6957.25,1000
2026-01-23 02:35:00,6957.25,6957.75,6956.25,6956.5,1000
2026-01-23 02:40:00,6956.5,6957.5,6956.0,6956.75,1000
2026-01-23 02:45:00,6957.0,6957.0,6953.25,6955.25,1000
2026-01-23 02:50:00,6955.25,6955.75,6954.0,6954.5,1000
2026-01-23 02:55:00,6954.5,6955.5,6953.5,6955.0,1000
2026-01-23 03:00:00,6954.75,6954.75,6951.25,6953.5,1000
2026-01-23 03:05:00,6953.5,6954.75,6952.75,6954.5,1000
2026-01-23 03:10:00,6954.5,6955.0,6948.75,6948.75,1000
2026-01-23 03:15:00,6948.75,6952.25,6948.25,6949.25,1000
2026-01-23 03:20:00,6949.25,6949.5,6946.25,6947.5,1000
2026-01-23 03:25:00,6947.5,6947.75,6943.0,6944.5,1000
2026-01-23 03:30:00,6944.75,6946.0,6939.5,6940.25,1000
2026-01-23 03:35:00,6940.25,6942.25,6939.75,6942.25,1000
2026-01-23 03:40:00,6942.5,6944.75,6941.0,6941.25,1000
2026-01-23 03:45:00,6941.5,6944.25,6940.25,6941.0,1000
2026-01-23 03:50:00,6940.75,6942.0,6936.75,6938.0,1000
2026-01-23 03:55:00,6938.0,6939.5,6935.25,6938.25,1000
2026-01-23 04:00:00,6938.25,6942.25,6937.0,6940.5,1000
2026-01-23 04:05:00,6940.75,6942.75,6940.25,6942.25,1000
2026-01-23 04:10:00,6942.25,6942.25,6937.5,6938.5,1000
2026-01-23 04:15:00,6938.5,6939.75,6937.75,6939.5,1000
2026-01-23 04:20:00,6939.25,6942.25,6939.25,6941.0,1000
2026-01-23 04:25:00,6941.25,6941.75,6937.75,6939.0,1000
2026-01-23 04:30:00,6939.0,6939.5,6936.0,6936.5,1000
2026-01-23 04:35:00,6936.25,6936.5,6932.5,6933.25,1000
2026-01-23 04:40:00,6933.0,6933.0,6926.75,6928.0,1000
2026-01-23 04:45:00,6927.75,6929.5,6925.5,6928.25,1000
2026-01-23 04:50:00,6928.25,6930.5,6926.5,6929.25,1000
2026-01-23 04:55:00,6929.25,6931.75,6928.25,6929.5,1000
2026-01-23 05:00:00,6929.25,6931.0,6928.25,6930.75,1000
2026-01-23 05:05:00,6930.75,6931.25,6929.5,6930.75,1000
2026-01-23 05:10:00,6930.75,6931.0,6927.5,6927.75,1000
2026-01-23 05:15:00,6928.0,6930.5,6927.0,6929.5,1000
2026-01-23 05:20:00,6929.5,6930.25,6927.5,6929.75,1000
2026-01-23 05:25:00,6929.75,6930.25,6927.5,6928.25,1000
2026-01-23 05:30:00,6928.25,6928.75,6926.5,6926.75,1000
2026-01-23 05:35:00,6926.75,6928.0,6925.75,6926.75,1000
2026-01-23 05:40:00,6927.0,6928.25,6926.75,6926.75,1000
2026-01-23 05:45:00,6926.75,6928.5,6926.5,6926.5,1000
2026-01-23 05:50:00,6926.25,6928.75,6926.25,6928.25,1000
2026-01-23 05:55:00,6928.5,6929.75,6927.75,6929.75,1000
2026-01-23 06:00:00,6929.75,6941.0,6929.25,6937.25,1000
2026-01-23 06:05:00,6937.25,6942.0,6936.25,6939.75,1000
2026-01-23 06:10:00,6939.75,6941.25,6937.75,6940.0,1000
2026-01-23 06:15:00,6940.25,6940.5,6938.25,6939.0,1000
2026-01-23 06:20:00,6939.25,6940.0,6938.0,6938.75,1000
2026-01-23 06:25:00,6939.0,6942.25,6937.75,6942.0,1000
2026-01-23 06:30:00,6942.25,6943.75,6940.5,6943.0,1000
2026-01-23 06:35:00,6942.75,6943.0,6940.25,6941.5,1000
2026-01-23 06:40:00,6941.5,6941.75,6937.5,6938.5,1000
2026-01-23 06:45:00,6938.5,6938.75,6936.5,6936.75,1000
2026-01-23 06:50:00,6936.75,6937.75,6935.0,6936.0,1000
2026-01-23 06:55:00,6935.75,6935.75,6931.75,6933.5,1000
2026-01-23 07:00:00,6933.25,6934.5,6932.5,6933.5,1000
2026-01-23 07:05:00,6933.5,6937.5,6933.25,6936.25,1000
2026-01-23 07:10:00,6936.25,6938.25,6935.25,6935.75,1000
2026-01-23 07:15:00,6935.75,6936.5,6934.0,6934.0,1000
2026-01-23 07:20:00,6934.25,6937.0,6933.75,6935.75,1000
2026-01-23 07:25:00,6935.75,6937.5,6935.5,6937.25,1000
2026-01-23 07:30:00,6937.25,6939.0,6931.0,6932.75,1000
2026-01-23 07:35:00,6932.75,6935.75,6931.75,6935.25,1000
2026-01-23 07:40:00,6935.5,6939.75,6934.5,6939.25,1000
2026-01-23 07:45:00,6939.25,6941.5,6938.5,6941.5,1000
2026-01-23 07:50:00,6941.5,6942.5,6939.75,6940.0,1000
2026-01-23 07:55:00,6940.0,6941.5,6939.0,6940.5,1000
2026-01-23 08:00:00,6940.5,6940.5,6938.0,6940.0,1000
2026-01-23 08:05:00,6939.75,6940.25,6937.25,6937.25,1000
2026-01-23 08:10:00,6937.25,6940.0,6937.0,6938.5,1000
2026-01-23 08:15:00,6938.5,6939.5,6935.0,6936.0,1000
2026-01-23 08:20:00,6936.0,6936.25,6933.75,6935.0,1000
2026-01-23 08:25:00,6934.75,6934.75,6928.0,6928.25,1000
2026-01-23 08:30:00,6928.25,6932.5,6928.0,6929.75,1000
2026-01-23 08:35:00,6929.75,6932.5,6928.5,6931.75,1000
2026-01-23 08:40:00,6931.75,6934.0,6930.5,6930.75,1000
2026-01-23 08:45:00,6930.75,6932.25,6929.0,6931.25,1000
2026-01-23 08:50:00,6931.0,6931.5,6926.0,6926.5,1000
2026-01-23 08:55:00,6926.5,6929.0,6925.75,6928.0,1000
2026-01-23 09:00:00,6927.75,6929.25,6924.75,6928.0,1000
2026-01-23 09:05:00,6928.0,6930.5,6927.75,6930.25,1000
2026-01-23 09:10:00,6930.0,6930.25,6925.75,6927.75,1000
2026-01-23 09:15:00,6927.5,6930.75,6926.5,6930.5,1000
2026-01-23 09:20:00,6930.5,6931.75,6928.75,6931.25,1000
2026-01-23 09:25:00,6931.25,6936.5,6930.75,6935.0,1000
2026-01-23 09:30:00,6935.0,6940.5,6929.5,6930.75,1000
2026-01-23 09:35:00,6931.0,6935.0,6925.75,6927.75,1000
2026-01-23 09:40:00,6928.0,6935.5,6925.0,6933.0,1000
2026-01-23 09:45:00,6933.25,6938.0,6926.25,6927.0,1000
2026-01-23 09:50:00,6926.75,6935.0,6926.25,6933.0,1000
2026-01-23 09:55:00,6933.0,6942.0,6932.25,6941.75,1000
2026-01-23 10:00:00,6941.5,6948.25,6941.25,6946.5,1000
2026-01-23 10:05:00,6946.75,6947.25,6942.75,6945.0,1000
2026-01-23 10:10:00,6944.75,6946.0,6938.5,6940.0,1000
2026-01-23 10:15:00,6939.75,6943.75,6937.0,6937.75,1000
2026-01-23 10:20:00,6937.75,6951.5,6936.5,6949.0,1000
2026-01-23 10:25:00,6949.0,6952.5,6945.0,6946.75,1000
2026-01-23 10:30:00,6947.0,6949.75,6945.75,6949.0,1000
2026-01-23 10:35:00,6949.0,6952.0,6948.75,6951.5,1000
2026-01-23 10:40:00,6951.5,6952.75,6950.0,6950.5,1000
2026-01-23 10:45:00,6950.75,6957.75,6949.0,6957.25,1000
2026-01-23 10:50:00,6957.25,6959.0,6954.5,6958.5,1000
2026-01-23 10:55:00,6958.75,6961.25,6957.5,6958.75,1000
2026-01-23 11:00:00,6958.75,6964.0,6958.75,6962.25,1000
2026-01-23 11:05:00,6962.5,6962.75,6956.25,6960.5,1000
2026-01-23 11:10:00,6960.5,6961.75,6958.75,6960.0,1000
2026-01-23 11:15:00,6960.25,6962.25,6957.75,6961.0,1000
2026-01-23 11:20:00,6961.0,6961.0,6956.5,6958.5,1000
2026-01-23 11:25:00,6958.25,6959.75,6953.25,6955.0,1000
2026-01-23 11:30:00,6954.75,6957.25,6948.25,6950.5,1000
2026-01-23 11:35:00,6950.75,6960.0,6949.0,6958.75,1000
2026-01-23 11:40:00,6958.5,6960.5,6955.25,6958.75,1000
2026-01-23 11:45:00,6958.5,6960.5,6954.25,6958.75,1000
2026-01-23 11:50:00,6958.75,6959.75,6952.75,6955.0,1000
2026-01-23 11:55:00,6955.0,6955.25,6950.75,6951.75,1000
2026-01-23 12:00:00,6951.75,6955.5,6947.5,6954.5,1000
2026-01-23 12:05:00,6954.5,6955.5,6951.5,6953.0,1000
2026-01-23 12:10:00,6953.25,6956.75,6952.25,6956.75,1000
2026-01-23 12:15:00,6956.75,6957.25,6952.25,6954.25,1000
2026-01-23 12:20:00,6954.5,6955.5,6952.0,6952.25,1000
2026-01-23 12:25:00,6952.0,6958.0,6952.0,6956.5,1000
2026-01-23 12:30:00,6956.25,6957.25,6950.5,6951.75,1000
2026-01-23 12:35:00,6951.5,6954.75,6951.25,6952.75,1000
2026-01-23 12:40:00,6952.75,6953.0,6941.25,6942.25,1000
2026-01-23 12:45:00,6942.0,6945.0,6938.5,6942.5,1000
2026-01-23 12:50:00,6942.5,6943.25,6933.5,6935.25,1000
2026-01-23 12:55:00,6935.25,6939.0,6931.0,6933.5,1000
2026-01-23 13:00:00,6933.5,6938.5,6932.25,6937.0,1000
2026-01-23 13:05:00,6937.0,6942.0,6932.5,6942.0,1000
2026-01-23 13:10:00,6942.0,6944.25,6937.75,6938.5,1000
2026-01-23 13:15:00,6938.5,6944.25,6937.75,6941.5,1000
2026-01-23 13:20:00,6941.5,6943.75,6938.0,6941.75,1000
2026-01-23 13:25:00,6942.0,6945.25,6941.5,6943.0,1000
2026-01-23 13:30:00,6943.25,6945.25,6938.0,6939.25,1000
2026-01-23 13:35:00,6939.5,6947.0,6939.25,6945.0,1000
2026-01-23 13:40:00,6945.25,6945.5,6940.75,6941.25,1000
2026-01-23 13:45:00,6941.25,6943.5,6937.5,6942.25,1000
2026-01-23 13:50:00,6942.0,6944.25,6939.75,6941.75,1000
2026-01-23 13:55:00,6942.0,6945.25,6941.0,6943.5,1000
2026-01-23 14:00:00,6943.75,6950.0,6943.25,6949.0,1000
2026-01-23 14:05:00,6949.0,6952.5,6948.25,6951.5,1000
2026-01-23 14:10:00,6951.5,6952.5,6948.0,6949.25,1000
2026-01-23 14:15:00,6949.25,6952.25,6948.5,6951.25,1000
2026-01-23 14:20:00,6951.25,6956.25,6950.5,6954.5,1000
2026-01-23 14:25:00,6954.25,6955.75,6949.5,6949.75,1000
2026-01-23 14:30:00,6949.5,6953.0,6948.5,6950.0,1000
2026-01-23 14:35:00,6950.25,6952.25,6945.5,6946.5,1000
2026-01-23 14:40:00,6946.75,6950.25,6943.5,6948.75,1000
2026-01-23 14:45:00,6949.0,6950.0,6946.0,6946.0,1000
2026-01-23 14:50:00,6946.0,6949.5,6945.5,6947.75,1000
2026-01-23 14:55:00,6948.0,6951.0,6947.75,6949.5,1000
2026-01-23 15:00:00,6949.5,6950.0,6946.25,6946.25,1000
2026-01-23 15:05:00,6946.5,6948.0,6942.5,6942.5,1000
2026-01-23 15:10:00,6942.5,6947.0,6939.25,6945.5,1000
2026-01-23 15:15:00,6945.5,6949.75,6945.5,6948.0,1000
2026-01-23 15:20:00,6947.75,6948.0,6944.25,6945.0,1000
2026-01-23 15:25:00,6945.0,6945.75,6942.25,6942.5,1000
2026-01-23 15:30:00,6942.5,6943.25,6939.5,6942.5,1000
2026-01-23 15:35:00,6942.5,6943.75,6939.75,6943.5,1000
2026-01-23 15:40:00,6943.25,6947.5,6943.25,6946.25,1000
2026-01-23 15:45:00,6946.0,6948.25,6945.25,6948.0,1000
2026-01-23 15:50:00,6948.0,6948.5,6942.25,6944.75,1000
2026-01-23 15:55:00,6944.5,6950.25,6942.25,6945.5,1000
2026-01-23 16:00:00,6945.5,6946.0,6940.25,6940.75,1000
2026-01-23 16:05:00,6941.0,6941.0,6939.0,6939.25,1000
2026-01-23 16:10:00,6939.0,6940.0,6937.5,6938.25,1000
2026-01-23 16:15:00,6938.25,6938.25,6933.5,6933.75,1000
2026-01-23 16:20:00,6933.5,6936.25,6932.25,6935.75,1000
2026-01-23 16:25:00,6935.75,6935.75,6933.5,6934.25,1000
2026-01-23 16:30:00,6934.0,6935.5,6933.75,6935.25,1000
2026-01-23 16:35:00,6935.25,6936.75,6935.25,6935.5,1000
2026-01-23 16:40:00,6935.5,6935.75,6934.0,6935.25,1000
2026-01-23 16:45:00,6935.25,6935.5,6934.0,6935.25,1000
2026-01-23 16:50:00,6935.0,6935.75,6932.75,6934.0,1000
2026-01-23 16:55:00,6934.25,6934.75,6933.5,6933.75,1000
2026-01-25 18:00:00,6904.0,6904.0,6879.0,6893.0,1000
2026-01-25 18:05:00,6893.5,6896.75,6891.25,6893.75,1000
2026-01-25 18:10:00,6894.0,6900.75,6893.5,6900.5,1000
2026-01-25 18:15:00,6900.5,6903.5,6898.5,6902.75,1000
2026-01-25 18:20:00,6902.75,6910.0,6901.5,6902.25,1000
2026-01-25 18:25:00,6902.5,6909.5,6902.5,6908.75,1000
2026-01-25 18:30:00,6909.0,6910.75,6906.25,6906.75,1000
2026-01-25 18:35:00,6906.75,6907.25,6901.75,6902.5,1000
2026-01-25 18:40:00,6902.5,6906.5,6901.0,6901.25,1000
2026-01-25 18:45:00,6901.5,6910.0,6900.5,6909.0,1000
2026-01-25 18:50:00,6909.0,6912.0,6906.5,6907.75,1000
2026-01-25 18:55:00,6907.75,6916.5,6907.75,6914.25,1000
2026-01-25 19:00:00,6914.5,6919.5,6911.5,6916.75,1000
2026-01-25 19:05:00,6916.75,6922.0,6916.75,6920.25,1000
2026-01-25 19:10:00,6920.25,6923.0,6918.75,6919.75,1000
2026-01-25 19:15:00,6919.75,6922.75,6918.25,6919.0,1000
2026-01-25 19:20:00,6919.0,6922.25,6919.0,6920.75,1000
2026-01-25 19:25:00,6920.75,6924.75,6920.25,6924.0,1000
2026-01-25 19:30:00,6923.75,6925.0,6919.5,6920.0,1000
2026-01-25 19:35:00,6920.0,6921.0,6917.75,6917.75,1000
2026-01-25 19:40:00,6917.75,6919.25,6916.5,6919.25,1000
2026-01-25 19:45:00,6919.0,6919.25,6916.75,6918.0,1000
2026-01-25 19:50:00,6918.0,6919.25,6917.0,6919.0,1000
2026-01-25 19:55:00,6919.0,6921.5,6916.5,6919.5,1000
2026-01-25 20:00:00,6919.5,6929.75,6917.25,6928.75,1000
2026-01-25 20:05:00,6929.0,6930.0,6924.25,6924.5,1000
2026-01-25 20:10:00,6924.0,6926.25,6923.0,6923.5,1000
2026-01-25 20:15:00,6923.5,6927.0,6923.5,6925.75,1000
2026-01-25 20:20:00,6926.0,6933.25,6925.5,6930.75,1000
2026-01-25 20:25:00,6930.5,6932.25,6929.25,6930.25,1000
2026-01-25 20:30:00,6930.0,6931.0,6927.75,6928.0,1000
2026-01-25 20:35:00,6928.25,6928.5,6926.75,6928.25,1000
2026-01-25 20:40:00,6928.25,6929.75,6927.5,6929.0,1000
2026-01-25 20:45:00,6928.75,6931.5,6928.0,6930.25,1000
2026-01-25 20:50:00,6930.25,6933.25,6927.75,6930.75,1000
2026-01-25 20:55:00,6930.75,6932.75,6929.5,6930.0,1000
2026-01-25 21:00:00,6930.0,6931.5,6929.0,6930.75,1000
2026-01-25 21:05:00,6930.75,6931.75,6929.25,6930.0,1000
2026-01-25 21:10:00,6930.25,6932.75,6930.0,6931.5,1000
2026-01-25 21:15:00,6931.25,6933.0,6929.75,6929.75,1000
2026-01-25 21:20:00,6930.25,6932.75,6929.0,6929.75,1000
2026-01-25 21:25:00,6929.75,6930.75,6928.75,6930.25,1000
2026-01-25 21:30:00,6930.5,6930.5,6927.25,6928.75,1000
2026-01-25 21:35:00,6928.75,6929.0,6926.25,6926.75,1000
2026-01-25 21:40:00,6926.75,6927.5,6923.75,6924.25,1000
2026-01-25 21:45:00,6924.5,6924.5,6920.25,6923.0,1000
2026-01-25 21:50:00,6923.0,6924.5,6921.25,6922.25,1000
2026-01-25 21:55:00,6922.25,6923.5,6921.75,6923.0,1000
2026-01-25 22:00:00,6923.0,6928.0,6923.0,6928.0,1000
2026-01-25 22:05:00,6927.75,6931.75,6927.75,6930.5,1000
2026-01-25 22:10:00,6930.75,6931.25,6929.25,6929.25,1000
2026-01-25 22:15:00,6929.5,6930.25,6927.75,6928.25,1000
2026-01-25 22:20:00,6928.5,6928.5,6925.5,6928.0,1000
2026-01-25 22:25:00,6928.0,6929.25,6926.75,6927.5,1000
2026-01-25 22:30:00,6927.75,6928.25,6925.5,6926.25,1000
2026-01-25 22:35:00,6926.25,6928.25,6926.0,6927.5,1000
2026-01-25 22:40:00,6927.75,6929.5,6926.5,6927.0,1000
2026-01-25 22:45:00,6927.25,6928.25,6926.25,6927.25,1000
2026-01-25 22:50:00,6927.25,6927.75,6925.75,6927.25,1000
2026-01-25 22:55:00,6927.25,6928.5,6926.25,6927.0,1000
2026-01-25 23:00:00,6927.0,6927.0,6925.0,6926.0,1000
2026-01-25 23:05:00,6926.0,6926.5,6925.0,6925.5,1000
2026-01-25 23:10:00,6925.5,6926.25,6924.75,6925.25,1000
2026-01-25 23:15:00,6925.25,6927.0,6925.0,6926.25,1000
2026-01-25 23:20:00,6926.25,6929.0,6926.25,6927.0,1000
2026-01-25 23:25:00,6927.25,6930.25,6927.25,6930.0,1000
2026-01-25 23:30:00,6930.25,6931.5,6925.75,6927.0,1000
2026-01-25 23:35:00,6926.75,6929.0,6925.5,6927.0,1000
2026-01-25 23:40:00,6927.0,6927.0,6924.25,6925.5,1000
2026-01-25 23:45:00,6925.5,6927.0,6924.5,6925.5,1000
2026-01-25 23:50:00,6925.5,6927.0,6924.75,6927.0,1000
2026-01-25 23:55:00,6927.0,6928.25,6926.25,6926.75,1000
2026-01-26 00:00:00,6926.75,6927.75,6926.25,6927.0,1000
2026-01-26 00:05:00,6927.0,6927.5,6925.75,6926.25,1000
2026-01-26 00:10:00,6926.0,6927.0,6925.5,6925.75,1000
2026-01-26 00:15:00,6925.75,6929.0,6925.75,6928.75,1000
2026-01-26 00:20:00,6928.75,6930.0,6928.0,6928.5,1000
2026-01-26 00:25:00,6928.75,6932.5,6927.0,6931.5,1000
2026-01-26 00:30:00,6931.25,6934.0,6930.25,6933.5,1000
2026-01-26 00:35:00,6933.5,6934.0,6931.25,6932.0,1000
2026-01-26 00:40:00,6932.0,6932.75,6931.25,6932.0,1000
2026-01-26 00:45:00,6932.0,6932.0,6930.5,6931.75,1000
2026-01-26 00:50:00,6931.75,6933.5,6931.75,6933.0,1000
2026-01-26 00:55:00,6933.0,6933.75,6932.0,6933.25,1000
2026-01-26 01:00:00,6933.5,6936.5,6933.25,6935.75,1000
2026-01-26 01:05:00,6935.75,6936.5,6934.5,6935.0,1000
2026-01-26 01:10:00,6935.25,6936.5,6934.0,6936.25,1000
2026-01-26 01:15:00,6936.25,6938.75,6936.25,6937.5,1000
2026-01-26 01:20:00,6937.75,6938.25,6937.0,6937.75,1000
2026-01-26 01:25:00,6937.75,6939.0,6937.5,6937.5,1000
2026-01-26 01:30:00,6937.75,6938.0,6934.25,6934.75,1000
2026-01-26 01:35:00,6934.5,6935.5,6933.5,6934.25,1000
2026-01-26 01:40:00,6934.5,6934.5,6932.75,6933.75,1000
2026-01-26 01:45:00,6933.75,6936.0,6933.25,6935.0,1000
2026-01-26 01:50:00,6934.75,6938.25,6934.75,6935.5,1000
2026-01-26 01:55:00,6935.75,6937.0,6933.5,6934.0,1000
2026-01-26 02:00:00,6934.0,6936.75,6933.25,6935.0,1000
2026-01-26 02:05:00,6935.0,6936.25,6935.0,6936.0,1000
2026-01-26 02:10:00,6936.0,6937.5,6935.5,6937.5,1000
2026-01-26 02:15:00,6937.5,6938.5,6935.75,6936.5,1000
2026-01-26 02:20:00,6936.25,6939.25,6935.75,6938.75,1000
2026-01-26 02:25:00,6939.0,6939.75,6938.5,6939.0,1000
2026-01-26 02:30:00,6939.25,6939.25,6936.25,6937.25,1000
2026-01-26 02:35:00,6937.5,6939.25,6937.5,6938.5,1000
2026-01-26 02:40:00,6938.75,6940.5,6938.5,6939.25,1000
2026-01-26 02:45:00,6939.25,6941.0,6938.0,6938.75,1000
2026-01-26 02:50:00,6938.75,6942.25,6938.5,6941.5,1000
2026-01-26 02:55:00,6941.25,6943.0,6940.25,6940.75,1000
2026-01-26 03:00:00,6941.0,6943.75,6940.75,6943.25,1000
2026-01-26 03:05:00,6943.5,6944.75,6943.0,6943.75,1000
2026-01-26 03:10:00,6943.75,6944.25,6941.25,6943.5,1000
2026-01-26 03:15:00,6943.5,6944.0,6941.75,6943.25,1000
2026-01-26 03:20:00,6943.25,6948.75,6942.75,6948.5,1000
2026-01-26 03:25:00,6948.5,6949.25,6946.75,6947.0,1000
2026-01-26 03:30:00,6946.75,6949.25,6946.0,6946.25,1000
2026-01-26 03:35:00,6946.5,6948.75,6945.25,6948.0,1000
2026-01-26 03:40:00,6947.75,6948.0,6945.75,6947.0,1000
2026-01-26 03:45:00,6947.0,6947.5,6945.5,6946.0,1000
2026-01-26 03:50:00,6946.0,6948.25,6946.0,6947.75,1000
2026-01-26 03:55:00,6947.75,6949.0,6946.75,6948.0,1000
2026-01-26 04:00:00,6948.0,6948.25,6945.75,6947.25,1000
2026-01-26 04:05:00,6947.25,6950.25,6947.25,6949.5,1000
2026-01-26 04:10:00,6949.25,6949.5,6945.25,6945.75,1000
2026-01-26 04:15:00,6946.0,6947.25,6944.75,6946.5,1000
2026-01-26 04:20:00,6946.75,6946.75,6943.75,6945.5,1000
2026-01-26 04:25:00,6945.5,6945.5,6943.25,6943.5,1000
2026-01-26 04:30:00,6943.5,6944.0,6935.5,6936.5,1000
2026-01-26 04:35:00,6936.25,6936.5,6931.5,6931.75,1000
2026-01-26 04:40:00,6931.75,6933.75,6928.0,6928.5,1000
2026-01-26 04:45:00,6928.5,6930.25,6924.5,6925.0,1000
2026-01-26 04:50:00,6924.75,6925.25,6921.75,6925.0,1000
2026-01-26 04:55:00,6924.75,6928.75,6924.75,6928.25,1000
2026-01-26 05:00:00,6928.25,6930.5,6927.25,6929.0,1000
2026-01-26 05:05:00,6929.25,6931.5,6927.5,6928.0,1000
2026-01-26 05:10:00,6927.75,6932.0,6927.5,6931.75,1000
2026-01-26 05:15:00,6931.5,6933.0,6931.0,6931.75,1000
2026-01-26 05:20:00,6931.5,6932.75,6928.75,6932.0,1000
2026-01-26 05:25:00,6931.75,6934.75,6930.75,6934.0,1000
2026-01-26 05:30:00,6933.75,6937.75,6932.75,6935.5,1000
2026-01-26 05:35:00,6935.75,6938.75,6935.75,6937.5,1000
2026-01-26 05:40:00,6937.75,6938.25,6935.0,6936.0,1000
2026-01-26 05:45:00,6936.0,6937.75,6935.75,6936.5,1000
2026-01-26 05:50:00,6936.25,6937.5,6935.5,6936.0,1000
2026-01-26 05:55:00,6935.75,6936.75,6934.25,6934.25,1000
2026-01-26 06:00:00,6934.5,6936.0,6933.5,6933.75,1000
2026-01-26 06:05:00,6934.25,6936.0,6933.5,6933.75,1000
2026-01-26 06:10:00,6934.0,6934.5,6932.25,6934.25,1000
2026-01-26 06:15:00,6934.25,6935.0,6933.75,6934.25,1000
2026-01-26 06:20:00,6934.25,6935.25,6934.25,6934.75,1000
2026-01-26 06:25:00,6934.5,6935.0,6933.0,6933.75,1000
2026-01-26 06:30:00,6933.75,6936.75,6933.5,6935.25,1000
2026-01-26 06:35:00,6935.25,6936.0,6934.5,6934.5,1000
2026-01-26 06:40:00,6934.75,6935.25,6932.75,6933.5,1000
2026-01-26 06:45:00,6933.75,6934.0,6932.25,6932.75,1000
2026-01-26 06:50:00,6933.0,6935.5,6932.5,6934.5,1000
2026-01-26 06:55:00,6934.75,6937.5,6934.5,6936.75,1000
2026-01-26 07:00:00,6936.5,6942.75,6936.25,6942.0,1000
2026-01-26 07:05:00,6941.75,6944.75,6940.75,6943.0,1000
2026-01-26 07:10:00,6943.0,6944.75,6942.5,6943.75,1000
2026-01-26 07:15:00,6943.75,6944.0,6941.0,6941.25,1000
2026-01-26 07:20:00,6941.25,6942.25,6939.25,6939.5,1000
2026-01-26 07:25:00,6939.5,6941.25,6939.25,6941.0,1000
2026-01-26 07:30:00,6940.75,6942.0,6939.0,6940.25,1000
2026-01-26 07:35:00,6940.25,6941.0,6939.5,6940.25,1000
2026-01-26 07:40:00,6940.0,6940.25,6938.0,6938.75,1000
2026-01-26 07:45:00,6938.75,6940.5,6938.0,6938.75,1000
2026-01-26 07:50:00,6938.75,6941.75,6938.25,6940.25,1000
2026-01-26 07:55:00,6940.25,6941.5,6940.0,6940.75,1000
2026-01-26 08:00:00,6940.75,6943.25,6939.25,6941.25,1000
2026-01-26 08:05:00,6941.25,6944.5,6940.25,6944.5,1000
2026-01-26 08:10:00,6944.25,6945.75,6943.75,6945.75,1000
2026-01-26 08:15:00,6945.5,6947.75,6945.5,6946.75,1000
2026-01-26 08:20:00,6946.75,6948.25,6945.0,6945.25,1000
2026-01-26 08:25:00,6945.25,6945.25,6942.75,6943.5,1000
2026-01-26 08:30:00,6943.5,6944.5,6942.25,6942.75,1000
2026-01-26 08:35:00,6942.5,6942.75,6939.25,6940.75,1000
2026-01-26 08:40:00,6941.0,6942.5,6937.5,6942.0,1000
2026-01-26 08:45:00,6942.0,6947.5,6941.5,6947.25,1000
2026-01-26 08:50:00,6947.0,6950.0,6947.0,6948.5,1000
2026-01-26 08:55:00,6948.75,6952.5,6948.0,6951.75,1000
2026-01-26 09:00:00,6951.75,6955.25,6951.5,6952.25,1000
2026-01-26 09:05:00,6952.25,6955.0,6951.75,6953.5,1000
2026-01-26 09:10:00,6953.5,6954.5,6951.5,6952.25,1000
2026-01-26 09:15:00,6952.5,6953.75,6952.0,6952.25,1000
2026-01-26 09:20:00,6952.25,6953.5,6951.0,6953.5,1000
2026-01-26 09:25:00,6953.5,6958.0,6953.25,6957.75,1000
2026-01-26 09:30:00,6957.75,6966.5,6952.0,6966.25,1000
2026-01-26 09:35:00,6966.0,6973.25,6966.0,6970.75,1000
2026-01-26 09:40:00,6970.75,6976.5,6968.0,6975.5,1000
2026-01-26 09:45:00,6975.75,6979.25,6975.0,6975.5,1000
2026-01-26 09:50:00,6975.75,6980.0,6974.25,6977.5,1000
2026-01-26 09:55:00,6977.5,6980.0,6975.75,6976.5,1000
2026-01-26 10:00:00,6976.25,6977.5,6973.75,6975.75,1000
2026-01-26 10:05:00,6976.0,6977.5,6973.0,6973.25,1000
2026-01-26 10:10:00,6973.25,6980.5,6971.0,6979.5,1000
2026-01-26 10:15:00,6979.5,6985.25,6978.5,6984.5,1000
2026-01-26 10:20:00,6984.75,6988.0,6984.75,6987.5,1000
2026-01-26 10:25:00,6987.5,6987.5,6978.75,6979.25,1000
2026-01-26 10:30:00,6979.0,6984.5,6977.25,6982.25,1000
2026-01-26 10:35:00,6982.0,6984.0,6980.0,6981.5,1000
2026-01-26 10:40:00,6981.5,6981.75,6976.0,6976.75,1000
2026-01-26 10:45:00,6976.75,6985.0,6976.75,6983.25,1000
2026-01-26 10:50:00,6983.25,6987.25,6982.75,6985.25,1000
2026-01-26 10:55:00,6985.5,6987.0,6982.5,6983.75,1000
2026-01-26 11:00:00,6983.75,6984.5,6981.25,6983.0,1000
2026-01-26 11:05:00,6983.0,6983.5,6980.0,6982.25,1000
2026-01-26 11:10:00,6982.25,6983.25,6980.25,6982.0,1000
2026-01-26 11:15:00,6981.75,6982.5,6977.5,6978.5,1000
2026-01-26 11:20:00,6978.25,6984.0,6975.75,6983.25,1000
2026-01-26 11:25:00,6983.25,6986.5,6982.25,6985.0,1000
2026-01-26 11:30:00,6985.0,6987.5,6983.25,6983.5,1000
2026-01-26 11:35:00,6983.5,6986.25,6982.25,6984.25,1000
2026-01-26 11:40:00,6984.0,6985.0,6982.25,6982.75,1000
2026-01-26 11:45:00,6982.75,6985.0,6981.5,6983.5,1000
2026-01-26 11:50:00,6983.5,6985.75,6982.75,6984.75,1000
2026-01-26 11:55:00,6985.0,6986.25,6983.5,6984.75,1000
2026-01-26 12:00:00,6985.0,6990.5,6984.0,6989.5,1000
2026-01-26 12:05:00,6989.5,6991.0,6988.25,6988.5,1000
2026-01-26 12:10:00,6988.5,6989.75,6986.75,6989.0,1000
2026-01-26 12:15:00,6988.75,6990.5,6988.0,6988.75,1000
2026-01-26 12:20:00,6988.75,6990.5,6988.25,6989.5,1000
2026-01-26 12:25:00,6989.25,6990.25,6988.5,6989.0,1000
2026-01-26 12:30:00,6988.75,6989.5,6986.0,6987.75,1000
2026-01-26 12:35:00,6987.75,6989.0,6986.75,6988.25,1000
2026-01-26 12:40:00,6988.0,6989.75,6987.25,6989.5,1000
2026-01-26 12:45:00,6989.5,6989.5,6984.75,6985.5,1000
2026-01-26 12:50:00,6985.5,6987.75,6984.0,6986.25,1000
2026-01-26 12:55:00,6986.5,6987.5,6984.75,6986.0,1000
2026-01-26 13:00:00,6986.0,6987.25,6984.25,6985.5,1000
2026-01-26 13:05:00,6985.75,6986.0,6982.75,6983.75,1000
2026-01-26 13:10:00,6983.5,6985.0,6983.5,6984.25,1000
2026-01-26 13:15:00,6984.0,6988.5,6983.0,6988.0,1000
2026-01-26 13:20:00,6988.0,6991.0,6987.5,6990.5,1000
2026-01-26 13:25:00,6990.5,6993.0,6988.75,6991.75,1000
2026-01-26 13:30:00,6991.5,6995.5,6991.25,6994.25,1000
2026-01-26 13:35:00,6994.25,6994.5,6990.25,6990.5,1000
2026-01-26 13:40:00,6990.75,6991.25,6988.5,6989.0,1000
2026-01-26 13:45:00,6989.25,6989.25,6987.0,6989.0,1000
2026-01-26 13:50:00,6989.0,6990.75,6988.25,6990.5,1000
2026-01-26 13:55:00,6990.25,6990.75,6988.25,6989.75,1000
2026-01-26 14:00:00,6989.5,6991.0,6988.5,6989.5,1000
2026-01-26 14:05:00,6989.75,6992.25,6988.75,6991.5,1000
2026-01-26 14:10:00,6991.5,6993.5,6991.25,6991.75,1000
2026-01-26 14:15:00,6991.75,6992.75,6990.75,6992.0,1000
2026-01-26 14:20:00,6992.0,6992.0,6988.25,6989.0,1000
2026-01-26 14:25:00,6989.25,6992.5,6988.5,6992.25,1000
2026-01-26 14:30:00,6992.0,6993.25,6990.25,6991.0,1000
2026-01-26 14:35:00,6991.25,6992.0,6989.25,6991.25,1000
2026-01-26 14:40:00,6991.5,6993.75,6990.75,6992.5,1000
2026-01-26 14:45:00,6992.5,6993.25,6990.25,6991.25,1000
2026-01-26 14:50:00,6991.0,6992.25,6989.5,6990.0,1000
2026-01-26 14:55:00,6990.0,6992.0,6989.0,6989.5,1000
2026-01-26 15:00:00,6989.5,6991.0,6987.75,6991.0,1000
2026-01-26 15:05:00,6991.0,6991.25,6989.5,6990.5,1000
2026-01-26 15:10:00,6990.25,6991.0,6989.0,6990.0,1000
2026-01-26 15:15:00,6990.0,6990.25,6987.75,6988.5,1000
2026-01-26 15:20:00,6988.5,6990.75,6988.0,6990.0,1000
2026-01-26 15:25:00,6989.75,6990.0,6988.5,6989.0,1000
2026-01-26 15:30:00,6989.0,6991.5,6988.75,6990.5,1000
2026-01-26 15:35:00,6990.5,6991.5,6989.75,6989.75,1000
2026-01-26 15:40:00,6990.0,6990.5,6987.5,6989.0,1000
2026-01-26 15:45:00,6989.25,6991.0,6988.25,6989.75,1000
2026-01-26 15:50:00,6989.75,6989.75,6982.0,6983.5,1000
2026-01-26 15:55:00,6983.5,6984.0,6979.5,6980.75,1000
2026-01-26 16:00:00,6980.75,6981.75,6978.75,6979.5,1000
2026-01-26 16:05:00,6979.25,6980.5,6978.25,6978.75,1000
2026-01-26 16:10:00,6979.0,6980.25,6977.5,6980.0,1000
2026-01-26 16:15:00,6980.0,6981.75,6979.75,6981.25,1000
2026-01-26 16:20:00,6981.0,6982.0,6980.5,6981.25,1000
2026-01-26 16:25:00,6981.5,6983.0,6981.25,6982.5,1000
2026-01-26 16:30:00,6982.25,6982.25,6981.0,6981.0,1000
2026-01-26 16:35:00,6981.0,6981.25,6980.25,6981.0,1000
2026-01-26 16:40:00,6980.75,6982.0,6980.75,6981.75,1000
2026-01-26 16:45:00,6981.5,6981.5,6979.75,6980.75,1000
2026-01-26 16:50:00,6980.75,6981.5,6980.0,6980.0,1000
2026-01-26 16:55:00,6980.25,6981.0,6976.25,6977.0,1000
2026-01-26 18:00:00,6977.0,6977.25,6972.5,6972.75,1000
2026-01-26 18:05:00,6972.75,6977.5,6972.0,6976.5,1000
2026-01-26 18:10:00,6976.5,6978.75,6976.5,6977.75,1000
2026-01-26 18:15:00,6977.5,6982.25,6977.0,6980.0,1000
2026-01-26 18:20:00,6980.25,6983.5,6980.0,6982.25,1000
2026-01-26 18:25:00,6982.5,6982.5,6977.5,6978.0,1000
2026-01-26 18:30:00,6977.75,6978.5,6976.75,6977.5,1000
2026-01-26 18:35:00,6977.5,6978.0,6977.0,6977.75,1000
2026-01-26 18:40:00,6977.75,6979.75,6977.5,6978.75,1000
2026-01-26 18:45:00,6979.0,6980.0,6978.5,6979.5,1000
2026-01-26 18:50:00,6979.5,6980.5,6979.25,6980.0,1000
2026-01-26 18:55:00,6980.0,6981.25,6979.75,6981.25,1000
2026-01-26 19:00:00,6981.25,6981.25,6977.5,6977.75,1000
2026-01-26 19:05:00,6978.0,6979.75,6977.5,6979.25,1000
2026-01-26 19:10:00,6979.5,6981.25,6979.25,6979.5,1000
2026-01-26 19:15:00,6979.75,6982.0,6979.5,6981.75,1000
2026-01-26 19:20:00,6981.75,6982.5,6981.25,6982.0,1000
2026-01-26 19:25:00,6982.0,6982.25,6980.75,6981.25,1000
2026-01-26 19:30:00,6981.0,6982.75,6980.25,6982.25,1000
2026-01-26 19:35:00,6982.5,6983.5,6981.75,6982.75,1000
2026-01-26 19:40:00,6982.5,6983.5,6982.0,6982.25,1000
2026-01-26 19:45:00,6982.25,6983.0,6981.75,6982.75,1000
2026-01-26 19:50:00,6982.75,6983.25,6982.25,6983.0,1000
2026-01-26 19:55:00,6983.0,6984.0,6982.75,6983.5,1000
2026-01-26 20:00:00,6983.25,6983.75,6981.75,6983.5,1000
2026-01-26 20:05:00,6983.5,6984.0,6983.0,6983.75,1000
2026-01-26 20:10:00,6984.0,6985.25,6983.75,6984.75,1000
2026-01-26 20:15:00,6985.0,6985.75,6983.75,6985.5,1000
2026-01-26 20:20:00,6985.25,6985.5,6984.5,6985.0,1000
2026-01-26 20:25:00,6985.0,6986.5,6985.0,6985.75,1000
2026-01-26 20:30:00,6985.5,6986.75,6985.25,6986.75,1000
2026-01-26 20:35:00,6986.75,6987.25,6986.0,6986.0,1000
2026-01-26 20:40:00,6986.25,6987.25,6985.75,6986.75,1000
2026-01-26 20:45:00,6986.5,6988.25,6985.75,6988.0,1000
2026-01-26 20:50:00,6987.75,6988.25,6987.0,6987.75,1000
2026-01-26 20:55:00,6987.5,6988.0,6986.75,6987.5,1000
2026-01-26 21:00:00,6987.25,6989.25,6987.25,6989.25,1000
2026-01-26 21:05:00,6989.25,6992.0,6989.25,6991.25,1000
2026-01-26 21:10:00,6991.5,6992.5,6991.25,6991.5,1000
2026-01-26 21:15:00,6991.75,6992.75,6991.75,6992.75,1000
2026-01-26 21:20:00,6992.5,6994.25,6992.25,6993.5,1000
2026-01-26 21:25:00,6993.75,6993.75,6992.75,6993.0,1000
2026-01-26 21:30:00,6993.0,6993.25,6991.75,6993.0,1000
2026-01-26 21:35:00,6993.0,6994.75,6991.75,6994.75,1000
2026-01-26 21:40:00,6994.75,6995.0,6994.0,6994.5,1000
2026-01-26 21:45:00,6994.75,6994.75,6993.5,6994.25,1000
2026-01-26 21:50:00,6994.0,6995.0,6994.0,6994.25,1000
2026-01-26 21:55:00,6994.25,6997.5,6994.25,6997.0,1000
2026-01-26 22:00:00,6996.75,6997.0,6996.25,6997.0,1000
2026-01-26 22:05:00,6997.0,6997.75,6996.75,6997.5,1000
2026-01-26 22:10:00,6997.75,6997.75,6996.25,6996.5,1000
2026-01-26 22:15:00,6996.5,6997.25,6996.0,6996.75,1000
2026-01-26 22:20:00,6996.75,6997.75,6996.75,6997.0,1000
2026-01-26 22:25:00,6997.0,6997.0,6996.5,6996.5,1000
2026-01-26 22:30:00,6996.75,6997.5,6996.25,6997.25,1000
2026-01-26 22:35:00,6997.0,6998.25,6996.75,6998.0,1000
2026-01-26 22:40:00,6998.0,6998.25,6997.75,6997.75,1000
2026-01-26 22:45:00,6997.75,6998.0,6996.5,6998.0,1000
2026-01-26 22:50:00,6997.75,6998.0,6997.25,6998.0,1000
2026-01-26 22:55:00,6998.0,6999.0,6997.75,6998.25,1000
2026-01-26 23:00:00,6998.5,6998.75,6998.0,6998.25,1000
2026-01-26 23:05:00,6998.25,7002.0,6998.25,7001.25,1000
2026-01-26 23:10:00,7001.25,7003.5,7001.25,7001.75,1000
2026-01-26 23:15:00,7001.5,7002.5,7001.25,7001.25,1000
2026-01-26 23:20:00,7001.5,7002.0,7000.75,7000.75,1000
2026-01-26 23:25:00,7000.75,7001.0,6999.5,7000.75,1000
2026-01-26 23:30:00,7000.75,7001.5,7000.5,7000.75,1000
2026-01-26 23:35:00,7000.75,7001.25,7000.5,7001.0,1000
2026-01-26 23:40:00,7001.0,7001.0,7000.5,7000.75,1000
2026-01-26 23:45:00,7001.0,7001.0,7000.5,7000.5,1000
2026-01-26 23:50:00,7000.75,7001.25,7000.5,7001.0,1000
2026-01-26 23:55:00,7001.25,7001.25,7000.5,7000.75,1000
2026-01-27 00:00:00,7000.5,7000.75,6999.25,6999.25,1000
2026-01-27 00:05:00,6999.0,6999.0,6997.25,6998.25,1000
2026-01-27 00:10:00,6998.0,6998.5,6997.0,6998.25,1000
2026-01-27 00:15:00,6998.25,6998.5,6997.5,6998.0,1000
2026-01-27 00:20:00,6997.75,6998.5,6997.25,6998.0,1000
2026-01-27 00:25:00,6998.25,6998.25,6997.75,6998.0,1000
2026-01-27 00:30:00,6998.25,7000.5,6998.25,6999.25,1000
2026-01-27 00:35:00,6999.25,7000.0,6999.25,6999.25,1000
2026-01-27 00:40:00,6999.25,7001.5,6999.25,7001.25,1000
2026-01-27 00:45:00,7001.25,7002.0,7001.0,7001.75,1000
2026-01-27 00:50:00,7002.0,7002.75,7001.75,7002.75,1000
2026-01-27 00:55:00,7002.75,7003.25,7002.5,7002.75,1000
2026-01-27 01:00:00,7002.75,7004.75,7002.75,7004.5,1000
2026-01-27 01:05:00,7004.75,7006.5,7004.5,7005.75,1000
2026-01-27 01:10:00,7005.5,7005.75,7004.0,7005.0,1000
2026-01-27 01:15:00,7005.0,7005.5,7005.0,7005.0,1000
2026-01-27 01:20:00,7004.75,7005.25,7003.75,7004.75,1000
2026-01-27 01:25:00,7004.75,7005.5,7004.25,7005.0,1000
2026-01-27 01:30:00,7005.0,7005.25,7003.25,7003.25,1000
2026-01-27 01:35:00,7003.5,7004.0,7002.0,7002.5,1000
2026-01-27 01:40:00,7002.25,7003.0,7001.0,7001.5,1000
2026-01-27 01:45:00,7001.75,7002.25,7001.0,7001.75,1000
2026-01-27 01:50:00,7001.5,7002.0,7000.25,7000.5,1000
2026-01-27 01:55:00,7000.75,7001.0,7000.25,7000.75,1000
2026-01-27 02:00:00,7000.75,7003.0,7000.75,7002.0,1000
2026-01-27 02:05:00,7002.25,7002.5,7000.75,7002.25,1000
2026-01-27 02:10:00,7002.0,7002.25,7001.5,7001.5,1000
2026-01-27 02:15:00,7001.75,7002.25,7001.0,7001.25,1000
2026-01-27 02:20:00,7001.25,7001.5,6999.5,7000.75,1000
2026-01-27 02:25:00,7000.5,7001.0,7000.5,7001.0,1000
2026-01-27 02:30:00,7000.75,7002.0,7000.25,7001.75,1000
2026-01-27 02:35:00,7002.0,7003.25,7001.5,7003.0,1000
2026-01-27 02:40:00,7003.25,7004.0,7002.75,7003.0,1000
2026-01-27 02:45:00,7002.75,7003.0,6999.0,6999.75,1000
2026-01-27 02:50:00,7000.0,7001.5,6999.5,7001.25,1000
2026-01-27 02:55:00,7001.0,7002.75,7000.75,7002.0,1000
2026-01-27 03:00:00,7002.0,7003.0,7000.75,7001.0,1000
2026-01-27 03:05:00,7001.0,7002.25,6999.75,7001.25,1000
2026-01-27 03:10:00,7001.5,7002.0,6998.0,7000.0,1000
2026-01-27 03:15:00,7000.25,7002.5,6999.0,6999.5,1000
2026-01-27 03:20:00,6999.5,7000.5,6996.5,6997.25,1000
2026-01-27 03:25:00,6997.5,6998.5,6996.5,6997.0,1000
2026-01-27 03:30:00,6997.0,6998.0,6995.5,6995.5,1000
2026-01-27 03:35:00,6995.5,6996.25,6994.25,6994.75,1000
2026-01-27 03:40:00,6994.75,6997.5,6994.75,6996.25,1000
2026-01-27 03:45:00,6996.5,6998.0,6996.0,6997.0,1000
2026-01-27 03:50:00,6996.75,6999.0,6996.75,6997.75,1000
2026-01-27 03:55:00,6997.75,6998.0,6997.0,6997.25,1000
2026-01-27 04:00:00,6997.25,6998.5,6995.5,6998.25,1000
2026-01-27 04:05:00,6998.25,6999.25,6997.0,6998.25,1000
2026-01-27 04:10:00,6998.25,6998.75,6996.0,6996.75,1000
2026-01-27 04:15:00,6996.5,6998.75,6996.25,6996.25,1000
2026-01-27 04:20:00,6996.25,6998.75,6996.25,6998.0,1000
2026-01-27 04:25:00,6998.0,6998.25,6997.0,6997.0,1000
2026-01-27 04:30:00,6997.0,6997.25,6996.0,6996.25,1000
2026-01-27 04:35:00,6996.5,6998.25,6996.25,6997.5,1000
2026-01-27 04:40:00,6997.75,6998.5,6997.25,6997.5,1000
2026-01-27 04:45:00,6997.5,6998.25,6996.75,6997.25,1000
2026-01-27 04:50:00,6997.0,6998.25,6995.75,6996.5,1000
2026-01-27 04:55:00,6996.5,6996.75,6994.75,6995.5,1000
2026-01-27 05:00:00,6995.25,6997.75,6995.0,6997.75,1000
2026-01-27 05:05:00,6998.0,6998.25,6997.0,6997.25,1000
2026-01-27 05:10:00,6997.5,6998.75,6997.0,6997.5,1000
2026-01-27 05:15:00,6997.5,6999.25,6997.5,6999.0,1000
2026-01-27 05:20:00,6999.0,6999.0,6997.5,6998.0,1000
2026-01-27 05:25:00,6998.0,6999.75,6998.0,6999.0,1000
2026-01-27 05:30:00,6999.0,6999.25,6998.75,6999.25,1000
2026-01-27 05:35:00,6999.0,6999.5,6998.5,6999.25,1000
2026-01-27 05:40:00,6999.25,6999.5,6998.5,6998.75,1000
2026-01-27 05:45:00,6999.0,6999.75,6998.75,6999.5,1000
2026-01-27 05:50:00,6999.25,7000.0,6998.75,6998.75,1000
2026-01-27 05:55:00,6999.0,7000.5,6997.5,6999.0,1000
2026-01-27 06:00:00,6999.0,6999.5,6997.0,6998.5,1000
2026-01-27 06:05:00,6998.5,6998.75,6997.25,6998.0,1000
2026-01-27 06:10:00,6998.25,6999.25,6998.0,6998.75,1000
2026-01-27 06:15:00,6998.5,6998.75,6997.0,6997.25,1000
2026-01-27 06:20:00,6997.5,6999.25,6997.0,6997.5,1000
2026-01-27 06:25:00,6997.75,6998.5,6997.5,6998.5,1000
2026-01-27 06:30:00,6998.25,7001.5,6998.0,7001.5,1000
2026-01-27 06:35:00,7001.75,7003.0,7000.25,7000.75,1000
2026-01-27 06:40:00,7000.5,7002.5,7000.5,7002.25,1000
2026-01-27 06:45:00,7002.25,7003.0,7001.25,7002.25,1000
2026-01-27 06:50:00,7002.5,7003.5,7002.0,7002.25,1000
2026-01-27 06:55:00,7002.25,7002.75,7001.5,7002.25,1000
2026-01-27 07:00:00,7002.0,7002.25,6999.25,6999.25,1000
2026-01-27 07:05:00,6999.25,6999.5,6998.5,6999.0,1000
2026-01-27 07:10:00,6999.25,6999.5,6998.0,6998.25,1000
2026-01-27 07:15:00,6998.25,6998.25,6997.0,6997.75,1000
2026-01-27 07:20:00,6998.0,6999.0,6997.25,6997.75,1000
2026-01-27 07:25:00,6997.75,6998.25,6995.0,6995.5,1000
2026-01-27 07:30:00,6995.5,6997.5,6994.5,6996.5,1000
2026-01-27 07:35:00,6996.5,6999.5,6996.5,6998.5,1000
2026-01-27 07:40:00,6998.25,6999.25,6997.25,6997.75,1000
2026-01-27 07:45:00,6997.5,6999.25,6997.0,6997.5,1000
2026-01-27 07:50:00,6997.75,6998.5,6996.5,6997.75,1000
2026-01-27 07:55:00,6997.75,6998.0,6996.75,6997.25,1000
2026-01-27 08:00:00,6997.0,6999.25,6997.0,6998.0,1000
2026-01-27 08:05:00,6997.75,6999.25,6997.25,6998.0,1000
2026-01-27 08:10:00,6998.0,6999.75,6997.25,6999.0,1000
2026-01-27 08:15:00,6999.0,6999.5,6997.25,6997.25,1000
2026-01-27 08:20:00,6997.5,6998.75,6996.5,6998.25,1000
2026-01-27 08:25:00,6998.5,6998.5,6996.5,6997.0,1000
2026-01-27 08:30:00,6997.0,6997.0,6995.5,6996.75,1000
2026-01-27 08:35:00,6997.0,6998.75,6996.5,6998.5,1000
2026-01-27 08:40:00,6998.75,6998.75,6997.0,6997.5,1000
2026-01-27 08:45:00,6997.5,6998.75,6994.75,6994.75,1000
2026-01-27 08:50:00,6994.75,6996.25,6994.0,6996.0,1000
2026-01-27 08:55:00,6995.75,6996.25,6994.25,6995.0,1000
2026-01-27 09:00:00,6995.0,6997.25,6995.0,6996.75,1000
2026-01-27 09:05:00,6996.75,6997.75,6995.25,6996.0,1000
2026-01-27 09:10:00,6995.75,6996.5,6994.5,6994.75,1000
2026-01-27 09:15:00,6994.75,6996.75,6992.5,6992.5,1000
2026-01-27 09:20:00,6992.5,6993.75,6992.0,6993.75,1000
2026-01-27 09:25:00,6993.75,6996.25,6993.0,6994.0,1000
2026-01-27 09:30:00,6994.25,6996.0,6991.0,6995.0,1000
2026-01-27 09:35:00,6995.0,6996.25,6988.25,6988.25,1000
2026-01-27 09:40:00,6988.5,6996.75,6988.25,6993.75,1000
2026-01-27 09:45:00,6993.75,6998.5,6993.75,6997.75,1000
2026-01-27 09:50:00,6997.5,7006.5,6997.5,7005.5,1000
2026-01-27 09:55:00,7005.5,7007.75,7004.25,7005.0,1000
2026-01-27 10:00:00,7005.25,7007.5,7003.5,7004.25,1000
2026-01-27 10:05:00,7004.25,7005.5,6998.0,7005.25,1000
2026-01-27 10:10:00,7005.5,7006.75,7002.5,7004.25,1000
2026-01-27 10:15:00,7004.25,7006.0,7002.25,7005.5,1000
2026-01-27 10:20:00,7005.5,7007.25,7002.75,7004.25,1000
2026-01-27 10:25:00,7004.25,7004.25,7000.5,7000.75,1000
2026-01-27 10:30:00,7000.5,7006.25,6999.75,7006.0,1000
2026-01-27 10:35:00,7006.0,7010.0,7005.5,7008.5,1000
2026-01-27 10:40:00,7008.5,7012.25,7008.0,7011.5,1000
2026-01-27 10:45:00,7011.5,7014.75,7011.25,7013.25,1000
2026-01-27 10:50:00,7013.25,7013.5,7011.5,7012.5,1000
2026-01-27 10:55:00,7012.5,7013.25,7010.5,7013.25,1000
2026-01-27 11:00:00,7013.25,7015.0,7013.0,7014.25,1000
2026-01-27 11:05:00,7014.0,7015.75,7013.0,7014.0,1000
2026-01-27 11:10:00,7014.0,7016.0,7013.75,7015.25,1000
2026-01-27 11:15:00,7015.25,7018.0,7014.25,7017.75,1000
2026-01-27 11:20:00,7017.5,7018.0,7015.75,7017.25,1000
2026-01-27 11:25:00,7017.0,7017.5,7015.0,7015.0,1000
2026-01-27 11:30:00,7015.0,7017.5,7014.5,7016.0,1000
2026-01-27 11:35:00,7015.75,7018.25,7015.25,7017.25,1000
2026-01-27 11:40:00,7017.5,7018.5,7016.5,7016.5,1000
2026-01-27 11:45:00,7016.75,7017.5,7015.25,7016.75,1000
2026-01-27 11:50:00,7017.0,7017.0,7014.25,7014.75,1000
2026-01-27 11:55:00,7014.75,7015.75,7013.0,7013.0,1000
2026-01-27 12:00:00,7013.0,7014.5,7012.5,7013.75,1000
2026-01-27 12:05:00,7013.75,7014.25,7011.75,7012.75,1000
2026-01-27 12:10:00,7012.5,7012.75,7010.5,7010.75,1000
2026-01-27 12:15:00,7010.5,7010.75,7006.5,7008.25,1000
2026-01-27 12:20:00,7008.0,7010.75,7007.75,7009.5,1000
2026-01-27 12:25:00,7009.5,7014.25,7009.0,7012.75,1000
2026-01-27 12:30:00,7012.75,7013.75,7010.0,7010.5,1000
2026-01-27 12:35:00,7010.25,7011.0,7008.5,7010.25,1000
2026-01-27 12:40:00,7010.0,7012.5,7008.75,7009.75,1000
2026-01-27 12:45:00,7009.5,7011.0,7008.5,7010.25,1000
2026-01-27 12:50:00,7009.75,7010.75,7008.0,7008.5,1000
2026-01-27 12:55:00,7008.5,7008.75,7006.75,7007.0,1000
2026-01-27 13:00:00,7007.0,7007.5,7001.5,7003.75,1000
2026-01-27 13:05:00,7003.75,7004.75,7002.0,7003.75,1000
2026-01-27 13:10:00,7003.5,7007.5,7002.5,7007.25,1000
2026-01-27 13:15:00,7007.0,7010.0,7006.75,7009.75,1000
2026-01-27 13:20:00,7010.0,7012.75,7009.5,7012.25,1000
2026-01-27 13:25:00,7012.5,7012.5,7009.5,7010.75,1000
2026-01-27 13:30:00,7010.75,7014.5,7010.75,7013.0,1000
2026-01-27 13:35:00,7013.0,7013.25,7011.0,7011.5,1000
2026-01-27 13:40:00,7011.5,7012.25,7010.0,7010.5,1000
2026-01-27 13:45:00,7010.75,7012.75,7010.25,7012.0,1000
2026-01-27 13:50:00,7012.0,7013.5,7012.0,7013.0,1000
2026-01-27 13:55:00,7013.0,7015.25,7012.5,7013.25,1000
2026-01-27 14:00:00,7013.5,7013.5,7011.25,7012.25,1000
2026-01-27 14:05:00,7012.25,7013.0,7010.5,7011.75,1000
2026-01-27 14:10:00,7011.75,7013.75,7010.75,7012.75,1000
2026-01-27 14:15:00,7012.75,7013.75,7012.25,7013.0,1000
2026-01-27 14:20:00,7012.75,7014.25,7012.75,7013.75,1000
2026-01-27 14:25:00,7014.0,7015.25,7013.5,7014.75,1000
2026-01-27 14:30:00,7014.75,7017.0,7014.75,7015.25,1000
2026-01-27 14:35:00,7015.25,7015.5,7014.25,7015.25,1000
2026-01-27 14:40:00,7015.25,7015.25,7013.5,7014.75,1000
2026-01-27 14:45:00,7015.0,7015.0,7013.25,7014.75,1000
2026-01-27 14:50:00,7014.75,7015.25,7013.5,7014.5,1000
2026-01-27 14:55:00,7014.75,7014.75,7013.5,7013.75,1000
2026-01-27 15:00:00,7014.0,7015.25,7013.25,7014.75,1000
2026-01-27 15:05:00,7014.75,7014.75,7013.25,7014.5,1000
2026-01-27 15:10:00,7014.5,7017.25,7014.25,7017.0,1000
2026-01-27 15:15:00,7016.75,7017.25,7015.0,7016.0,1000
2026-01-27 15:20:00,7016.0,7016.75,7014.75,7014.75,1000
2026-01-27 15:25:00,7014.75,7014.75,7012.5,7013.25,1000
2026-01-27 15:30:00,7013.25,7014.0,7011.25,7014.0,1000
2026-01-27 15:35:00,7013.75,7013.75,7012.25,7013.25,1000
2026-01-27 15:40:00,7013.25,7013.5,7011.25,7012.5,1000
2026-01-27 15:45:00,7012.5,7014.5,7011.0,7014.25,1000
2026-01-27 15:50:00,7014.25,7015.25,7009.25,7009.75,1000
2026-01-27 15:55:00,7009.75,7010.75,7007.0,7008.75,1000
2026-01-27 16:00:00,7009.0,7009.75,7006.25,7007.5,1000
2026-01-27 16:05:00,7007.5,7009.0,7006.5,7006.75,1000
2026-01-27 16:10:00,7006.75,7007.75,7005.5,7006.75,1000
2026-01-27 16:15:00,7007.0,7010.75,7006.75,7010.25,1000
2026-01-27 16:20:00,7010.0,7010.25,7007.25,7007.25,1000
2026-01-27 16:25:00,7007.25,7008.5,7006.25,7008.25,1000
2026-01-27 16:30:00,7008.25,7009.25,7008.0,7008.75,1000
2026-01-27 16:35:00,7009.0,7010.75,7009.0,7010.75,1000
2026-01-27 16:40:00,7010.5,7012.0,7010.25,7011.25,1000
2026-01-27 16:45:00,7011.25,7011.75,7010.0,7010.5,1000
2026-01-27 16:50:00,7010.5,7011.0,7009.75,7010.0,1000
2026-01-27 16:55:00,7009.75,7010.25,7009.0,7009.5,1000
2026-01-27 18:00:00,7010.25,7015.0,7009.25,7013.25,1000
2026-01-27 18:05:00,7013.5,7014.0,7011.0,7013.0,1000
2026-01-27 18:10:00,7013.0,7014.75,7013.0,7014.5,1000
2026-01-27 18:15:00,7014.25,7014.5,7012.5,7013.0,1000
2026-01-27 18:20:00,7013.0,7013.0,7011.5,7012.75,1000
2026-01-27 18:25:00,7012.75,7013.5,7012.75,7013.5,1000
2026-01-27 18:30:00,7013.5,7013.75,7013.0,7013.25,1000
2026-01-27 18:35:00,7013.25,7013.25,7012.0,7012.25,1000
2026-01-27 18:40:00,7012.5,7013.25,7012.25,7013.25,1000
2026-01-27 18:45:00,7013.25,7013.25,7012.75,7013.25,1000
2026-01-27 18:50:00,7013.0,7013.25,7013.0,7013.0,1000
2026-01-27 18:55:00,7012.75,7013.0,7012.5,7012.75,1000
2026-01-27 19:00:00,7012.75,7013.5,7012.5,7013.0,1000
2026-01-27 19:05:00,7013.0,7015.0,7012.5,7014.75,1000
2026-01-27 19:10:00,7014.75,7017.75,7014.5,7017.25,1000
2026-01-27 19:15:00,7017.0,7018.25,7016.75,7017.75,1000
2026-01-27 19:20:00,7017.75,7018.25,7017.25,7017.5,1000
2026-01-27 19:25:00,7017.75,7019.75,7017.75,7019.25,1000
2026-01-27 19:30:00,7019.0,7023.5,7019.0,7023.0,1000
2026-01-27 19:35:00,7023.0,7025.5,7022.75,7025.25,1000
2026-01-27 19:40:00,7025.0,7026.5,7023.75,7026.0,1000
2026-01-27 19:45:00,7026.25,7026.25,7023.25,7024.5,1000
2026-01-27 19:50:00,7024.25,7025.0,7022.5,7023.5,1000
2026-01-27 19:55:00,7023.5,7024.75,7022.75,7024.5,1000
2026-01-27 20:00:00,7024.75,7026.5,7024.5,7025.75,1000
2026-01-27 20:05:00,7025.75,7027.0,7025.0,7026.75,1000
2026-01-27 20:10:00,7026.75,7027.5,7026.75,7026.75,1000
2026-01-27 20:15:00,7027.0,7027.0,7025.25,7025.25,1000
2026-01-27 20:20:00,7025.25,7026.5,7025.0,7026.0,1000
2026-01-27 20:25:00,7025.75,7026.5,7025.75,7026.5,1000
2026-01-27 20:30:00,7026.5,7026.75,7025.0,7025.5,1000
2026-01-27 20:35:00,7025.25,7025.25,7024.25,7025.0,1000
2026-01-27 20:40:00,7025.0,7025.5,7023.5,7023.75,1000
2026-01-27 20:45:00,7023.75,7025.25,7023.25,7024.75,1000
2026-01-27 20:50:00,7024.75,7025.0,7023.0,7023.25,1000
2026-01-27 20:55:00,7023.0,7023.75,7022.5,7023.5,1000
2026-01-27 21:00:00,7023.5,7025.0,7023.0,7023.5,1000
2026-01-27 21:05:00,7023.5,7026.5,7023.5,7026.0,1000
2026-01-27 21:10:00,7026.25,7026.25,7025.0,7025.25,1000
2026-01-27 21:15:00,7025.25,7026.0,7024.25,7026.0,1000
2026-01-27 21:20:00,7025.75,7026.25,7025.25,7026.25,1000
2026-01-27 21:25:00,7026.0,7026.25,7025.0,7025.0,1000
2026-01-27 21:30:00,7025.0,7026.25,7024.75,7025.75,1000
2026-01-27 21:35:00,7025.75,7027.25,7025.75,7026.5,1000
2026-01-27 21:40:00,7026.25,7026.5,7024.75,7025.5,1000
2026-01-27 21:45:00,7025.5,7026.75,7025.0,7026.0,1000
2026-01-27 21:50:00,7025.75,7027.0,7025.5,7026.0,1000
2026-01-27 21:55:00,7025.75,7026.5,7025.5,7026.0,1000
2026-01-27 22:00:00,7025.75,7027.0,7025.5,7026.75,1000
2026-01-27 22:05:00,7026.75,7027.0,7026.25,7026.5,1000
2026-01-27 22:10:00,7026.5,7026.75,7026.0,7026.5,1000
2026-01-27 22:15:00,7026.5,7027.25,7026.25,7026.5,1000
2026-01-27 22:20:00,7026.5,7026.75,7026.0,7026.5,1000
2026-01-27 22:25:00,7026.25,7026.25,7024.0,7024.75,1000
2026-01-27 22:30:00,7025.0,7025.75,7023.75,7025.0,1000
2026-01-27 22:35:00,7025.0,7026.25,7025.0,7025.5,1000
2026-01-27 22:40:00,7025.5,7025.5,7024.0,7024.0,1000
2026-01-27 22:45:00,7024.25,7025.5,7023.75,7024.75,1000
2026-01-27 22:50:00,7025.0,7025.25,7024.5,7024.75,1000
2026-01-27 22:55:00,7025.0,7025.0,7023.75,7024.25,1000
2026-01-27 23:00:00,7024.25,7025.75,7024.25,7025.5,1000
2026-01-27 23:05:00,7025.25,7027.5,7025.25,7027.5,1000
2026-01-27 23:10:00,7027.5,7027.5,7026.5,7027.0,1000
2026-01-27 23:15:00,7027.0,7027.75,7026.5,7027.25,1000
2026-01-27 23:20:00,7027.0,7027.25,7026.5,7027.0,1000
2026-01-27 23:25:00,7027.25,7027.75,7026.75,7027.5,1000
2026-01-27 23:30:00,7027.5,7027.75,7026.75,7027.25,1000
2026-01-27 23:35:00,7027.25,7027.25,7026.25,7026.75,1000
2026-01-27 23:40:00,7027.0,7027.0,7026.25,7026.75,1000
2026-01-27 23:45:00,7026.75,7026.75,7025.75,7026.5,1000
2026-01-27 23:50:00,7026.5,7026.75,7026.25,7026.5,1000
2026-01-27 23:55:00,7026.5,7027.0,7026.5,7026.75,1000
2026-01-28 00:00:00,7027.0,7028.25,7027.0,7028.25,1000
2026-01-28 00:05:00,7028.25,7028.5,7028.0,7028.25,1000
2026-01-28 00:10:00,7028.25,7029.0,7028.25,7028.75,1000
2026-01-28 00:15:00,7028.75,7029.5,7028.5,7028.75,1000
2026-01-28 00:20:00,7028.75,7029.75,7028.75,7029.0,1000
2026-01-28 00:25:00,7029.0,7029.25,7028.25,7028.75,1000
2026-01-28 00:30:00,7029.0,7029.5,7028.5,7029.0,1000
2026-01-28 00:35:00,7029.25,7031.0,7029.0,7030.75,1000
2026-01-28 00:40:00,7030.5,7031.0,7030.0,7030.75,1000
2026-01-28 00:45:00,7030.75,7031.75,7030.75,7031.5,1000
2026-01-28 00:50:00,7031.5,7032.0,7031.25,7031.75,1000
2026-01-28 00:55:00,7031.5,7032.25,7031.25,7031.75,1000
2026-01-28 01:00:00,7031.75,7041.5,7031.75,7035.25,1000
2026-01-28 01:05:00,7035.25,7035.75,7033.5,7033.75,1000
2026-01-28 01:10:00,7034.0,7036.5,7033.25,7036.25,1000
2026-01-28 01:15:00,7036.0,7038.75,7035.0,7038.25,1000
2026-01-28 01:20:00,7038.25,7038.75,7036.25,7036.75,1000
2026-01-28 01:25:00,7036.75,7038.25,7034.75,7036.0,1000
2026-01-28 01:30:00,7036.25,7043.0,7036.0,7039.75,1000
2026-01-28 01:35:00,7039.5,7041.0,7038.5,7038.75,1000
2026-01-28 01:40:00,7038.75,7038.75,7036.5,7037.0,1000
2026-01-28 01:45:00,7036.75,7037.0,7035.5,7036.5,1000
2026-01-28 01:50:00,7036.5,7039.25,7036.25,7036.5,1000
2026-01-28 01:55:00,7036.5,7036.75,7034.5,7034.5,1000
2026-01-28 02:00:00,7034.75,7035.0,7033.0,7034.0,1000
2026-01-28 02:05:00,7034.25,7036.0,7033.5,7035.75,1000
2026-01-28 02:10:00,7035.75,7037.0,7034.25,7036.75,1000
2026-01-28 02:15:00,7036.75,7037.0,7033.75,7035.75,1000
2026-01-28 02:20:00,7035.75,7036.25,7034.0,7034.25,1000
2026-01-28 02:25:00,7034.5,7035.5,7033.0,7034.25,1000
2026-01-28 02:30:00,7034.0,7034.0,7031.75,7032.75,1000
2026-01-28 02:35:00,7032.75,7033.0,7030.75,7032.75,1000
2026-01-28 02:40:00,7032.75,7035.75,7032.5,7035.5,1000
2026-01-28 02:45:00,7035.75,7037.5,7034.25,7036.75,1000
2026-01-28 02:50:00,7037.0,7037.25,7035.75,7036.25,1000
2026-01-28 02:55:00,7036.25,7037.0,7034.75,7036.75,1000
2026-01-28 03:00:00,7036.75,7039.0,7035.0,7037.25,1000
2026-01-28 03:05:00,7037.25,7037.5,7033.25,7033.25,1000
2026-01-28 03:10:00,7033.5,7034.75,7032.5,7033.0,1000
2026-01-28 03:15:00,7033.25,7034.0,7029.0,7029.75,1000
2026-01-28 03:20:00,7029.75,7035.5,7029.0,7034.5,1000
2026-01-28 03:25:00,7034.5,7034.75,7032.25,7032.5,1000
2026-01-28 03:30:00,7032.25,7033.75,7031.75,7033.25,1000
2026-01-28 03:35:00,7033.5,7033.75,7032.5,7032.75,1000
2026-01-28 03:40:00,7032.75,7032.75,7031.0,7031.0,1000
2026-01-28 03:45:00,7030.75,7031.0,7026.75,7027.0,1000
2026-01-28 03:50:00,7027.0,7028.75,7026.0,7028.25,1000
2026-01-28 03:55:00,7028.0,7028.75,7026.0,7027.25,1000
2026-01-28 04:00:00,7027.5,7028.75,7027.0,7028.75,1000
2026-01-28 04:05:00,7028.75,7030.75,7026.5,7030.5,1000
2026-01-28 04:10:00,7030.5,7031.75,7028.75,7029.0,1000
2026-01-28 04:15:00,7029.25,7030.5,7028.25,7028.75,1000
2026-01-28 04:20:00,7028.75,7029.25,7026.0,7027.75,1000
2026-01-28 04:25:00,7028.0,7029.25,7027.0,7028.25,1000
2026-01-28 04:30:00,7028.25,7029.0,7027.0,7028.5,1000
2026-01-28 04:35:00,7028.5,7031.25,7028.25,7029.5,1000
2026-01-28 04:40:00,7029.75,7030.5,7028.75,7030.25,1000
2026-01-28 04:45:00,7030.25,7031.5,7029.25,7029.5,1000
2026-01-28 04:50:00,7029.75,7033.0,7029.75,7031.25,1000
2026-01-28 04:55:00,7031.25,7032.75,7031.25,7031.5,1000
2026-01-28 05:00:00,7031.75,7031.75,7029.5,7031.5,1000
2026-01-28 05:05:00,7031.25,7033.5,7029.5,7032.5,1000
2026-01-28 05:10:00,7032.75,7033.25,7031.0,7031.0,1000
2026-01-28 05:15:00,7031.0,7031.5,7030.0,7030.25,1000
2026-01-28 05:20:00,7030.0,7032.5,7029.5,7029.75,1000
2026-01-28 05:25:00,7029.75,7032.0,7029.75,7031.75,1000
2026-01-28 05:30:00,7031.75,7032.25,7031.25,7031.5,1000
2026-01-28 05:35:00,7031.75,7033.75,7031.75,7033.25,1000
2026-01-28 05:40:00,7033.25,7035.5,7033.0,7034.5,1000
2026-01-28 05:45:00,7034.75,7035.25,7033.25,7033.75,1000
2026-01-28 05:50:00,7033.75,7035.25,7033.75,7034.25,1000
2026-01-28 05:55:00,7034.25,7036.5,7034.25,7035.5,1000
2026-01-28 06:00:00,7035.5,7035.5,7031.25,7031.75,1000
2026-01-28 06:05:00,7032.0,7033.0,7031.0,7032.25,1000
2026-01-28 06:10:00,7032.25,7032.5,7030.25,7031.0,1000
2026-01-28 06:15:00,7031.0,7032.0,7029.25,7030.0,1000
2026-01-28 06:20:00,7029.75,7030.75,7028.75,7030.25,1000
2026-01-28 06:25:00,7030.25,7033.5,7030.0,7033.25,1000
2026-01-28 06:30:00,7033.25,7034.5,7033.0,7034.0,1000
2026-01-28 06:35:00,7034.25,7034.5,7033.25,7034.0,1000
2026-01-28 06:40:00,7034.25,7034.75,7032.75,7033.0,1000
2026-01-28 06:45:00,7033.0,7033.5,7031.75,7032.75,1000
2026-01-28 06:50:00,7032.75,7035.25,7032.25,7033.75,1000
2026-01-28 06:55:00,7033.5,7034.5,7032.75,7033.0,1000
2026-01-28 07:00:00,7033.25,7033.5,7031.75,7032.5,1000
2026-01-28 07:05:00,7032.25,7032.75,7031.25,7032.75,1000
2026-01-28 07:10:00,7032.75,7033.5,7022.25,7027.75,1000
2026-01-28 07:15:00,7028.0,7028.5,7023.0,7023.75,1000
2026-01-28 07:20:00,7024.0,7027.5,7022.25,7024.25,1000
2026-01-28 07:25:00,7024.0,7027.25,7024.0,7025.0,1000
2026-01-28 07:30:00,7025.0,7026.25,7023.0,7023.75,1000
2026-01-28 07:35:00,7023.75,7026.0,7023.25,7025.75,1000
2026-01-28 07:40:00,7025.75,7028.0,7024.75,7026.25,1000
2026-01-28 07:45:00,7026.5,7028.75,7025.75,7026.25,1000
2026-01-28 07:50:00,7026.25,7027.0,7024.25,7026.25,1000
2026-01-28 07:55:00,7026.25,7027.25,7022.75,7022.75,1000
2026-01-28 08:00:00,7023.0,7027.0,7022.75,7024.75,1000
2026-01-28 08:05:00,7024.75,7026.0,7023.0,7023.0,1000
2026-01-28 08:10:00,7023.0,7023.25,7018.25,7019.5,1000
2026-01-28 08:15:00,7019.25,7024.5,7019.0,7024.5,1000
2026-01-28 08:20:00,7024.75,7024.75,7021.25,7022.0,1000
2026-01-28 08:25:00,7022.0,7022.25,7019.75,7020.5,1000
2026-01-28 08:30:00,7020.5,7022.0,7019.0,7020.5,1000
2026-01-28 08:35:00,7020.25,7021.5,7019.0,7020.0,1000
2026-01-28 08:40:00,7019.75,7021.25,7017.5,7018.0,1000
2026-01-28 08:45:00,7018.0,7020.75,7018.0,7020.5,1000
2026-01-28 08:50:00,7020.5,7022.75,7019.75,7020.5,1000
2026-01-28 08:55:00,7020.25,7022.5,7018.5,7022.25,1000
2026-01-28 09:00:00,7022.25,7023.25,7020.0,7020.25,1000
2026-01-28 09:05:00,7020.25,7020.5,7018.0,7018.5,1000
2026-01-28 09:10:00,7018.5,7021.25,7018.25,7019.0,1000
2026-01-28 09:15:00,7019.0,7020.5,7018.5,7019.5,1000
2026-01-28 09:20:00,7019.75,7022.75,7019.5,7022.0,1000
2026-01-28 09:25:00,7022.25,7023.5,7021.0,7022.5,1000
2026-01-28 09:30:00,7022.75,7029.5,7022.0,7025.75,1000
2026-01-28 09:35:00,7026.0,7027.5,7021.5,7023.5,1000
2026-01-28 09:40:00,7023.75,7029.75,7023.0,7029.0,1000
2026-01-28 09:45:00,7029.0,7031.0,7021.25,7024.0,1000
2026-01-28 09:50:00,7024.0,7029.75,7023.25,7029.5,1000
2026-01-28 09:55:00,7029.25,7029.5,7023.0,7023.75,1000
2026-01-28 10:00:00,7023.5,7025.75,7020.25,7022.5,1000
2026-01-28 10:05:00,7022.75,7023.0,7016.75,7018.5,1000
2026-01-28 10:10:00,7018.25,7018.75,7013.25,7013.5,1000
2026-01-28 10:15:00,7013.5,7020.25,7012.5,7017.5,1000
2026-01-28 10:20:00,7017.5,7023.25,7017.0,7021.0,1000
2026-01-28 10:25:00,7021.25,7021.5,7017.0,7017.25,1000
2026-01-28 10:30:00,7017.25,7020.25,7013.5,7013.5,1000
2026-01-28 10:35:00,7013.5,7019.5,7013.25,7018.25,1000
2026-01-28 10:40:00,7018.25,7018.5,7009.75,7010.25,1000
2026-01-28 10:45:00,7010.0,7012.75,7009.25,7010.5,1000
2026-01-28 10:50:00,7010.5,7011.0,7008.25,7010.0,1000
2026-01-28 10:55:00,7010.0,7011.75,7007.25,7007.5,1000
2026-01-28 11:00:00,7007.5,7013.25,7007.5,7012.75,1000
2026-01-28 11:05:00,7012.75,7015.5,7011.0,7013.5,1000
2026-01-28 11:10:00,7013.5,7015.25,7010.5,7012.25,1000
2026-01-28 11:15:00,7012.0,7013.25,7009.25,7009.25,1000
2026-01-28 11:20:00,7009.5,7011.0,7006.5,7010.0,1000
2026-01-28 11:25:00,7009.75,7013.75,7008.25,7013.5,1000
2026-01-28 11:30:00,7013.5,7013.5,7005.25,7005.75,1000
2026-01-28 11:35:00,7006.0,7007.5,7004.25,7005.75,1000
2026-01-28 11:40:00,7005.75,7005.75,7000.0,7000.5,1000
2026-01-28 11:45:00,7000.5,7004.0,7000.25,7003.0,1000
2026-01-28 11:50:00,7002.75,7003.25,6997.0,6998.25,1000
2026-01-28 11:55:00,6998.0,7001.75,6997.75,6999.25,1000
2026-01-28 12:00:00,6999.25,7004.25,6999.0,7002.5,1000
2026-01-28 12:05:00,7002.5,7004.0,6999.75,7002.5,1000
2026-01-28 12:10:00,7002.75,7007.5,7002.25,7006.5,1000
2026-01-28 12:15:00,7006.75,7008.25,7004.0,7007.75,1000
2026-01-28 12:20:00,7007.75,7008.75,7000.5,7000.5,1000
2026-01-28 12:25:00,7000.5,7001.25,6998.75,7000.5,1000
2026-01-28 12:30:00,7000.5,7000.5,6997.0,6997.5,1000
2026-01-28 12:35:00,6997.75,7000.25,6997.75,6998.75,1000
2026-01-28 12:40:00,6998.75,7002.0,6998.0,7000.5,1000
2026-01-28 12:45:00,7000.25,7003.0,6999.0,7001.5,1000
2026-01-28 12:50:00,7001.5,7006.25,7001.5,7006.25,1000
2026-01-28 12:55:00,7006.25,7006.5,7000.25,7000.5,1000
2026-01-28 13:00:00,7000.5,7002.75,6997.5,7002.25,1000
2026-01-28 13:05:00,7002.25,7004.5,7002.0,7002.75,1000
2026-01-28 13:10:00,7002.75,7004.0,7000.0,7003.75,1000
2026-01-28 13:15:00,7003.75,7005.75,7003.0,7005.0,1000
2026-01-28 13:20:00,7005.25,7006.5,7003.75,7004.75,1000
2026-01-28 13:25:00,7004.5,7005.25,7002.5,7003.5,1000
2026-01-28 13:30:00,7003.75,7004.75,7001.75,7002.25,1000
2026-01-28 13:35:00,7002.25,7005.0,7000.75,7000.75,1000
2026-01-28 13:40:00,7001.0,7003.75,7000.75,7002.0,1000
2026-01-28 13:45:00,7002.25,7002.5,6999.5,7001.0,1000
2026-01-28 13:50:00,7001.0,7003.75,7000.5,7001.5,1000
2026-01-28 13:55:00,7001.5,7004.5,7000.75,7002.5,1000
2026-01-28 14:00:00,7003.0,7008.75,6992.25,7002.0,1000
2026-01-28 14:05:00,7001.75,7004.75,6998.5,7002.75,1000
2026-01-28 14:10:00,7002.5,7005.25,7000.0,7001.0,1000
2026-01-28 14:15:00,7001.0,7002.5,6997.5,7001.75,1000
2026-01-28 14:20:00,7001.75,7005.25,6997.5,7004.25,1000
2026-01-28 14:25:00,7004.25,7005.5,6993.25,6993.75,1000
2026-01-28 14:30:00,6993.5,7012.75,6991.25,7003.0,1000
2026-01-28 14:35:00,7003.0,7007.25,6998.5,6999.0,1000
2026-01-28 14:40:00,6999.0,7001.5,6993.5,6999.0,1000
2026-01-28 14:45:00,6999.0,7009.5,6997.25,7006.25,1000
2026-01-28 14:50:00,7006.25,7010.75,7003.75,7008.75,1000
2026-01-28 14:55:00,7008.75,7009.25,7000.5,7001.25,1000
2026-01-28 15:00:00,7001.25,7009.0,6999.75,7007.25,1000
2026-01-28 15:05:00,7007.25,7012.25,7006.75,7011.5,1000
2026-01-28 15:10:00,7011.5,7014.25,7009.5,7009.75,1000
2026-01-28 15:15:00,7009.75,7011.75,7007.5,7011.25,1000
2026-01-28 15:20:00,7011.25,7015.0,7009.25,7013.0,1000
2026-01-28 15:25:00,7013.0,7013.0,7006.0,7006.25,1000
2026-01-28 15:30:00,7006.25,7007.75,7003.0,7003.0,1000
2026-01-28 15:35:00,7003.0,7008.5,7002.25,7007.0,1000
2026-01-28 15:40:00,7007.0,7007.5,7002.5,7003.25,1000
2026-01-28 15:45:00,7003.0,7006.75,7001.25,7001.75,1000
2026-01-28 15:50:00,7001.75,7012.0,6999.25,7009.75,1000
2026-01-28 15:55:00,7010.0,7014.0,7002.75,7006.5,1000
2026-01-28 16:00:00,7006.5,7011.25,6977.25,6988.5,1000
2026-01-28 16:05:00,6988.5,7005.0,6983.25,7004.75,1000
2026-01-28 16:10:00,7005.0,7011.0,7002.75,7010.25,1000
2026-01-28 16:15:00,7010.0,7013.75,7008.0,7013.5,1000
2026-01-28 16:20:00,7013.5,7019.25,7012.0,7017.5,1000
2026-01-28 16:25:00,7017.5,7021.75,7017.0,7021.5,1000
2026-01-28 16:30:00,7021.25,7023.0,7017.0,7019.5,1000
2026-01-28 16:35:00,7019.75,7020.25,7017.75,7018.25,1000
2026-01-28 16:40:00,7018.0,7020.0,7016.5,7018.25,1000
2026-01-28 16:45:00,7018.5,7022.0,7016.75,7018.5,1000
2026-01-28 16:50:00,7018.5,7019.25,7014.25,7014.75,1000
2026-01-28 16:55:00,7014.75,7018.5,7014.5,7016.75,1000
2026-01-28 18:00:00,7021.5,7022.0,7015.25,7016.75,1000
2026-01-28 18:05:00,7016.75,7016.75,7009.0,7009.75,1000
2026-01-28 18:10:00,7009.75,7010.75,6997.0,6997.5,1000
2026-01-28 18:15:00,6997.25,7008.25,6997.0,7006.75,1000
2026-01-28 18:20:00,7006.75,7012.5,7006.25,7009.75,1000
2026-01-28 18:25:00,7009.75,7010.25,7002.0,7005.25,1000
2026-01-28 18:30:00,7005.5,7005.75,7003.0,7004.5,1000
2026-01-28 18:35:00,7004.75,7006.0,7001.5,7002.0,1000
2026-01-28 18:40:00,7002.25,7005.25,7000.0,7001.25,1000
2026-01-28 18:45:00,7001.25,7006.5,7001.25,7006.25,1000
2026-01-28 18:50:00,7006.5,7007.5,7002.5,7006.0,1000
2026-01-28 18:55:00,7006.25,7007.5,6994.5,6996.0,1000
2026-01-28 19:00:00,6996.0,6998.75,6985.75,6988.25,1000
2026-01-28 19:05:00,6988.25,6995.25,6986.5,6993.25,1000
2026-01-28 19:10:00,6993.0,6997.75,6992.25,6993.75,1000
2026-01-28 19:15:00,6993.5,6996.0,6990.25,6992.25,1000
2026-01-28 19:20:00,6992.25,6997.25,6991.0,6996.25,1000
2026-01-28 19:25:00,6996.25,6999.0,6994.25,6999.0,1000
2026-01-28 19:30:00,6999.25,6999.25,6993.25,6995.0,1000
2026-01-28 19:35:00,6995.25,6996.5,6991.75,6994.75,1000
2026-01-28 19:40:00,6995.0,6995.25,6992.5,6993.5,1000
2026-01-28 19:45:00,6993.25,6994.5,6992.0,6993.0,1000
2026-01-28 19:50:00,6993.25,6995.5,6992.75,6995.25,1000
2026-01-28 19:55:00,6995.0,6999.25,6995.0,6999.25,1000
2026-01-28 20:00:00,6999.5,6999.75,6996.5,6998.25,1000
2026-01-28 20:05:00,6998.25,6999.75,6997.0,6998.0,1000
2026-01-28 20:10:00,6998.0,6999.75,6995.75,6997.75,1000
2026-01-28 20:15:00,6997.5,6998.25,6993.5,6994.25,1000
2026-01-28 20:20:00,6994.5,6996.25,6990.75,6991.25,1000
2026-01-28 20:25:00,6991.0,6993.0,6987.0,6992.0,1000
2026-01-28 20:30:00,6992.0,6994.5,6989.5,6990.0,1000
2026-01-28 20:35:00,6990.25,6993.0,6988.75,6990.25,1000
2026-01-28 20:40:00,6990.5,6993.0,6990.25,6991.25,1000
2026-01-28 20:45:00,6991.25,6993.75,6990.0,6991.5,1000
2026-01-28 20:50:00,6991.5,6993.5,6990.75,6993.25,1000
2026-01-28 20:55:00,6993.5,6995.0,6992.25,6994.75,1000
2026-01-28 21:00:00,6994.75,6998.75,6993.5,6998.25,1000
2026-01-28 21:05:00,6998.25,6998.75,6995.75,6997.5,1000
2026-01-28 21:10:00,6997.5,6998.25,6995.0,6997.0,1000
2026-01-28 21:15:00,6997.0,6999.25,6997.0,6998.0,1000
2026-01-28 21:20:00,6998.25,7003.5,6996.75,7003.0,1000
2026-01-28 21:25:00,7003.25,7005.75,7001.25,7005.0,1000
2026-01-28 21:30:00,7005.25,7005.75,7004.0,7004.75,1000
2026-01-28 21:35:00,7004.5,7005.75,7004.0,7004.5,1000
2026-01-28 21:40:00,7004.75,7004.75,7003.0,7003.75,1000
2026-01-28 21:45:00,7003.5,7003.5,7001.0,7001.0,1000
2026-01-28 21:50:00,7001.25,7003.25,7001.25,7002.5,1000
2026-01-28 21:55:00,7002.5,7006.25,7001.75,7003.0,1000
2026-01-28 22:00:00,7003.0,7006.25,7003.0,7004.75,1000
2026-01-28 22:05:00,7005.0,7005.75,7003.75,7004.0,1000
2026-01-28 22:10:00,7004.0,7006.25,7003.25,7006.0,1000
2026-01-28 22:15:00,7006.0,7008.0,7006.0,7008.0,1000
2026-01-28 22:20:00,7008.0,7009.0,7007.75,7008.0,1000
2026-01-28 22:25:00,7007.75,7008.0,7006.25,7006.75,1000
2026-01-28 22:30:00,7006.75,7008.5,7006.75,7008.25,1000
2026-01-28 22:35:00,7008.25,7008.5,7005.75,7006.0,1000
2026-01-28 22:40:00,7006.25,7009.5,7006.25,7009.5,1000
2026-01-28 22:45:00,7009.25,7009.75,7007.0,7008.25,1000
2026-01-28 22:50:00,7008.5,7008.75,7006.5,7007.0,1000
2026-01-28 22:55:00,7007.0,7008.75,7007.0,7008.75,1000
2026-01-28 23:00:00,7008.75,7009.0,7008.25,7008.75,1000
2026-01-28 23:05:00,7008.75,7009.25,7008.0,7008.75,1000
2026-01-28 23:10:00,7008.5,7009.5,7008.0,7009.25,1000
2026-01-28 23:15:00,7009.0,7012.25,7009.0,7012.25,1000
2026-01-28 23:20:00,7012.25,7013.5,7010.75,7011.75,1000
2026-01-28 23:25:00,7011.75,7012.0,7011.0,7011.25,1000
2026-01-28 23:30:00,7011.5,7013.25,7011.5,7013.0,1000
2026-01-28 23:35:00,7013.0,7013.75,7012.5,7013.5,1000
2026-01-28 23:40:00,7013.75,7014.5,7013.25,7013.25,1000
2026-01-28 23:45:00,7013.25,7014.0,7013.0,7013.75,1000
2026-01-28 23:50:00,7013.75,7016.0,7013.25,7016.0,1000
2026-01-28 23:55:00,7015.75,7015.75,7015.25,7015.5,1000
2026-01-29 00:00:00,7015.5,7016.0,7013.5,7014.75,1000
2026-01-29 00:05:00,7015.0,7015.5,7013.5,7014.0,1000
2026-01-29 00:10:00,7013.75,7014.25,7012.25,7013.75,1000
2026-01-29 00:15:00,7013.75,7015.5,7013.75,7015.25,1000
2026-01-29 00:20:00,7015.25,7016.0,7014.75,7014.75,1000
2026-01-29 00:25:00,7014.5,7016.75,7014.25,7016.25,1000
2026-01-29 00:30:00,7016.25,7017.75,7016.25,7017.0,1000
2026-01-29 00:35:00,7017.0,7019.0,7017.0,7018.25,1000
2026-01-29 00:40:00,7018.25,7019.5,7018.25,7019.5,1000
2026-01-29 00:45:00,7019.5,7019.5,7018.5,7019.0,1000
2026-01-29 00:50:00,7018.75,7019.75,7018.5,7019.75,1000
2026-01-29 00:55:00,7019.75,7019.75,7016.25,7017.75,1000
2026-01-29 01:00:00,7017.75,7020.75,7017.5,7020.75,1000
2026-01-29 01:05:00,7020.75,7022.0,7020.5,7022.0,1000
2026-01-29 01:10:00,7022.0,7022.75,7021.75,7022.75,1000
2026-01-29 01:15:00,7023.0,7023.75,7022.0,7022.25,1000
2026-01-29 01:20:00,7022.0,7022.5,7021.25,7021.5,1000
2026-01-29 01:25:00,7021.25,7021.5,7019.25,7020.75,1000
2026-01-29 01:30:00,7020.75,7022.75,7020.0,7021.5,1000
2026-01-29 01:35:00,7021.75,7022.0,7019.5,7020.5,1000
2026-01-29 01:40:00,7020.5,7021.25,7018.5,7019.25,1000
2026-01-29 01:45:00,7019.5,7020.25,7017.25,7019.25,1000
2026-01-29 01:50:00,7019.25,7019.25,7017.25,7017.75,1000
2026-01-29 01:55:00,7018.0,7020.25,7017.75,7020.0,1000
2026-01-29 02:00:00,7019.75,7021.75,7019.0,7020.0,1000
2026-01-29 02:05:00,7019.75,7020.25,7018.75,7019.75,1000
2026-01-29 02:10:00,7019.75,7021.5,7018.75,7020.25,1000
2026-01-29 02:15:00,7020.0,7020.25,7018.0,7018.5,1000
2026-01-29 02:20:00,7018.5,7019.5,7017.5,7018.25,1000
2026-01-29 02:25:00,7018.0,7021.75,7018.0,7021.75,1000
2026-01-29 02:30:00,7021.75,7024.25,7021.0,7023.75,1000
2026-01-29 02:35:00,7023.75,7027.5,7023.75,7027.0,1000
2026-01-29 02:40:00,7027.0,7029.0,7026.5,7028.25,1000
2026-01-29 02:45:00,7028.25,7029.5,7027.0,7027.5,1000
2026-01-29 02:50:00,7027.75,7029.0,7026.75,7027.0,1000
2026-01-29 02:55:00,7026.75,7027.25,7025.25,7026.5,1000
2026-01-29 03:00:00,7026.5,7027.75,7019.0,7020.25,1000
2026-01-29 03:05:00,7020.25,7024.25,7019.5,7022.25,1000
2026-01-29 03:10:00,7022.25,7028.75,7022.25,7027.75,1000
2026-01-29 03:15:00,7027.75,7029.5,7027.0,7028.75,1000
2026-01-29 03:20:00,7028.75,7029.0,7024.25,7025.5,1000
2026-01-29 03:25:00,7025.5,7027.25,7023.5,7027.0,1000
2026-01-29 03:30:00,7027.0,7028.0,7025.0,7026.0,1000
2026-01-29 03:35:00,7025.75,7027.25,7023.75,7025.0,1000
2026-01-29 03:40:00,7025.25,7028.25,7025.0,7028.25,1000
2026-01-29 03:45:00,7028.25,7028.75,7024.25,7024.25,1000
2026-01-29 03:50:00,7024.0,7024.5,7022.25,7024.0,1000
2026-01-29 03:55:00,7024.0,7026.0,7023.75,7024.75,1000
2026-01-29 04:00:00,7024.75,7028.5,7024.5,7026.5,1000
2026-01-29 04:05:00,7026.75,7027.75,7025.25,7027.75,1000
2026-01-29 04:10:00,7027.75,7029.0,7026.5,7027.25,1000
2026-01-29 04:15:00,7027.25,7027.5,7024.5,7026.75,1000
2026-01-29 04:20:00,7026.5,7029.25,7025.75,7028.5,1000
2026-01-29 04:25:00,7028.5,7028.75,7024.75,7025.25,1000
2026-01-29 04:30:00,7025.25,7026.75,7023.75,7025.75,1000
2026-01-29 04:35:00,7025.75,7029.25,7025.5,7028.25,1000
2026-01-29 04:40:00,7028.0,7028.25,7026.5,7027.0,1000
2026-01-29 04:45:00,7026.75,7027.25,7025.0,7025.25,1000
2026-01-29 04:50:00,7025.5,7026.0,7020.75,7021.5,1000
2026-01-29 04:55:00,7021.5,7022.5,7018.75,7019.25,1000
2026-01-29 05:00:00,7019.0,7020.0,7017.75,7018.25,1000
2026-01-29 05:05:00,7018.0,7020.0,7017.75,7019.5,1000
2026-01-29 05:10:00,7019.5,7021.25,7018.0,7018.5,1000
2026-01-29 05:15:00,7018.5,7020.75,7018.25,7020.75,1000
2026-01-29 05:20:00,7020.5,7021.75,7019.0,7021.75,1000
2026-01-29 05:25:00,7021.75,7023.5,7021.25,7021.5,1000
2026-01-29 05:30:00,7021.5,7022.0,7019.75,7021.75,1000
2026-01-29 05:35:00,7021.5,7022.25,7020.25,7020.75,1000
2026-01-29 05:40:00,7020.75,7021.0,7018.75,7019.75,1000
2026-01-29 05:45:00,7019.75,7020.25,7018.75,7019.75,1000
2026-01-29 05:50:00,7019.75,7020.75,7017.75,7017.75,1000
2026-01-29 05:55:00,7017.75,7018.0,7012.75,7013.75,1000
2026-01-29 06:00:00,7014.0,7015.25,7010.0,7012.25,1000
2026-01-29 06:05:00,7012.25,7016.25,7010.0,7015.25,1000
2026-01-29 06:10:00,7015.0,7017.0,7014.25,7015.25,1000
2026-01-29 06:15:00,7015.25,7016.0,7013.5,7014.75,1000
2026-01-29 06:20:00,7015.0,7019.25,7015.0,7018.5,1000
2026-01-29 06:25:00,7018.75,7019.0,7016.5,7017.5,1000
2026-01-29 06:30:00,7017.25,7022.0,7017.25,7020.0,1000
2026-01-29 06:35:00,7020.0,7021.25,7017.5,7018.5,1000
2026-01-29 06:40:00,7018.25,7020.25,7018.25,7019.75,1000
2026-01-29 06:45:00,7019.75,7021.0,7018.75,7018.75,1000
2026-01-29 06:50:00,7019.0,7019.25,7016.75,7017.25,1000
2026-01-29 06:55:00,7017.5,7020.5,7017.5,7019.5,1000
2026-01-29 07:00:00,7019.5,7021.25,7018.75,7019.75,1000
2026-01-29 07:05:00,7019.75,7023.5,7019.75,7023.0,1000
2026-01-29 07:10:00,7023.25,7023.75,7022.0,7022.25,1000
2026-01-29 07:15:00,7022.5,7023.25,7022.0,7023.25,1000
2026-01-29 07:20:00,7023.25,7024.0,7020.5,7022.0,1000
2026-01-29 07:25:00,7021.75,7023.0,7020.5,7022.75,1000
2026-01-29 07:30:00,7022.5,7022.75,7021.25,7021.25,1000
2026-01-29 07:35:00,7021.5,7022.0,7015.0,7015.25,1000
2026-01-29 07:40:00,7015.25,7018.0,7014.5,7016.25,1000
2026-01-29 07:45:00,7016.5,7019.25,7016.25,7018.0,1000
2026-01-29 07:50:00,7017.75,7019.25,7013.25,7017.0,1000
2026-01-29 07:55:00,7017.25,7019.5,7016.0,7019.0,1000
2026-01-29 08:00:00,7018.75,7020.0,7017.0,7018.75,1000
2026-01-29 08:05:00,7018.75,7022.25,7018.5,7021.5,1000
2026-01-29 08:10:00,7021.75,7021.75,7019.75,7020.5,1000
2026-01-29 08:15:00,7020.5,7020.75,7015.0,7016.25,1000
2026-01-29 08:20:00,7016.0,7018.25,7015.5,7018.25,1000
2026-01-29 08:25:00,7018.25,7020.75,7017.5,7020.0,1000
2026-01-29 08:30:00,7020.25,7022.75,7017.0,7022.0,1000
2026-01-29 08:35:00,7022.0,7024.25,7021.75,7022.5,1000
2026-01-29 08:40:00,7022.5,7026.75,7022.25,7025.25,1000
2026-01-29 08:45:00,7025.25,7026.25,7024.0,7024.5,1000
2026-01-29 08:50:00,7024.25,7024.75,7021.25,7022.25,1000
2026-01-29 08:55:00,7022.25,7023.75,7022.25,7023.5,1000
2026-01-29 09:00:00,7023.5,7023.75,7016.5,7017.0,1000
2026-01-29 09:05:00,7017.0,7018.75,7015.25,7016.5,1000
2026-01-29 09:10:00,7016.75,7017.5,7013.0,7014.0,1000
2026-01-29 09:15:00,7013.75,7016.25,7012.75,7014.5,1000
2026-01-29 09:20:00,7014.5,7015.75,7013.75,7015.5,1000
2026-01-29 09:25:00,7015.75,7015.75,7012.75,7015.0,1000
2026-01-29 09:30:00,7015.0,7021.5,7007.75,7010.25,1000
2026-01-29 09:35:00,7010.25,7010.75,6999.25,7004.75,1000
2026-01-29 09:40:00,7005.0,7006.75,6982.5,6983.0,1000
2026-01-29 09:45:00,6983.0,6991.25,6973.0,6987.75,1000
2026-01-29 09:50:00,6987.75,6987.75,6972.25,6980.75,1000
2026-01-29 09:55:00,6980.5,6984.0,6965.5,6966.5,1000
2026-01-29 10:00:00,6966.5,6967.25,6946.75,6954.5,1000
2026-01-29 10:05:00,6954.5,6959.25,6949.75,6951.75,1000
2026-01-29 10:10:00,6951.5,6959.5,6940.0,6942.0,1000
2026-01-29 10:15:00,6942.0,6952.25,6941.75,6945.5,1000
2026-01-29 10:20:00,6945.75,6958.25,6943.0,6951.75,1000
2026-01-29 10:25:00,6951.75,6958.5,6938.75,6940.0,1000
2026-01-29 10:30:00,6940.25,6943.5,6929.0,6930.75,1000
2026-01-29 10:35:00,6931.0,6931.75,6923.5,6926.0,1000
2026-01-29 10:40:00,6926.25,6926.25,6913.25,6915.75,1000
2026-01-29 10:45:00,6916.0,6923.25,6913.5,6915.5,1000
2026-01-29 10:50:00,6915.5,6915.75,6902.75,6904.0,1000
2026-01-29 10:55:00,6903.75,6919.5,6902.25,6910.75,1000
2026-01-29 11:00:00,6911.0,6913.25,6901.75,6902.25,1000
2026-01-29 11:05:00,6902.25,6908.75,6898.25,6907.5,1000
2026-01-29 11:10:00,6907.75,6926.75,6902.75,6926.25,1000
2026-01-29 11:15:00,6926.5,6932.25,6924.0,6930.5,1000
2026-01-29 11:20:00,6930.5,6937.0,6923.0,6928.5,1000
2026-01-29 11:25:00,6928.5,6934.0,6924.5,6929.5,1000
2026-01-29 11:30:00,6929.25,6937.25,6928.75,6932.0,1000
2026-01-29 11:35:00,6931.75,6937.25,6929.0,6934.25,1000
2026-01-29 11:40:00,6934.25,6940.75,6932.0,6935.0,1000
2026-01-29 11:45:00,6935.25,6940.75,6931.75,6937.75,1000
2026-01-29 11:50:00,6937.5,6940.5,6932.5,6935.25,1000
2026-01-29 11:55:00,6935.5,6939.25,6932.5,6937.5,1000
2026-01-29 12:00:00,6937.25,6948.75,6936.75,6945.5,1000
2026-01-29 12:05:00,6945.5,6949.25,6944.0,6946.5,1000
2026-01-29 12:10:00,6946.25,6958.75,6946.0,6956.25,1000
2026-01-29 12:15:00,6956.5,6959.5,6953.75,6958.5,1000
2026-01-29 12:20:00,6958.75,6964.5,6957.5,6962.0,1000
2026-01-29 12:25:00,6962.0,6964.0,6957.5,6960.75,1000
2026-01-29 12:30:00,6960.75,6964.25,6958.75,6961.75,1000
2026-01-29 12:35:00,6961.75,6967.75,6961.25,6962.5,1000
2026-01-29 12:40:00,6962.25,6962.5,6952.25,6958.0,1000
2026-01-29 12:45:00,6957.75,6958.0,6947.75,6952.0,1000
2026-01-29 12:50:00,6952.0,6952.75,6937.75,6939.0,1000
2026-01-29 12:55:00,6939.0,6945.0,6937.75,6939.5,1000
2026-01-29 13:00:00,6939.5,6950.5,6937.5,6948.25,1000
2026-01-29 13:05:00,6948.25,6958.0,6947.75,6953.5,1000
2026-01-29 13:10:00,6953.5,6962.25,6953.5,6959.5,1000
2026-01-29 13:15:00,6959.25,6960.0,6954.25,6955.75,1000
2026-01-29 13:20:00,6956.0,6959.5,6952.75,6958.0,1000
2026-01-29 13:25:00,6957.75,6961.0,6953.5,6960.25,1000
2026-01-29 13:30:00,6960.25,6960.25,6952.25,6957.5,1000
2026-01-29 13:35:00,6957.5,6964.0,6956.5,6963.75,1000
2026-01-29 13:40:00,6963.5,6968.75,6962.0,6963.75,1000
2026-01-29 13:45:00,6963.5,6964.5,6959.75,6963.75,1000
2026-01-29 13:50:00,6963.75,6966.0,6960.75,6962.0,1000
2026-01-29 13:55:00,6962.0,6964.75,6956.0,6956.25,1000
2026-01-29 14:00:00,6956.25,6962.5,6952.75,6960.75,1000
2026-01-29 14:05:00,6960.75,6968.5,6960.25,6966.0,1000
2026-01-29 14:10:00,6965.75,6969.25,6964.25,6966.25,1000
2026-01-29 14:15:00,6966.25,6973.25,6964.75,6969.25,1000
2026-01-29 14:20:00,6969.25,6971.0,6967.75,6970.75,1000
2026-01-29 14:25:00,6970.75,6972.25,6969.25,6971.5,1000
2026-01-29 14:30:00,6971.25,6973.0,6962.75,6964.25,1000
2026-01-29 14:35:00,6964.25,6970.0,6963.75,6966.25,1000
2026-01-29 14:40:00,6966.25,6969.25,6966.0,6968.25,1000
2026-01-29 14:45:00,6968.25,6969.75,6962.75,6963.75,1000
2026-01-29 14:50:00,6964.0,6968.0,6963.75,6967.75,1000
2026-01-29 14:55:00,6967.75,6969.25,6961.25,6962.0,1000
2026-01-29 15:00:00,6962.25,6967.25,6961.25,6965.25,1000
2026-01-29 15:05:00,6965.0,6970.5,6964.25,6969.25,1000
2026-01-29 15:10:00,6969.5,6970.0,6966.25,6966.5,1000
2026-01-29 15:15:00,6966.5,6968.25,6964.75,6968.25,1000
2026-01-29 15:20:00,6968.25,6969.5,6966.0,6969.25,1000
2026-01-29 15:25:00,6969.25,6971.25,6966.0,6966.5,1000
2026-01-29 15:30:00,6966.5,6970.25,6964.5,6970.25,1000
2026-01-29 15:35:00,6970.25,6979.75,6969.0,6977.25,1000
2026-01-29 15:40:00,6977.25,6979.5,6974.75,6977.25,1000
2026-01-29 15:45:00,6977.25,6980.0,6975.5,6979.5,1000
2026-01-29 15:50:00,6979.5,6988.25,6979.5,6987.75,1000
2026-01-29 15:55:00,6987.75,6999.0,6986.5,6989.75,1000
2026-01-29 16:00:00,6990.0,6995.75,6989.0,6992.25,1000
2026-01-29 16:05:00,6992.25,6993.25,6988.5,6990.75,1000
2026-01-29 16:10:00,6990.75,6991.5,6987.5,6989.5,1000
2026-01-29 16:15:00,6989.25,6990.0,6988.25,6989.25,1000
2026-01-29 16:20:00,6989.25,6989.25,6986.5,6987.5,1000
2026-01-29 16:25:00,6987.75,6992.0,6985.25,6989.0,1000
2026-01-29 16:30:00,6989.75,7002.5,6989.75,6993.0,1000
2026-01-29 16:35:00,6993.0,6995.0,6991.5,6994.0,1000
2026-01-29 16:40:00,6994.0,6994.75,6988.75,6990.75,1000
2026-01-29 16:45:00,6991.0,6992.0,6988.75,6990.0,1000
2026-01-29 16:50:00,6990.0,6992.0,6987.75,6991.5,1000
2026-01-29 16:55:00,6991.5,6994.25,6989.75,6989.75,1000
2026-01-29 18:00:00,6992.75,6994.25,6982.75,6983.25,1000
2026-01-29 18:05:00,6983.25,6992.25,6983.25,6984.0,1000
2026-01-29 18:10:00,6984.0,6984.5,6973.5,6974.25,1000
2026-01-29 18:15:00,6974.25,6978.75,6973.25,6977.75,1000
2026-01-29 18:20:00,6978.0,6983.75,6975.5,6983.25,1000
2026-01-29 18:25:00,6983.25,6988.0,6968.5,6981.75,1000
2026-01-29 18:30:00,6981.25,6991.75,6981.0,6990.75,1000
2026-01-29 18:35:00,6990.5,6995.0,6989.5,6993.0,1000
2026-01-29 18:40:00,6992.5,6994.0,6991.25,6993.0,1000
2026-01-29 18:45:00,6993.0,6994.25,6988.0,6990.75,1000
2026-01-29 18:50:00,6990.5,6990.75,6987.25,6988.5,1000
2026-01-29 18:55:00,6988.25,6988.75,6985.25,6986.5,1000
2026-01-29 19:00:00,6986.5,6990.0,6985.25,6989.75,1000
2026-01-29 19:05:00,6989.5,6989.5,6985.5,6986.5,1000
2026-01-29 19:10:00,6986.5,6986.75,6981.5,6984.25,1000
2026-01-29 19:15:00,6984.25,6987.5,6982.5,6983.25,1000
2026-01-29 19:20:00,6983.5,6984.0,6977.5,6980.25,1000
2026-01-29 19:25:00,6980.5,6982.25,6974.5,6978.5,1000
2026-01-29 19:30:00,6978.75,6991.0,6977.0,6979.5,1000
2026-01-29 19:35:00,6979.5,6981.5,6976.0,6980.0,1000
2026-01-29 19:40:00,6980.25,6982.75,6975.75,6976.25,1000
2026-01-29 19:45:00,6976.5,6978.5,6974.75,6977.5,1000
2026-01-29 19:50:00,6977.75,6978.75,6976.5,6976.5,1000
2026-01-29 19:55:00,6976.75,6980.75,6976.5,6977.0,1000
2026-01-29 20:00:00,6977.25,6977.75,6972.0,6974.5,1000
2026-01-29 20:05:00,6974.5,6976.25,6973.25,6974.5,1000
2026-01-29 20:10:00,6974.75,6975.25,6970.0,6971.25,1000
2026-01-29 20:15:00,6971.0,6972.0,6970.25,6971.25,1000
2026-01-29 20:20:00,6971.5,6972.0,6967.0,6968.75,1000
2026-01-29 20:25:00,6968.5,6971.5,6966.5,6968.0,1000
2026-01-29 20:30:00,6967.75,6968.75,6964.5,6966.0,1000
2026-01-29 20:35:00,6966.0,6966.25,6959.5,6959.75,1000
2026-01-29 20:40:00,6959.75,6960.0,6952.0,6957.0,1000
2026-01-29 20:45:00,6957.0,6960.0,6954.25,6957.75,1000
2026-01-29 20:50:00,6957.75,6964.75,6957.75,6964.25,1000
2026-01-29 20:55:00,6964.0,6964.75,6960.5,6962.75,1000
2026-01-29 21:00:00,6962.75,6963.75,6959.0,6960.0,1000
2026-01-29 21:05:00,6959.75,6964.5,6957.75,6959.25,1000
2026-01-29 21:10:00,6959.5,6961.0,6956.0,6957.25,1000
2026-01-29 21:15:00,6957.5,6960.75,6952.25,6952.25,1000
2026-01-29 21:20:00,6952.5,6953.0,6945.25,6948.0,1000
2026-01-29 21:25:00,6948.0,6950.75,6945.25,6945.5,1000
2026-01-29 21:30:00,6945.5,6949.25,6943.25,6947.5,1000
2026-01-29 21:35:00,6947.5,6952.75,6947.0,6950.0,1000
2026-01-29 21:40:00,6949.75,6952.75,6947.75,6950.0,1000
2026-01-29 21:45:00,6950.25,6952.5,6949.5,6950.5,1000
2026-01-29 21:50:00,6951.0,6957.75,6951.0,6957.25,1000
2026-01-29 21:55:00,6957.25,6961.25,6957.0,6961.0,1000
2026-01-29 22:00:00,6961.0,6967.25,6960.75,6965.5,1000
2026-01-29 22:05:00,6965.5,6970.75,6965.5,6970.25,1000
2026-01-29 22:10:00,6970.0,6970.25,6965.25,6966.0,1000
2026-01-29 22:15:00,6965.75,6968.5,6963.5,6967.0,1000
2026-01-29 22:20:00,6966.75,6968.25,6961.0,6963.75,1000
2026-01-29 22:25:00,6964.0,6966.5,6962.25,6965.0,1000
2026-01-29 22:30:00,6965.0,6971.25,6964.25,6970.0,1000
2026-01-29 22:35:00,6970.25,6971.5,6968.75,6969.0,1000
2026-01-29 22:40:00,6968.5,6968.75,6965.5,6967.0,1000
2026-01-29 22:45:00,6967.25,6970.0,6967.0,6969.75,1000
2026-01-29 22:50:00,6969.5,6971.75,6966.0,6967.25,1000
2026-01-29 22:55:00,6967.25,6968.75,6966.0,6966.25,1000
2026-01-29 23:00:00,6966.25,6968.5,6965.25,6966.5,1000
2026-01-29 23:05:00,6966.75,6969.75,6965.75,6969.5,1000
2026-01-29 23:10:00,6969.75,6971.75,6969.75,6971.75,1000
2026-01-29 23:15:00,6971.75,6973.25,6971.25,6972.75,1000
2026-01-29 23:20:00,6973.0,6973.5,6971.5,6971.5,1000
2026-01-29 23:25:00,6971.25,6971.25,6967.0,6970.5,1000
2026-01-29 23:30:00,6970.25,6973.25,6969.5,6972.0,1000
2026-01-29 23:35:00,6971.75,6973.25,6971.25,6971.75,1000
2026-01-29 23:40:00,6971.75,6972.0,6969.75,6970.0,1000
2026-01-29 23:45:00,6970.25,6971.0,6969.25,6969.5,1000
2026-01-29 23:50:00,6969.25,6969.5,6966.75,6968.25,1000
2026-01-29 23:55:00,6968.25,6968.25,6964.25,6965.5,1000
2026-01-30 00:00:00,6965.5,6969.75,6965.5,6968.5,1000
2026-01-30 00:05:00,6968.75,6970.25,6967.0,6968.75,1000
2026-01-30 00:10:00,6968.75,6968.75,6964.0,6965.75,1000
2026-01-30 00:15:00,6965.5,6966.5,6962.5,6963.75,1000
2026-01-30 00:20:00,6964.0,6966.5,6963.5,6964.75,1000
2026-01-30 00:25:00,6964.5,6966.5,6963.0,6964.75,1000
2026-01-30 00:30:00,6964.75,6965.0,6961.5,6962.25,1000
2026-01-30 00:35:00,6962.0,6964.75,6961.5,6962.75,1000
2026-01-30 00:40:00,6962.5,6964.25,6959.5,6960.0,1000
2026-01-30 00:45:00,6960.0,6962.5,6959.0,6960.75,1000
2026-01-30 00:50:00,6960.75,6961.0,6958.75,6959.25,1000
2026-01-30 00:55:00,6959.5,6960.5,6956.5,6956.5,1000
2026-01-30 01:00:00,6956.75,6958.0,6953.75,6953.75,1000
2026-01-30 01:05:00,6953.5,6955.25,6952.25,6954.5,1000
2026-01-30 01:10:00,6954.5,6954.5,6950.25,6952.25,1000
2026-01-30 01:15:00,6952.75,6952.75,6947.0,6947.75,1000
2026-01-30 01:20:00,6947.5,6950.75,6946.0,6947.75,1000
2026-01-30 01:25:00,6947.75,6949.25,6940.5,6946.0,1000
2026-01-30 01:30:00,6945.5,6949.0,6943.75,6944.5,1000
2026-01-30 01:35:00,6944.5,6951.5,6944.25,6949.5,1000
2026-01-30 01:40:00,6949.75,6950.25,6946.5,6947.25,1000
2026-01-30 01:45:00,6947.0,6947.0,6943.75,6944.5,1000
2026-01-30 01:50:00,6944.25,6948.25,6944.0,6948.0,1000
2026-01-30 01:55:00,6948.0,6948.75,6935.0,6937.5,1000
2026-01-30 02:00:00,6937.5,6943.25,6936.5,6940.75,1000
2026-01-30 02:05:00,6940.75,6948.0,6940.0,6948.0,1000
2026-01-30 02:10:00,6947.75,6949.75,6946.0,6946.25,1000
2026-01-30 02:15:00,6946.5,6946.75,6941.75,6944.5,1000
2026-01-30 02:20:00,6944.25,6945.0,6941.75,6943.75,1000
2026-01-30 02:25:00,6943.75,6943.75,6939.25,6940.25,1000
2026-01-30 02:30:00,6940.25,6943.75,6938.25,6941.75,1000
2026-01-30 02:35:00,6941.25,6943.5,6934.75,6936.25,1000
2026-01-30 02:40:00,6936.25,6937.5,6931.5,6937.0,1000
2026-01-30 02:45:00,6937.0,6938.0,6931.75,6937.5,1000
2026-01-30 02:50:00,6937.75,6938.75,6933.75,6934.5,1000
2026-01-30 02:55:00,6934.25,6936.25,6928.25,6930.25,1000
2026-01-30 03:00:00,6930.25,6934.5,6927.25,6934.25,1000
2026-01-30 03:05:00,6934.25,6935.75,6926.0,6928.25,1000
2026-01-30 03:10:00,6928.25,6938.5,6927.5,6937.25,1000
2026-01-30 03:15:00,6937.5,6940.25,6933.25,6937.0,1000
2026-01-30 03:20:00,6936.75,6942.25,6936.75,6940.75,1000
2026-01-30 03:25:00,6940.5,6943.25,6937.5,6938.25,1000
2026-01-30 03:30:00,6938.0,6938.25,6926.5,6928.0,1000
2026-01-30 03:35:00,6928.0,6933.25,6926.25,6931.75,1000
2026-01-30 03:40:00,6931.75,6933.5,6929.0,6933.5,1000
2026-01-30 03:45:00,6933.25,6939.0,6930.5,6938.25,1000
2026-01-30 03:50:00,6938.0,6943.0,6935.25,6942.75,1000
2026-01-30 03:55:00,6942.75,6945.75,6940.25,6941.0,1000
2026-01-30 04:00:00,6941.0,6943.75,6938.75,6943.25,1000
2026-01-30 04:05:00,6943.5,6945.0,6937.0,6938.75,1000
2026-01-30 04:10:00,6938.5,6938.75,6931.5,6933.0,1000
2026-01-30 04:15:00,6932.75,6935.75,6930.0,6934.75,1000
2026-01-30 04:20:00,6934.75,6936.5,6931.75,6932.0,1000
2026-01-30 04:25:00,6931.75,6933.75,6929.25,6932.0,1000
2026-01-30 04:30:00,6932.0,6933.5,6929.5,6930.5,1000
2026-01-30 04:35:00,6930.5,6935.75,6928.5,6929.5,1000
2026-01-30 04:40:00,6929.25,6931.75,6928.25,6929.5,1000
2026-01-30 04:45:00,6929.5,6929.5,6920.25,6920.5,1000
2026-01-30 04:50:00,6920.5,6924.0,6917.5,6923.5,1000
2026-01-30 04:55:00,6923.5,6930.5,6923.5,6926.5,1000
2026-01-30 05:00:00,6926.25,6935.25,6926.0,6930.0,1000
2026-01-30 05:05:00,6929.75,6932.25,6927.75,6928.75,1000
2026-01-30 05:10:00,6928.75,6934.25,6927.5,6933.5,1000
2026-01-30 05:15:00,6933.5,6935.0,6931.75,6933.5,1000
2026-01-30 05:20:00,6933.5,6936.0,6932.5,6935.5,1000
2026-01-30 05:25:00,6935.25,6935.5,6929.75,6932.0,1000
2026-01-30 05:30:00,6932.0,6940.0,6932.0,6938.0,1000
2026-01-30 05:35:00,6938.25,6943.25,6938.25,6939.75,1000
2026-01-30 05:40:00,6939.75,6941.0,6936.0,6940.25,1000
2026-01-30 05:45:00,6940.75,6942.25,6938.0,6940.25,1000
2026-01-30 05:50:00,6940.5,6943.75,6938.5,6940.0,1000
2026-01-30 05:55:00,6940.0,6940.0,6937.5,6938.75,1000
2026-01-30 06:00:00,6939.0,6947.0,6938.0,6944.25,1000
2026-01-30 06:05:00,6944.5,6945.25,6942.0,6944.5,1000
2026-01-30 06:10:00,6944.5,6948.75,6944.5,6948.25,1000
2026-01-30 06:15:00,6948.25,6950.75,6947.5,6947.5,1000
2026-01-30 06:20:00,6947.5,6952.5,6947.5,6952.25,1000
2026-01-30 06:25:00,6952.25,6953.0,6950.5,6952.75,1000
2026-01-30 06:30:00,6952.75,6959.25,6952.0,6958.25,1000
2026-01-30 06:35:00,6958.5,6959.25,6956.5,6958.25,1000
2026-01-30 06:40:00,6958.25,6961.0,6957.75,6958.25,1000
2026-01-30 06:45:00,6958.25,6958.75,6949.75,6952.5,1000
2026-01-30 06:50:00,6952.5,6968.25,6952.5,6967.5,1000
2026-01-30 06:55:00,6967.5,6970.75,6966.25,6968.5,1000
2026-01-30 07:00:00,6968.75,6975.75,6968.5,6975.25,1000
2026-01-30 07:05:00,6975.5,6975.75,6965.5,6965.75,1000
2026-01-30 07:10:00,6965.75,6969.5,6965.0,6967.0,1000
2026-01-30 07:15:00,6967.0,6969.0,6965.25,6966.5,1000
2026-01-30 07:20:00,6966.5,6970.5,6963.25,6969.75,1000
2026-01-30 07:25:00,6970.0,6970.0,6965.25,6965.75,1000
2026-01-30 07:30:00,6965.75,6968.5,6965.75,6966.5,1000
2026-01-30 07:35:00,6966.5,6972.0,6965.0,6965.25,1000
2026-01-30 07:40:00,6965.0,6968.5,6962.0,6962.25,1000
2026-01-30 07:45:00,6962.25,6966.75,6960.75,6962.5,1000
2026-01-30 07:50:00,6962.25,6963.75,6956.0,6958.25,1000
2026-01-30 07:55:00,6958.5,6962.0,6958.0,6961.5,1000
2026-01-30 08:00:00,6961.25,6965.0,6959.5,6965.0,1000
2026-01-30 08:05:00,6964.75,6968.0,6963.75,6964.75,1000
2026-01-30 08:10:00,6964.75,6970.25,6964.5,6968.5,1000
2026-01-30 08:15:00,6968.75,6970.25,6965.25,6965.75,1000
2026-01-30 08:20:00,6966.0,6966.5,6961.25,6962.0,1000
2026-01-30 08:25:00,6962.0,6966.0,6958.25,6963.5,1000
2026-01-30 08:30:00,6964.25,6964.25,6947.25,6954.75,1000
2026-01-30 08:35:00,6954.75,6958.25,6951.25,6955.5,1000
2026-01-30 08:40:00,6955.5,6962.5,6953.0,6962.0,1000
2026-01-30 08:45:00,6962.0,6962.5,6955.75,6956.0,1000
2026-01-30 08:50:00,6956.0,6959.0,6954.75,6957.0,1000
2026-01-30 08:55:00,6957.0,6958.75,6955.25,6957.0,1000
2026-01-30 09:00:00,6957.0,6962.25,6955.0,6960.25,1000
2026-01-30 09:05:00,6960.5,6964.25,6960.0,6961.0,1000
2026-01-30 09:10:00,6961.0,6965.75,6959.0,6964.0,1000
2026-01-30 09:15:00,6964.0,6966.75,6962.0,6963.5,1000
2026-01-30 09:20:00,6963.5,6965.25,6961.0,6961.75,1000
2026-01-30 09:25:00,6961.75,6967.5,6961.0,6966.25,1000
2026-01-30 09:30:00,6966.25,6981.75,6961.0,6979.0,1000
2026-01-30 09:35:00,6979.25,6983.75,6971.75,6983.75,1000
2026-01-30 09:40:00,6984.0,6985.5,6974.25,6974.75,1000
2026-01-30 09:45:00,6975.0,6978.25,6966.25,6974.5,1000
2026-01-30 09:50:00,6974.5,6981.5,6967.75,6971.5,1000
2026-01-30 09:55:00,6971.5,6978.0,6960.25,6965.25,1000
2026-01-30 10:00:00,6965.0,6974.75,6964.5,6965.5,1000
2026-01-30 10:05:00,6965.75,6983.5,6965.25,6981.75,1000
2026-01-30 10:10:00,6982.0,6989.0,6976.0,6983.0,1000
2026-01-30 10:15:00,6983.0,6986.5,6979.25,6980.75,1000
2026-01-30 10:20:00,6980.75,6984.5,6974.0,6975.75,1000
2026-01-30 10:25:00,6975.75,6976.0,6960.5,6962.0,1000
2026-01-30 10:30:00,6962.0,6966.75,6957.0,6965.75,1000
2026-01-30 10:35:00,6965.75,6981.25,6965.75,6978.75,1000
2026-01-30 10:40:00,6978.75,6986.25,6977.75,6983.25,1000
2026-01-30 10:45:00,6983.25,6991.25,6982.0,6983.75,1000
2026-01-30 10:50:00,6983.75,6985.25,6971.0,6975.25,1000
2026-01-30 10:55:00,6975.5,6976.5,6967.5,6969.5,1000
2026-01-30 11:00:00,6969.5,6972.0,6966.25,6968.0,1000
2026-01-30 11:05:00,6968.25,6975.25,6965.0,6967.0,1000
2026-01-30 11:10:00,6967.25,6971.0,6964.5,6968.0,1000
2026-01-30 11:15:00,6968.0,6968.0,6957.25,6958.75,1000
2026-01-30 11:20:00,6958.75,6959.75,6951.25,6953.0,1000
2026-01-30 11:25:00,6953.25,6963.75,6950.5,6958.5,1000
2026-01-30 11:30:00,6958.75,6966.5,6956.5,6957.5,1000
2026-01-30 11:35:00,6957.5,6967.5,6956.75,6960.75,1000
2026-01-30 11:40:00,6960.5,6972.5,6960.25,6967.0,1000
2026-01-30 11:45:00,6967.0,6967.5,6960.0,6962.25,1000
2026-01-30 11:50:00,6962.25,6963.0,6955.25,6961.5,1000
2026-01-30 11:55:00,6961.5,6961.75,6951.75,6954.5,1000
2026-01-30 12:00:00,6954.75,6955.5,6943.5,6944.5,1000
2026-01-30 12:05:00,6944.25,6945.25,6935.0,6939.25,1000
2026-01-30 12:10:00,6939.0,6945.0,6938.25,6939.0,1000
2026-01-30 12:15:00,6939.0,6943.5,6936.5,6942.25,1000
2026-01-30 12:20:00,6942.25,6955.5,6940.75,6951.25,1000
2026-01-30 12:25:00,6951.25,6960.0,6949.5,6959.0,1000
2026-01-30 12:30:00,6958.75,6963.5,6950.75,6951.5,1000
2026-01-30 12:35:00,6951.5,6956.5,6943.5,6949.25,1000
2026-01-30 12:40:00,6949.25,6953.5,6945.25,6953.0,1000
2026-01-30 12:45:00,6953.25,6959.75,6947.5,6952.0,1000
2026-01-30 12:50:00,6952.25,6955.25,6945.5,6946.25,1000
2026-01-30 12:55:00,6946.25,6952.5,6939.0,6939.25,1000
2026-01-30 13:00:00,6939.25,6945.75,6936.5,6944.0,1000
2026-01-30 13:05:00,6944.0,6950.75,6942.25,6943.75,1000
2026-01-30 13:10:00,6943.75,6944.5,6938.75,6940.0,1000
2026-01-30 13:15:00,6940.0,6941.5,6928.25,6929.0,1000
2026-01-30 13:20:00,6928.75,6932.25,6918.75,6930.25,1000
2026-01-30 13:25:00,6930.25,6943.25,6930.0,6942.5,1000
2026-01-30 13:30:00,6942.5,6945.0,6926.0,6927.25,1000
2026-01-30 13:35:00,6927.0,6937.0,6926.25,6933.75,1000
2026-01-30 13:40:00,6934.0,6939.5,6933.0,6936.5,1000
2026-01-30 13:45:00,6936.25,6948.25,6935.25,6948.0,1000
2026-01-30 13:50:00,6948.0,6959.0,6947.25,6958.25,1000
2026-01-30 13:55:00,6958.25,6969.0,6956.75,6961.75,1000
2026-01-30 14:00:00,6962.0,6970.25,6961.75,6967.0,1000
2026-01-30 14:05:00,6967.25,6975.25,6966.0,6969.25,1000
2026-01-30 14:10:00,6969.25,6971.75,6963.0,6967.75,1000
2026-01-30 14:15:00,6967.75,6969.75,6964.0,6966.25,1000
2026-01-30 14:20:00,6966.5,6972.5,6966.25,6969.25,1000
2026-01-30 14:25:00,6969.25,6975.0,6961.0,6961.25,1000
2026-01-30 14:30:00,6961.25,6968.5,6953.5,6965.75,1000
2026-01-30 14:35:00,6965.5,6968.0,6962.0,6964.0,1000
2026-01-30 14:40:00,6964.25,6967.25,6960.0,6960.75,1000
2026-01-30 14:45:00,6960.5,6962.0,6955.25,6956.25,1000
2026-01-30 14:50:00,6956.25,6968.25,6956.25,6967.5,1000
2026-01-30 14:55:00,6967.75,6970.75,6952.0,6953.5,1000
2026-01-30 15:00:00,6953.5,6960.0,6952.75,6955.75,1000
2026-01-30 15:05:00,6955.75,6956.5,6947.25,6952.5,1000
2026-01-30 15:10:00,6952.75,6954.75,6947.25,6948.25,1000
2026-01-30 15:15:00,6948.0,6948.25,6943.5,6945.5,1000
2026-01-30 15:20:00,6945.25,6948.25,6940.75,6947.75,1000
2026-01-30 15:25:00,6947.75,6952.5,6943.5,6948.25,1000
2026-01-30 15:30:00,6948.5,6956.0,6947.5,6953.5,1000
2026-01-30 15:35:00,6953.5,6957.75,6948.75,6953.5,1000
2026-01-30 15:40:00,6953.5,6961.25,6952.25,6959.75,1000
2026-01-30 15:45:00,6959.75,6974.25,6959.0,6974.0,1000
2026-01-30 15:50:00,6973.75,6976.75,6957.75,6961.75,1000
2026-01-30 15:55:00,6961.5,6970.0,6956.75,6968.0,1000
2026-01-30 16:00:00,6967.75,6973.25,6961.0,6962.75,1000
2026-01-30 16:05:00,6963.0,6963.5,6957.75,6959.25,1000
2026-01-30 16:10:00,6959.25,6964.75,6959.25,6963.5,1000
2026-01-30 16:15:00,6963.25,6964.25,6962.0,6963.5,1000
2026-01-30 16:20:00,6963.75,6969.75,6962.25,6968.5,1000
2026-01-30 16:25:00,6968.5,6968.75,6963.25,6963.25,1000
2026-01-30 16:30:00,6963.25,6964.0,6960.5,6962.0,1000
2026-01-30 16:35:00,6962.0,6962.75,6958.0,6959.75,1000
2026-01-30 16:40:00,6959.75,6959.75,6957.5,6958.25,1000
2026-01-30 16:45:00,6958.5,6959.5,6957.75,6959.25,1000
2026-01-30 16:50:00,6959.25,6963.25,6959.0,6961.75,1000
2026-01-30 16:55:00,6962.0,6963.5,6960.5,6961.25,1000
2026-02-01 18:00:00,6938.5,6947.75,6920.0,6935.5,1000
2026-02-01 18:05:00,6935.5,6936.25,6924.5,6925.0,1000
2026-02-01 18:10:00,6925.0,6930.25,6920.25,6928.5,1000
2026-02-01 18:15:00,6928.5,6932.25,6923.25,6924.75,1000
2026-02-01 18:20:00,6924.5,6927.5,6922.25,6925.5,1000
2026-02-01 18:25:00,6925.5,6931.75,6918.25,6929.75,1000
2026-02-01 18:30:00,6929.5,6940.0,6927.25,6939.0,1000
2026-02-01 18:35:00,6939.25,6945.5,6938.75,6943.5,1000
2026-02-01 18:40:00,6943.5,6949.75,6940.5,6948.25,1000
2026-02-01 18:45:00,6948.0,6952.25,6947.75,6949.75,1000
2026-02-01 18:50:00,6949.5,6952.5,6945.5,6949.25,1000
2026-02-01 18:55:00,6949.25,6949.25,6945.25,6946.5,1000
2026-02-01 19:00:00,6946.5,6947.25,6938.0,6942.25,1000
2026-02-01 19:05:00,6942.0,6949.5,6939.0,6948.25,1000
2026-02-01 19:10:00,6948.0,6954.25,6945.5,6951.75,1000
2026-02-01 19:15:00,6951.5,6958.5,6951.25,6955.0,1000
2026-02-01 19:20:00,6955.0,6959.75,6954.75,6957.75,1000
2026-02-01 19:25:00,6957.5,6960.5,6954.75,6956.5,1000
2026-02-01 19:30:00,6956.75,6958.0,6954.0,6956.75,1000
2026-02-01 19:35:00,6956.5,6965.75,6956.25,6963.25,1000
2026-02-01 19:40:00,6963.25,6964.5,6959.25,6962.25,1000
2026-02-01 19:45:00,6962.5,6963.75,6960.25,6961.5,1000
2026-02-01 19:50:00,6961.5,6963.75,6960.5,6960.5,1000
2026-02-01 19:55:00,6960.75,6961.0,6958.25,6958.75,1000
2026-02-01 20:00:00,6958.5,6963.0,6956.75,6962.25,1000
2026-02-01 20:05:00,6962.25,6962.25,6946.25,6946.5,1000
2026-02-01 20:10:00,6946.75,6947.0,6932.25,6936.25,1000
2026-02-01 20:15:00,6936.25,6943.0,6933.5,6937.5,1000
2026-02-01 20:20:00,6937.5,6942.25,6935.5,6940.0,1000
2026-02-01 20:25:00,6940.25,6945.25,6940.25,6941.5,1000
2026-02-01 20:30:00,6941.5,6942.25,6928.75,6930.75,1000
2026-02-01 20:35:00,6930.75,6939.25,6930.5,6938.0,1000
2026-02-01 20:40:00,6937.75,6938.25,6927.5,6928.75,1000
2026-02-01 20:45:00,6928.5,6930.25,6920.75,6923.5,1000
2026-02-01 20:50:00,6923.25,6926.25,6921.75,6925.5,1000
2026-02-01 20:55:00,6925.75,6928.5,6915.0,6917.25,1000
2026-02-01 21:00:00,6917.25,6924.5,6915.5,6923.75,1000
2026-02-01 21:05:00,6923.75,6924.0,6920.25,6921.75,1000
2026-02-01 21:10:00,6921.5,6922.0,6912.0,6919.0,1000
2026-02-01 21:15:00,6919.0,6923.25,6913.5,6915.25,1000
2026-02-01 21:20:00,6915.25,6920.0,6913.5,6918.75,1000
2026-02-01 21:25:00,6918.75,6920.75,6914.75,6917.25,1000
2026-02-01 21:30:00,6917.0,6922.5,6913.25,6913.25,1000
2026-02-01 21:35:00,6913.5,6920.0,6912.25,6920.0,1000
2026-02-01 21:40:00,6920.0,6921.75,6916.5,6918.0,1000
2026-02-01 21:45:00,6918.0,6919.25,6912.75,6913.25,1000
2026-02-01 21:50:00,6913.5,6913.5,6905.25,6910.5,1000
2026-02-01 21:55:00,6910.5,6911.5,6905.25,6906.5,1000
2026-02-01 22:00:00,6906.5,6910.0,6905.5,6907.5,1000
2026-02-01 22:05:00,6907.5,6909.75,6905.25,6907.75,1000
2026-02-01 22:10:00,6907.75,6908.75,6895.75,6900.5,1000
2026-02-01 22:15:00,6900.25,6904.0,6898.5,6902.0,1000
2026-02-01 22:20:00,6902.25,6903.5,6899.5,6902.25,1000
2026-02-01 22:25:00,6902.25,6905.0,6896.5,6898.5,1000
2026-02-01 22:30:00,6898.25,6900.25,6892.75,6894.75,1000
2026-02-01 22:35:00,6894.75,6895.25,6890.25,6890.5,1000
2026-02-01 22:40:00,6890.5,6891.5,6886.0,6889.75,1000
2026-02-01 22:45:00,6889.75,6894.5,6884.75,6893.25,1000
2026-02-01 22:50:00,6893.5,6893.5,6887.75,6890.0,1000
2026-02-01 22:55:00,6890.0,6893.0,6883.0,6886.0,1000
2026-02-01 23:00:00,6886.25,6887.25,6875.5,6876.25,1000
2026-02-01 23:05:00,6876.0,6880.75,6873.5,6880.75,1000
2026-02-01 23:10:00,6880.5,6880.75,6873.5,6879.25,1000
2026-02-01 23:15:00,6879.25,6890.75,6877.5,6890.5,1000
2026-02-01 23:20:00,6890.5,6890.75,6887.5,6889.5,1000
2026-02-01 23:25:00,6889.5,6893.0,6887.75,6888.5,1000
2026-02-01 23:30:00,6888.25,6893.0,6888.25,6892.25,1000
2026-02-01 23:35:00,6892.25,6894.25,6891.5,6893.5,1000
2026-02-01 23:40:00,6893.5,6902.25,6893.5,6900.75,1000
2026-02-01 23:45:00,6900.75,6901.5,6897.5,6897.75,1000
2026-02-01 23:50:00,6897.5,6898.75,6895.0,6898.0,1000
2026-02-01 23:55:00,6898.0,6899.25,6896.5,6897.0,1000
2026-02-02 00:00:00,6897.0,6898.0,6892.75,6894.25,1000
2026-02-02 00:05:00,6894.25,6896.5,6892.0,6893.0,1000
2026-02-02 00:10:00,6893.25,6893.75,6888.0,6891.75,1000
2026-02-02 00:15:00,6891.75,6893.75,6887.5,6888.5,1000
2026-02-02 00:20:00,6888.75,6890.0,6886.25,6888.25,1000
2026-02-02 00:25:00,6888.25,6888.5,6883.5,6885.0,1000
2026-02-02 00:30:00,6884.75,6885.25,6877.75,6879.75,1000
2026-02-02 00:35:00,6879.75,6884.0,6879.25,6882.5,1000
2026-02-02 00:40:00,6882.75,6885.75,6880.5,6881.25,1000
2026-02-02 00:45:00,6881.25,6883.5,6878.0,6883.5,1000
2026-02-02 00:50:00,6883.5,6887.0,6878.75,6878.75,1000
2026-02-02 00:55:00,6879.0,6882.25,6877.5,6880.75,1000
2026-02-02 01:00:00,6880.5,6885.0,6879.25,6880.75,1000
2026-02-02 01:05:00,6881.0,6881.25,6876.25,6877.0,1000
2026-02-02 01:10:00,6876.75,6878.0,6874.0,6874.0,1000
2026-02-02 01:15:00,6874.0,6877.75,6868.75,6875.25,1000
2026-02-02 01:20:00,6875.25,6875.75,6869.0,6873.5,1000
2026-02-02 01:25:00,6873.25,6877.5,6868.75,6877.0,1000
2026-02-02 01:30:00,6876.75,6879.25,6871.5,6871.75,1000
2026-02-02 01:35:00,6871.75,6873.5,6864.5,6867.25,1000
2026-02-02 01:40:00,6867.5,6876.0,6867.5,6875.25,1000
2026-02-02 01:45:00,6875.25,6876.5,6868.25,6869.5,1000
2026-02-02 01:50:00,6869.5,6872.75,6867.75,6870.75,1000
2026-02-02 01:55:00,6871.0,6875.75,6869.25,6875.25,1000
2026-02-02 02:00:00,6875.25,6880.25,6875.0,6878.75,1000
2026-02-02 02:05:00,6878.75,6888.5,6874.75,6888.5,1000
2026-02-02 02:10:00,6888.75,6889.0,6881.75,6881.75,1000
2026-02-02 02:15:00,6882.0,6884.5,6878.25,6883.5,1000
2026-02-02 02:20:00,6883.5,6888.25,6883.5,6885.75,1000
2026-02-02 02:25:00,6886.25,6889.5,6884.75,6888.75,1000
2026-02-02 02:30:00,6888.75,6890.75,6886.0,6886.75,1000
2026-02-02 02:35:00,6887.0,6892.5,6884.75,6891.75,1000
2026-02-02 02:40:00,6891.5,6891.75,6885.75,6887.5,1000
2026-02-02 02:45:00,6887.5,6891.0,6887.25,6889.0,1000
2026-02-02 02:50:00,6889.25,6895.0,6887.5,6894.75,1000
2026-02-02 02:55:00,6894.5,6897.25,6894.0,6896.75,1000
2026-02-02 03:00:00,6896.5,6902.0,6895.25,6901.75,1000
2026-02-02 03:05:00,6901.5,6905.75,6899.25,6901.0,1000
2026-02-02 03:10:00,6901.0,6906.5,6900.5,6903.0,1000
2026-02-02 03:15:00,6902.75,6909.0,6901.5,6908.25,1000
2026-02-02 03:20:00,6908.25,6910.25,6906.5,6908.0,1000
2026-02-02 03:25:00,6908.0,6910.0,6904.75,6907.5,1000
2026-02-02 03:30:00,6907.5,6914.75,6906.75,6913.25,1000
2026-02-02 03:35:00,6913.25,6917.75,6912.5,6916.5,1000
2026-02-02 03:40:00,6916.75,6917.0,6913.25,6915.75,1000
2026-02-02 03:45:00,6915.75,6918.25,6914.25,6917.25,1000
2026-02-02 03:50:00,6917.5,6921.0,6915.5,6918.25,1000
2026-02-02 03:55:00,6918.5,6919.75,6917.5,6917.5,1000
2026-02-02 04:00:00,6917.5,6918.25,6911.0,6913.25,1000
2026-02-02 04:05:00,6913.25,6914.0,6907.0,6911.5,1000
2026-02-02 04:10:00,6911.75,6914.25,6910.0,6913.0,1000
2026-02-02 04:15:00,6913.0,6917.25,6909.5,6917.25,1000
2026-02-02 04:20:00,6916.75,6927.5,6915.5,6927.0,1000
2026-02-02 04:25:00,6927.0,6927.0,6922.0,6923.25,1000
2026-02-02 04:30:00,6923.0,6928.5,6921.75,6925.0,1000
2026-02-02 04:35:00,6925.0,6927.5,6924.0,6925.75,1000
2026-02-02 04:40:00,6925.75,6927.25,6922.75,6924.0,1000
2026-02-02 04:45:00,6924.25,6927.75,6923.75,6926.75,1000
2026-02-02 04:50:00,6926.75,6927.75,6924.0,6924.5,1000
2026-02-02 04:55:00,6924.5,6926.5,6923.25,6925.25,1000
2026-02-02 05:00:00,6925.25,6929.5,6924.0,6924.5,1000
2026-02-02 05:05:00,6924.5,6926.75,6922.5,6922.5,1000
2026-02-02 05:10:00,6922.5,6926.25,6922.0,6924.0,1000
2026-02-02 05:15:00,6924.25,6926.0,6923.5,6925.0,1000
2026-02-02 05:20:00,6925.25,6927.5,6922.0,6923.25,1000
2026-02-02 05:25:00,6923.5,6925.25,6922.5,6924.5,1000
2026-02-02 05:30:00,6924.25,6926.5,6923.0,6924.75,1000
2026-02-02 05:35:00,6925.0,6925.0,6917.25,6918.25,1000
2026-02-02 05:40:00,6918.5,6919.5,6915.5,6917.25,1000
2026-02-02 05:45:00,6917.25,6918.25,6914.5,6917.0,1000
2026-02-02 05:50:00,6916.75,6919.25,6915.75,6918.0,1000
2026-02-02 05:55:00,6918.25,6919.0,6916.0,6917.25,1000
2026-02-02 06:00:00,6917.5,6919.0,6916.0,6916.75,1000
2026-02-02 06:05:00,6916.75,6922.25,6916.0,6922.0,1000
2026-02-02 06:10:00,6922.0,6926.5,6921.25,6926.25,1000
2026-02-02 06:15:00,6926.25,6926.25,6922.5,6924.25,1000
2026-02-02 06:20:00,6924.5,6926.75,6924.25,6926.0,1000
2026-02-02 06:25:00,6926.0,6932.25,6925.5,6932.0,1000
2026-02-02 06:30:00,6932.0,6933.25,6928.5,6931.5,1000
2026-02-02 06:35:00,6931.5,6933.75,6931.0,6933.75,1000
2026-02-02 06:40:00,6933.5,6934.5,6931.25,6932.75,1000
2026-02-02 06:45:00,6933.0,6937.0,6933.0,6935.25,1000
2026-02-02 06:50:00,6935.5,6935.5,6931.5,6933.0,1000
2026-02-02 06:55:00,6933.0,6934.0,6930.5,6931.75,1000
2026-02-02 07:00:00,6931.5,6937.25,6931.0,6935.75,1000
2026-02-02 07:05:00,6935.75,6938.5,6934.5,6936.5,1000
2026-02-02 07:10:00,6936.75,6937.25,6935.0,6936.25,1000
2026-02-02 07:15:00,6936.25,6941.75,6935.5,6941.25,1000
2026-02-02 07:20:00,6941.0,6942.25,6938.75,6938.75,1000
2026-02-02 07:25:00,6938.75,6942.5,6938.75,6942.0,1000
2026-02-02 07:30:00,6941.75,6945.0,6941.25,6943.0,1000
2026-02-02 07:35:00,6943.0,6943.5,6941.0,6942.0,1000
2026-02-02 07:40:00,6941.75,6944.25,6941.75,6943.75,1000
2026-02-02 07:45:00,6943.75,6944.5,6941.0,6941.25,1000
2026-02-02 07:50:00,6941.0,6941.25,6936.75,6937.75,1000
2026-02-02 07:55:00,6938.0,6938.0,6934.25,6936.25,1000
2026-02-02 08:00:00,6936.25,6936.5,6930.25,6931.25,1000
2026-02-02 08:05:00,6931.25,6937.0,6929.75,6933.75,1000
2026-02-02 08:10:00,6933.75,6937.5,6933.5,6937.25,1000
2026-02-02 08:15:00,6937.5,6939.0,6933.75,6934.25,1000
2026-02-02 08:20:00,6934.0,6938.5,6933.5,6935.0,1000
2026-02-02 08:25:00,6935.0,6936.5,6933.0,6933.5,1000
2026-02-02 08:30:00,6933.5,6937.5,6930.0,6930.75,1000
2026-02-02 08:35:00,6930.75,6936.0,6929.5,6936.0,1000
2026-02-02 08:40:00,6936.0,6937.25,6934.5,6937.25,1000
2026-02-02 08:45:00,6937.25,6940.25,6937.0,6938.75,1000
2026-02-02 08:50:00,6938.5,6942.0,6938.0,6941.75,1000
2026-02-02 08:55:00,6941.75,6945.0,6941.5,6942.5,1000
2026-02-02 09:00:00,6942.25,6946.5,6941.25,6943.0,1000
2026-02-02 09:05:00,6943.25,6945.75,6942.0,6942.5,1000
2026-02-02 09:10:00,6942.75,6947.75,6941.75,6945.75,1000
2026-02-02 09:15:00,6945.5,6947.0,6944.0,6944.5,1000
2026-02-02 09:20:00,6944.5,6946.0,6942.75,6945.5,1000
2026-02-02 09:25:00,6945.25,6946.0,6942.75,6943.5,1000
2026-02-02 09:30:00,6943.5,6960.25,6941.75,6960.0,1000
2026-02-02 09:35:00,6960.25,6970.25,6957.0,6967.5,1000
2026-02-02 09:40:00,6967.25,6975.25,6963.25,6973.5,1000
2026-02-02 09:45:00,6973.75,6978.0,6971.0,6976.75,1000
2026-02-02 09:50:00,6976.75,6986.5,6976.75,6981.75,1000
2026-02-02 09:55:00,6981.5,6983.75,6970.0,6974.75,1000
2026-02-02 10:00:00,6973.75,6985.75,6970.75,6985.75,1000
2026-02-02 10:05:00,6985.75,6993.5,6984.25,6993.0,1000
2026-02-02 10:10:00,6993.0,7000.5,6990.25,6999.25,1000
2026-02-02 10:15:00,6999.25,7004.0,6995.75,7002.75,1000
2026-02-02 10:20:00,7003.0,7005.0,6999.0,7000.5,1000
2026-02-02 10:25:00,7000.5,7002.0,6993.5,6994.75,1000
2026-02-02 10:30:00,6994.75,7000.0,6992.5,6999.25,1000
2026-02-02 10:35:00,6999.25,7005.5,6998.25,7005.0,1000
2026-02-02 10:40:00,7005.0,7005.5,6996.75,6999.0,1000
2026-02-02 10:45:00,6999.0,6999.25,6994.5,6994.5,1000
2026-02-02 10:50:00,6994.5,7000.0,6992.5,6997.75,1000
2026-02-02 10:55:00,6998.0,6998.5,6991.25,6995.25,1000
2026-02-02 11:00:00,6995.0,6996.0,6989.25,6990.25,1000
2026-02-02 11:05:00,6990.5,6996.5,6986.75,6996.0,1000
2026-02-02 11:10:00,6996.0,6999.25,6994.25,6998.5,1000
2026-02-02 11:15:00,6998.75,7002.5,6996.75,7000.25,1000
2026-02-02 11:20:00,7000.0,7004.5,6999.5,7002.0,1000
2026-02-02 11:25:00,7002.25,7003.75,6998.75,7003.5,1000
2026-02-02 11:30:00,7003.5,7003.5,6998.25,7002.25,1000
2026-02-02 11:35:00,7002.25,7003.25,6999.75,7000.25,1000
2026-02-02 11:40:00,7000.25,7000.5,6996.5,6999.25,1000
2026-02-02 11:45:00,6999.25,6999.5,6992.5,6996.75,1000
2026-02-02 11:50:00,6996.75,7001.25,6994.75,7000.25,1000
2026-02-02 11:55:00,7000.5,7006.5,7000.25,7005.5,1000
2026-02-02 12:00:00,7005.5,7011.25,7004.25,7011.0,1000
2026-02-02 12:05:00,7011.0,7011.5,7008.0,7011.0,1000
2026-02-02 12:10:00,7011.25,7013.5,7009.25,7009.5,1000
2026-02-02 12:15:00,7009.75,7012.0,7008.0,7011.25,1000
2026-02-02 12:20:00,7011.25,7011.5,7007.25,7009.25,1000
2026-02-02 12:25:00,7009.25,7010.5,7007.75,7010.25,1000
2026-02-02 12:30:00,7010.0,7013.25,7009.25,7012.0,1000
2026-02-02 12:35:00,7012.25,7014.0,7009.75,7011.75,1000
2026-02-02 12:40:00,7011.75,7012.0,7008.25,7010.75,1000
2026-02-02 12:45:00,7010.5,7012.0,7010.25,7011.75,1000
2026-02-02 12:50:00,7011.75,7015.0,7010.25,7014.75,1000
2026-02-02 12:55:00,7014.5,7017.25,7011.25,7011.75,1000
2026-02-02 13:00:00,7012.0,7015.0,7011.75,7014.0,1000
2026-02-02 13:05:00,7014.0,7014.25,7011.5,7012.75,1000
2026-02-02 13:10:00,7013.0,7013.25,7010.0,7010.25,1000
2026-02-02 13:15:00,7010.25,7010.75,7007.5,7008.5,1000
2026-02-02 13:20:00,7008.25,7009.25,7004.25,7008.75,1000
2026-02-02 13:25:00,7008.75,7010.25,7007.25,7008.5,1000
2026-02-02 13:30:00,7008.25,7010.0,7008.0,7008.75,1000
2026-02-02 13:35:00,7008.75,7011.25,7008.5,7009.0,1000
2026-02-02 13:40:00,7009.0,7013.0,7008.25,7012.0,1000
2026-02-02 13:45:00,7012.25,7015.75,7012.0,7014.5,1000
2026-02-02 13:50:00,7014.75,7014.75,7013.0,7013.0,1000
2026-02-02 13:55:00,7013.0,7014.75,7012.25,7013.0,1000
2026-02-02 14:00:00,7012.75,7015.0,7011.5,7014.75,1000
2026-02-02 14:05:00,7014.75,7015.75,7014.0,7015.0,1000
2026-02-02 14:10:00,7015.0,7016.75,7015.0,7015.0,1000
2026-02-02 14:15:00,7015.25,7016.5,7014.25,7015.0,1000
2026-02-02 14:20:00,7015.0,7016.25,7014.0,7015.5,1000
2026-02-02 14:25:00,7015.75,7016.25,7014.25,7015.75,1000
2026-02-02 14:30:00,7016.0,7016.0,7011.0,7013.5,1000
2026-02-02 14:35:00,7013.5,7013.5,7010.25,7010.5,1000
2026-02-02 14:40:00,7010.5,7013.75,7009.5,7013.25,1000
2026-02-02 14:45:00,7013.25,7015.25,7011.25,7011.5,1000
2026-02-02 14:50:00,7011.5,7012.25,7009.5,7010.75,1000
2026-02-02 14:55:00,7010.5,7015.75,7001.25,7003.0,1000
2026-02-02 15:00:00,7003.0,7010.5,6998.25,7008.0,1000
2026-02-02 15:05:00,7007.75,7012.5,7007.5,7010.75,1000
2026-02-02 15:10:00,7010.75,7012.5,7005.5,7005.75,1000
2026-02-02 15:15:00,7005.5,7008.75,7002.25,7006.5,1000
2026-02-02 15:20:00,7006.5,7010.0,7006.0,7009.75,1000
2026-02-02 15:25:00,7009.75,7010.0,7004.5,7005.75,1000
2026-02-02 15:30:00,7005.5,7007.0,7004.0,7004.0,1000
2026-02-02 15:35:00,7004.0,7004.75,7001.25,7002.0,1000
2026-02-02 15:40:00,7002.0,7003.25,7000.0,7000.75,1000
2026-02-02 15:45:00,7000.5,7005.75,6999.75,7004.0,1000
2026-02-02 15:50:00,7004.0,7005.5,6998.5,7002.0,1000
2026-02-02 15:55:00,7002.0,7005.75,7001.0,7003.0,1000
2026-02-02 16:00:00,7003.25,7004.0,6997.5,7001.25,1000
2026-02-02 16:05:00,7001.0,7007.25,6999.0,7006.5,1000
2026-02-02 16:10:00,7006.5,7007.0,7004.25,7004.5,1000
2026-02-02 16:15:00,7004.5,7006.0,7003.0,7003.75,1000
2026-02-02 16:20:00,7003.75,7006.0,7002.0,7005.0,1000
2026-02-02 16:25:00,7005.0,7005.75,7004.25,7004.25,1000
2026-02-02 16:30:00,7004.25,7006.0,7004.0,7005.25,1000
2026-02-02 16:35:00,7005.0,7005.75,7002.0,7002.75,1000
2026-02-02 16:40:00,7002.5,7003.75,7002.25,7002.5,1000
2026-02-02 16:45:00,7002.75,7004.75,7002.0,7004.5,1000
2026-02-02 16:50:00,7004.5,7004.5,7002.0,7002.75,1000
2026-02-02 16:55:00,7002.75,7004.75,7002.0,7003.25,1000
2026-02-02 18:00:00,7004.25,7011.75,7002.5,7010.0,1000
2026-02-02 18:05:00,7010.25,7016.75,7010.25,7014.0,1000
2026-02-02 18:10:00,7014.0,7014.75,7011.0,7011.75,1000
2026-02-02 18:15:00,7012.0,7014.75,7012.0,7013.0,1000
2026-02-02 18:20:00,7013.0,7013.75,7012.5,7013.75,1000
2026-02-02 18:25:00,7014.0,7015.5,7011.5,7014.5,1000
2026-02-02 18:30:00,7014.75,7016.75,7013.5,7016.75,1000
2026-02-02 18:35:00,7017.0,7022.25,7017.0,7022.0,1000
2026-02-02 18:40:00,7021.75,7021.75,7017.0,7018.25,1000
2026-02-02 18:45:00,7018.0,7019.0,7015.5,7016.5,1000
2026-02-02 18:50:00,7016.5,7017.5,7015.25,7016.25,1000
2026-02-02 18:55:00,7016.25,7016.75,7014.75,7015.25,1000
2026-02-02 19:00:00,7015.25,7016.5,7013.0,7014.25,1000
2026-02-02 19:05:00,7014.25,7016.0,7013.75,7014.5,1000
2026-02-02 19:10:00,7014.5,7016.25,7009.25,7014.5,1000
2026-02-02 19:15:00,7014.5,7017.75,7014.0,7017.0,1000
2026-02-02 19:20:00,7017.0,7021.25,7016.5,7020.25,1000
2026-02-02 19:25:00,7020.25,7023.25,7020.25,7020.75,1000
2026-02-02 19:30:00,7020.75,7021.75,7020.0,7020.25,1000
2026-02-02 19:35:00,7020.5,7021.0,7020.0,7020.75,1000
2026-02-02 19:40:00,7020.5,7020.5,7017.25,7018.75,1000
2026-02-02 19:45:00,7018.75,7018.75,7017.5,7017.5,1000
2026-02-02 19:50:00,7017.75,7018.75,7015.75,7017.75,1000
2026-02-02 19:55:00,7018.0,7018.75,7016.75,7018.25,1000
2026-02-02 20:00:00,7018.25,7019.75,7017.25,7019.5,1000
2026-02-02 20:05:00,7019.5,7020.5,7018.75,7019.75,1000
2026-02-02 20:10:00,7020.0,7022.25,7020.0,7021.5,1000
2026-02-02 20:15:00,7021.75,7023.0,7021.25,7021.5,1000
2026-02-02 20:20:00,7021.75,7023.5,7021.0,7021.0,1000
2026-02-02 20:25:00,7021.0,7021.5,7020.0,7020.5,1000
2026-02-02 20:30:00,7020.5,7020.75,7017.75,7018.75,1000
2026-02-02 20:35:00,7019.0,7019.25,7017.5,7017.5,1000
2026-02-02 20:40:00,7017.5,7019.75,7017.0,7019.5,1000
2026-02-02 20:45:00,7019.5,7019.5,7015.25,7015.5,1000
2026-02-02 20:50:00,7015.75,7017.75,7015.0,7017.25,1000
2026-02-02 20:55:00,7017.0,7018.25,7016.0,7017.25,1000
2026-02-02 21:00:00,7017.25,7017.25,7013.5,7014.0,1000
2026-02-02 21:05:00,7013.75,7014.75,7013.25,7014.25,1000
2026-02-02 21:10:00,7014.0,7014.0,7011.5,7012.5,1000
2026-02-02 21:15:00,7012.75,7016.5,7012.25,7016.25,1000
2026-02-02 21:20:00,7016.0,7017.0,7014.25,7014.5,1000
2026-02-02 21:25:00,7014.25,7014.25,7011.75,7012.0,1000
2026-02-02 21:30:00,7012.0,7012.75,7010.75,7011.0,1000
2026-02-02 21:35:00,7011.0,7011.75,7008.75,7010.25,1000
2026-02-02 21:40:00,7010.0,7011.0,7008.0,7010.0,1000
2026-02-02 21:45:00,7009.75,7010.75,7008.25,7010.25,1000
2026-02-02 21:50:00,7010.0,7012.25,7009.75,7011.0,1000
2026-02-02 21:55:00,7011.25,7014.0,7011.25,7012.75,1000
2026-02-02 22:00:00,7012.5,7013.5,7011.25,7012.75,1000
2026-02-02 22:05:00,7012.75,7016.25,7012.5,7014.5,1000
2026-02-02 22:10:00,7014.75,7015.25,7012.0,7012.25,1000
2026-02-02 22:15:00,7012.25,7013.5,7010.5,7012.5,1000
2026-02-02 22:20:00,7012.5,7015.0,7012.5,7015.0,1000
2026-02-02 22:25:00,7015.0,7016.0,7014.0,7014.75,1000
2026-02-02 22:30:00,7014.5,7015.5,7013.0,7014.25,1000
2026-02-02 22:35:00,7014.25,7016.25,7014.0,7015.5,1000
2026-02-02 22:40:00,7015.5,7018.5,7015.25,7018.25,1000
2026-02-02 22:45:00,7018.25,7018.75,7016.75,7017.5,1000
2026-02-02 22:50:00,7017.5,7017.75,7016.0,7017.0,1000
2026-02-02 22:55:00,7017.0,7018.75,7016.75,7017.25,1000
2026-02-02 23:00:00,7017.5,7020.75,7017.25,7020.0,1000
2026-02-02 23:05:00,7020.0,7020.25,7019.25,7019.75,1000
2026-02-02 23:10:00,7019.5,7019.5,7017.25,7018.5,1000
2026-02-02 23:15:00,7018.75,7018.75,7017.5,7018.25,1000
2026-02-02 23:20:00,7018.5,7018.75,7017.25,7017.25,1000
2026-02-02 23:25:00,7017.5,7018.25,7016.5,7018.0,1000
2026-02-02 23:30:00,7018.25,7021.75,7018.25,7020.25,1000
2026-02-02 23:35:00,7020.5,7021.25,7019.5,7020.75,1000
2026-02-02 23:40:00,7020.75,7022.0,7020.5,7021.25,1000
2026-02-02 23:45:00,7021.5,7022.0,7020.75,7021.75,1000
2026-02-02 23:50:00,7022.0,7023.0,7021.5,7022.25,1000
2026-02-02 23:55:00,7022.0,7022.5,7021.75,7022.25,1000
2026-02-03 00:00:00,7022.25,7022.5,7018.5,7019.0,1000
2026-02-03 00:05:00,7019.25,7019.75,7017.0,7017.25,1000
2026-02-03 00:10:00,7017.0,7017.5,7015.75,7017.0,1000
2026-02-03 00:15:00,7017.0,7018.25,7016.5,7017.0,1000
2026-02-03 00:20:00,7016.75,7020.0,7016.5,7019.5,1000
2026-02-03 00:25:00,7019.75,7020.25,7018.0,7018.25,1000
2026-02-03 00:30:00,7018.5,7019.5,7017.5,7019.5,1000
2026-02-03 00:35:00,7019.25,7020.75,7019.25,7019.75,1000
2026-02-03 00:40:00,7019.75,7020.25,7019.0,7019.75,1000
2026-02-03 00:45:00,7020.0,7023.5,7019.75,7023.0,1000
2026-02-03 00:50:00,7023.0,7023.0,7020.5,7022.0,1000
2026-02-03 00:55:00,7022.0,7022.25,7021.0,7021.25,1000
2026-02-03 01:00:00,7021.5,7021.75,7019.0,7020.0,1000
2026-02-03 01:05:00,7020.0,7022.0,7019.75,7022.0,1000
2026-02-03 01:10:00,7022.0,7023.25,7022.0,7023.0,1000
2026-02-03 01:15:00,7023.0,7024.0,7022.5,7023.5,1000
2026-02-03 01:20:00,7023.5,7023.5,7022.5,7023.0,1000
2026-02-03 01:25:00,7023.0,7024.0,7021.5,7021.5,1000
2026-02-03 01:30:00,7021.25,7023.75,7020.5,7023.75,1000
2026-02-03 01:35:00,7023.5,7023.75,7021.25,7022.75,1000
2026-02-03 01:40:00,7022.75,7024.5,7022.0,7023.75,1000
2026-02-03 01:45:00,7023.75,7023.75,7021.5,7022.5,1000
2026-02-03 01:50:00,7022.75,7023.5,7022.0,7023.25,1000
2026-02-03 01:55:00,7023.0,7023.25,7021.75,7021.75,1000
2026-02-03 02:00:00,7021.75,7023.75,7021.5,7022.0,1000
2026-02-03 02:05:00,7022.0,7023.0,7021.0,7022.25,1000
2026-02-03 02:10:00,7022.25,7024.0,7022.0,7022.75,1000
2026-02-03 02:15:00,7022.75,7023.5,7019.25,7020.0,1000
2026-02-03 02:20:00,7020.0,7020.75,7019.5,7019.75,1000
2026-02-03 02:25:00,7019.5,7021.0,7019.0,7020.75,1000
2026-02-03 02:30:00,7020.5,7023.0,7019.5,7022.5,1000
2026-02-03 02:35:00,7022.25,7023.5,7021.75,7023.25,1000
2026-02-03 02:40:00,7023.25,7024.0,7022.5,7023.75,1000
2026-02-03 02:45:00,7023.75,7025.75,7023.25,7025.5,1000
2026-02-03 02:50:00,7025.25,7025.75,7024.0,7025.0,1000
2026-02-03 02:55:00,7024.75,7025.75,7023.25,7023.5,1000
2026-02-03 03:00:00,7023.25,7023.5,7019.5,7022.75,1000
2026-02-03 03:05:00,7022.75,7025.75,7020.0,7025.5,1000
2026-02-03 03:10:00,7025.25,7027.25,7025.0,7026.5,1000
2026-02-03 03:15:00,7026.5,7027.0,7024.75,7025.75,1000
2026-02-03 03:20:00,7025.75,7027.0,7024.0,7026.25,1000
2026-02-03 03:25:00,7026.5,7026.75,7022.5,7022.5,1000
2026-02-03 03:30:00,7022.5,7023.25,7020.5,7021.0,1000
2026-02-03 03:35:00,7020.75,7022.25,7018.5,7020.0,1000
2026-02-03 03:40:00,7019.5,7021.5,7018.75,7020.75,1000
2026-02-03 03:45:00,7020.5,7020.75,7019.0,7019.0,1000
2026-02-03 03:50:00,7018.75,7019.25,7016.75,7017.25,1000
2026-02-03 03:55:00,7017.5,7018.0,7016.0,7017.5,1000
2026-02-03 04:00:00,7017.5,7021.25,7017.5,7019.25,1000
2026-02-03 04:05:00,7019.25,7023.25,7019.25,7019.75,1000
2026-02-03 04:10:00,7019.5,7019.5,7017.0,7017.25,1000
2026-02-03 04:15:00,7017.5,7019.25,7016.5,7019.0,1000
2026-02-03 04:20:00,7019.0,7019.25,7015.75,7015.75,1000
2026-02-03 04:25:00,7016.0,7016.75,7014.5,7015.0,1000
2026-02-03 04:30:00,7015.25,7017.25,7014.0,7016.0,1000
2026-02-03 04:35:00,7015.75,7016.0,7012.25,7012.75,1000
2026-02-03 04:40:00,7013.0,7015.5,7012.75,7014.5,1000
2026-02-03 04:45:00,7014.5,7015.25,7013.25,7015.0,1000
2026-02-03 04:50:00,7015.0,7016.0,7013.75,7013.75,1000
2026-02-03 04:55:00,7013.5,7014.5,7012.0,7014.25,1000
2026-02-03 05:00:00,7014.5,7017.25,7014.25,7016.75,1000
2026-02-03 05:05:00,7017.0,7018.0,7016.75,7017.25,1000
2026-02-03 05:10:00,7017.5,7018.25,7016.0,7016.25,1000
2026-02-03 05:15:00,7016.25,7017.25,7014.5,7015.75,1000
2026-02-03 05:20:00,7015.5,7016.0,7014.25,7014.25,1000
2026-02-03 05:25:00,7014.25,7015.25,7013.5,7014.5,1000
2026-02-03 05:30:00,7014.5,7014.5,7012.75,7012.75,1000
2026-02-03 05:35:00,7012.75,7013.25,7011.25,7011.5,1000
2026-02-03 05:40:00,7011.5,7012.0,7010.25,7010.75,1000
2026-02-03 05:45:00,7010.75,7011.75,7010.25,7011.0,1000
2026-02-03 05:50:00,7011.25,7012.75,7010.75,7012.5,1000
2026-02-03 05:55:00,7012.5,7012.5,7011.0,7011.25,1000
2026-02-03 06:00:00,7011.25,7012.25,7009.0,7009.5,1000
2026-02-03 06:05:00,7009.5,7010.75,7008.75,7009.0,1000
2026-02-03 06:10:00,7009.0,7012.5,7008.5,7011.75,1000
2026-02-03 06:15:00,7011.5,7012.0,7010.0,7011.0,1000
2026-02-03 06:20:00,7011.25,7013.5,7011.25,7012.0,1000
2026-02-03 06:25:00,7011.75,7012.5,7010.25,7010.75,1000
2026-02-03 06:30:00,7010.5,7010.5,7006.75,7008.5,1000
2026-02-03 06:35:00,7008.5,7009.25,7007.25,7008.0,1000
2026-02-03 06:40:00,7008.0,7011.0,7008.0,7010.5,1000
2026-02-03 06:45:00,7010.75,7012.0,7009.25,7009.75,1000
2026-02-03 06:50:00,7009.5,7009.5,7007.0,7009.0,1000
2026-02-03 06:55:00,7009.0,7012.0,7009.0,7010.75,1000
2026-02-03 07:00:00,7010.75,7013.5,7008.0,7010.25,1000
2026-02-03 07:05:00,7010.0,7014.0,7010.0,7013.75,1000
2026-02-03 07:10:00,7013.75,7016.25,7013.25,7016.25,1000
2026-02-03 07:15:00,7016.5,7017.5,7015.0,7017.5,1000
2026-02-03 07:20:00,7017.25,7018.25,7015.5,7017.0,1000
2026-02-03 07:25:00,7017.0,7020.5,7016.75,7019.75,1000
2026-02-03 07:30:00,7019.75,7022.0,7019.25,7020.75,1000
2026-02-03 07:35:00,7021.0,7021.75,7020.0,7021.5,1000
2026-02-03 07:40:00,7021.5,7022.25,7020.75,7021.5,1000
2026-02-03 07:45:00,7021.5,7023.25,7021.0,7022.75,1000
2026-02-03 07:50:00,7022.75,7023.25,7020.25,7021.0,1000
2026-02-03 07:55:00,7020.5,7021.5,7019.5,7020.0,1000
2026-02-03 08:00:00,7020.25,7020.25,7018.25,7018.75,1000
2026-02-03 08:05:00,7018.5,7020.75,7018.0,7020.5,1000
2026-02-03 08:10:00,7020.25,7021.5,7018.5,7018.75,1000
2026-02-03 08:15:00,7018.75,7020.75,7018.25,7019.75,1000
2026-02-03 08:20:00,7019.75,7019.75,7016.0,7017.0,1000
2026-02-03 08:25:00,7017.0,7020.25,7017.0,7020.0,1000
2026-02-03 08:30:00,7020.0,7021.5,7018.0,7020.0,1000
2026-02-03 08:35:00,7020.25,7020.25,7017.0,7018.25,1000
2026-02-03 08:40:00,7018.25,7018.75,7015.75,7016.0,1000
2026-02-03 08:45:00,7016.0,7018.0,7015.75,7017.75,1000
2026-02-03 08:50:00,7017.5,7017.5,7015.0,7016.5,1000
2026-02-03 08:55:00,7016.25,7017.5,7015.0,7015.25,1000
2026-02-03 09:00:00,7015.25,7016.75,7014.0,7014.75,1000
2026-02-03 09:05:00,7014.75,7014.75,7012.0,7012.25,1000
2026-02-03 09:10:00,7012.25,7013.25,7011.5,7012.0,1000
2026-02-03 09:15:00,7012.0,7012.0,7009.0,7010.0,1000
2026-02-03 09:20:00,7010.0,7012.0,7010.0,7010.75,1000
2026-02-03 09:25:00,7010.75,7012.0,7007.5,7009.5,1000
2026-02-03 09:30:00,7009.5,7017.0,7003.5,7008.0,1000
2026-02-03 09:35:00,7008.0,7012.25,7001.0,7004.25,1000
2026-02-03 09:40:00,7004.5,7010.5,6995.75,6999.0,1000
2026-02-03 09:45:00,6998.75,7008.75,6997.25,7007.75,1000
2026-02-03 09:50:00,7007.25,7008.0,6996.25,6996.25,1000
2026-02-03 09:55:00,6996.0,6997.5,6980.0,6981.5,1000
2026-02-03 10:00:00,6981.75,6984.25,6968.0,6975.5,1000
2026-02-03 10:05:00,6975.25,6980.75,6967.0,6976.25,1000
2026-02-03 10:10:00,6976.25,6976.75,6962.5,6966.0,1000
2026-02-03 10:15:00,6965.75,6975.0,6964.5,6971.25,1000
2026-02-03 10:20:00,6971.0,6976.0,6955.5,6956.0,1000
2026-02-03 10:25:00,6956.0,6971.5,6954.25,6968.25,1000
2026-02-03 10:30:00,6968.25,6972.5,6962.0,6962.5,1000
2026-02-03 10:35:00,6962.5,6967.5,6957.0,6967.25,1000
2026-02-03 10:40:00,6967.0,6969.0,6959.75,6960.0,1000
2026-02-03 10:45:00,6959.75,6974.25,6955.75,6974.0,1000
2026-02-03 10:50:00,6974.0,6979.25,6966.5,6975.0,1000
2026-02-03 10:55:00,6974.75,6981.0,6974.25,6978.0,1000
2026-02-03 11:00:00,6978.0,6978.75,6969.25,6969.75,1000
2026-02-03 11:05:00,6969.75,6973.5,6967.25,6968.25,1000
2026-02-03 11:10:00,6968.25,6973.25,6965.0,6966.75,1000
2026-02-03 11:15:00,6966.75,6970.5,6963.25,6965.0,1000
2026-02-03 11:20:00,6965.0,6967.0,6953.25,6955.25,1000
2026-02-03 11:25:00,6955.5,6963.0,6953.0,6954.25,1000
2026-02-03 11:30:00,6954.5,6958.25,6950.25,6957.25,1000
2026-02-03 11:35:00,6957.25,6960.75,6952.25,6955.25,1000
2026-02-03 11:40:00,6955.5,6958.0,6953.25,6956.0,1000
2026-02-03 11:45:00,6956.0,6960.75,6952.75,6957.75,1000
2026-02-03 11:50:00,6957.75,6957.75,6949.0,6954.25,1000
2026-02-03 11:55:00,6954.0,6956.75,6952.25,6952.75,1000
2026-02-03 12:00:00,6953.0,6953.75,6949.5,6951.25,1000
2026-02-03 12:05:00,6951.25,6952.25,6946.5,6951.75,1000
2026-02-03 12:10:00,6951.75,6953.25,6932.25,6937.25,1000
2026-02-03 12:15:00,6937.5,6945.5,6935.5,6938.75,1000
2026-02-03 12:20:00,6938.75,6945.75,6936.5,6944.75,1000
2026-02-03 12:25:00,6944.5,6948.0,6934.25,6934.5,1000
2026-02-03 12:30:00,6934.5,6935.5,6927.75,6928.0,1000
2026-02-03 12:35:00,6927.75,6930.5,6925.25,6927.5,1000
2026-02-03 12:40:00,6927.25,6927.25,6920.0,6922.25,1000
2026-02-03 12:45:00,6922.25,6929.5,6920.75,6927.0,1000
2026-02-03 12:50:00,6927.0,6933.75,6920.75,6925.5,1000
2026-02-03 12:55:00,6925.5,6927.25,6922.5,6923.0,1000
2026-02-03 13:00:00,6923.0,6927.0,6920.75,6921.25,1000
2026-02-03 13:05:00,6921.25,6931.5,6920.0,6925.75,1000
2026-02-03 13:10:00,6925.75,6926.0,6910.25,6913.25,1000
2026-02-03 13:15:00,6913.25,6918.75,6911.5,6918.25,1000
2026-02-03 13:20:00,6918.25,6919.75,6912.75,6912.75,1000
2026-02-03 13:25:00,6912.75,6914.25,6908.25,6909.75,1000
2026-02-03 13:30:00,6909.5,6910.25,6903.0,6906.25,1000
2026-02-03 13:35:00,6906.25,6910.25,6903.5,6910.0,1000
2026-02-03 13:40:00,6910.0,6910.0,6902.5,6903.75,1000
2026-02-03 13:45:00,6903.75,6905.0,6900.0,6903.25,1000
2026-02-03 13:50:00,6903.5,6903.5,6899.5,6900.25,1000
2026-02-03 13:55:00,6900.5,6906.0,6894.0,6894.5,1000
2026-02-03 14:00:00,6894.5,6898.25,6889.0,6891.5,1000
2026-02-03 14:05:00,6891.25,6894.25,6886.25,6888.25,1000
2026-02-03 14:10:00,6888.25,6910.75,6887.25,6910.0,1000
2026-02-03 14:15:00,6910.0,6916.25,6908.0,6913.75,1000
2026-02-03 14:20:00,6913.75,6918.5,6912.0,6912.75,1000
2026-02-03 14:25:00,6912.75,6915.0,6903.25,6908.25,1000
2026-02-03 14:30:00,6908.0,6915.0,6904.25,6905.25,1000
2026-02-03 14:35:00,6905.25,6911.5,6904.5,6909.25,1000
2026-02-03 14:40:00,6909.25,6913.25,6905.75,6907.5,1000
2026-02-03 14:45:00,6907.5,6908.5,6901.25,6901.25,1000
2026-02-03 14:50:00,6901.75,6908.5,6897.25,6906.25,1000
2026-02-03 14:55:00,6906.25,6917.0,6905.75,6914.5,1000
2026-02-03 15:00:00,6914.25,6916.75,6909.25,6909.5,1000
2026-02-03 15:05:00,6909.75,6913.75,6908.75,6913.25,1000
2026-02-03 15:10:00,6913.25,6917.0,6910.0,6916.75,1000
2026-02-03 15:15:00,6916.5,6922.25,6912.0,6918.5,1000
2026-02-03 15:20:00,6918.5,6921.25,6913.75,6921.0,1000
2026-02-03 15:25:00,6921.0,6924.5,6920.75,6921.75,1000
2026-02-03 15:30:00,6921.75,6935.0,6921.25,6934.5,1000
2026-02-03 15:35:00,6934.75,6938.5,6931.75,6937.25,1000
2026-02-03 15:40:00,6937.25,6937.25,6928.5,6932.25,1000
2026-02-03 15:45:00,6932.25,6935.5,6930.5,6935.25,1000
2026-02-03 15:50:00,6935.25,6941.25,6934.25,6940.25,1000
2026-02-03 15:55:00,6940.25,6944.25,6939.0,6940.5,1000
2026-02-03 16:00:00,6940.5,6945.25,6938.0,6944.5,1000
2026-02-03 16:05:00,6944.25,6945.0,6940.25,6942.5,1000
2026-02-03 16:10:00,6942.25,6943.75,6940.25,6941.75,1000
2026-02-03 16:15:00,6941.75,6946.0,6931.75,6934.25,1000
2026-02-03 16:20:00,6934.0,6939.0,6932.5,6937.5,1000
2026-02-03 16:25:00,6937.5,6940.75,6936.75,6940.25,1000
2026-02-03 16:30:00,6940.0,6940.5,6935.75,6935.75,1000
2026-02-03 16:35:00,6935.75,6937.75,6934.5,6934.75,1000
2026-02-03 16:40:00,6935.0,6939.25,6934.75,6937.5,1000
2026-02-03 16:45:00,6937.5,6938.25,6934.75,6935.0,1000
2026-02-03 16:50:00,6935.0,6936.0,6933.5,6935.0,1000
2026-02-03 16:55:00,6935.0,6938.75,6935.0,6938.75,1000
2026-02-03 18:00:00,6934.0,6938.25,6933.5,6937.75,1000
2026-02-03 18:05:00,6937.75,6938.0,6931.25,6934.5,1000
2026-02-03 18:10:00,6934.75,6941.75,6934.5,6941.5,1000
2026-02-03 18:15:00,6941.25,6944.5,6941.0,6941.0,1000
2026-02-03 18:20:00,6941.0,6941.25,6936.5,6938.25,1000
2026-02-03 18:25:00,6938.5,6940.0,6933.75,6935.25,1000
2026-02-03 18:30:00,6935.25,6936.25,6933.5,6934.5,1000
2026-02-03 18:35:00,6934.75,6936.5,6933.75,6936.5,1000
2026-02-03 18:40:00,6936.5,6937.75,6935.0,6937.5,1000
2026-02-03 18:45:00,6937.5,6940.0,6935.0,6939.25,1000
2026-02-03 18:50:00,6939.25,6940.75,6938.5,6940.5,1000
2026-02-03 18:55:00,6940.5,6943.25,6939.0,6942.5,1000
2026-02-03 19:00:00,6942.75,6943.75,6935.25,6938.75,1000
2026-02-03 19:05:00,6938.75,6941.0,6937.5,6939.0,1000
2026-02-03 19:10:00,6939.0,6939.0,6936.0,6937.0,1000
2026-02-03 19:15:00,6937.25,6942.25,6937.25,6941.75,1000
2026-02-03 19:20:00,6941.75,6942.5,6939.5,6940.0,1000
2026-02-03 19:25:00,6939.75,6941.75,6936.75,6938.5,1000
2026-02-03 19:30:00,6938.25,6941.75,6938.0,6941.5,1000
2026-02-03 19:35:00,6941.5,6942.25,6939.5,6940.25,1000
2026-02-03 19:40:00,6940.25,6940.25,6937.0,6937.75,1000
2026-02-03 19:45:00,6937.75,6939.25,6935.5,6936.5,1000
2026-02-03 19:50:00,6936.25,6938.0,6933.5,6934.25,1000
2026-02-03 19:55:00,6934.25,6937.0,6934.0,6934.0,1000
2026-02-03 20:00:00,6934.25,6944.0,6934.25,6943.5,1000
2026-02-03 20:05:00,6943.5,6943.75,6938.0,6940.0,1000
2026-02-03 20:10:00,6940.25,6945.0,6940.25,6944.25,1000
2026-02-03 20:15:00,6944.25,6945.75,6943.0,6944.5,1000
2026-02-03 20:20:00,6944.5,6946.5,6944.25,6946.0,1000
2026-02-03 20:25:00,6945.75,6946.0,6944.5,6945.25,1000
2026-02-03 20:30:00,6945.25,6947.0,6944.5,6945.5,1000
2026-02-03 20:35:00,6945.5,6946.25,6941.5,6941.75,1000
2026-02-03 20:40:00,6941.75,6943.0,6941.5,6942.75,1000
2026-02-03 20:45:00,6943.0,6945.5,6940.5,6941.25,1000
2026-02-03 20:50:00,6941.5,6943.25,6940.75,6942.25,1000
2026-02-03 20:55:00,6942.25,6945.5,6941.75,6944.5,1000
2026-02-03 21:00:00,6944.5,6947.0,6944.5,6946.25,1000
2026-02-03 21:05:00,6946.5,6951.25,6946.25,6951.0,1000
2026-02-03 21:10:00,6950.75,6950.75,6947.75,6948.25,1000
2026-02-03 21:15:00,6948.5,6949.75,6945.75,6945.75,1000
2026-02-03 21:20:00,6946.0,6946.0,6944.0,6945.0,1000
2026-02-03 21:25:00,6945.0,6946.25,6941.25,6943.5,1000
2026-02-03 21:30:00,6943.0,6945.25,6942.75,6944.5,1000
2026-02-03 21:35:00,6944.5,6945.5,6943.25,6943.25,1000
2026-02-03 21:40:00,6943.25,6943.75,6939.75,6943.5,1000
2026-02-03 21:45:00,6943.5,6944.75,6942.5,6943.25,1000
2026-02-03 21:50:00,6943.25,6943.25,6939.75,6943.0,1000
2026-02-03 21:55:00,6943.0,6944.25,6941.75,6942.5,1000
2026-02-03 22:00:00,6942.75,6943.75,6940.5,6941.5,1000
2026-02-03 22:05:00,6941.75,6943.0,6940.75,6942.5,1000
2026-02-03 22:10:00,6942.25,6946.0,6942.25,6944.5,1000
2026-02-03 22:15:00,6944.25,6945.25,6941.25,6942.5,1000
2026-02-03 22:20:00,6942.5,6944.5,6940.75,6943.5,1000
2026-02-03 22:25:00,6943.5,6946.0,6942.75,6944.25,1000
2026-02-03 22:30:00,6944.0,6947.5,6944.0,6947.25,1000
2026-02-03 22:35:00,6947.0,6949.5,6945.75,6949.0,1000
2026-02-03 22:40:00,6949.0,6949.5,6946.25,6946.25,1000
2026-02-03 22:45:00,6946.0,6946.5,6942.5,6943.75,1000
2026-02-03 22:50:00,6944.0,6945.5,6943.0,6945.0,1000
2026-02-03 22:55:00,6945.0,6947.25,6945.0,6946.75,1000
2026-02-03 23:00:00,6946.75,6947.75,6946.25,6946.75,1000
2026-02-03 23:05:00,6946.75,6947.75,6945.25,6946.0,1000
2026-02-03 23:10:00,6946.25,6948.25,6946.25,6946.75,1000
2026-02-03 23:15:00,6946.5,6947.0,6945.5,6946.75,1000
2026-02-03 23:20:00,6946.5,6946.75,6944.25,6944.75,1000
2026-02-03 23:25:00,6945.0,6945.5,6944.0,6945.25,1000
2026-02-03 23:30:00,6945.25,6946.75,6945.25,6946.75,1000
2026-02-03 23:35:00,6946.5,6947.0,6945.75,6946.75,1000
2026-02-03 23:40:00,6946.5,6948.5,6946.5,6947.25,1000
2026-02-03 23:45:00,6947.25,6947.75,6946.5,6946.5,1000
2026-02-03 23:50:00,6946.5,6947.5,6945.25,6946.25,1000
2026-02-03 23:55:00,6946.0,6946.0,6944.5,6946.0,1000
2026-02-04 00:00:00,6946.25,6946.5,6944.75,6945.25,1000
2026-02-04 00:05:00,6945.25,6946.75,6943.5,6944.25,1000
2026-02-04 00:10:00,6944.5,6945.0,6943.5,6943.75,1000
2026-02-04 00:15:00,6944.0,6946.0,6944.0,6945.5,1000
2026-02-04 00:20:00,6945.5,6946.5,6945.25,6946.0,1000
2026-02-04 00:25:00,6946.0,6946.75,6945.25,6945.5,1000
2026-02-04 00:30:00,6945.75,6945.75,6942.0,6943.25,1000
2026-02-04 00:35:00,6943.5,6944.25,6942.5,6944.0,1000
2026-02-04 00:40:00,6944.0,6945.75,6943.75,6945.25,1000
2026-02-04 00:45:00,6945.25,6946.5,6945.0,6946.25,1000
2026-02-04 00:50:00,6946.25,6947.25,6945.75,6945.75,1000
2026-02-04 00:55:00,6945.75,6948.75,6945.5,6948.75,1000
2026-02-04 01:00:00,6948.75,6949.75,6947.0,6949.5,1000
2026-02-04 01:05:00,6949.75,6951.5,6949.25,6949.5,1000
2026-02-04 01:10:00,6949.5,6953.0,6949.5,6952.0,1000
2026-02-04 01:15:00,6952.0,6952.25,6949.5,6949.5,1000
2026-02-04 01:20:00,6949.25,6950.0,6947.25,6948.75,1000
2026-02-04 01:25:00,6948.75,6951.0,6948.75,6950.75,1000
2026-02-04 01:30:00,6950.75,6952.5,6949.5,6952.5,1000
2026-02-04 01:35:00,6952.5,6954.75,6952.25,6954.25,1000
2026-02-04 01:40:00,6954.25,6956.0,6954.0,6955.5,1000
2026-02-04 01:45:00,6955.5,6959.25,6955.5,6958.5,1000
2026-02-04 01:50:00,6958.25,6958.25,6955.25,6956.0,1000
2026-02-04 01:55:00,6956.0,6956.25,6954.25,6955.25,1000
2026-02-04 02:00:00,6955.25,6956.75,6954.25,6956.75,1000
2026-02-04 02:05:00,6956.75,6957.25,6955.0,6956.25,1000
2026-02-04 02:10:00,6956.5,6959.5,6956.5,6958.5,1000
2026-02-04 02:15:00,6958.25,6959.0,6957.25,6957.75,1000
2026-02-04 02:20:00,6957.75,6959.5,6957.5,6959.0,1000
2026-02-04 02:25:00,6958.75,6959.25,6957.5,6958.25,1000
2026-02-04 02:30:00,6958.0,6958.5,6955.5,6958.0,1000
2026-02-04 02:35:00,6958.0,6959.5,6957.75,6959.25,1000
2026-02-04 02:40:00,6959.0,6960.0,6958.75,6959.5,1000
2026-02-04 02:45:00,6959.25,6959.75,6958.0,6959.0,1000
2026-02-04 02:50:00,6959.25,6961.0,6959.0,6960.25,1000
2026-02-04 02:55:00,6960.5,6960.75,6958.25,6959.0,1000
2026-02-04 03:00:00,6958.75,6960.0,6950.25,6951.0,1000
2026-02-04 03:05:00,6951.0,6956.5,6950.75,6956.25,1000
2026-02-04 03:10:00,6956.25,6959.75,6955.75,6958.5,1000
2026-02-04 03:15:00,6958.5,6958.75,6954.75,6955.5,1000
2026-02-04 03:20:00,6955.25,6955.5,6947.5,6947.75,1000
2026-02-04 03:25:00,6947.75,6950.0,6942.5,6943.25,1000
2026-02-04 03:30:00,6943.0,6947.75,6941.0,6944.75,1000
2026-02-04 03:35:00,6945.0,6947.5,6943.0,6943.5,1000
2026-02-04 03:40:00,6943.5,6950.5,6942.75,6950.0,1000
2026-02-04 03:45:00,6950.25,6950.5,6947.0,6947.5,1000
2026-02-04 03:50:00,6947.5,6948.75,6944.75,6946.0,1000
2026-02-04 03:55:00,6946.0,6946.75,6943.5,6946.25,1000
2026-02-04 04:00:00,6946.25,6950.25,6943.5,6947.5,1000
2026-02-04 04:05:00,6947.5,6949.5,6946.25,6946.5,1000
2026-02-04 04:10:00,6946.25,6947.5,6941.5,6942.5,1000
2026-02-04 04:15:00,6942.25,6943.25,6937.0,6938.5,1000
2026-02-04 04:20:00,6938.75,6939.5,6934.25,6935.5,1000
2026-02-04 04:25:00,6935.75,6938.5,6934.0,6937.75,1000
2026-02-04 04:30:00,6938.0,6940.5,6937.0,6938.0,1000
2026-02-04 04:35:00,6938.0,6939.25,6934.75,6938.0,1000
2026-02-04 04:40:00,6938.0,6939.75,6932.5,6935.5,1000
2026-02-04 04:45:00,6935.75,6939.0,6935.5,6937.0,1000
2026-02-04 04:50:00,6936.75,6938.75,6934.75,6937.5,1000
2026-02-04 04:55:00,6937.5,6942.0,6937.25,6940.75,1000
2026-02-04 05:00:00,6941.0,6946.25,6938.75,6946.25,1000
2026-02-04 05:05:00,6946.0,6948.25,6945.25,6945.5,1000
2026-02-04 05:10:00,6945.5,6946.5,6943.75,6944.75,1000
2026-02-04 05:15:00,6944.5,6948.5,6944.25,6948.0,1000
2026-02-04 05:20:00,6948.25,6949.25,6947.0,6947.75,1000
2026-02-04 05:25:00,6947.75,6949.5,6946.25,6948.75,1000
2026-02-04 05:30:00,6948.75,6954.0,6948.75,6953.5,1000
2026-02-04 05:35:00,6953.5,6954.25,6949.0,6949.75,1000
2026-02-04 05:40:00,6949.75,6950.25,6947.75,6949.75,1000
2026-02-04 05:45:00,6949.75,6949.75,6947.75,6949.0,1000
2026-02-04 05:50:00,6949.0,6952.25,6949.0,6951.0,1000
2026-02-04 05:55:00,6951.0,6951.75,6949.5,6950.25,1000
2026-02-04 06:00:00,6950.25,6952.0,6949.5,6951.0,1000
2026-02-04 06:05:00,6951.0,6951.75,6948.75,6948.75,1000
2026-02-04 06:10:00,6948.75,6949.75,6947.5,6949.25,1000
2026-02-04 06:15:00,6949.25,6952.0,6948.0,6951.25,1000
2026-02-04 06:20:00,6951.5,6952.0,6950.0,6952.0,1000
2026-02-04 06:25:00,6952.0,6953.0,6949.75,6951.0,1000
2026-02-04 06:30:00,6951.0,6953.75,6949.75,6953.5,1000
2026-02-04 06:35:00,6953.25,6956.0,6953.0,6954.75,1000
2026-02-04 06:40:00,6954.75,6955.0,6952.5,6952.75,1000
2026-02-04 06:45:00,6953.0,6962.5,6953.0,6962.25,1000
2026-02-04 06:50:00,6962.5,6965.75,6960.75,6962.75,1000
2026-02-04 06:55:00,6962.75,6964.0,6960.75,6961.0,1000
2026-02-04 07:00:00,6961.25,6965.0,6959.75,6960.5,1000
2026-02-04 07:05:00,6960.25,6960.5,6955.0,6958.25,1000
2026-02-04 07:10:00,6958.0,6959.75,6956.75,6959.75,1000
2026-02-04 07:15:00,6959.75,6961.0,6958.5,6959.5,1000
2026-02-04 07:20:00,6959.5,6960.0,6956.75,6956.75,1000
2026-02-04 07:25:00,6957.25,6957.25,6953.5,6955.25,1000
2026-02-04 07:30:00,6955.25,6958.5,6955.25,6958.25,1000
2026-02-04 07:35:00,6958.5,6958.5,6950.75,6952.0,1000
2026-02-04 07:40:00,6952.25,6954.0,6950.25,6953.5,1000
2026-02-04 07:45:00,6953.5,6957.0,6951.5,6953.25,1000
2026-02-04 07:50:00,6953.0,6955.0,6950.5,6952.5,1000
2026-02-04 07:55:00,6952.25,6954.25,6951.0,6952.25,1000
2026-02-04 08:00:00,6952.25,6953.25,6948.25,6948.25,1000
2026-02-04 08:05:00,6948.25,6950.0,6946.75,6947.5,1000
2026-02-04 08:10:00,6947.5,6950.25,6946.5,6949.0,1000
2026-02-04 08:15:00,6949.25,6953.0,6948.0,6951.25,1000
2026-02-04 08:20:00,6951.5,6953.75,6947.25,6950.5,1000
2026-02-04 08:25:00,6950.25,6953.5,6950.25,6952.0,1000
2026-02-04 08:30:00,6951.75,6959.0,6948.5,6954.75,1000
2026-02-04 08:35:00,6954.75,6955.75,6950.5,6952.5,1000
2026-02-04 08:40:00,6952.5,6957.5,6951.75,6954.25,1000
2026-02-04 08:45:00,6954.25,6954.25,6945.25,6945.75,1000
2026-02-04 08:50:00,6945.75,6950.0,6944.75,6945.75,1000
2026-02-04 08:55:00,6945.75,6948.25,6945.75,6946.5,1000
2026-02-04 09:00:00,6946.25,6946.5,6942.0,6942.5,1000
2026-02-04 09:05:00,6942.5,6944.0,6940.75,6942.25,1000
2026-02-04 09:10:00,6942.25,6946.0,6942.25,6945.25,1000
2026-02-04 09:15:00,6945.5,6946.25,6943.5,6944.25,1000
2026-02-04 09:20:00,6944.0,6946.0,6941.5,6944.25,1000
2026-02-04 09:25:00,6944.25,6950.0,6944.25,6949.25,1000
2026-02-04 09:30:00,6949.25,6950.25,6935.5,6941.5,1000
2026-02-04 09:35:00,6941.75,6956.5,6937.0,6951.75,1000
2026-02-04 09:40:00,6951.75,6958.5,6943.75,6952.25,1000
2026-02-04 09:45:00,6952.5,6960.75,6946.25,6956.0,1000
2026-02-04 09:50:00,6955.75,6957.25,6935.25,6947.5,1000
2026-02-04 09:55:00,6947.75,6949.5,6924.0,6928.0,1000
2026-02-04 10:00:00,6928.0,6928.0,6910.5,6918.25,1000
2026-02-04 10:05:00,6918.5,6937.75,6918.25,6935.25,1000
2026-02-04 10:10:00,6935.5,6942.0,6930.0,6934.5,1000
2026-02-04 10:15:00,6934.75,6939.0,6929.0,6932.75,1000
2026-02-04 10:20:00,6932.75,6949.0,6931.5,6945.5,1000
2026-02-04 10:25:00,6945.5,6955.0,6940.0,6944.75,1000
2026-02-04 10:30:00,6944.75,6947.0,6927.25,6929.0,1000
2026-02-04 10:35:00,6928.75,6946.5,6918.75,6934.25,1000
2026-02-04 10:40:00,6934.25,6948.25,6931.75,6941.5,1000
2026-02-04 10:45:00,6941.5,6943.5,6930.25,6932.5,1000
2026-02-04 10:50:00,6932.25,6937.25,6928.25,6933.75,1000
2026-02-04 10:55:00,6933.5,6939.0,6927.5,6931.5,1000
2026-02-04 11:00:00,6931.75,6934.75,6915.75,6916.25,1000
2026-02-04 11:05:00,6916.25,6922.5,6911.25,6913.75,1000
2026-02-04 11:10:00,6913.5,6929.0,6911.0,6924.0,1000
2026-02-04 11:15:00,6924.25,6928.25,6910.75,6913.25,1000
2026-02-04 11:20:00,6913.0,6924.0,6909.25,6923.0,1000
2026-02-04 11:25:00,6923.25,6930.25,6919.75,6928.75,1000
2026-02-04 11:30:00,6928.75,6930.25,6917.0,6917.25,1000
2026-02-04 11:35:00,6917.5,6921.0,6912.75,6913.25,1000
2026-02-04 11:40:00,6913.25,6914.25,6899.0,6899.5,1000
2026-02-04 11:45:00,6899.5,6900.5,6890.0,6893.5,1000
2026-02-04 11:50:00,6893.5,6899.75,6888.5,6899.75,1000
2026-02-04 11:55:00,6899.5,6913.25,6898.75,6911.25,1000
2026-02-04 12:00:00,6911.0,6916.5,6908.25,6913.25,1000
2026-02-04 12:05:00,6913.25,6915.75,6907.75,6909.75,1000
2026-02-04 12:10:00,6910.0,6914.5,6903.75,6913.25,1000
2026-02-04 12:15:00,6913.0,6915.0,6902.25,6902.25,1000
2026-02-04 12:20:00,6902.25,6906.0,6899.25,6900.5,1000
2026-02-04 12:25:00,6900.5,6902.0,6877.25,6882.25,1000
2026-02-04 12:30:00,6882.0,6893.25,6876.75,6881.5,1000
2026-02-04 12:35:00,6881.25,6881.75,6869.5,6869.5,1000
2026-02-04 12:40:00,6869.5,6876.75,6865.25,6876.0,1000
2026-02-04 12:45:00,6876.0,6878.0,6866.25,6868.75,1000
2026-02-04 12:50:00,6868.5,6877.75,6862.5,6876.5,1000
2026-02-04 12:55:00,6876.5,6883.75,6876.25,6882.0,1000
2026-02-04 13:00:00,6882.0,6884.0,6871.0,6878.25,1000
2026-02-04 13:05:00,6878.25,6885.75,6868.25,6869.0,1000
2026-02-04 13:10:00,6868.75,6877.0,6868.25,6873.75,1000
2026-02-04 13:15:00,6873.75,6877.0,6868.75,6870.0,1000
2026-02-04 13:20:00,6870.25,6881.0,6869.0,6880.5,1000
2026-02-04 13:25:00,6880.75,6895.5,6880.75,6893.25,1000
2026-02-04 13:30:00,6893.25,6894.0,6876.25,6880.75,1000
2026-02-04 13:35:00,6881.0,6887.25,6879.5,6885.25,1000
2026-02-04 13:40:00,6885.25,6896.0,6883.0,6886.0,1000
2026-02-04 13:45:00,6886.0,6889.5,6882.0,6883.25,1000
2026-02-04 13:50:00,6883.25,6891.0,6877.0,6890.25,1000
2026-02-04 13:55:00,6889.75,6900.5,6889.25,6891.5,1000
2026-02-04 14:00:00,6891.75,6894.25,6885.25,6886.0,1000
2026-02-04 14:05:00,6886.0,6889.75,6878.75,6888.25,1000
2026-02-04 14:10:00,6888.5,6891.75,6886.5,6888.0,1000
2026-02-04 14:15:00,6887.75,6898.25,6887.25,6893.0,1000
2026-02-04 14:20:00,6893.0,6896.75,6886.75,6892.5,1000
2026-02-04 14:25:00,6892.25,6899.0,6889.75,6898.75,1000
2026-02-04 14:30:00,6898.75,6908.75,6898.25,6907.5,1000
2026-02-04 14:35:00,6907.5,6910.0,6903.25,6905.75,1000
2026-02-04 14:40:00,6905.75,6915.25,6905.0,6911.0,1000
2026-02-04 14:45:00,6911.25,6929.0,6908.5,6918.25,1000
2026-02-04 14:50:00,6918.0,6930.25,6916.0,6922.5,1000
2026-02-04 14:55:00,6922.5,6928.75,6920.5,6928.25,1000
2026-02-04 15:00:00,6928.25,6930.25,6919.25,6923.5,1000
2026-02-04 15:05:00,6923.5,6926.0,6922.25,6925.0,1000
2026-02-04 15:10:00,6925.0,6926.5,6912.75,6920.5,1000
2026-02-04 15:15:00,6920.5,6922.5,6916.0,6919.5,1000
2026-02-04 15:20:00,6919.5,6925.0,6916.25,6923.25,1000
2026-02-04 15:25:00,6923.5,6927.25,6919.75,6920.75,1000
2026-02-04 15:30:00,6920.75,6926.25,6918.25,6924.25,1000
2026-02-04 15:35:00,6924.25,6928.25,6921.5,6927.5,1000
2026-02-04 15:40:00,6927.5,6928.75,6922.75,6923.5,1000
2026-02-04 15:45:00,6923.5,6928.75,6920.0,6928.25,1000
2026-02-04 15:50:00,6928.25,6930.5,6908.75,6910.5,1000
2026-02-04 15:55:00,6910.25,6911.0,6901.75,6906.25,1000
2026-02-04 16:00:00,6906.5,6922.5,6892.25,6898.0,1000
2026-02-04 16:05:00,6898.5,6918.0,6898.0,6914.75,1000
2026-02-04 16:10:00,6915.0,6925.5,6910.25,6923.25,1000
2026-02-04 16:15:00,6923.5,6924.25,6912.0,6919.75,1000
2026-02-04 16:20:00,6920.0,6920.25,6913.0,6919.0,1000
2026-02-04 16:25:00,6919.0,6923.0,6915.0,6920.5,1000
2026-02-04 16:30:00,6920.5,6940.0,6919.25,6939.5,1000
2026-02-04 16:35:00,6939.5,6941.5,6934.5,6936.75,1000
2026-02-04 16:40:00,6936.75,6938.75,6931.75,6935.75,1000
2026-02-04 16:45:00,6935.75,6939.0,6933.25,6935.5,1000
2026-02-04 16:50:00,6935.5,6937.25,6932.0,6935.5,1000
2026-02-04 16:55:00,6935.5,6935.5,6928.25,6928.5,1000
2026-02-04 18:00:00,6915.5,6923.75,6914.5,6923.25,1000
2026-02-04 18:05:00,6923.25,6926.0,6917.75,6922.0,1000
2026-02-04 18:10:00,6922.0,6926.0,6921.0,6921.0,1000
2026-02-04 18:15:00,6921.25,6925.5,6921.25,6922.5,1000
2026-02-04 18:20:00,6922.75,6924.75,6920.25,6920.75,1000
2026-02-04 18:25:00,6920.5,6924.5,6919.5,6924.25,1000
2026-02-04 18:30:00,6924.25,6928.75,6923.5,6924.75,1000
2026-02-04 18:35:00,6925.0,6925.75,6919.25,6920.0,1000
2026-02-04 18:40:00,6920.25,6921.75,6918.25,6920.0,1000
2026-02-04 18:45:00,6920.25,6923.5,6919.5,6921.75,1000
2026-02-04 18:50:00,6922.0,6924.75,6920.75,6921.25,1000
2026-02-04 18:55:00,6921.25,6921.25,6913.5,6918.5,1000
2026-02-04 19:00:00,6918.25,6918.25,6911.5,6914.75,1000
2026-02-04 19:05:00,6914.75,6918.0,6913.75,6916.75,1000
2026-02-04 19:10:00,6916.75,6919.25,6916.0,6917.5,1000
2026-02-04 19:15:00,6917.5,6922.25,6917.5,6922.25,1000
2026-02-04 19:20:00,6922.25,6924.75,6921.0,6924.0,1000
2026-02-04 19:25:00,6924.25,6928.5,6924.0,6927.0,1000
2026-02-04 19:30:00,6927.0,6928.0,6925.0,6926.5,1000
2026-02-04 19:35:00,6926.5,6928.5,6925.0,6928.25,1000
2026-02-04 19:40:00,6928.25,6930.25,6928.25,6929.0,1000
2026-02-04 19:45:00,6928.75,6930.0,6928.0,6929.0,1000
2026-02-04 19:50:00,6929.25,6929.5,6925.0,6925.5,1000
2026-02-04 19:55:00,6925.5,6927.75,6924.0,6924.5,1000
2026-02-04 20:00:00,6924.75,6927.5,6923.5,6926.5,1000
2026-02-04 20:05:00,6926.5,6932.75,6926.5,6932.25,1000
2026-02-04 20:10:00,6932.25,6933.25,6931.0,6932.0,1000
2026-02-04 20:15:00,6931.75,6934.25,6930.75,6931.75,1000
2026-02-04 20:20:00,6932.0,6932.0,6925.0,6925.5,1000
2026-02-04 20:25:00,6925.25,6930.25,6924.5,6928.5,1000
2026-02-04 20:30:00,6928.5,6931.25,6927.5,6929.0,1000
2026-02-04 20:35:00,6929.0,6933.5,6928.75,6932.5,1000
2026-02-04 20:40:00,6932.5,6935.25,6930.25,6933.0,1000
2026-02-04 20:45:00,6933.5,6934.75,6930.5,6931.25,1000
2026-02-04 20:50:00,6931.0,6934.0,6930.0,6930.5,1000
2026-02-04 20:55:00,6930.5,6932.25,6929.25,6931.0,1000
2026-02-04 21:00:00,6931.0,6932.75,6925.0,6926.0,1000
2026-02-04 21:05:00,6926.25,6927.25,6920.75,6921.5,1000
2026-02-04 21:10:00,6921.25,6922.0,6908.25,6908.5,1000
2026-02-04 21:15:00,6908.5,6911.0,6898.75,6908.75,1000
2026-02-04 21:20:00,6908.5,6916.75,6907.0,6913.0,1000
2026-02-04 21:25:00,6913.0,6915.75,6910.75,6915.25,1000
2026-02-04 21:30:00,6915.25,6918.25,6914.0,6915.5,1000
2026-02-04 21:35:00,6916.0,6921.75,6915.5,6917.5,1000
2026-02-04 21:40:00,6917.75,6919.25,6916.25,6917.75,1000
2026-02-04 21:45:00,6917.5,6918.5,6909.75,6910.75,1000
2026-02-04 21:50:00,6910.75,6911.5,6904.0,6905.75,1000
2026-02-04 21:55:00,6905.5,6905.75,6895.5,6896.75,1000
2026-02-04 22:00:00,6897.0,6904.75,6894.0,6902.75,1000
2026-02-04 22:05:00,6903.25,6904.25,6898.25,6903.5,1000
2026-02-04 22:10:00,6903.5,6906.75,6901.75,6905.0,1000
2026-02-04 22:15:00,6904.5,6905.5,6900.25,6903.5,1000
2026-02-04 22:20:00,6903.5,6909.25,6902.5,6907.0,1000
2026-02-04 22:25:00,6907.0,6909.0,6903.25,6905.0,1000
2026-02-04 22:30:00,6905.25,6906.25,6897.75,6901.0,1000
2026-02-04 22:35:00,6900.75,6901.75,6896.25,6898.0,1000
2026-02-04 22:40:00,6898.0,6902.25,6898.0,6902.0,1000
2026-02-04 22:45:00,6901.5,6901.5,6895.5,6897.25,1000
2026-02-04 22:50:00,6897.25,6897.25,6889.0,6891.25,1000
2026-02-04 22:55:00,6891.5,6895.0,6889.25,6891.0,1000
2026-02-04 23:00:00,6891.5,6898.75,6891.5,6893.5,1000
2026-02-04 23:05:00,6893.5,6895.5,6891.25,6894.5,1000
2026-02-04 23:10:00,6894.75,6896.5,6893.5,6894.0,1000
2026-02-04 23:15:00,6894.25,6895.0,6891.0,6892.0,1000
2026-02-04 23:20:00,6892.25,6894.75,6889.25,6891.25,1000
2026-02-04 23:25:00,6891.5,6893.5,6888.0,6893.5,1000
2026-02-04 23:30:00,6893.75,6898.25,6891.75,6897.25,1000
2026-02-04 23:35:00,6897.5,6898.25,6895.75,6896.25,1000
2026-02-04 23:40:00,6896.25,6904.75,6896.25,6904.25,1000
2026-02-04 23:45:00,6904.0,6905.5,6903.0,6903.5,1000
2026-02-04 23:50:00,6903.75,6906.75,6903.75,6904.5,1000
2026-02-04 23:55:00,6904.5,6905.25,6903.0,6904.0,1000
2026-02-05 00:00:00,6904.25,6906.25,6899.25,6902.5,1000
2026-02-05 00:05:00,6902.5,6903.25,6898.75,6899.75,1000
2026-02-05 00:10:00,6899.5,6903.5,6898.25,6898.75,1000
2026-02-05 00:15:00,6898.75,6900.0,6894.75,6896.5,1000
2026-02-05 00:20:00,6896.5,6896.5,6893.75,6896.5,1000
2026-02-05 00:25:00,6896.25,6902.5,6896.0,6901.5,1000
2026-02-05 00:30:00,6901.75,6903.5,6898.25,6899.0,1000
2026-02-05 00:35:00,6899.25,6906.0,6899.25,6905.5,1000
2026-02-05 00:40:00,6905.5,6909.0,6903.25,6905.75,1000
2026-02-05 00:45:00,6906.0,6907.25,6901.5,6902.0,1000
2026-02-05 00:50:00,6902.25,6904.25,6899.5,6901.25,1000
2026-02-05 00:55:00,6900.75,6901.25,6899.0,6900.25,1000
2026-02-05 01:00:00,6900.5,6903.25,6900.0,6901.75,1000
2026-02-05 01:05:00,6901.75,6905.5,6900.75,6904.5,1000
2026-02-05 01:10:00,6904.0,6907.25,6903.0,6905.75,1000
2026-02-05 01:15:00,6906.25,6909.5,6904.75,6905.75,1000
2026-02-05 01:20:00,6905.5,6907.25,6902.0,6903.75,1000
2026-02-05 01:25:00,6903.75,6906.25,6902.75,6905.75,1000
2026-02-05 01:30:00,6905.0,6908.5,6903.75,6907.25,1000
2026-02-05 01:35:00,6907.25,6908.25,6904.25,6908.0,1000
2026-02-05 01:40:00,6908.25,6910.75,6907.75,6909.25,1000
2026-02-05 01:45:00,6909.5,6913.75,6909.5,6911.0,1000
2026-02-05 01:50:00,6911.25,6912.0,6910.5,6911.25,1000
2026-02-05 01:55:00,6910.75,6913.5,6910.0,6913.0,1000
2026-02-05 02:00:00,6913.0,6915.5,6911.75,6914.0,1000
2026-02-05 02:05:00,6914.0,6915.25,6911.5,6912.75,1000
2026-02-05 02:10:00,6912.5,6914.75,6911.5,6911.75,1000
2026-02-05 02:15:00,6911.5,6913.5,6911.0,6911.75,1000
2026-02-05 02:20:00,6912.0,6914.0,6910.25,6912.5,1000
2026-02-05 02:25:00,6912.5,6916.75,6912.25,6915.5,1000
2026-02-05 02:30:00,6915.25,6917.0,6914.5,6916.0,1000
2026-02-05 02:35:00,6916.0,6916.25,6912.0,6912.25,1000
2026-02-05 02:40:00,6912.25,6912.5,6910.0,6911.75,1000
2026-02-05 02:45:00,6911.25,6915.0,6911.25,6914.0,1000
2026-02-05 02:50:00,6913.75,6916.5,6910.5,6915.0,1000
2026-02-05 02:55:00,6915.5,6915.75,6907.25,6908.25,1000
2026-02-05 03:00:00,6908.0,6916.25,6907.75,6914.25,1000
2026-02-05 03:05:00,6914.75,6920.5,6912.75,6919.25,1000
2026-02-05 03:10:00,6919.25,6921.0,6915.25,6919.0,1000
2026-02-05 03:15:00,6919.25,6923.75,6918.75,6922.75,1000
2026-02-05 03:20:00,6922.75,6923.0,6917.5,6918.0,1000
2026-02-05 03:25:00,6918.25,6922.0,6914.5,6918.0,1000
2026-02-05 03:30:00,6917.5,6922.25,6916.0,6916.25,1000
2026-02-05 03:35:00,6916.0,6916.0,6911.75,6914.75,1000
2026-02-05 03:40:00,6914.75,6919.5,6914.25,6916.5,1000
2026-02-05 03:45:00,6916.0,6916.0,6911.5,6913.0,1000
2026-02-05 03:50:00,6912.75,6912.75,6901.5,6903.0,1000
2026-02-05 03:55:00,6903.0,6907.5,6900.75,6901.0,1000
2026-02-05 04:00:00,6901.25,6907.75,6899.25,6901.0,1000
2026-02-05 04:05:00,6900.75,6902.25,6896.25,6899.5,1000
2026-02-05 04:10:00,6900.5,6901.5,6895.5,6899.25,1000
2026-02-05 04:15:00,6899.0,6901.0,6895.5,6899.25,1000
2026-02-05 04:20:00,6899.5,6907.25,6899.5,6906.5,1000
2026-02-05 04:25:00,6906.5,6913.75,6906.5,6913.25,1000
2026-02-05 04:30:00,6913.25,6918.5,6912.5,6915.25,1000
2026-02-05 04:35:00,6915.5,6916.0,6907.75,6908.75,1000
2026-02-05 04:40:00,6909.0,6910.0,6905.25,6905.5,1000
2026-02-05 04:45:00,6905.75,6906.75,6900.75,6903.0,1000
2026-02-05 04:50:00,6903.0,6908.25,6902.75,6907.0,1000
2026-02-05 04:55:00,6907.25,6909.75,6905.0,6905.25,1000
2026-02-05 05:00:00,6905.5,6908.75,6904.25,6906.25,1000
2026-02-05 05:05:00,6906.0,6906.75,6903.25,6906.25,1000
2026-02-05 05:10:00,6906.5,6915.75,6906.5,6915.75,1000
2026-02-05 05:15:00,6915.5,6917.25,6913.25,6915.0,1000
2026-02-05 05:20:00,6915.25,6917.75,6913.5,6916.25,1000
2026-02-05 05:25:00,6916.25,6918.25,6916.0,6917.25,1000
2026-02-05 05:30:00,6917.5,6918.0,6910.5,6911.25,1000
2026-02-05 05:35:00,6911.25,6911.5,6904.5,6905.25,1000
2026-02-05 05:40:00,6905.5,6911.25,6904.25,6906.25,1000
2026-02-05 05:45:00,6906.5,6910.5,6906.0,6909.25,1000
2026-02-05 05:50:00,6909.25,6910.75,6906.0,6906.5,1000
2026-02-05 05:55:00,6906.5,6908.5,6905.75,6908.0,1000
2026-02-05 06:00:00,6908.0,6908.75,6904.75,6905.5,1000
2026-02-05 06:05:00,6905.75,6910.25,6904.75,6910.25,1000
2026-02-05 06:10:00,6910.0,6910.75,6907.5,6909.5,1000
2026-02-05 06:15:00,6909.75,6913.0,6909.5,6910.5,1000
2026-02-05 06:20:00,6910.5,6916.5,6910.0,6913.25,1000
2026-02-05 06:25:00,6913.25,6914.75,6909.25,6909.25,1000
2026-02-05 06:30:00,6909.25,6911.0,6904.5,6906.5,1000
2026-02-05 06:35:00,6906.5,6911.5,6906.25,6909.75,1000
2026-02-05 06:40:00,6909.75,6913.0,6907.25,6910.75,1000
2026-02-05 06:45:00,6910.75,6914.0,6909.0,6912.5,1000
2026-02-05 06:50:00,6912.75,6914.25,6910.75,6912.75,1000
2026-02-05 06:55:00,6912.75,6915.5,6912.5,6915.0,1000
2026-02-05 07:00:00,6914.75,6919.75,6910.0,6918.75,1000
2026-02-05 07:05:00,6918.75,6920.75,6914.5,6915.5,1000
2026-02-05 07:10:00,6915.25,6918.0,6913.0,6917.75,1000
2026-02-05 07:15:00,6917.75,6919.25,6906.25,6906.5,1000
2026-02-05 07:20:00,6906.5,6906.5,6885.75,6886.0,1000
2026-02-05 07:25:00,6886.5,6892.75,6882.0,6887.0,1000
2026-02-05 07:30:00,6886.75,6890.0,6874.5,6876.25,1000
2026-02-05 07:35:00,6876.25,6879.75,6868.75,6875.0,1000
2026-02-05 07:40:00,6875.0,6876.25,6860.75,6868.25,1000
2026-02-05 07:45:00,6868.25,6871.5,6856.25,6859.25,1000
2026-02-05 07:50:00,6859.25,6870.75,6859.25,6868.25,1000
2026-02-05 07:55:00,6868.0,6872.25,6861.25,6870.5,1000
2026-02-05 08:00:00,6870.25,6873.75,6863.5,6865.5,1000
2026-02-05 08:05:00,6865.25,6876.5,6863.5,6876.25,1000
2026-02-05 08:10:00,6876.25,6877.25,6867.5,6869.0,1000
2026-02-05 08:15:00,6869.0,6873.75,6865.75,6866.25,1000
2026-02-05 08:20:00,6866.0,6872.25,6865.75,6870.0,1000
2026-02-05 08:25:00,6869.75,6870.5,6863.5,6868.0,1000
2026-02-05 08:30:00,6868.0,6876.75,6860.5,6874.0,1000
2026-02-05 08:35:00,6874.0,6880.5,6868.25,6868.5,1000
2026-02-05 08:40:00,6868.75,6871.25,6865.75,6866.5,1000
2026-02-05 08:45:00,6866.5,6868.0,6861.25,6862.75,1000
2026-02-05 08:50:00,6862.75,6866.0,6855.25,6862.5,1000
2026-02-05 08:55:00,6862.75,6864.25,6856.75,6857.25,1000
2026-02-05 09:00:00,6857.25,6868.75,6850.0,6864.75,1000
2026-02-05 09:05:00,6864.75,6866.75,6859.25,6860.0,1000
2026-02-05 09:10:00,6860.0,6861.75,6855.5,6856.0,1000
2026-02-05 09:15:00,6856.0,6858.5,6848.75,6851.5,1000
2026-02-05 09:20:00,6851.25,6855.75,6847.0,6853.75,1000
2026-02-05 09:25:00,6853.75,6856.5,6849.25,6853.5,1000
2026-02-05 09:30:00,6853.5,6853.5,6831.5,6852.0,1000
2026-02-05 09:35:00,6852.25,6870.75,6844.75,6869.0,1000
2026-02-05 09:40:00,6869.25,6877.75,6857.0,6873.75,1000
2026-02-05 09:45:00,6873.75,6877.0,6865.25,6873.75,1000
2026-02-05 09:50:00,6873.5,6881.25,6858.25,6862.5,1000
2026-02-05 09:55:00,6862.5,6866.75,6846.75,6850.0,1000
2026-02-05 10:00:00,6850.25,6858.5,6833.25,6837.5,1000
2026-02-05 10:05:00,6837.5,6839.25,6827.0,6832.25,1000
2026-02-05 10:10:00,6832.25,6835.75,6811.25,6812.25,1000
2026-02-05 10:15:00,6812.0,6829.25,6810.5,6825.0,1000
2026-02-05 10:20:00,6824.75,6827.5,6812.5,6816.0,1000
2026-02-05 10:25:00,6816.0,6826.0,6805.0,6810.0,1000
2026-02-05 10:30:00,6810.0,6818.0,6802.75,6804.75,1000
2026-02-05 10:35:00,6804.75,6823.0,6803.5,6821.25,1000
2026-02-05 10:40:00,6821.0,6828.75,6814.5,6822.75,1000
2026-02-05 10:45:00,6822.5,6826.25,6805.0,6807.5,1000
2026-02-05 10:50:00,6807.5,6821.5,6807.5,6811.0,1000
2026-02-05 10:55:00,6811.0,6817.25,6804.25,6817.0,1000
2026-02-05 11:00:00,6817.25,6820.25,6808.25,6808.75,1000
2026-02-05 11:05:00,6808.75,6812.0,6802.75,6803.5,1000
2026-02-05 11:10:00,6803.25,6814.5,6801.5,6802.25,1000
2026-02-05 11:15:00,6802.25,6827.25,6802.25,6825.25,1000
2026-02-05 11:20:00,6825.0,6836.5,6824.25,6834.75,1000
2026-02-05 11:25:00,6835.0,6842.0,6831.0,6840.5,1000
2026-02-05 11:30:00,6840.75,6848.75,6838.25,6847.5,1000
2026-02-05 11:35:00,6847.5,6851.5,6843.0,6844.5,1000
2026-02-05 11:40:00,6844.5,6850.25,6840.0,6843.5,1000
2026-02-05 11:45:00,6843.5,6844.5,6833.25,6844.0,1000
2026-02-05 11:50:00,6844.25,6857.0,6844.0,6854.0,1000
2026-02-05 11:55:00,6854.25,6859.5,6847.5,6856.0,1000
2026-02-05 12:00:00,6856.0,6857.5,6839.25,6843.25,1000
2026-02-05 12:05:00,6843.25,6849.0,6841.0,6843.0,1000
2026-02-05 12:10:00,6843.0,6846.5,6836.5,6843.75,1000
2026-02-05 12:15:00,6844.0,6846.0,6839.75,6841.25,1000
2026-02-05 12:20:00,6841.25,6854.75,6833.5,6854.75,1000
2026-02-05 12:25:00,6855.0,6863.5,6854.75,6859.0,1000
2026-02-05 12:30:00,6859.25,6863.0,6851.75,6852.75,1000
2026-02-05 12:35:00,6852.5,6860.75,6851.0,6858.25,1000
2026-02-05 12:40:00,6858.0,6866.75,6856.5,6861.25,1000
2026-02-05 12:45:00,6861.25,6870.25,6853.25,6854.5,1000
2026-02-05 12:50:00,6854.75,6861.0,6849.25,6852.5,1000
2026-02-05 12:55:00,6852.75,6854.0,6845.5,6848.5,1000
2026-02-05 13:00:00,6848.5,6857.0,6847.5,6850.5,1000
2026-02-05 13:05:00,6850.25,6850.25,6844.75,6847.0,1000
2026-02-05 13:10:00,6846.5,6849.75,6841.5,6845.5,1000
2026-02-05 13:15:00,6845.5,6848.0,6840.0,6841.75,1000
2026-02-05 13:20:00,6841.5,6843.25,6832.5,6835.5,1000
2026-02-05 13:25:00,6835.75,6839.75,6833.0,6835.5,1000
2026-02-05 13:30:00,6835.25,6844.0,6834.5,6838.0,1000
2026-02-05 13:35:00,6838.0,6838.5,6831.5,6833.5,1000
2026-02-05 13:40:00,6833.5,6837.0,6828.5,6834.0,1000
2026-02-05 13:45:00,6833.75,6836.5,6827.5,6829.0,1000
2026-02-05 13:50:00,6829.0,6829.0,6821.25,6823.75,1000
2026-02-05 13:55:00,6824.0,6830.0,6820.5,6826.75,1000
2026-02-05 14:00:00,6826.75,6837.5,6823.75,6833.5,1000
2026-02-05 14:05:00,6833.25,6840.75,6832.5,6839.75,1000
2026-02-05 14:10:00,6839.75,6852.75,6839.25,6849.75,1000
2026-02-05 14:15:00,6849.75,6855.5,6848.25,6855.5,1000
2026-02-05 14:20:00,6855.75,6859.0,6853.75,6856.25,1000
2026-02-05 14:25:00,6856.25,6856.5,6845.0,6846.5,1000
2026-02-05 14:30:00,6846.5,6846.75,6829.25,6838.25,1000
2026-02-05 14:35:00,6838.25,6840.75,6833.0,6834.0,1000
2026-02-05 14:40:00,6834.25,6836.5,6830.0,6832.25,1000
2026-02-05 14:45:00,6832.25,6836.0,6829.75,6831.75,1000
2026-02-05 14:50:00,6832.0,6835.5,6827.5,6831.5,1000
2026-02-05 14:55:00,6831.75,6835.25,6830.0,6834.5,1000
2026-02-05 15:00:00,6834.5,6839.75,6830.5,6838.25,1000
2026-02-05 15:05:00,6838.25,6851.75,6836.0,6850.0,1000
2026-02-05 15:10:00,6850.0,6852.75,6841.0,6842.25,1000
2026-02-05 15:15:00,6842.25,6843.0,6829.75,6831.25,1000
2026-02-05 15:20:00,6831.0,6832.5,6821.25,6823.25,1000
2026-02-05 15:25:00,6823.25,6824.5,6820.0,6821.75,1000
2026-02-05 15:30:00,6821.5,6825.5,6815.75,6816.75,1000
2026-02-05 15:35:00,6816.75,6821.0,6814.25,6820.75,1000
2026-02-05 15:40:00,6821.0,6827.25,6812.5,6815.0,1000
2026-02-05 15:45:00,6815.0,6816.75,6808.75,6813.25,1000
2026-02-05 15:50:00,6813.5,6818.5,6805.5,6814.5,1000
2026-02-05 15:55:00,6814.75,6824.5,6813.25,6817.75,1000
2026-02-05 16:00:00,6818.0,6829.0,6804.75,6806.0,1000
2026-02-05 16:05:00,6806.25,6811.5,6800.0,6810.0,1000
2026-02-05 16:10:00,6810.0,6820.25,6809.75,6815.75,1000
2026-02-05 16:15:00,6815.5,6817.0,6801.0,6802.5,1000
2026-02-05 16:20:00,6802.75,6806.25,6800.25,6803.5,1000
2026-02-05 16:25:00,6803.5,6809.25,6803.25,6805.25,1000
2026-02-05 16:30:00,6805.5,6805.75,6791.75,6792.25,1000
2026-02-05 16:35:00,6792.5,6796.5,6788.5,6789.5,1000
2026-02-05 16:40:00,6789.5,6791.5,6786.0,6789.5,1000
2026-02-05 16:45:00,6789.75,6793.5,6785.25,6785.5,1000
2026-02-05 16:50:00,6785.75,6790.5,6785.5,6790.0,1000
2026-02-05 16:55:00,6790.25,6791.75,6785.0,6788.75,1000
2026-02-05 18:00:00,6785.5,6793.0,6781.0,6792.75,1000
2026-02-05 18:05:00,6792.75,6794.5,6788.25,6790.25,1000
2026-02-05 18:10:00,6790.25,6790.75,6784.5,6788.5,1000
2026-02-05 18:15:00,6788.75,6790.75,6782.25,6782.75,1000
2026-02-05 18:20:00,6782.75,6782.75,6774.0,6777.0,1000
2026-02-05 18:25:00,6777.25,6787.5,6777.25,6787.25,1000
2026-02-05 18:30:00,6787.0,6789.25,6780.25,6780.5,1000
2026-02-05 18:35:00,6780.75,6781.5,6773.25,6775.75,1000
2026-02-05 18:40:00,6775.5,6777.75,6773.25,6774.25,1000
2026-02-05 18:45:00,6774.25,6775.0,6767.75,6772.75,1000
2026-02-05 18:50:00,6772.5,6774.0,6765.25,6766.25,1000
2026-02-05 18:55:00,6766.0,6772.75,6763.75,6771.25,1000
2026-02-05 19:00:00,6771.25,6772.25,6760.0,6761.0,1000
2026-02-05 19:05:00,6760.75,6764.5,6756.25,6758.25,1000
2026-02-05 19:10:00,6758.5,6763.0,6756.25,6757.75,1000
2026-02-05 19:15:00,6757.5,6766.25,6751.5,6764.25,1000
2026-02-05 19:20:00,6764.25,6775.0,6763.0,6773.75,1000
2026-02-05 19:25:00,6773.5,6778.0,6772.5,6775.25,1000
2026-02-05 19:30:00,6775.25,6778.75,6772.5,6777.75,1000
2026-02-05 19:35:00,6777.75,6782.25,6777.5,6778.75,1000
2026-02-05 19:40:00,6778.75,6781.25,6774.0,6777.75,1000
2026-02-05 19:45:00,6777.5,6780.75,6774.0,6775.25,1000
2026-02-05 19:50:00,6774.75,6778.0,6771.75,6776.25,1000
2026-02-05 19:55:00,6776.0,6784.25,6776.0,6782.5,1000
2026-02-05 20:00:00,6782.5,6788.25,6782.5,6786.25,1000
2026-02-05 20:05:00,6786.25,6789.5,6783.5,6784.75,1000
2026-02-05 20:10:00,6784.25,6784.5,6777.5,6777.5,1000
2026-02-05 20:15:00,6778.0,6780.5,6770.25,6770.75,1000
2026-02-05 20:20:00,6770.75,6776.0,6768.75,6774.25,1000
2026-02-05 20:25:00,6774.5,6776.25,6770.5,6774.25,1000
2026-02-05 20:30:00,6774.25,6783.25,6774.25,6782.0,1000
2026-02-05 20:35:00,6781.75,6789.0,6781.5,6788.75,1000
2026-02-05 20:40:00,6789.0,6795.25,6788.5,6795.0,1000
2026-02-05 20:45:00,6795.0,6799.75,6792.0,6797.75,1000
2026-02-05 20:50:00,6797.5,6802.25,6796.75,6801.25,1000
2026-02-05 20:55:00,6801.25,6804.75,6800.5,6803.25,1000
2026-02-05 21:00:00,6803.5,6810.0,6802.75,6809.25,1000
2026-02-05 21:05:00,6809.5,6810.25,6804.5,6808.75,1000
2026-02-05 21:10:00,6808.75,6809.5,6805.25,6807.5,1000
2026-02-05 21:15:00,6807.25,6810.75,6803.25,6807.25,1000
2026-02-05 21:20:00,6807.5,6807.75,6802.0,6805.75,1000
2026-02-05 21:25:00,6805.5,6809.0,6804.0,6808.75,1000
2026-02-05 21:30:00,6808.5,6810.0,6803.75,6809.0,1000
2026-02-05 21:35:00,6809.0,6810.5,6805.25,6807.75,1000
2026-02-05 21:40:00,6807.5,6808.75,6804.25,6806.0,1000
2026-02-05 21:45:00,6806.0,6807.0,6798.25,6805.25,1000
2026-02-05 21:50:00,6805.75,6808.0,6803.75,6805.5,1000
2026-02-05 21:55:00,6805.75,6806.75,6803.75,6804.5,1000
2026-02-05 22:00:00,6804.25,6807.75,6801.75,6807.0,1000
2026-02-05 22:05:00,6807.0,6808.5,6803.0,6805.0,1000
2026-02-05 22:10:00,6805.0,6805.25,6800.5,6802.25,1000
2026-02-05 22:15:00,6802.25,6803.5,6797.75,6799.25,1000
2026-02-05 22:20:00,6799.5,6802.0,6795.5,6797.75,1000
2026-02-05 22:25:00,6798.5,6801.5,6797.5,6799.75,1000
2026-02-05 22:30:00,6800.0,6805.25,6799.0,6803.0,1000
2026-02-05 22:35:00,6803.0,6805.75,6796.5,6796.75,1000
2026-02-05 22:40:00,6796.75,6797.25,6790.0,6791.75,1000
2026-02-05 22:45:00,6791.75,6796.5,6791.5,6796.0,1000
2026-02-05 22:50:00,6796.0,6802.0,6795.75,6801.25,1000
2026-02-05 22:55:00,6801.25,6802.25,6799.75,6801.25,1000
2026-02-05 23:00:00,6801.25,6801.25,6796.75,6797.25,1000
2026-02-05 23:05:00,6797.0,6799.75,6794.75,6795.25,1000
2026-02-05 23:10:00,6795.25,6799.25,6795.0,6797.5,1000
2026-02-05 23:15:00,6797.5,6799.0,6795.5,6797.0,1000
2026-02-05 23:20:00,6797.0,6797.25,6793.5,6794.75,1000
2026-02-05 23:25:00,6794.75,6796.5,6793.75,6794.25,1000
2026-02-05 23:30:00,6794.75,6795.25,6788.75,6792.0,1000
2026-02-05 23:35:00,6791.75,6792.25,6785.75,6786.5,1000
2026-02-05 23:40:00,6786.75,6789.0,6784.75,6788.5,1000
2026-02-05 23:45:00,6788.75,6790.5,6786.5,6787.5,1000
2026-02-05 23:50:00,6787.5,6788.5,6783.75,6784.25,1000
2026-02-05 23:55:00,6784.25,6788.0,6782.25,6787.75,1000
2026-02-06 00:00:00,6787.75,6790.5,6783.5,6787.25,1000
2026-02-06 00:05:00,6787.25,6788.25,6783.75,6784.5,1000
2026-02-06 00:10:00,6784.5,6789.0,6782.25,6789.0,1000
2026-02-06 00:15:00,6788.75,6790.75,6786.5,6786.75,1000
2026-02-06 00:20:00,6787.0,6792.0,6786.5,6790.25,1000
2026-02-06 00:25:00,6790.5,6793.0,6788.75,6792.75,1000
2026-02-06 00:30:00,6792.75,6801.5,6792.25,6801.0,1000
2026-02-06 00:35:00,6801.0,6805.75,6801.0,6804.75,1000
2026-02-06 00:40:00,6805.0,6807.25,6804.0,6806.5,1000
2026-02-06 00:45:00,6806.5,6806.5,6804.0,6805.0,1000
2026-02-06 00:50:00,6805.5,6813.0,6805.5,6813.0,1000
2026-02-06 00:55:00,6813.25,6813.5,6810.0,6810.25,1000
2026-02-06 01:00:00,6810.25,6815.75,6809.5,6812.0,1000
2026-02-06 01:05:00,6812.0,6815.25,6810.25,6812.0,1000
2026-02-06 01:10:00,6811.75,6814.75,6811.0,6812.75,1000
2026-02-06 01:15:00,6812.75,6813.75,6810.25,6812.0,1000
2026-02-06 01:20:00,6812.0,6815.5,6811.25,6813.25,1000
2026-02-06 01:25:00,6813.5,6814.5,6809.5,6813.25,1000
2026-02-06 01:30:00,6813.0,6816.25,6810.25,6811.0,1000
2026-02-06 01:35:00,6810.75,6811.75,6806.75,6806.75,1000
2026-02-06 01:40:00,6806.75,6807.75,6805.25,6807.0,1000
2026-02-06 01:45:00,6807.0,6807.75,6804.0,6807.0,1000
2026-02-06 01:50:00,6807.0,6807.5,6803.75,6806.5,1000
2026-02-06 01:55:00,6806.5,6807.25,6803.75,6805.25,1000
2026-02-06 02:00:00,6805.0,6805.75,6799.0,6800.25,1000
2026-02-06 02:05:00,6800.25,6804.25,6799.75,6801.0,1000
2026-02-06 02:10:00,6801.0,6801.5,6797.5,6801.25,1000
2026-02-06 02:15:00,6801.5,6804.25,6800.25,6801.25,1000
2026-02-06 02:20:00,6801.5,6808.5,6801.25,6804.0,1000
2026-02-06 02:25:00,6804.0,6811.0,6804.0,6809.75,1000
2026-02-06 02:30:00,6809.75,6811.25,6808.5,6811.25,1000
2026-02-06 02:35:00,6811.0,6811.25,6806.5,6808.25,1000
2026-02-06 02:40:00,6808.25,6808.5,6805.5,6806.0,1000
2026-02-06 02:45:00,6805.5,6808.0,6803.5,6806.75,1000
2026-02-06 02:50:00,6806.25,6807.75,6803.5,6806.75,1000
2026-02-06 02:55:00,6806.5,6809.5,6806.5,6809.5,1000
2026-02-06 03:00:00,6809.5,6810.25,6796.75,6802.5,1000
2026-02-06 03:05:00,6802.75,6809.5,6802.5,6809.25,1000
2026-02-06 03:10:00,6809.5,6816.5,6808.5,6813.5,1000
2026-02-06 03:15:00,6813.25,6817.75,6808.5,6809.5,1000
2026-02-06 03:20:00,6809.25,6815.25,6809.0,6812.5,1000
2026-02-06 03:25:00,6812.25,6815.5,6807.75,6807.75,1000
2026-02-06 03:30:00,6807.75,6811.5,6806.5,6807.25,1000
2026-02-06 03:35:00,6807.25,6812.25,6807.0,6811.0,1000
2026-02-06 03:40:00,6810.25,6817.5,6805.25,6812.75,1000
2026-02-06 03:45:00,6812.75,6813.25,6805.75,6812.75,1000
2026-02-06 03:50:00,6813.0,6820.75,6812.5,6815.75,1000
2026-02-06 03:55:00,6816.0,6819.0,6815.25,6816.25,1000
2026-02-06 04:00:00,6816.25,6817.5,6812.25,6813.5,1000
2026-02-06 04:05:00,6813.5,6823.75,6811.5,6822.5,1000
2026-02-06 04:10:00,6822.25,6831.5,6821.0,6830.75,1000
2026-02-06 04:15:00,6830.75,6832.25,6824.0,6828.75,1000
2026-02-06 04:20:00,6829.0,6836.25,6826.25,6834.5,1000
2026-02-06 04:25:00,6834.5,6839.0,6833.25,6838.0,1000
2026-02-06 04:30:00,6837.75,6847.5,6837.75,6845.75,1000
2026-02-06 04:35:00,6845.75,6848.75,6844.0,6848.0,1000
2026-02-06 04:40:00,6848.0,6848.75,6844.75,6848.25,1000
2026-02-06 04:45:00,6848.0,6848.0,6841.75,6843.75,1000
2026-02-06 04:50:00,6843.5,6846.5,6843.25,6845.75,1000
2026-02-06 04:55:00,6846.0,6846.0,6841.75,6843.25,1000
2026-02-06 05:00:00,6843.0,6843.25,6838.25,6838.75,1000
2026-02-06 05:05:00,6838.75,6841.75,6837.0,6841.5,1000
2026-02-06 05:10:00,6841.25,6842.5,6838.0,6839.75,1000
2026-02-06 05:15:00,6839.75,6841.25,6838.25,6840.25,1000
2026-02-06 05:20:00,6840.25,6844.25,6837.25,6838.25,1000
2026-02-06 05:25:00,6838.25,6838.75,6835.5,6836.75,1000
2026-02-06 05:30:00,6836.75,6839.75,6835.0,6839.25,1000
2026-02-06 05:35:00,6839.25,6842.25,6839.0,6842.0,1000
2026-02-06 05:40:00,6842.0,6846.25,6842.0,6843.75,1000
2026-02-06 05:45:00,6843.75,6846.25,6841.75,6845.75,1000
2026-02-06 05:50:00,6845.75,6847.75,6845.0,6847.25,1000
2026-02-06 05:55:00,6847.5,6850.0,6847.25,6849.25,1000
2026-02-06 06:00:00,6849.0,6856.75,6848.5,6854.25,1000
2026-02-06 06:05:00,6854.25,6857.0,6852.25,6854.25,1000
2026-02-06 06:10:00,6854.25,6859.0,6854.25,6858.5,1000
2026-02-06 06:15:00,6858.5,6859.75,6856.5,6858.5,1000
2026-02-06 06:20:00,6858.5,6861.75,6857.5,6858.0,1000
2026-02-06 06:25:00,6857.75,6858.75,6855.5,6856.75,1000
2026-02-06 06:30:00,6856.5,6860.0,6853.25,6857.25,1000
2026-02-06 06:35:00,6857.25,6865.0,6857.0,6862.75,1000
2026-02-06 06:40:00,6862.5,6865.5,6862.25,6862.75,1000
2026-02-06 06:45:00,6862.5,6864.0,6860.75,6862.25,1000
2026-02-06 06:50:00,6862.25,6864.75,6860.0,6864.25,1000
2026-02-06 06:55:00,6864.0,6870.0,6863.75,6865.75,1000
2026-02-06 07:00:00,6865.5,6866.75,6862.5,6864.75,1000
2026-02-06 07:05:00,6865.0,6867.5,6861.5,6862.0,1000
2026-02-06 07:10:00,6861.75,6862.0,6856.0,6856.5,1000
2026-02-06 07:15:00,6856.25,6861.75,6853.25,6857.75,1000
2026-02-06 07:20:00,6857.25,6859.25,6855.5,6857.5,1000
2026-02-06 07:25:00,6857.25,6857.5,6854.25,6855.25,1000
2026-02-06 07:30:00,6855.0,6861.25,6853.5,6854.25,1000
2026-02-06 07:35:00,6854.0,6855.5,6851.5,6852.25,1000
2026-02-06 07:40:00,6852.25,6857.75,6851.25,6854.5,1000
2026-02-06 07:45:00,6854.75,6857.5,6853.5,6854.0,1000
2026-02-06 07:50:00,6853.75,6854.0,6845.5,6846.75,1000
2026-02-06 07:55:00,6847.0,6852.75,6846.75,6850.0,1000
2026-02-06 08:00:00,6850.25,6852.75,6848.5,6849.0,1000
2026-02-06 08:05:00,6848.75,6851.0,6846.75,6848.75,1000
2026-02-06 08:10:00,6848.75,6855.75,6846.75,6854.75,1000
2026-02-06 08:15:00,6854.75,6858.75,6850.25,6858.5,1000
2026-02-06 08:20:00,6858.25,6864.0,6857.75,6862.75,1000
2026-02-06 08:25:00,6863.0,6863.75,6857.25,6858.25,1000
2026-02-06 08:30:00,6858.25,6864.5,6858.0,6859.75,1000
2026-02-06 08:35:00,6859.75,6863.5,6849.5,6859.25,1000
2026-02-06 08:40:00,6859.0,6861.75,6854.5,6856.0,1000
2026-02-06 08:45:00,6855.75,6858.75,6855.25,6858.25,1000
2026-02-06 08:50:00,6858.0,6859.0,6852.25,6855.25,1000
2026-02-06 08:55:00,6855.25,6858.25,6853.25,6857.0,1000
2026-02-06 09:00:00,6856.75,6858.25,6854.0,6856.75,1000
2026-02-06 09:05:00,6856.75,6861.75,6856.0,6859.0,1000
2026-02-06 09:10:00,6858.75,6859.75,6856.0,6858.25,1000
2026-02-06 09:15:00,6858.5,6861.25,6856.0,6861.0,1000
2026-02-06 09:20:00,6861.25,6861.75,6857.5,6858.0,1000
2026-02-06 09:25:00,6857.75,6861.0,6852.75,6856.25,1000
2026-02-06 09:30:00,6856.25,6886.75,6850.25,6879.5,1000
2026-02-06 09:35:00,6879.75,6892.5,6877.0,6889.0,1000
2026-02-06 09:40:00,6888.75,6897.5,6881.25,6897.25,1000
2026-02-06 09:45:00,6897.5,6900.5,6891.5,6897.25,1000
2026-02-06 09:50:00,6897.25,6907.25,6895.0,6895.5,1000
2026-02-06 09:55:00,6895.5,6896.0,6887.5,6890.25,1000
2026-02-06 10:00:00,6890.0,6893.25,6879.0,6882.75,1000
2026-02-06 10:05:00,6882.75,6891.5,6875.75,6881.75,1000
2026-02-06 10:10:00,6881.5,6897.0,6878.5,6879.25,1000
2026-02-06 10:15:00,6879.25,6892.5,6872.75,6889.75,1000
2026-02-06 10:20:00,6890.0,6899.75,6880.75,6885.5,1000
2026-02-06 10:25:00,6885.5,6900.0,6883.0,6898.5,1000
2026-02-06 10:30:00,6898.5,6905.5,6891.0,6903.5,1000
2026-02-06 10:35:00,6903.5,6905.0,6899.75,6903.0,1000
2026-02-06 10:40:00,6903.0,6909.5,6901.25,6905.75,1000
2026-02-06 10:45:00,6905.75,6912.75,6900.25,6901.25,1000
2026-02-06 10:50:00,6901.25,6902.0,6885.5,6887.0,1000
2026-02-06 10:55:00,6887.0,6901.25,6885.25,6899.75,1000
2026-02-06 11:00:00,6899.75,6911.0,6896.0,6911.0,1000
2026-02-06 11:05:00,6911.25,6915.25,6907.5,6913.25,1000
2026-02-06 11:10:00,6913.25,6916.0,6911.0,6915.75,1000
2026-02-06 11:15:00,6915.75,6917.25,6910.0,6913.0,1000
2026-02-06 11:20:00,6913.0,6919.25,6912.0,6914.75,1000
2026-02-06 11:25:00,6914.75,6915.25,6907.75,6913.0,1000
2026-02-06 11:30:00,6913.25,6919.0,6912.25,6919.0,1000
2026-02-06 11:35:00,6919.0,6922.25,6917.0,6919.5,1000
2026-02-06 11:40:00,6919.5,6922.25,6916.0,6919.25,1000
2026-02-06 11:45:00,6919.25,6921.5,6917.25,6920.25,1000
2026-02-06 11:50:00,6920.25,6922.25,6918.75,6920.0,1000
2026-02-06 11:55:00,6919.75,6920.0,6911.0,6916.5,1000
2026-02-06 12:00:00,6916.5,6920.25,6913.5,6920.25,1000
2026-02-06 12:05:00,6920.25,6926.25,6920.0,6923.5,1000
2026-02-06 12:10:00,6923.75,6926.25,6919.0,6921.5,1000
2026-02-06 12:15:00,6921.5,6924.75,6918.0,6922.5,1000
2026-02-06 12:20:00,6922.5,6922.75,6919.5,6922.0,1000
2026-02-06 12:25:00,6922.0,6927.25,6921.5,6927.0,1000
2026-02-06 12:30:00,6927.0,6931.0,6926.75,6929.0,1000
2026-02-06 12:35:00,6928.75,6929.0,6920.5,6922.25,1000
2026-02-06 12:40:00,6922.25,6927.25,6921.75,6927.0,1000
2026-02-06 12:45:00,6927.25,6932.25,6927.25,6931.0,1000
2026-02-06 12:50:00,6931.25,6937.5,6929.5,6932.75,1000
2026-02-06 12:55:00,6932.75,6934.25,6931.5,6931.5,1000
2026-02-06 13:00:00,6931.5,6937.25,6931.5,6936.75,1000
2026-02-06 13:05:00,6937.0,6937.25,6931.25,6933.0,1000
2026-02-06 13:10:00,6933.25,6935.5,6931.75,6932.5,1000
2026-02-06 13:15:00,6932.5,6934.25,6928.25,6933.75,1000
2026-02-06 13:20:00,6933.75,6936.75,6930.75,6931.25,1000
2026-02-06 13:25:00,6931.0,6932.0,6928.0,6931.75,1000
2026-02-06 13:30:00,6931.75,6934.5,6931.0,6931.75,1000
2026-02-06 13:35:00,6931.75,6936.25,6931.5,6935.25,1000
2026-02-06 13:40:00,6935.25,6936.75,6934.0,6935.25,1000
2026-02-06 13:45:00,6935.25,6937.75,6935.0,6937.5,1000
2026-02-06 13:50:00,6937.25,6938.75,6935.5,6935.75,1000
2026-02-06 13:55:00,6935.75,6936.5,6931.5,6932.25,1000
2026-02-06 14:00:00,6932.5,6936.0,6931.5,6935.75,1000
2026-02-06 14:05:00,6935.75,6936.5,6933.25,6934.25,1000
2026-02-06 14:10:00,6934.5,6935.5,6931.0,6931.25,1000
2026-02-06 14:15:00,6931.0,6933.0,6929.5,6931.25,1000
2026-02-06 14:20:00,6931.0,6937.5,6930.75,6936.25,1000
2026-02-06 14:25:00,6936.5,6937.25,6934.75,6937.25,1000
2026-02-06 14:30:00,6937.25,6938.0,6934.0,6934.5,1000
2026-02-06 14:35:00,6934.25,6936.0,6933.5,6934.5,1000
2026-02-06 14:40:00,6934.25,6934.25,6931.25,6932.0,1000
2026-02-06 14:45:00,6932.0,6940.0,6932.0,6938.75,1000
2026-02-06 14:50:00,6938.5,6939.75,6936.25,6937.75,1000
2026-02-06 14:55:00,6937.75,6938.0,6935.0,6935.5,1000
2026-02-06 15:00:00,6935.5,6938.75,6933.0,6937.25,1000
2026-02-06 15:05:00,6937.5,6940.25,6936.75,6938.0,1000
2026-02-06 15:10:00,6938.0,6938.25,6936.25,6936.75,1000
2026-02-06 15:15:00,6936.75,6940.0,6936.5,6939.5,1000
2026-02-06 15:20:00,6939.5,6943.5,6939.25,6942.0,1000
2026-02-06 15:25:00,6942.0,6943.0,6939.0,6939.5,1000
2026-02-06 15:30:00,6939.5,6942.75,6937.75,6940.75,1000
2026-02-06 15:35:00,6940.75,6942.5,6939.0,6942.25,1000
2026-02-06 15:40:00,6942.25,6949.75,6942.0,6949.75,1000
2026-02-06 15:45:00,6949.75,6953.75,6949.25,6952.25,1000
2026-02-06 15:50:00,6952.5,6965.5,6951.0,6962.5,1000
2026-02-06 15:55:00,6962.5,6963.0,6947.75,6948.75,1000
2026-02-06 16:00:00,6948.75,6952.25,6943.75,6948.25,1000
2026-02-06 16:05:00,6948.0,6950.25,6945.75,6946.0,1000
2026-02-06 16:10:00,6946.25,6947.75,6944.0,6946.5,1000
2026-02-06 16:15:00,6946.5,6947.25,6944.0,6945.5,1000
2026-02-06 16:20:00,6945.5,6947.0,6943.0,6944.25,1000
2026-02-06 16:25:00,6944.25,6945.0,6943.5,6944.0,1000
2026-02-06 16:30:00,6944.0,6944.75,6942.75,6944.25,1000
2026-02-06 16:35:00,6944.25,6945.5,6944.0,6944.0,1000
2026-02-06 16:40:00,6944.0,6945.75,6943.25,6945.75,1000
2026-02-06 16:45:00,6945.5,6945.5,6943.0,6943.25,1000
2026-02-06 16:50:00,6943.5,6945.25,6942.0,6944.0,1000
2026-02-06 16:55:00,6943.75,6947.5,6943.25,6945.75,1000
2026-02-08 18:00:00,6960.25,6972.25,6959.0,6970.5,1000
2026-02-08 18:05:00,6970.5,6973.75,6968.0,6971.0,1000
2026-02-08 18:10:00,6971.0,6972.75,6969.0,6971.25,1000
2026-02-08 18:15:00,6971.25,6974.75,6969.5,6972.0,1000
2026-02-08 18:20:00,6972.0,6972.75,6970.5,6972.5,1000
2026-02-08 18:25:00,6972.5,6974.75,6967.5,6968.25,1000
2026-02-08 18:30:00,6968.25,6970.75,6966.0,6969.0,1000
2026-02-08 18:35:00,6969.0,6975.75,6969.0,6973.75,1000
2026-02-08 18:40:00,6973.5,6974.5,6970.75,6974.0,1000
2026-02-08 18:45:00,6974.25,6977.0,6973.25,6976.0,1000
2026-02-08 18:50:00,6976.5,6978.0,6974.25,6974.75,1000
2026-02-08 18:55:00,6974.5,6976.0,6970.75,6973.0,1000
2026-02-08 19:00:00,6972.75,6979.5,6971.75,6979.25,1000
2026-02-08 19:05:00,6979.25,6979.75,6976.5,6979.0,1000
2026-02-08 19:10:00,6979.0,6979.25,6973.25,6977.0,1000
2026-02-08 19:15:00,6977.25,6977.5,6971.25,6974.75,1000
2026-02-08 19:20:00,6974.75,6979.25,6974.75,6976.25,1000
2026-02-08 19:25:00,6976.0,6976.75,6971.0,6971.25,1000
2026-02-08 19:30:00,6971.5,6977.25,6969.5,6976.25,1000
2026-02-08 19:35:00,6976.5,6976.75,6973.0,6973.5,1000
2026-02-08 19:40:00,6973.25,6974.25,6971.75,6972.5,1000
2026-02-08 19:45:00,6972.25,6973.0,6968.0,6969.75,1000
2026-02-08 19:50:00,6969.5,6971.0,6968.0,6968.5,1000
2026-02-08 19:55:00,6968.5,6971.75,6968.0,6969.75,1000
2026-02-08 20:00:00,6969.75,6970.0,6966.5,6967.0,1000
2026-02-08 20:05:00,6967.0,6968.75,6964.5,6968.5,1000
2026-02-08 20:10:00,6968.25,6968.75,6965.25,6965.75,1000
2026-02-08 20:15:00,6966.0,6967.75,6964.25,6967.75,1000
2026-02-08 20:20:00,6967.25,6968.75,6965.75,6967.5,1000
2026-02-08 20:25:00,6967.5,6968.25,6964.75,6964.75,1000
2026-02-08 20:30:00,6964.75,6968.25,6964.75,6967.0,1000
2026-02-08 20:35:00,6966.5,6967.5,6961.75,6962.0,1000
2026-02-08 20:40:00,6962.0,6964.75,6962.0,6963.25,1000
2026-02-08 20:45:00,6963.5,6964.25,6959.25,6962.5,1000
2026-02-08 20:50:00,6962.5,6963.0,6959.0,6961.25,1000
2026-02-08 20:55:00,6960.5,6962.5,6958.0,6961.5,1000
2026-02-08 21:00:00,6961.25,6962.0,6958.25,6961.75,1000
2026-02-08 21:05:00,6961.75,6966.5,6960.25,6965.75,1000
2026-02-08 21:10:00,6965.5,6967.25,6962.25,6962.5,1000
2026-02-08 21:15:00,6962.5,6962.75,6961.0,6961.5,1000
2026-02-08 21:20:00,6961.5,6964.5,6961.0,6961.75,1000
2026-02-08 21:25:00,6961.75,6962.5,6958.0,6960.5,1000
2026-02-08 21:30:00,6960.5,6965.0,6960.5,6964.25,1000
2026-02-08 21:35:00,6964.5,6966.75,6964.25,6965.5,1000
2026-02-08 21:40:00,6965.25,6967.5,6964.75,6966.5,1000
2026-02-08 21:45:00,6966.75,6967.25,6965.25,6966.75,1000
2026-02-08 21:50:00,6966.75,6966.75,6964.5,6965.0,1000
2026-02-08 21:55:00,6965.25,6967.0,6960.75,6961.75,1000
2026-02-08 22:00:00,6962.0,6964.0,6961.5,6961.5,1000
2026-02-08 22:05:00,6961.5,6962.75,6960.5,6961.5,1000
2026-02-08 22:10:00,6961.5,6961.75,6959.5,6960.75,1000
2026-02-08 22:15:00,6960.75,6962.5,6958.75,6959.5,1000
2026-02-08 22:20:00,6959.75,6962.0,6959.25,6961.25,1000
2026-02-08 22:25:00,6961.0,6962.0,6958.75,6959.0,1000
2026-02-08 22:30:00,6959.0,6961.5,6957.5,6961.0,1000
2026-02-08 22:35:00,6961.25,6961.25,6956.75,6958.5,1000
2026-02-08 22:40:00,6958.5,6961.0,6957.75,6960.25,1000
2026-02-08 22:45:00,6960.5,6961.0,6957.75,6960.0,1000
2026-02-08 22:50:00,6959.75,6962.0,6959.75,6960.25,1000
2026-02-08 22:55:00,6960.25,6960.5,6957.0,6957.25,1000
2026-02-08 23:00:00,6957.25,6962.5,6957.0,6962.25,1000
2026-02-08 23:05:00,6962.0,6962.75,6961.25,6962.5,1000
2026-02-08 23:10:00,6962.5,6962.75,6961.5,6961.75,1000
2026-02-08 23:15:00,6961.75,6962.25,6960.75,6962.0,1000
2026-02-08 23:20:00,6962.0,6962.0,6959.75,6961.5,1000
2026-02-08 23:25:00,6961.5,6962.75,6961.0,6961.5,1000
2026-02-08 23:30:00,6961.5,6961.75,6958.5,6959.5,1000
2026-02-08 23:35:00,6959.5,6959.75,6958.5,6959.5,1000
2026-02-08 23:40:00,6959.5,6961.5,6959.25,6960.5,1000
2026-02-08 23:45:00,6960.25,6961.5,6959.5,6960.75,1000
2026-02-08 23:50:00,6960.75,6961.25,6957.5,6958.25,1000
2026-02-08 23:55:00,6958.25,6959.75,6958.25,6958.75,1000
2026-02-09 00:00:00,6958.75,6959.25,6957.75,6958.0,1000
2026-02-09 00:05:00,6957.75,6958.75,6957.0,6958.5,1000
2026-02-09 00:10:00,6958.25,6960.0,6957.5,6959.5,1000
2026-02-09 00:15:00,6959.75,6962.5,6959.75,6961.75,1000
2026-02-09 00:20:00,6961.75,6964.25,6961.5,6963.0,1000
2026-02-09 00:25:00,6963.0,6963.5,6960.75,6961.25,1000
2026-02-09 00:30:00,6961.5,6963.25,6960.0,6962.5,1000
2026-02-09 00:35:00,6962.75,6964.25,6962.0,6962.5,1000
2026-02-09 00:40:00,6962.5,6962.5,6959.5,6960.0,1000
2026-02-09 00:45:00,6960.0,6961.0,6958.75,6960.75,1000
2026-02-09 00:50:00,6960.5,6964.0,6960.0,6963.5,1000
2026-02-09 00:55:00,6963.5,6964.0,6962.5,6963.0,1000
2026-02-09 01:00:00,6963.25,6963.75,6953.5,6957.25,1000
2026-02-09 01:05:00,6957.0,6961.0,6956.75,6960.25,1000
2026-02-09 01:10:00,6960.0,6961.5,6958.0,6960.0,1000
2026-02-09 01:15:00,6959.25,6959.75,6954.0,6955.0,1000
2026-02-09 01:20:00,6955.0,6956.75,6953.75,6956.0,1000
2026-02-09 01:25:00,6956.25,6957.5,6954.5,6954.75,1000
2026-02-09 01:30:00,6955.0,6959.0,6954.5,6957.5,1000
2026-02-09 01:35:00,6957.25,6960.75,6957.0,6960.25,1000
2026-02-09 01:40:00,6960.5,6960.5,6957.75,6958.0,1000
2026-02-09 01:45:00,6957.75,6960.0,6956.0,6958.5,1000
2026-02-09 01:50:00,6958.5,6960.25,6956.75,6958.75,1000
2026-02-09 01:55:00,6959.0,6959.0,6953.25,6955.0,1000
2026-02-09 02:00:00,6955.0,6955.5,6953.25,6954.25,1000
2026-02-09 02:05:00,6954.25,6956.5,6953.75,6954.75,1000
2026-02-09 02:10:00,6955.0,6955.5,6952.25,6952.75,1000
2026-02-09 02:15:00,6952.75,6955.75,6952.5,6954.5,1000
2026-02-09 02:20:00,6954.5,6955.0,6950.5,6952.25,1000
2026-02-09 02:25:00,6952.25,6952.5,6949.0,6950.0,1000
2026-02-09 02:30:00,6949.5,6950.0,6947.0,6947.5,1000
2026-02-09 02:35:00,6947.5,6949.25,6947.5,6949.25,1000
2026-02-09 02:40:00,6949.0,6952.5,6949.0,6951.25,1000
2026-02-09 02:45:00,6951.25,6954.0,6951.25,6953.75,1000
2026-02-09 02:50:00,6954.0,6957.0,6953.75,6954.75,1000
2026-02-09 02:55:00,6954.75,6954.75,6952.25,6953.25,1000
2026-02-09 03:00:00,6953.5,6959.5,6952.25,6958.5,1000
2026-02-09 03:05:00,6958.25,6968.0,6957.5,6961.75,1000
2026-02-09 03:10:00,6961.75,6965.5,6961.5,6964.0,1000
2026-02-09 03:15:00,6963.5,6964.5,6959.75,6963.0,1000
2026-02-09 03:20:00,6962.75,6963.5,6958.5,6959.25,1000
2026-02-09 03:25:00,6959.25,6962.25,6958.25,6959.0,1000
2026-02-09 03:30:00,6959.0,6959.25,6953.0,6956.25,1000
2026-02-09 03:35:00,6956.25,6960.5,6956.0,6959.5,1000
2026-02-09 03:40:00,6959.5,6960.5,6957.75,6958.0,1000
2026-02-09 03:45:00,6958.0,6960.5,6956.75,6959.0,1000
2026-02-09 03:50:00,6959.0,6959.75,6957.5,6958.75,1000
2026-02-09 03:55:00,6958.75,6959.25,6955.75,6956.25,1000
2026-02-09 04:00:00,6956.25,6959.75,6955.25,6958.25,1000
2026-02-09 04:05:00,6958.25,6960.0,6957.25,6958.5,1000
2026-02-09 04:10:00,6958.25,6958.5,6954.75,6955.25,1000
2026-02-09 04:15:00,6955.5,6957.5,6954.75,6957.25,1000
2026-02-09 04:20:00,6957.5,6958.25,6954.75,6955.25,1000
2026-02-09 04:25:00,6955.0,6958.0,6953.5,6955.75,1000
2026-02-09 04:30:00,6955.75,6957.0,6953.0,6954.0,1000
2026-02-09 04:35:00,6954.0,6954.5,6950.0,6950.75,1000
2026-02-09 04:40:00,6951.0,6951.75,6948.75,6951.75,1000
2026-02-09 04:45:00,6951.75,6953.0,6948.5,6949.0,1000
2026-02-09 04:50:00,6948.75,6950.25,6947.25,6947.75,1000
2026-02-09 04:55:00,6947.75,6947.75,6941.25,6943.75,1000
2026-02-09 05:00:00,6944.0,6944.75,6938.75,6939.0,1000
2026-02-09 05:05:00,6939.0,6942.75,6937.25,6941.75,1000
2026-02-09 05:10:00,6941.75,6943.25,6939.5,6939.5,1000
2026-02-09 05:15:00,6939.5,6939.75,6934.0,6935.5,1000
2026-02-09 05:20:00,6935.5,6938.75,6934.5,6934.75,1000
2026-02-09 05:25:00,6934.75,6936.25,6933.25,6933.5,1000
2026-02-09 05:30:00,6933.75,6934.0,6926.0,6927.25,1000
2026-02-09 05:35:00,6927.0,6927.5,6923.0,6924.5,1000
2026-02-09 05:40:00,6924.5,6927.0,6921.0,6924.25,1000
2026-02-09 05:45:00,6924.0,6929.25,6923.0,6929.0,1000
2026-02-09 05:50:00,6928.75,6936.75,6928.75,6934.0,1000
2026-02-09 05:55:00,6934.0,6937.25,6932.5,6935.75,1000
2026-02-09 06:00:00,6935.75,6937.25,6934.0,6935.25,1000
2026-02-09 06:05:00,6935.0,6936.25,6931.0,6936.25,1000
2026-02-09 06:10:00,6936.0,6938.25,6934.0,6934.0,1000
2026-02-09 06:15:00,6933.75,6935.75,6931.25,6932.0,1000
2026-02-09 06:20:00,6932.0,6934.5,6930.75,6932.5,1000
2026-02-09 06:25:00,6932.5,6939.25,6932.25,6938.25,1000
2026-02-09 06:30:00,6938.25,6939.5,6934.5,6936.25,1000
2026-02-09 06:35:00,6936.0,6938.0,6935.5,6936.5,1000
2026-02-09 06:40:00,6936.5,6937.0,6933.75,6935.25,1000
2026-02-09 06:45:00,6935.25,6936.0,6932.25,6934.75,1000
2026-02-09 06:50:00,6934.5,6937.75,6934.5,6937.0,1000
2026-02-09 06:55:00,6937.5,6938.25,6934.5,6934.75,1000
2026-02-09 07:00:00,6935.0,6936.5,6928.25,6932.75,1000
2026-02-09 07:05:00,6932.75,6941.25,6932.5,6940.5,1000
2026-02-09 07:10:00,6940.5,6943.0,6940.0,6942.25,1000
2026-02-09 07:15:00,6942.5,6942.5,6937.0,6941.25,1000
2026-02-09 07:20:00,6941.25,6942.75,6940.25,6941.75,1000
2026-02-09 07:25:00,6941.5,6943.75,6940.75,6942.75,1000
2026-02-09 07:30:00,6943.0,6943.75,6940.5,6943.0,1000
2026-02-09 07:35:00,6943.0,6945.0,6942.25,6944.5,1000
2026-02-09 07:40:00,6944.5,6945.5,6939.25,6940.75,1000
2026-02-09 07:45:00,6940.5,6944.25,6939.25,6942.0,1000
2026-02-09 07:50:00,6942.0,6944.25,6941.75,6942.75,1000
2026-02-09 07:55:00,6942.5,6946.0,6940.75,6946.0,1000
2026-02-09 08:00:00,6945.75,6949.25,6945.5,6948.0,1000
2026-02-09 08:05:00,6948.0,6952.5,6947.75,6952.5,1000
2026-02-09 08:10:00,6952.5,6954.25,6950.25,6951.0,1000
2026-02-09 08:15:00,6951.0,6951.0,6947.0,6947.75,1000
2026-02-09 08:20:00,6947.75,6954.0,6947.5,6952.25,1000
2026-02-09 08:25:00,6952.25,6952.5,6946.5,6947.75,1000
2026-02-09 08:30:00,6947.75,6948.25,6943.5,6943.75,1000
2026-02-09 08:35:00,6944.0,6944.5,6942.0,6943.75,1000
2026-02-09 08:40:00,6943.75,6944.5,6941.75,6943.25,1000
2026-02-09 08:45:00,6943.0,6944.5,6940.5,6942.75,1000
2026-02-09 08:50:00,6942.75,6942.75,6937.25,6937.75,1000
2026-02-09 08:55:00,6937.75,6940.0,6937.5,6938.0,1000
2026-02-09 09:00:00,6938.25,6940.75,6937.25,6937.75,1000
2026-02-09 09:05:00,6937.75,6938.25,6934.75,6936.0,1000
2026-02-09 09:10:00,6936.0,6937.0,6932.75,6936.25,1000
2026-02-09 09:15:00,6936.25,6937.5,6930.75,6931.0,1000
2026-02-09 09:20:00,6931.0,6933.5,6929.5,6933.0,1000
2026-02-09 09:25:00,6933.25,6937.5,6933.25,6935.5,1000
2026-02-09 09:30:00,6935.5,6942.75,6924.25,6939.75,1000
2026-02-09 09:35:00,6939.75,6952.5,6935.0,6952.5,1000
2026-02-09 09:40:00,6952.75,6957.0,6949.25,6953.0,1000
2026-02-09 09:45:00,6953.25,6957.5,6946.0,6953.5,1000
2026-02-09 09:50:00,6953.75,6954.0,6939.0,6945.75,1000
2026-02-09 09:55:00,6946.0,6950.0,6943.5,6945.25,1000
2026-02-09 10:00:00,6945.0,6954.0,6943.0,6953.75,1000
2026-02-09 10:05:00,6954.0,6960.75,6953.0,6957.25,1000
2026-02-09 10:10:00,6957.0,6959.5,6952.75,6959.25,1000
2026-02-09 10:15:00,6959.25,6968.0,6959.0,6968.0,1000
2026-02-09 10:20:00,6968.0,6970.75,6963.0,6964.75,1000
2026-02-09 10:25:00,6964.5,6965.5,6958.25,6960.75,1000
2026-02-09 10:30:00,6960.75,6974.25,6960.5,6974.0,1000
2026-02-09 10:35:00,6973.75,6979.0,6973.25,6975.25,1000
2026-02-09 10:40:00,6975.0,6977.5,6974.5,6976.75,1000
2026-02-09 10:45:00,6977.0,6979.5,6973.5,6979.25,1000
2026-02-09 10:50:00,6979.25,6981.5,6977.0,6979.75,1000
2026-02-09 10:55:00,6979.75,6986.0,6979.25,6983.75,1000
2026-02-09 11:00:00,6983.75,6987.75,6983.5,6987.0,1000
2026-02-09 11:05:00,6987.0,6987.25,6982.25,6983.25,1000
2026-02-09 11:10:00,6983.25,6986.0,6982.0,6984.5,1000
2026-02-09 11:15:00,6984.5,6986.25,6982.0,6982.5,1000
2026-02-09 11:20:00,6982.5,6986.5,6982.0,6986.5,1000
2026-02-09 11:25:00,6986.25,6989.25,6984.75,6988.25,1000
2026-02-09 11:30:00,6988.25,6989.25,6986.0,6987.25,1000
2026-02-09 11:35:00,6987.25,6987.25,6984.0,6987.0,1000
2026-02-09 11:40:00,6987.0,6991.75,6986.75,6991.25,1000
2026-02-09 11:45:00,6991.25,6994.75,6991.0,6993.5,1000
2026-02-09 11:50:00,6993.5,6996.75,6992.25,6995.25,1000
2026-02-09 11:55:00,6995.25,6997.5,6995.0,6995.5,1000
2026-02-09 12:00:00,6995.5,6997.75,6993.5,6996.5,1000
2026-02-09 12:05:00,6996.5,6997.0,6994.25,6995.25,1000
2026-02-09 12:10:00,6995.25,6998.0,6994.75,6996.25,1000
2026-02-09 12:15:00,6996.0,6997.5,6995.5,6996.75,1000
2026-02-09 12:20:00,6996.75,6996.75,6993.5,6994.75,1000
2026-02-09 12:25:00,6994.5,6995.25,6992.5,6993.0,1000
2026-02-09 12:30:00,6993.0,6994.5,6991.25,6993.0,1000
2026-02-09 12:35:00,6993.0,6996.5,6991.75,6992.25,1000
2026-02-09 12:40:00,6992.25,6992.5,6989.5,6991.0,1000
2026-02-09 12:45:00,6991.0,6991.5,6988.5,6990.75,1000
2026-02-09 12:50:00,6991.0,6991.0,6989.0,6990.0,1000
2026-02-09 12:55:00,6990.25,6990.5,6986.25,6987.0,1000
2026-02-09 13:00:00,6987.25,6991.0,6985.0,6988.5,1000
2026-02-09 13:05:00,6988.75,6991.0,6986.75,6990.0,1000
2026-02-09 13:10:00,6990.25,6991.0,6988.0,6990.25,1000
2026-02-09 13:15:00,6990.5,6991.0,6988.25,6990.0,1000
2026-02-09 13:20:00,6990.0,6991.75,6977.0,6987.25,1000
2026-02-09 13:25:00,6987.25,6987.75,6982.5,6983.75,1000
2026-02-09 13:30:00,6983.75,6989.75,6981.5,6988.0,1000
2026-02-09 13:35:00,6988.0,6990.5,6986.75,6990.0,1000
2026-02-09 13:40:00,6989.75,6993.25,6988.75,6991.75,1000
2026-02-09 13:45:00,6991.5,6993.75,6989.25,6989.75,1000
2026-02-09 13:50:00,6989.75,6991.25,6988.25,6989.0,1000
2026-02-09 13:55:00,6989.25,6990.25,6986.5,6988.25,1000
2026-02-09 14:00:00,6988.25,6992.5,6986.5,6992.0,1000
2026-02-09 14:05:00,6992.25,6992.5,6988.25,6989.5,1000
2026-02-09 14:10:00,6989.25,6995.0,6989.25,6994.0,1000
2026-02-09 14:15:00,6994.0,6995.75,6993.25,6995.0,1000
2026-02-09 14:20:00,6995.0,6999.25,6994.5,6998.25,1000
2026-02-09 14:25:00,6998.5,7000.5,6997.75,6999.0,1000
2026-02-09 14:30:00,6999.0,7000.25,6997.25,6997.75,1000
2026-02-09 14:35:00,6997.75,6999.25,6997.0,6998.25,1000
2026-02-09 14:40:00,6998.5,6998.5,6996.5,6997.5,1000
2026-02-09 14:45:00,6997.5,6998.25,6996.25,6997.75,1000
2026-02-09 14:50:00,6997.75,6998.75,6995.75,6997.0,1000
2026-02-09 14:55:00,6997.0,6997.5,6994.75,6995.5,1000
2026-02-09 15:00:00,6995.75,6998.25,6994.75,6996.5,1000
2026-02-09 15:05:00,6996.25,6998.75,6996.0,6996.25,1000
2026-02-09 15:10:00,6996.5,6997.5,6995.5,6995.5,1000
2026-02-09 15:15:00,6995.5,6995.75,6991.75,6992.5,1000
2026-02-09 15:20:00,6992.75,6993.0,6989.25,6990.5,1000
2026-02-09 15:25:00,6990.5,6991.0,6984.5,6987.0,1000
2026-02-09 15:30:00,6987.0,6987.25,6982.25,6982.25,1000
2026-02-09 15:35:00,6982.0,6987.25,6980.0,6987.0,1000
2026-02-09 15:40:00,6987.0,6989.75,6984.0,6987.5,1000
2026-02-09 15:45:00,6987.5,6990.0,6987.5,6989.5,1000
2026-02-09 15:50:00,6989.5,6991.75,6982.0,6984.5,1000
2026-02-09 15:55:00,6984.5,6989.75,6980.25,6980.25,1000
2026-02-09 16:00:00,6980.5,6984.5,6980.0,6982.25,1000
2026-02-09 16:05:00,6982.25,6984.5,6981.0,6984.25,1000
2026-02-09 16:10:00,6984.25,6986.75,6983.25,6986.0,1000
2026-02-09 16:15:00,6986.25,6986.5,6982.25,6983.75,1000
2026-02-09 16:20:00,6983.5,6984.25,6983.0,6984.0,1000
2026-02-09 16:25:00,6983.75,6984.5,6982.75,6984.25,1000
2026-02-09 16:30:00,6984.0,6985.0,6983.75,6984.75,1000
2026-02-09 16:35:00,6984.75,6985.25,6983.75,6984.5,1000
2026-02-09 16:40:00,6984.5,6985.5,6984.25,6985.5,1000
2026-02-09 16:45:00,6985.5,6986.25,6984.75,6985.25,1000
2026-02-09 16:50:00,6985.0,6985.5,6984.5,6984.75,1000
2026-02-09 16:55:00,6984.75,6985.0,6982.5,6984.0,1000
2026-02-09 18:00:00,6985.0,6988.75,6984.0,6988.75,1000
2026-02-09 18:05:00,6988.75,6989.5,6985.75,6986.75,1000
2026-02-09 18:10:00,6986.75,6986.75,6980.5,6982.75,1000
2026-02-09 18:15:00,6982.75,6983.5,6980.5,6983.0,1000
2026-02-09 18:20:00,6983.0,6983.5,6980.5,6981.25,1000
2026-02-09 18:25:00,6981.0,6983.5,6980.5,6982.0,1000
2026-02-09 18:30:00,6982.0,6982.0,6979.25,6980.75,1000
2026-02-09 18:35:00,6980.75,6982.25,6980.0,6981.5,1000
2026-02-09 18:40:00,6981.5,6985.0,6981.25,6983.25,1000
2026-02-09 18:45:00,6983.25,6983.25,6978.0,6978.5,1000
2026-02-09 18:50:00,6978.25,6979.5,6976.0,6979.0,1000
2026-02-09 18:55:00,6979.0,6979.25,6977.0,6978.75,1000
2026-02-09 19:00:00,6978.75,6981.75,6978.5,6980.5,1000
2026-02-09 19:05:00,6980.5,6980.75,6976.25,6976.75,1000
2026-02-09 19:10:00,6976.5,6976.75,6974.0,6974.25,1000
2026-02-09 19:15:00,6974.5,6977.75,6974.5,6976.25,1000
2026-02-09 19:20:00,6976.25,6977.0,6974.25,6974.75,1000
2026-02-09 19:25:00,6974.5,6976.75,6974.5,6976.0,1000
2026-02-09 19:30:00,6976.0,6977.5,6975.75,6976.75,1000
2026-02-09 19:35:00,6977.0,6977.25,6974.5,6975.5,1000
2026-02-09 19:40:00,6975.5,6975.75,6974.25,6974.75,1000
2026-02-09 19:45:00,6974.5,6975.75,6974.25,6975.0,1000
2026-02-09 19:50:00,6975.25,6979.5,6974.5,6978.25,1000
2026-02-09 19:55:00,6978.25,6979.75,6977.75,6978.25,1000
2026-02-09 20:00:00,6978.25,6979.5,6977.75,6978.5,1000
2026-02-09 20:05:00,6978.25,6979.5,6977.25,6978.5,1000
2026-02-09 20:10:00,6978.75,6979.0,6977.0,6978.75,1000
2026-02-09 20:15:00,6978.75,6979.25,6976.25,6977.0,1000
2026-02-09 20:20:00,6976.75,6980.25,6976.75,6979.5,1000
2026-02-09 20:25:00,6979.25,6979.75,6975.5,6976.25,1000
2026-02-09 20:30:00,6976.25,6976.25,6973.75,6974.75,1000
2026-02-09 20:35:00,6974.5,6980.5,6973.5,6980.25,1000
2026-02-09 20:40:00,6980.25,6981.0,6978.5,6980.0,1000
2026-02-09 20:45:00,6980.25,6983.25,6978.5,6983.0,1000
2026-02-09 20:50:00,6982.75,6983.0,6979.75,6980.25,1000
2026-02-09 20:55:00,6980.0,6980.75,6977.25,6980.5,1000
2026-02-09 21:00:00,6980.75,6981.0,6978.0,6979.0,1000
2026-02-09 21:05:00,6979.0,6980.5,6978.75,6978.75,1000
2026-02-09 21:10:00,6978.75,6979.75,6977.0,6978.75,1000
2026-02-09 21:15:00,6979.0,6980.75,6977.75,6978.25,1000
2026-02-09 21:20:00,6978.0,6979.25,6977.0,6977.0,1000
2026-02-09 21:25:00,6977.25,6978.75,6976.5,6978.5,1000
2026-02-09 21:30:00,6978.75,6979.25,6976.75,6977.0,1000
2026-02-09 21:35:00,6977.0,6977.25,6973.0,6975.25,1000
2026-02-09 21:40:00,6975.0,6976.75,6974.5,6976.5,1000
2026-02-09 21:45:00,6976.5,6976.75,6975.5,6975.5,1000
2026-02-09 21:50:00,6975.5,6978.25,6975.0,6977.5,1000
2026-02-09 21:55:00,6977.5,6977.75,6976.0,6976.5,1000
2026-02-09 22:00:00,6976.5,6976.75,6974.25,6974.5,1000
2026-02-09 22:05:00,6974.5,6974.75,6972.5,6973.0,1000
2026-02-09 22:10:00,6973.25,6974.0,6973.0,6973.25,1000
2026-02-09 22:15:00,6973.25,6973.75,6972.25,6973.25,1000
2026-02-09 22:20:00,6973.5,6975.75,6973.25,6975.5,1000
2026-02-09 22:25:00,6975.75,6976.75,6974.5,6974.75,1000
2026-02-09 22:30:00,6974.75,6977.5,6974.5,6977.5,1000
2026-02-09 22:35:00,6977.5,6978.75,6977.0,6977.75,1000
2026-02-09 22:40:00,6977.75,6978.5,6975.75,6976.25,1000
2026-02-09 22:45:00,6976.25,6978.25,6975.75,6978.25,1000
2026-02-09 22:50:00,6978.25,6978.5,6977.25,6977.75,1000
2026-02-09 22:55:00,6977.75,6978.0,6976.5,6976.75,1000
2026-02-09 23:00:00,6976.5,6978.75,6976.5,6978.25,1000
2026-02-09 23:05:00,6978.5,6979.5,6978.25,6979.0,1000
2026-02-09 23:10:00,6979.25,6981.0,6979.25,6979.75,1000
2026-02-09 23:15:00,6979.75,6980.25,6978.5,6980.25,1000
2026-02-09 23:20:00,6980.0,6981.0,6980.0,6980.25,1000
2026-02-09 23:25:00,6980.25,6980.5,6979.75,6980.5,1000
2026-02-09 23:30:00,6980.5,6981.0,6979.0,6981.0,1000
2026-02-09 23:35:00,6981.0,6981.75,6980.5,6980.75,1000
2026-02-09 23:40:00,6980.5,6981.25,6980.0,6981.0,1000
2026-02-09 23:45:00,6981.0,6983.0,6980.5,6982.25,1000
2026-02-09 23:50:00,6982.25,6983.25,6981.75,6983.0,1000
2026-02-09 23:55:00,6982.75,6984.25,6982.5,6983.75,1000
2026-02-10 00:00:00,6984.0,6984.5,6982.5,6983.0,1000
2026-02-10 00:05:00,6983.0,6983.5,6982.0,6983.0,1000
2026-02-10 00:10:00,6983.25,6983.25,6982.5,6982.5,1000
2026-02-10 00:15:00,6982.75,6982.75,6981.25,6982.0,1000
2026-02-10 00:20:00,6981.75,6981.75,6979.0,6979.25,1000
2026-02-10 00:25:00,6979.5,6980.25,6978.25,6979.0,1000
2026-02-10 00:30:00,6979.0,6985.25,6978.25,6984.5,1000
2026-02-10 00:35:00,6984.75,6986.25,6984.25,6984.5,1000
2026-02-10 00:40:00,6984.75,6985.0,6982.0,6982.75,1000
2026-02-10 00:45:00,6982.5,6984.0,6982.0,6983.25,1000
2026-02-10 00:50:00,6983.25,6985.5,6983.25,6985.0,1000
2026-02-10 00:55:00,6985.0,6986.0,6984.5,6984.75,1000
2026-02-10 01:00:00,6985.0,6985.0,6983.5,6984.25,1000
2026-02-10 01:05:00,6984.5,6984.5,6982.5,6982.75,1000
2026-02-10 01:10:00,6982.5,6982.5,6980.5,6981.25,1000
2026-02-10 01:15:00,6981.25,6981.5,6979.0,6979.5,1000
2026-02-10 01:20:00,6979.75,6981.25,6978.25,6980.0,1000
2026-02-10 01:25:00,6980.0,6980.25,6978.5,6978.5,1000
2026-02-10 01:30:00,6978.5,6980.0,6976.25,6976.75,1000
2026-02-10 01:35:00,6976.75,6977.0,6974.75,6975.25,1000
2026-02-10 01:40:00,6975.25,6977.25,6975.25,6975.75,1000
2026-02-10 01:45:00,6975.75,6977.25,6974.5,6976.75,1000
2026-02-10 01:50:00,6976.75,6977.5,6974.5,6975.5,1000
2026-02-10 01:55:00,6975.5,6977.75,6975.25,6977.75,1000
2026-02-10 02:00:00,6978.0,6981.25,6977.0,6980.75,1000
2026-02-10 02:05:00,6980.75,6982.5,6980.5,6981.5,1000
2026-02-10 02:10:00,6981.75,6982.75,6980.5,6980.75,1000
2026-02-10 02:15:00,6980.75,6983.25,6979.5,6983.0,1000
2026-02-10 02:20:00,6983.0,6984.0,6982.25,6983.0,1000
2026-02-10 02:25:00,6982.75,6983.0,6981.75,6982.25,1000
2026-02-10 02:30:00,6982.0,6982.5,6981.0,6981.5,1000
2026-02-10 02:35:00,6981.5,6984.0,6981.5,6982.25,1000
2026-02-10 02:40:00,6982.0,6983.25,6981.5,6983.0,1000
2026-02-10 02:45:00,6982.75,6983.0,6981.75,6981.75,1000
2026-02-10 02:50:00,6981.75,6984.0,6981.75,6983.5,1000
2026-02-10 02:55:00,6983.5,6985.0,6983.25,6984.75,1000
2026-02-10 03:00:00,6985.0,6986.0,6979.25,6982.5,1000
2026-02-10 03:05:00,6982.25,6984.75,6981.75,6983.75,1000
2026-02-10 03:10:00,6983.75,6987.75,6983.25,6986.75,1000
2026-02-10 03:15:00,6986.5,6986.75,6982.0,6982.5,1000
2026-02-10 03:20:00,6982.75,6986.75,6981.0,6986.0,1000
2026-02-10 03:25:00,6986.25,6987.25,6983.5,6983.5,1000
2026-02-10 03:30:00,6983.25,6985.25,6982.25,6983.75,1000
2026-02-10 03:35:00,6983.75,6986.75,6982.75,6986.75,1000
2026-02-10 03:40:00,6986.75,6987.25,6982.75,6983.0,1000
2026-02-10 03:45:00,6983.0,6986.75,6982.0,6986.25,1000
2026-02-10 03:50:00,6986.0,6987.25,6984.75,6986.0,1000
2026-02-10 03:55:00,6985.75,6985.75,6984.0,6985.5,1000
2026-02-10 04:00:00,6985.25,6990.75,6985.25,6990.25,1000
2026-02-10 04:05:00,6990.25,6992.75,6989.75,6992.75,1000
2026-02-10 04:10:00,6992.75,6993.25,6991.75,6992.5,1000
2026-02-10 04:15:00,6992.75,6997.5,6992.75,6996.25,1000
2026-02-10 04:20:00,6996.5,6996.75,6995.5,6996.5,1000
2026-02-10 04:25:00,6996.5,6997.0,6995.5,6996.0,1000
2026-02-10 04:30:00,6996.0,6996.0,6993.5,6994.75,1000
2026-02-10 04:35:00,6994.75,6996.0,6993.25,6995.25,1000
2026-02-10 04:40:00,6995.0,6995.5,6993.5,6994.0,1000
2026-02-10 04:45:00,6994.0,6994.0,6989.75,6991.0,1000
2026-02-10 04:50:00,6991.25,6991.25,6986.75,6988.5,1000
2026-02-10 04:55:00,6988.5,6989.0,6987.75,6989.0,1000
2026-02-10 05:00:00,6988.75,6989.25,6985.0,6986.5,1000
2026-02-10 05:05:00,6986.75,6989.0,6985.5,6988.25,1000
2026-02-10 05:10:00,6988.0,6989.75,6987.5,6989.5,1000
2026-02-10 05:15:00,6989.5,6990.0,6985.75,6988.0,1000
2026-02-10 05:20:00,6988.0,6989.25,6987.0,6988.0,1000
2026-02-10 05:25:00,6988.0,6989.5,6988.0,6988.5,1000
2026-02-10 05:30:00,6988.5,6988.75,6985.25,6988.5,1000
2026-02-10 05:35:00,6988.25,6989.0,6987.5,6988.5,1000
2026-02-10 05:40:00,6988.25,6988.75,6986.75,6987.75,1000
2026-02-10 05:45:00,6987.75,6990.0,6987.5,6989.75,1000
2026-02-10 05:50:00,6989.75,6992.5,6989.75,6990.75,1000
2026-02-10 05:55:00,6990.75,6991.5,6988.25,6989.25,1000
2026-02-10 06:00:00,6989.0,6989.0,6985.5,6988.0,1000
2026-02-10 06:05:00,6987.75,6988.0,6985.25,6985.5,1000
2026-02-10 06:10:00,6985.5,6987.75,6984.5,6986.5,1000
2026-02-10 06:15:00,6986.5,6987.5,6986.25,6987.25,1000
2026-02-10 06:20:00,6987.0,6990.0,6987.0,6989.0,1000
2026-02-10 06:25:00,6989.25,6990.25,6988.25,6988.5,1000
2026-02-10 06:30:00,6988.5,6990.5,6988.0,6989.0,1000
2026-02-10 06:35:00,6989.25,6990.5,6988.25,6990.5,1000
2026-02-10 06:40:00,6990.25,6991.25,6989.5,6989.5,1000
2026-02-10 06:45:00,6989.5,6990.75,6989.5,6990.25,1000
2026-02-10 06:50:00,6990.5,6992.0,6990.5,6992.0,1000
2026-02-10 06:55:00,6991.75,6992.5,6991.5,6991.75,1000
2026-02-10 07:00:00,6991.75,6995.0,6991.5,6994.5,1000
2026-02-10 07:05:00,6994.5,6995.0,6991.75,6992.0,1000
2026-02-10 07:10:00,6991.75,6993.25,6991.5,6993.0,1000
2026-02-10 07:15:00,6993.0,6994.5,6992.75,6993.0,1000
2026-02-10 07:20:00,6993.0,6994.5,6991.5,6993.75,1000
2026-02-10 07:25:00,6993.5,6995.25,6993.5,6995.0,1000
2026-02-10 07:30:00,6995.25,6996.5,6993.5,6993.5,1000
2026-02-10 07:35:00,6993.5,6993.5,6988.0,6989.0,1000
2026-02-10 07:40:00,6989.0,6989.25,6983.0,6985.25,1000
2026-02-10 07:45:00,6985.25,6986.0,6980.5,6984.5,1000
2026-02-10 07:50:00,6984.5,6985.0,6979.0,6979.5,1000
2026-02-10 07:55:00,6979.5,6981.5,6977.5,6977.75,1000
2026-02-10 08:00:00,6978.0,6978.5,6974.5,6977.0,1000
2026-02-10 08:05:00,6977.0,6977.25,6971.25,6972.75,1000
2026-02-10 08:10:00,6972.75,6976.0,6970.5,6975.5,1000
2026-02-10 08:15:00,6975.5,6979.5,6972.75,6977.25,1000
2026-02-10 08:20:00,6977.0,6980.25,6977.0,6978.75,1000
2026-02-10 08:25:00,6978.5,6979.75,6977.75,6978.75,1000
2026-02-10 08:30:00,6978.5,6983.0,6972.5,6981.5,1000
2026-02-10 08:35:00,6981.5,6982.25,6976.75,6978.75,1000
2026-02-10 08:40:00,6978.5,6981.5,6978.5,6979.75,1000
2026-02-10 08:45:00,6980.0,6983.75,6979.5,6981.0,1000
2026-02-10 08:50:00,6980.75,6983.5,6980.0,6981.5,1000
2026-02-10 08:55:00,6981.5,6984.25,6980.75,6984.0,1000
2026-02-10 09:00:00,6984.0,6986.75,6983.75,6985.75,1000
2026-02-10 09:05:00,6986.0,6987.25,6985.0,6987.0,1000
2026-02-10 09:10:00,6987.25,6987.75,6985.25,6987.0,1000
2026-02-10 09:15:00,6987.25,6990.25,6987.0,6989.25,1000
2026-02-10 09:20:00,6989.25,6990.25,6988.25,6989.5,1000
2026-02-10 09:25:00,6989.75,6991.0,6988.5,6989.75,1000
2026-02-10 09:30:00,6989.75,6996.25,6988.5,6991.0,1000
2026-02-10 09:35:00,6991.0,6992.0,6977.5,6984.25,1000
2026-02-10 09:40:00,6984.5,6985.0,6975.0,6980.5,1000
2026-02-10 09:45:00,6980.5,6983.25,6976.75,6980.0,1000
2026-02-10 09:50:00,6979.75,6994.5,6979.5,6994.25,1000
2026-02-10 09:55:00,6994.5,7002.25,6992.5,6998.0,1000
2026-02-10 10:00:00,6998.25,6999.0,6995.5,6998.75,1000
2026-02-10 10:05:00,6998.75,7005.0,6996.0,7002.75,1000
2026-02-10 10:10:00,7002.5,7004.25,6987.25,6994.75,1000
2026-02-10 10:15:00,6994.5,7001.25,6990.0,7000.75,1000
2026-02-10 10:20:00,7001.0,7004.5,6994.5,6995.0,1000
2026-02-10 10:25:00,6995.0,7001.25,6993.5,6999.75,1000
2026-02-10 10:30:00,6999.75,7006.5,6997.0,6999.75,1000
2026-02-10 10:35:00,7000.0,7000.25,6994.0,6996.5,1000
2026-02-10 10:40:00,6996.75,7002.5,6996.5,7001.25,1000
2026-02-10 10:45:00,7001.25,7002.75,6995.5,6998.0,1000
2026-02-10 10:50:00,6998.0,6999.25,6993.5,6997.25,1000
2026-02-10 10:55:00,6997.5,6998.0,6989.5,6994.5,1000
2026-02-10 11:00:00,6994.5,6997.25,6991.75,6994.25,1000
2026-02-10 11:05:00,6994.25,6994.75,6986.5,6986.5,1000
2026-02-10 11:10:00,6986.75,6992.25,6986.75,6989.75,1000
2026-02-10 11:15:00,6989.5,6994.0,6983.75,6990.5,1000
2026-02-10 11:20:00,6990.5,6991.5,6981.5,6986.0,1000
2026-02-10 11:25:00,6986.0,6991.75,6984.5,6988.5,1000
2026-02-10 11:30:00,6988.25,6989.5,6985.25,6986.25,1000
2026-02-10 11:35:00,6986.25,6990.0,6986.0,6989.0,1000
2026-02-10 11:40:00,6988.75,6992.25,6986.5,6987.0,1000
2026-02-10 11:45:00,6987.0,6994.75,6986.25,6987.0,1000
2026-02-10 11:50:00,6987.0,6989.75,6983.5,6989.5,1000
2026-02-10 11:55:00,6989.25,6991.75,6987.25,6988.5,1000
2026-02-10 12:00:00,6988.5,6989.5,6982.75,6985.5,1000
2026-02-10 12:05:00,6985.5,6992.5,6985.25,6992.0,1000
2026-02-10 12:10:00,6991.75,6996.25,6991.75,6995.5,1000
2026-02-10 12:15:00,6995.75,6997.5,6994.0,6996.75,1000
2026-02-10 12:20:00,6996.75,6997.0,6990.25,6992.0,1000
2026-02-10 12:25:00,6992.0,6995.0,6991.5,6993.5,1000
2026-02-10 12:30:00,6993.25,6994.75,6991.25,6993.0,1000
2026-02-10 12:35:00,6992.75,6993.5,6989.0,6991.75,1000
2026-02-10 12:40:00,6992.0,6996.5,6991.75,6995.5,1000
2026-02-10 12:45:00,6995.5,6998.75,6995.5,6995.75,1000
2026-02-10 12:50:00,6996.0,6998.25,6994.75,6996.25,1000
2026-02-10 12:55:00,6996.5,6996.75,6994.0,6995.25,1000
2026-02-10 13:00:00,6995.5,6995.5,6991.0,6993.0,1000
2026-02-10 13:05:00,6992.75,6993.0,6988.25,6989.0,1000
2026-02-10 13:10:00,6988.75,6990.0,6986.0,6986.5,1000
2026-02-10 13:15:00,6986.5,6987.25,6978.75,6981.75,1000
2026-02-10 13:20:00,6981.5,6984.75,6977.25,6982.25,1000
2026-02-10 13:25:00,6982.0,6982.25,6974.25,6974.75,1000
2026-02-10 13:30:00,6974.75,6977.25,6970.5,6973.25,1000
2026-02-10 13:35:00,6973.25,6979.25,6972.25,6977.5,1000
2026-02-10 13:40:00,6977.5,6979.0,6975.75,6976.5,1000
2026-02-10 13:45:00,6976.5,6977.0,6970.75,6971.75,1000
2026-02-10 13:50:00,6972.0,6973.75,6969.0,6969.75,1000
2026-02-10 13:55:00,6969.75,6978.75,6969.0,6977.0,1000
2026-02-10 14:00:00,6977.0,6979.5,6974.5,6975.5,1000
2026-02-10 14:05:00,6975.25,6977.75,6973.0,6974.75,1000
2026-02-10 14:10:00,6974.75,6978.5,6974.0,6977.25,1000
2026-02-10 14:15:00,6977.25,6977.5,6971.75,6973.5,1000
2026-02-10 14:20:00,6973.75,6979.0,6973.5,6978.5,1000
2026-02-10 14:25:00,6978.5,6979.75,6975.75,6979.25,1000
2026-02-10 14:30:00,6979.5,6982.25,6977.25,6977.75,1000
2026-02-10 14:35:00,6977.75,6980.5,6977.5,6979.5,1000
2026-02-10 14:40:00,6979.75,6980.75,6974.25,6975.75,1000
2026-02-10 14:45:00,6976.0,6979.5,6975.25,6978.25,1000
2026-02-10 14:50:00,6978.25,6978.5,6974.25,6975.5,1000
2026-02-10 14:55:00,6975.5,6979.75,6975.5,6978.5,1000
2026-02-10 15:00:00,6978.5,6980.5,6974.25,6975.0,1000
2026-02-10 15:05:00,6975.0,6976.75,6973.25,6975.75,1000
2026-02-10 15:10:00,6975.5,6976.0,6971.5,6972.75,1000
2026-02-10 15:15:00,6972.5,6978.0,6972.5,6977.0,1000
2026-02-10 15:20:00,6977.0,6979.25,6974.25,6974.25,1000
2026-02-10 15:25:00,6974.25,6976.0,6971.75,6973.75,1000
2026-02-10 15:30:00,6973.5,6976.25,6970.75,6972.0,1000
2026-02-10 15:35:00,6972.0,6973.0,6969.0,6970.0,1000
2026-02-10 15:40:00,6970.0,6972.75,6969.25,6971.0,1000
2026-02-10 15:45:00,6971.25,6975.0,6970.25,6974.5,1000
2026-02-10 15:50:00,6974.5,6974.5,6962.5,6964.0,1000
2026-02-10 15:55:00,6963.75,6965.0,6957.0,6961.25,1000
2026-02-10 16:00:00,6961.5,6966.0,6959.25,6965.75,1000
2026-02-10 16:05:00,6965.75,6966.5,6964.25,6966.0,1000
2026-02-10 16:10:00,6966.0,6967.0,6965.0,6966.25,1000
2026-02-10 16:15:00,6966.5,6967.0,6964.5,6964.75,1000
2026-02-10 16:20:00,6964.75,6965.75,6963.75,6965.0,1000
2026-02-10 16:25:00,6965.0,6965.75,6964.5,6964.75,1000
2026-02-10 16:30:00,6964.75,6966.5,6964.75,6965.5,1000
2026-02-10 16:35:00,6965.5,6967.25,6965.0,6966.5,1000
2026-02-10 16:40:00,6966.5,6968.75,6966.25,6968.5,1000
2026-02-10 16:45:00,6968.25,6969.0,6967.75,6968.75,1000
2026-02-10 16:50:00,6968.75,6970.75,6968.75,6970.25,1000
2026-02-10 16:55:00,6970.25,6970.75,6969.75,6970.5,1000
2026-02-10 18:00:00,6971.5,6974.0,6969.75,6973.75,1000
2026-02-10 18:05:00,6973.25,6975.75,6972.0,6973.75,1000
2026-02-10 18:10:00,6973.75,6974.5,6972.0,6974.5,1000
2026-02-10 18:15:00,6974.5,6975.5,6973.75,6974.5,1000
2026-02-10 18:20:00,6975.0,6976.0,6974.5,6975.0,1000
2026-02-10 18:25:00,6975.0,6975.75,6974.25,6974.5,1000
2026-02-10 18:30:00,6974.25,6975.25,6973.75,6974.25,1000
2026-02-10 18:35:00,6974.25,6974.5,6973.25,6974.25,1000
2026-02-10 18:40:00,6974.5,6975.25,6973.75,6975.0,1000
2026-02-10 18:45:00,6974.75,6976.25,6974.5,6974.75,1000
2026-02-10 18:50:00,6974.75,6975.75,6974.0,6974.25,1000
2026-02-10 18:55:00,6974.25,6975.25,6974.0,6974.75,1000
2026-02-10 19:00:00,6974.75,6977.0,6974.5,6976.0,1000
2026-02-10 19:05:00,6976.0,6976.5,6975.5,6976.0,1000
2026-02-10 19:10:00,6976.25,6977.25,6975.75,6976.0,1000
2026-02-10 19:15:00,6976.25,6976.75,6974.5,6975.25,1000
2026-02-10 19:20:00,6975.25,6976.25,6974.0,6976.0,1000
2026-02-10 19:25:00,6975.75,6976.75,6975.5,6975.75,1000
2026-02-10 19:30:00,6975.75,6976.75,6975.5,6976.5,1000
2026-02-10 19:35:00,6976.75,6978.0,6976.75,6977.0,1000
2026-02-10 19:40:00,6977.0,6977.75,6976.75,6977.5,1000
2026-02-10 19:45:00,6977.75,6977.75,6976.75,6977.25,1000
2026-02-10 19:50:00,6977.25,6977.5,6977.0,6977.25,1000
2026-02-10 19:55:00,6977.25,6978.75,6977.25,6977.75,1000
2026-02-10 20:00:00,6977.5,6980.5,6977.5,6979.5,1000
2026-02-10 20:05:00,6979.5,6980.75,6979.25,6980.25,1000
2026-02-10 20:10:00,6980.25,6981.5,6979.75,6980.75,1000
2026-02-10 20:15:00,6980.5,6981.5,6979.75,6980.25,1000
2026-02-10 20:20:00,6980.0,6980.25,6979.0,6979.75,1000
2026-02-10 20:25:00,6979.5,6980.25,6979.0,6979.75,1000
2026-02-10 20:30:00,6979.5,6980.5,6979.5,6979.75,1000
2026-02-10 20:35:00,6979.75,6980.25,6979.25,6979.5,1000
2026-02-10 20:40:00,6979.5,6981.75,6979.5,6981.0,1000
2026-02-10 20:45:00,6981.0,6983.25,6981.0,6983.25,1000
2026-02-10 20:50:00,6983.0,6983.75,6982.25,6982.25,1000
2026-02-10 20:55:00,6982.25,6983.0,6981.25,6981.5,1000
2026-02-10 21:00:00,6981.25,6981.75,6980.5,6981.0,1000
2026-02-10 21:05:00,6980.75,6981.5,6980.5,6980.5,1000
2026-02-10 21:10:00,6980.5,6981.75,6980.5,6981.25,1000
2026-02-10 21:15:00,6981.0,6982.0,6980.75,6981.75,1000
2026-02-10 21:20:00,6981.75,6983.0,6981.75,6982.5,1000
2026-02-10 21:25:00,6982.25,6982.5,6980.75,6981.75,1000
2026-02-10 21:30:00,6981.5,6982.25,6981.0,6981.75,1000
2026-02-10 21:35:00,6981.75,6982.0,6981.0,6981.0,1000
2026-02-10 21:40:00,6980.75,6981.0,6979.25,6980.25,1000
2026-02-10 21:45:00,6980.25,6981.25,6980.25,6981.0,1000
2026-02-10 21:50:00,6980.75,6982.5,6980.75,6982.5,1000
2026-02-10 21:55:00,6982.25,6983.0,6982.0,6982.0,1000
2026-02-10 22:00:00,6981.75,6982.5,6981.5,6981.5,1000
2026-02-10 22:05:00,6981.25,6981.75,6980.5,6981.0,1000
2026-02-10 22:10:00,6981.25,6981.5,6980.75,6981.0,1000
2026-02-10 22:15:00,6980.75,6981.5,6979.5,6979.75,1000
2026-02-10 22:20:00,6979.5,6981.0,6979.0,6981.0,1000
2026-02-10 22:25:00,6981.0,6983.0,6981.0,6982.5,1000
2026-02-10 22:30:00,6982.5,6983.0,6982.0,6982.0,1000
2026-02-10 22:35:00,6982.0,6982.5,6981.25,6982.25,1000
2026-02-10 22:40:00,6982.25,6984.25,6982.0,6984.0,1000
2026-02-10 22:45:00,6983.75,6985.5,6983.75,6984.25,1000
2026-02-10 22:50:00,6984.25,6985.5,6984.0,6985.25,1000
2026-02-10 22:55:00,6985.25,6986.0,6984.75,6985.25,1000
2026-02-10 23:00:00,6985.0,6985.5,6984.75,6985.0,1000
2026-02-10 23:05:00,6985.0,6985.75,6984.75,6985.0,1000
2026-02-10 23:10:00,6984.75,6984.75,6983.0,6983.75,1000
2026-02-10 23:15:00,6983.5,6984.25,6983.0,6984.0,1000
2026-02-10 23:20:00,6984.0,6984.75,6983.0,6983.25,1000
2026-02-10 23:25:00,6983.25,6983.75,6981.5,6981.75,1000
2026-02-10 23:30:00,6981.75,6982.0,6980.5,6980.75,1000
2026-02-10 23:35:00,6980.5,6981.0,6977.25,6977.5,1000
2026-02-10 23:40:00,6977.5,6979.25,6977.5,6979.0,1000
2026-02-10 23:45:00,6979.25,6980.5,6979.0,6980.25,1000
2026-02-10 23:50:00,6980.0,6980.75,6979.75,6979.75,1000
2026-02-10 23:55:00,6979.75,6980.25,6978.75,6979.75,1000
2026-02-11 00:00:00,6979.5,6979.75,6979.0,6979.75,1000
2026-02-11 00:05:00,6979.5,6981.5,6979.25,6981.5,1000
2026-02-11 00:10:00,6981.25,6982.0,6980.75,6981.25,1000
2026-02-11 00:15:00,6981.0,6983.0,6981.0,6981.5,1000
2026-02-11 00:20:00,6981.25,6981.5,6980.0,6981.0,1000
2026-02-11 00:25:00,6980.75,6980.75,6978.75,6979.25,1000
2026-02-11 00:30:00,6979.0,6979.5,6977.0,6978.0,1000
2026-02-11 00:35:00,6978.0,6979.25,6977.75,6978.75,1000
2026-02-11 00:40:00,6978.5,6978.5,6975.75,6976.25,1000
2026-02-11 00:45:00,6976.0,6976.25,6975.0,6975.5,1000
2026-02-11 00:50:00,6975.5,6977.0,6975.5,6976.75,1000
2026-02-11 00:55:00,6976.5,6976.5,6975.75,6976.25,1000
2026-02-11 01:00:00,6976.25,6980.5,6976.25,6980.0,1000
2026-02-11 01:05:00,6979.75,6980.75,6979.25,6980.0,1000
2026-02-11 01:10:00,6979.75,6979.75,6976.0,6976.5,1000
2026-02-11 01:15:00,6976.25,6976.5,6974.25,6974.75,1000
2026-02-11 01:20:00,6974.75,6977.0,6974.0,6976.75,1000
2026-02-11 01:25:00,6976.5,6977.0,6974.25,6974.5,1000
2026-02-11 01:30:00,6974.5,6975.5,6973.75,6974.0,1000
2026-02-11 01:35:00,6974.25,6976.25,6973.75,6976.0,1000
2026-02-11 01:40:00,6976.0,6976.75,6975.25,6975.5,1000
2026-02-11 01:45:00,6975.5,6975.5,6974.0,6975.0,1000
2026-02-11 01:50:00,6975.0,6975.25,6973.75,6975.25,1000
2026-02-11 01:55:00,6975.0,6975.25,6973.5,6974.0,1000
2026-02-11 02:00:00,6974.0,6975.75,6973.5,6975.25,1000
2026-02-11 02:05:00,6975.25,6976.25,6973.75,6974.0,1000
2026-02-11 02:10:00,6974.0,6974.0,6971.0,6971.25,1000
2026-02-11 02:15:00,6971.25,6973.75,6971.25,6973.25,1000
2026-02-11 02:20:00,6973.25,6976.75,6973.25,6976.75,1000
2026-02-11 02:25:00,6977.0,6977.5,6976.25,6976.75,1000
2026-02-11 02:30:00,6976.75,6977.0,6973.25,6974.25,1000
2026-02-11 02:35:00,6974.0,6974.5,6972.75,6973.25,1000
2026-02-11 02:40:00,6973.0,6975.25,6972.75,6974.75,1000
2026-02-11 02:45:00,6974.75,6977.0,6974.5,6975.5,1000
2026-02-11 02:50:00,6975.5,6975.5,6974.5,6974.75,1000
2026-02-11 02:55:00,6974.5,6974.75,6973.0,6974.25,1000
2026-02-11 03:00:00,6974.25,6975.75,6972.75,6975.0,1000
2026-02-11 03:05:00,6974.75,6975.0,6969.25,6969.5,1000
2026-02-11 03:10:00,6969.75,6971.0,6967.0,6967.25,1000
2026-02-11 03:15:00,6967.5,6968.25,6963.75,6964.0,1000
2026-02-11 03:20:00,6963.75,6967.0,6963.75,6966.75,1000
2026-02-11 03:25:00,6966.5,6971.5,6966.5,6969.25,1000
2026-02-11 03:30:00,6969.25,6974.25,6969.25,6973.5,1000
2026-02-11 03:35:00,6973.5,6975.75,6973.5,6973.75,1000
2026-02-11 03:40:00,6973.75,6974.5,6971.75,6974.25,1000
2026-02-11 03:45:00,6974.25,6975.0,6973.25,6973.25,1000
2026-02-11 03:50:00,6973.25,6974.25,6973.0,6973.75,1000
2026-02-11 03:55:00,6973.75,6974.5,6972.5,6972.75,1000
2026-02-11 04:00:00,6972.5,6976.25,6971.25,6974.75,1000
2026-02-11 04:05:00,6975.0,6977.25,6975.0,6977.0,1000
2026-02-11 04:10:00,6977.0,6978.0,6974.75,6975.5,1000
2026-02-11 04:15:00,6975.75,6976.25,6972.5,6973.5,1000
2026-02-11 04:20:00,6973.5,6974.5,6971.5,6972.75,1000
2026-02-11 04:25:00,6972.75,6975.5,6972.25,6975.0,1000
2026-02-11 04:30:00,6975.25,6975.5,6970.5,6971.25,1000
2026-02-11 04:35:00,6971.0,6972.5,6967.5,6968.0,1000
2026-02-11 04:40:00,6968.0,6968.75,6966.5,6968.25,1000
2026-02-11 04:45:00,6968.5,6969.75,6967.25,6967.75,1000
2026-02-11 04:50:00,6967.75,6970.25,6966.75,6969.5,1000
2026-02-11 04:55:00,6969.5,6970.25,6965.75,6965.75,1000
2026-02-11 05:00:00,6966.0,6966.0,6953.0,6955.5,1000
2026-02-11 05:05:00,6955.75,6958.25,6953.5,6955.75,1000
2026-02-11 05:10:00,6955.75,6960.25,6955.75,6957.25,1000
2026-02-11 05:15:00,6957.25,6959.5,6957.25,6958.5,1000
2026-02-11 05:20:00,6958.5,6962.25,6957.75,6961.25,1000
2026-02-11 05:25:00,6961.25,6963.25,6959.25,6961.5,1000
2026-02-11 05:30:00,6961.25,6961.5,6959.25,6960.0,1000
2026-02-11 05:35:00,6960.0,6962.0,6958.5,6961.75,1000
2026-02-11 05:40:00,6961.5,6962.25,6961.0,6961.75,1000
2026-02-11 05:45:00,6962.0,6962.25,6958.25,6958.75,1000
2026-02-11 05:50:00,6958.5,6959.5,6957.25,6958.75,1000
2026-02-11 05:55:00,6959.0,6964.75,6959.0,6964.25,1000
2026-02-11 06:00:00,6964.25,6968.5,6964.25,6968.25,1000
2026-02-11 06:05:00,6968.25,6968.75,6966.5,6967.25,1000
2026-02-11 06:10:00,6967.25,6967.75,6966.75,6967.0,1000
2026-02-11 06:15:00,6967.0,6971.25,6967.0,6970.25,1000
2026-02-11 06:20:00,6970.25,6972.0,6969.5,6970.5,1000
2026-02-11 06:25:00,6970.5,6973.25,6970.5,6972.75,1000
2026-02-11 06:30:00,6972.5,6972.75,6970.75,6971.25,1000
2026-02-11 06:35:00,6971.25,6972.0,6969.25,6970.0,1000
2026-02-11 06:40:00,6969.75,6969.75,6964.0,6966.25,1000
2026-02-11 06:45:00,6966.25,6969.75,6963.75,6966.5,1000
2026-02-11 06:50:00,6966.25,6969.0,6966.0,6968.25,1000
2026-02-11 06:55:00,6968.0,6968.0,6963.25,6963.75,1000
2026-02-11 07:00:00,6963.5,6968.75,6963.0,6966.0,1000
2026-02-11 07:05:00,6966.0,6969.5,6965.0,6969.0,1000
2026-02-11 07:10:00,6969.0,6971.25,6967.75,6970.5,1000
2026-02-11 07:15:00,6970.25,6970.5,6967.75,6968.0,1000
2026-02-11 07:20:00,6968.0,6971.0,6968.0,6970.0,1000
2026-02-11 07:25:00,6970.0,6970.25,6967.25,6967.75,1000
2026-02-11 07:30:00,6967.75,6969.0,6966.0,6967.25,1000
2026-02-11 07:35:00,6967.5,6969.0,6966.0,6968.75,1000
2026-02-11 07:40:00,6969.0,6969.0,6966.25,6968.0,1000
2026-02-11 07:45:00,6967.75,6968.5,6966.0,6968.0,1000
2026-02-11 07:50:00,6968.0,6968.5,6964.5,6964.5,1000
2026-02-11 07:55:00,6964.75,6968.0,6964.25,6967.5,1000
2026-02-11 08:00:00,6967.5,6968.75,6966.5,6968.0,1000
2026-02-11 08:05:00,6968.25,6970.25,6968.0,6968.25,1000
2026-02-11 08:10:00,6968.5,6970.25,6967.25,6970.0,1000
2026-02-11 08:15:00,6969.75,6975.25,6969.75,6975.0,1000
2026-02-11 08:20:00,6975.0,6975.25,6971.25,6972.75,1000
2026-02-11 08:25:00,6973.0,6974.0,6971.75,6972.25,1000
2026-02-11 08:30:00,6972.75,6997.0,6972.0,6995.75,1000
2026-02-11 08:35:00,6995.75,6996.0,6990.25,6992.0,1000
2026-02-11 08:40:00,6992.25,6992.75,6987.0,6989.75,1000
2026-02-11 08:45:00,6989.75,6999.75,6989.75,6997.5,1000
2026-02-11 08:50:00,6997.25,7001.75,6993.0,7000.75,1000
2026-02-11 08:55:00,7000.5,7006.25,7000.25,7004.75,1000
2026-02-11 09:00:00,7004.75,7005.25,7000.75,7002.75,1000
2026-02-11 09:05:00,7002.5,7003.5,7000.5,7001.0,1000
2026-02-11 09:10:00,7001.0,7002.0,6999.5,7001.5,1000
2026-02-11 09:15:00,7001.25,7002.0,6998.75,7001.25,1000
2026-02-11 09:20:00,7001.25,7003.0,7000.5,7002.75,1000
2026-02-11 09:25:00,7002.75,7007.5,7002.75,7004.0,1000
2026-02-11 09:30:00,7003.75,7011.5,7000.0,7001.0,1000
2026-02-11 09:35:00,7001.0,7003.0,6992.25,6993.0,1000
2026-02-11 09:40:00,6993.0,6998.5,6991.5,6994.0,1000
2026-02-11 09:45:00,6994.0,7004.0,6993.0,6996.5,1000
2026-02-11 09:50:00,6996.25,6997.75,6988.75,6991.25,1000
2026-02-11 09:55:00,6991.25,6994.75,6977.25,6981.0,1000
2026-02-11 10:00:00,6981.25,6987.5,6973.75,6976.5,1000
2026-02-11 10:05:00,6976.75,6977.75,6966.0,6966.25,1000
2026-02-11 10:10:00,6966.25,6967.0,6947.75,6956.75,1000
2026-02-11 10:15:00,6956.75,6958.75,6946.0,6947.25,1000
2026-02-11 10:20:00,6947.25,6948.25,6932.75,6935.25,1000
2026-02-11 10:25:00,6935.0,6944.0,6931.0,6936.25,1000
2026-02-11 10:30:00,6936.5,6947.25,6934.75,6946.75,1000
2026-02-11 10:35:00,6946.5,6953.25,6941.75,6952.25,1000
2026-02-11 10:40:00,6952.25,6956.75,6946.5,6951.5,1000
2026-02-11 10:45:00,6951.25,6956.25,6943.0,6944.0,1000
2026-02-11 10:50:00,6944.0,6965.0,6941.75,6964.25,1000
2026-02-11 10:55:00,6964.0,6965.75,6961.0,6963.0,1000
2026-02-11 11:00:00,6962.75,6966.25,6955.25,6957.5,1000
2026-02-11 11:05:00,6957.5,6959.25,6953.25,6954.25,1000
2026-02-11 11:10:00,6954.25,6968.75,6953.75,6967.75,1000
2026-02-11 11:15:00,6967.75,6969.0,6963.0,6967.75,1000
2026-02-11 11:20:00,6968.0,6974.0,6966.75,6972.5,1000
2026-02-11 11:25:00,6972.5,6973.75,6957.5,6957.75,1000
2026-02-11 11:30:00,6957.75,6966.5,6954.5,6963.5,1000
2026-02-11 11:35:00,6963.75,6967.5,6959.0,6967.25,1000
2026-02-11 11:40:00,6967.5,6973.25,6966.75,6969.5,1000
2026-02-11 11:45:00,6969.75,6973.0,6964.5,6966.25,1000
2026-02-11 11:50:00,6966.25,6970.0,6963.75,6967.0,1000
2026-02-11 11:55:00,6967.25,6967.5,6959.5,6960.25,1000
2026-02-11 12:00:00,6960.0,6960.75,6953.25,6954.25,1000
2026-02-11 12:05:00,6954.0,6963.5,6954.0,6963.25,1000
2026-02-11 12:10:00,6963.25,6965.5,6959.0,6963.0,1000
2026-02-11 12:15:00,6963.0,6970.0,6960.5,6965.5,1000
2026-02-11 12:20:00,6965.25,6971.25,6961.5,6970.75,1000
2026-02-11 12:25:00,6971.0,6978.0,6971.0,6975.75,1000
2026-02-11 12:30:00,6975.75,6976.25,6970.75,6972.0,1000
2026-02-11 12:35:00,6972.0,6974.0,6969.5,6971.75,1000
2026-02-11 12:40:00,6972.0,6978.5,6972.0,6977.0,1000
2026-02-11 12:45:00,6976.75,6978.0,6972.75,6976.5,1000
2026-02-11 12:50:00,6976.5,6979.75,6973.0,6975.0,1000
2026-02-11 12:55:00,6975.0,6975.25,6965.0,6967.25,1000
2026-02-11 13:00:00,6967.25,6969.25,6962.5,6965.5,1000
2026-02-11 13:05:00,6965.5,6966.25,6959.75,6959.75,1000
2026-02-11 13:10:00,6959.75,6959.75,6954.75,6956.0,1000
2026-02-11 13:15:00,6955.75,6964.75,6953.5,6960.75,1000
2026-02-11 13:20:00,6960.5,6963.5,6958.0,6961.75,1000
2026-02-11 13:25:00,6961.5,6968.5,6960.0,6967.5,1000
2026-02-11 13:30:00,6967.5,6969.75,6962.5,6962.75,1000
2026-02-11 13:35:00,6962.5,6967.75,6961.75,6967.0,1000
2026-02-11 13:40:00,6967.0,6967.0,6961.0,6963.5,1000
2026-02-11 13:45:00,6963.75,6968.5,6963.25,6968.5,1000
2026-02-11 13:50:00,6968.5,6969.5,6959.75,6968.5,1000
2026-02-11 13:55:00,6968.5,6969.5,6965.75,6967.0,1000
2026-02-11 14:00:00,6967.0,6968.0,6963.75,6967.75,1000
2026-02-11 14:05:00,6968.0,6968.75,6960.75,6966.0,1000
2026-02-11 14:10:00,6966.0,6974.0,6964.75,6972.5,1000
2026-02-11 14:15:00,6972.25,6974.75,6971.75,6972.5,1000
2026-02-11 14:20:00,6972.5,6977.0,6972.25,6976.25,1000
2026-02-11 14:25:00,6976.5,6979.25,6975.0,6977.0,1000
2026-02-11 14:30:00,6977.0,6977.0,6972.5,6976.25,1000
2026-02-11 14:35:00,6976.25,6978.0,6975.0,6975.0,1000
2026-02-11 14:40:00,6974.75,6977.25,6973.5,6976.75,1000
2026-02-11 14:45:00,6976.75,6977.25,6963.5,6971.5,1000
2026-02-11 14:50:00,6971.5,6972.0,6968.0,6970.0,1000
2026-02-11 14:55:00,6970.0,6971.5,6967.5,6968.75,1000
2026-02-11 15:00:00,6968.5,6970.5,6967.25,6969.5,1000
2026-02-11 15:05:00,6969.5,6970.25,6966.25,6967.0,1000
2026-02-11 15:10:00,6967.25,6968.5,6965.75,6967.0,1000
2026-02-11 15:15:00,6967.25,6970.25,6965.5,6966.75,1000
2026-02-11 15:20:00,6966.75,6967.25,6962.75,6966.0,1000
2026-02-11 15:25:00,6966.0,6967.0,6961.0,6962.0,1000
2026-02-11 15:30:00,6962.0,6963.0,6958.0,6959.25,1000
2026-02-11 15:35:00,6959.25,6966.0,6958.5,6966.0,1000
2026-02-11 15:40:00,6965.75,6969.0,6963.5,6964.5,1000
2026-02-11 15:45:00,6964.5,6969.5,6964.0,6968.75,1000
2026-02-11 15:50:00,6968.75,6969.75,6961.25,6967.0,1000
2026-02-11 15:55:00,6967.0,6967.0,6955.75,6958.75,1000
2026-02-11 16:00:00,6959.0,6962.0,6958.25,6961.0,1000
2026-02-11 16:05:00,6961.0,6967.0,6961.0,6966.0,1000
2026-02-11 16:10:00,6966.0,6966.25,6962.25,6962.5,1000
2026-02-11 16:15:00,6962.75,6967.0,6962.75,6964.25,1000
2026-02-11 16:20:00,6964.0,6964.25,6962.5,6963.5,1000
2026-02-11 16:25:00,6963.25,6965.75,6963.25,6965.5,1000
2026-02-11 16:30:00,6965.5,6967.25,6965.25,6965.5,1000
2026-02-11 16:35:00,6965.5,6966.5,6965.0,6966.0,1000
2026-02-11 16:40:00,6965.75,6966.25,6964.75,6965.5,1000
2026-02-11 16:45:00,6965.5,6967.75,6964.25,6966.25,1000
2026-02-11 16:50:00,6966.0,6966.5,6964.75,6965.5,1000
2026-02-11 16:55:00,6965.5,6966.5,6962.75,6963.0,1000
2026-02-11 18:00:00,6964.5,6968.5,6962.25,6965.0,1000
2026-02-11 18:05:00,6965.25,6965.25,6960.25,6961.75,1000
2026-02-11 18:10:00,6961.75,6963.0,6959.25,6959.75,1000
2026-02-11 18:15:00,6959.5,6963.25,6959.25,6960.0,1000
2026-02-11 18:20:00,6960.25,6962.5,6960.25,6961.5,1000
2026-02-11 18:25:00,6961.5,6961.5,6957.5,6957.75,1000
2026-02-11 18:30:00,6957.75,6958.25,6953.5,6955.25,1000
2026-02-11 18:35:00,6955.25,6957.0,6952.25,6957.0,1000
2026-02-11 18:40:00,6956.75,6958.75,6956.0,6957.5,1000
2026-02-11 18:45:00,6957.75,6959.75,6957.0,6957.25,1000
2026-02-11 18:50:00,6957.25,6958.5,6955.5,6957.75,1000
2026-02-11 18:55:00,6957.5,6958.75,6956.0,6957.5,1000
2026-02-11 19:00:00,6957.25,6960.0,6955.0,6957.75,1000
2026-02-11 19:05:00,6957.5,6961.25,6955.25,6955.75,1000
2026-02-11 19:10:00,6955.75,6957.0,6955.25,6956.75,1000
2026-02-11 19:15:00,6956.75,6958.5,6956.0,6956.5,1000
2026-02-11 19:20:00,6956.5,6957.0,6953.25,6954.75,1000
2026-02-11 19:25:00,6955.0,6956.5,6954.0,6956.0,1000
2026-02-11 19:30:00,6956.25,6959.25,6956.0,6959.0,1000
2026-02-11 19:35:00,6959.0,6962.75,6959.0,6960.75,1000
2026-02-11 19:40:00,6961.0,6964.5,6960.75,6964.0,1000
2026-02-11 19:45:00,6964.0,6964.5,6962.25,6963.0,1000
2026-02-11 19:50:00,6963.25,6964.0,6962.75,6963.75,1000
2026-02-11 19:55:00,6964.0,6964.25,6963.25,6963.5,1000
2026-02-11 20:00:00,6963.75,6965.5,6962.75,6962.75,1000
2026-02-11 20:05:00,6962.75,6965.0,6962.0,6964.75,1000
2026-02-11 20:10:00,6965.0,6966.5,6964.75,6965.5,1000
2026-02-11 20:15:00,6965.25,6965.25,6960.5,6962.0,1000
2026-02-11 20:20:00,6961.75,6962.75,6960.0,6961.75,1000
2026-02-11 20:25:00,6961.75,6968.25,6961.75,6967.0,1000
2026-02-11 20:30:00,6966.75,6969.75,6965.5,6969.25,1000
2026-02-11 20:35:00,6969.0,6973.25,6969.0,6971.75,1000
2026-02-11 20:40:00,6971.75,6974.25,6971.25,6971.5,1000
2026-02-11 20:45:00,6971.75,6972.75,6969.75,6970.5,1000
2026-02-11 20:50:00,6970.25,6971.25,6968.75,6969.5,1000
2026-02-11 20:55:00,6969.5,6971.5,6969.25,6970.75,1000
2026-02-11 21:00:00,6970.75,6973.25,6968.5,6970.25,1000
2026-02-11 21:05:00,6970.0,6971.75,6969.5,6971.5,1000
2026-02-11 21:10:00,6971.5,6971.75,6968.5,6968.75,1000
2026-02-11 21:15:00,6968.75,6970.0,6965.5,6965.75,1000
2026-02-11 21:20:00,6965.75,6969.25,6965.75,6967.25,1000
2026-02-11 21:25:00,6967.25,6969.25,6966.75,6967.5,1000
2026-02-11 21:30:00,6967.75,6968.75,6967.0,6968.0,1000
2026-02-11 21:35:00,6968.0,6968.75,6966.5,6967.5,1000
2026-02-11 21:40:00,6967.75,6968.5,6966.75,6967.25,1000
2026-02-11 21:45:00,6967.25,6969.5,6966.25,6969.5,1000
2026-02-11 21:50:00,6969.25,6970.0,6968.5,6970.0,1000
2026-02-11 21:55:00,6969.75,6972.75,6969.75,6971.75,1000
2026-02-11 22:00:00,6971.75,6973.75,6970.25,6973.25,1000
2026-02-11 22:05:00,6973.25,6973.75,6972.25,6972.75,1000
2026-02-11 22:10:00,6973.0,6973.75,6972.75,6973.0,1000
2026-02-11 22:15:00,6972.75,6973.25,6971.5,6971.5,1000
2026-02-11 22:20:00,6971.5,6973.0,6971.25,6972.0,1000
2026-02-11 22:25:00,6972.0,6974.75,6970.75,6974.75,1000
2026-02-11 22:30:00,6974.5,6977.5,6974.25,6977.25,1000
2026-02-11 22:35:00,6977.0,6978.0,6976.75,6977.5,1000
2026-02-11 22:40:00,6977.25,6977.75,6976.25,6977.75,1000
2026-02-11 22:45:00,6977.75,6978.0,6976.75,6976.75,1000
2026-02-11 22:50:00,6976.75,6978.0,6976.5,6977.5,1000
2026-02-11 22:55:00,6977.25,6978.0,6976.75,6977.25,1000
2026-02-11 23:00:00,6977.25,6978.0,6976.5,6977.75,1000
2026-02-11 23:05:00,6977.5,6978.0,6976.0,6977.25,1000
2026-02-11 23:10:00,6977.25,6977.75,6976.75,6977.5,1000
2026-02-11 23:15:00,6977.5,6980.75,6977.0,6978.75,1000
2026-02-11 23:20:00,6978.75,6981.75,6978.75,6981.25,1000
2026-02-11 23:25:00,6981.25,6983.25,6981.0,6982.5,1000
2026-02-11 23:30:00,6982.5,6982.75,6979.0,6980.25,1000
2026-02-11 23:35:00,6980.0,6980.25,6978.75,6979.5,1000
2026-02-11 23:40:00,6979.25,6979.25,6978.0,6978.25,1000
2026-02-11 23:45:00,6978.5,6980.5,6978.0,6980.0,1000
2026-02-11 23:50:00,6980.0,6980.75,6979.25,6979.25,1000
2026-02-11 23:55:00,6979.25,6980.75,6979.0,6979.75,1000
2026-02-12 00:00:00,6980.0,6982.5,6980.0,6982.5,1000
2026-02-12 00:05:00,6982.25,6982.75,6981.75,6982.25,1000
2026-02-12 00:10:00,6982.5,6982.75,6981.5,6982.5,1000
2026-02-12 00:15:00,6982.75,6984.25,6982.25,6983.25,1000
2026-02-12 00:20:00,6983.25,6984.25,6982.25,6982.5,1000
2026-02-12 00:25:00,6982.25,6982.75,6981.75,6982.0,1000
2026-02-12 00:30:00,6981.75,6982.0,6981.0,6981.0,1000
2026-02-12 00:35:00,6981.25,6981.5,6980.5,6980.75,1000
2026-02-12 00:40:00,6980.75,6983.5,6980.75,6981.75,1000
2026-02-12 00:45:00,6981.75,6982.75,6981.75,6982.5,1000
2026-02-12 00:50:00,6982.5,6982.75,6981.0,6982.0,1000
2026-02-12 00:55:00,6981.75,6982.75,6980.75,6982.25,1000
2026-02-12 01:00:00,6982.25,6982.75,6979.0,6979.25,1000
2026-02-12 01:05:00,6979.5,6980.0,6978.75,6979.5,1000
2026-02-12 01:10:00,6979.5,6983.0,6979.5,6981.25,1000
2026-02-12 01:15:00,6981.5,6982.75,6978.75,6979.0,1000
2026-02-12 01:20:00,6979.0,6979.0,6977.0,6977.75,1000
2026-02-12 01:25:00,6978.0,6979.75,6977.75,6978.75,1000
2026-02-12 01:30:00,6978.75,6981.0,6974.75,6975.0,1000
2026-02-12 01:35:00,6975.25,6975.75,6973.25,6974.75,1000
2026-02-12 01:40:00,6974.75,6974.75,6972.5,6973.5,1000
2026-02-12 01:45:00,6973.25,6975.25,6972.75,6975.25,1000
2026-02-12 01:50:00,6975.25,6976.25,6974.5,6975.5,1000
2026-02-12 01:55:00,6975.5,6977.0,6975.0,6976.5,1000
2026-02-12 02:00:00,6976.5,6979.5,6975.5,6979.0,1000
2026-02-12 02:05:00,6979.25,6979.75,6976.75,6977.25,1000
2026-02-12 02:10:00,6977.25,6979.0,6977.0,6978.25,1000
2026-02-12 02:15:00,6978.5,6979.5,6977.75,6979.0,1000
2026-02-12 02:20:00,6979.0,6981.5,6978.0,6981.5,1000
2026-02-12 02:25:00,6981.75,6982.75,6980.75,6981.25,1000
2026-02-12 02:30:00,6981.5,6982.25,6980.75,6981.5,1000
2026-02-12 02:35:00,6981.5,6983.0,6981.5,6982.0,1000
2026-02-12 02:40:00,6982.0,6982.75,6980.5,6980.75,1000
2026-02-12 02:45:00,6980.75,6981.5,6979.5,6981.5,1000
2026-02-12 02:50:00,6981.5,6981.5,6980.0,6980.75,1000
2026-02-12 02:55:00,6980.5,6982.25,6980.25,6981.75,1000
2026-02-12 03:00:00,6981.75,6984.75,6981.75,6983.25,1000
2026-02-12 03:05:00,6983.0,6985.0,6981.0,6983.5,1000
2026-02-12 03:10:00,6983.5,6984.5,6979.0,6981.25,1000
2026-02-12 03:15:00,6981.0,6983.25,6980.75,6982.0,1000
2026-02-12 03:20:00,6982.0,6982.5,6979.25,6979.25,1000
2026-02-12 03:25:00,6979.25,6981.25,6978.0,6979.0,1000
2026-02-12 03:30:00,6979.0,6980.25,6975.5,6976.25,1000
2026-02-12 03:35:00,6976.25,6977.5,6974.75,6975.25,1000
2026-02-12 03:40:00,6975.25,6977.75,6975.0,6976.75,1000
2026-02-12 03:45:00,6976.5,6978.75,6976.0,6977.5,1000
2026-02-12 03:50:00,6977.25,6980.5,6977.0,6979.75,1000
2026-02-12 03:55:00,6979.75,6983.5,6979.75,6981.75,1000
2026-02-12 04:00:00,6981.5,6983.5,6980.5,6982.5,1000
2026-02-12 04:05:00,6982.75,6983.0,6981.0,6982.5,1000
2026-02-12 04:10:00,6983.0,6985.0,6982.5,6983.5,1000
2026-02-12 04:15:00,6983.75,6985.75,6982.25,6982.75,1000
2026-02-12 04:20:00,6982.75,6983.75,6981.75,6982.75,1000
2026-02-12 04:25:00,6982.75,6984.0,6982.0,6982.25,1000
2026-02-12 04:30:00,6982.25,6983.75,6980.75,6983.25,1000
2026-02-12 04:35:00,6983.0,6985.0,6982.5,6982.75,1000
2026-02-12 04:40:00,6983.0,6983.25,6981.75,6981.75,1000
2026-02-12 04:45:00,6981.75,6982.25,6979.0,6980.75,1000
2026-02-12 04:50:00,6980.75,6983.25,6980.75,6983.0,1000
2026-02-12 04:55:00,6982.75,6984.0,6981.75,6983.5,1000
2026-02-12 05:00:00,6983.5,6986.25,6982.25,6985.25,1000
2026-02-12 05:05:00,6985.25,6985.5,6983.25,6983.25,1000
2026-02-12 05:10:00,6983.5,6983.5,6978.5,6979.0,1000
2026-02-12 05:15:00,6978.75,6980.5,6978.0,6979.75,1000
2026-02-12 05:20:00,6979.5,6979.5,6976.25,6976.25,1000
2026-02-12 05:25:00,6976.25,6978.5,6976.25,6977.75,1000
2026-02-12 05:30:00,6977.75,6979.5,6977.75,6979.0,1000
2026-02-12 05:35:00,6979.25,6979.25,6977.5,6978.75,1000
2026-02-12 05:40:00,6978.75,6980.25,6978.25,6978.25,1000
2026-02-12 05:45:00,6978.75,6979.25,6977.5,6978.0,1000
2026-02-12 05:50:00,6978.0,6979.25,6977.75,6978.5,1000
2026-02-12 05:55:00,6978.5,6979.5,6978.5,6979.5,1000
2026-02-12 06:00:00,6979.5,6981.25,6978.75,6979.5,1000
2026-02-12 06:05:00,6979.5,6981.25,6979.0,6981.25,1000
2026-02-12 06:10:00,6981.25,6983.0,6980.5,6982.0,1000
2026-02-12 06:15:00,6982.0,6983.25,6981.5,6982.75,1000
2026-02-12 06:20:00,6982.5,6983.25,6980.75,6981.75,1000
2026-02-12 06:25:00,6981.75,6984.25,6981.5,6983.75,1000
2026-02-12 06:30:00,6983.5,6984.0,6982.0,6982.25,1000
2026-02-12 06:35:00,6982.0,6982.0,6979.75,6980.0,1000
2026-02-12 06:40:00,6980.25,6980.25,6979.0,6979.5,1000
2026-02-12 06:45:00,6979.5,6981.5,6979.25,6981.5,1000
2026-02-12 06:50:00,6981.5,6983.0,6981.25,6982.5,1000
2026-02-12 06:55:00,6982.5,6984.0,6981.75,6983.5,1000
2026-02-12 07:00:00,6983.25,6983.5,6980.0,6980.5,1000
2026-02-12 07:05:00,6980.25,6981.75,6979.5,6981.0,1000
2026-02-12 07:10:00,6981.0,6982.0,6978.75,6981.5,1000
2026-02-12 07:15:00,6981.5,6982.0,6980.25,6981.75,1000
2026-02-12 07:20:00,6982.0,6983.0,6981.5,6982.5,1000
2026-02-12 07:25:00,6982.5,6983.25,6981.0,6983.0,1000
2026-02-12 07:30:00,6983.0,6985.0,6982.5,6984.25,1000
2026-02-12 07:35:00,6984.0,6985.0,6983.25,6984.5,1000
2026-02-12 07:40:00,6984.5,6986.75,6982.75,6983.25,1000
2026-02-12 07:45:00,6983.25,6983.5,6981.75,6983.5,1000
2026-02-12 07:50:00,6983.25,6984.25,6979.5,6980.75,1000
2026-02-12 07:55:00,6980.5,6981.75,6979.5,6980.0,1000
2026-02-12 08:00:00,6980.0,6980.25,6976.75,6976.75,1000
2026-02-12 08:05:00,6976.75,6978.25,6975.5,6978.0,1000
2026-02-12 08:10:00,6977.75,6978.25,6974.5,6974.5,1000
2026-02-12 08:15:00,6974.5,6975.75,6973.5,6975.5,1000
2026-02-12 08:20:00,6975.25,6975.75,6974.0,6975.0,1000
2026-02-12 08:25:00,6975.25,6978.0,6974.25,6977.75,1000
2026-02-12 08:30:00,6978.0,6983.25,6976.0,6982.75,1000
2026-02-12 08:35:00,6983.0,6986.75,6981.75,6985.75,1000
2026-02-12 08:40:00,6985.75,6991.5,6985.5,6988.75,1000
2026-02-12 08:45:00,6989.0,6989.25,6985.5,6987.0,1000
2026-02-12 08:50:00,6986.75,6987.0,6983.75,6985.5,1000
2026-02-12 08:55:00,6985.5,6988.5,6985.5,6986.5,1000
2026-02-12 09:00:00,6986.5,6986.75,6982.25,6983.0,1000
2026-02-12 09:05:00,6983.25,6985.0,6982.5,6984.75,1000
2026-02-12 09:10:00,6984.75,6985.25,6981.0,6981.25,1000
2026-02-12 09:15:00,6981.25,6982.5,6980.25,6981.5,1000
2026-02-12 09:20:00,6981.5,6982.75,6980.0,6980.75,1000
2026-02-12 09:25:00,6981.0,6982.5,6979.5,6981.25,1000
2026-02-12 09:30:00,6981.5,6989.25,6979.75,6988.75,1000
2026-02-12 09:35:00,6988.75,6990.0,6982.5,6987.25,1000
2026-02-12 09:40:00,6987.25,6992.75,6978.75,6979.25,1000
2026-02-12 09:45:00,6979.25,6982.75,6970.0,6972.0,1000
2026-02-12 09:50:00,6972.0,6979.0,6969.5,6976.5,1000
2026-02-12 09:55:00,6976.25,6976.5,6962.0,6967.25,1000
2026-02-12 10:00:00,6967.0,6975.25,6962.25,6965.25,1000
2026-02-12 10:05:00,6965.25,6971.25,6960.25,6962.75,1000
2026-02-12 10:10:00,6963.0,6973.0,6961.0,6972.5,1000
2026-02-12 10:15:00,6972.5,6975.0,6966.75,6967.0,1000
2026-02-12 10:20:00,6966.75,6976.0,6964.0,6969.25,1000
2026-02-12 10:25:00,6969.25,6972.5,6965.75,6969.5,1000
2026-02-12 10:30:00,6969.75,6974.0,6958.0,6958.25,1000
2026-02-12 10:35:00,6958.25,6960.25,6948.25,6950.25,1000
2026-02-12 10:40:00,6950.25,6952.0,6941.75,6942.5,1000
2026-02-12 10:45:00,6942.25,6947.75,6940.75,6943.75,1000
2026-02-12 10:50:00,6943.75,6946.75,6933.5,6933.75,1000
2026-02-12 10:55:00,6933.75,6935.0,6924.25,6925.0,1000
2026-02-12 11:00:00,6925.0,6926.25,6917.75,6919.75,1000
2026-02-12 11:05:00,6919.75,6921.0,6906.5,6908.5,1000
2026-02-12 11:10:00,6908.5,6909.75,6898.5,6901.5,1000
2026-02-12 11:15:00,6901.25,6903.0,6889.25,6893.25,1000
2026-02-12 11:20:00,6893.25,6894.75,6881.75,6888.0,1000
2026-02-12 11:25:00,6888.0,6889.0,6873.5,6874.0,1000
2026-02-12 11:30:00,6874.0,6888.75,6873.0,6883.5,1000
2026-02-12 11:35:00,6883.5,6896.25,6882.0,6893.75,1000
2026-02-12 11:40:00,6893.75,6896.5,6885.25,6887.25,1000
2026-02-12 11:45:00,6887.25,6891.5,6878.5,6883.25,1000
2026-02-12 11:50:00,6883.25,6887.25,6876.75,6880.25,1000
2026-02-12 11:55:00,6880.0,6885.5,6879.5,6884.5,1000
2026-02-12 12:00:00,6884.5,6884.75,6871.75,6882.25,1000
2026-02-12 12:05:00,6882.25,6889.25,6874.0,6886.5,1000
2026-02-12 12:10:00,6886.5,6886.5,6874.25,6876.25,1000
2026-02-12 12:15:00,6876.25,6879.5,6872.75,6873.25,1000
2026-02-12 12:20:00,6873.25,6888.25,6873.25,6886.75,1000
2026-02-12 12:25:00,6886.75,6890.75,6876.75,6879.25,1000
2026-02-12 12:30:00,6879.5,6886.25,6876.75,6885.0,1000
2026-02-12 12:35:00,6885.0,6894.0,6884.75,6886.5,1000
2026-02-12 12:40:00,6886.5,6892.0,6883.25,6889.25,1000
2026-02-12 12:45:00,6889.5,6892.0,6879.0,6882.5,1000
2026-02-12 12:50:00,6882.5,6887.25,6873.25,6875.25,1000
2026-02-12 12:55:00,6875.25,6878.0,6867.0,6867.75,1000
2026-02-12 13:00:00,6867.75,6874.25,6862.25,6869.25,1000
2026-02-12 13:05:00,6869.25,6879.25,6868.75,6871.5,1000
2026-02-12 13:10:00,6871.75,6873.75,6868.5,6871.0,1000
2026-02-12 13:15:00,6871.0,6871.25,6862.25,6864.25,1000
2026-02-12 13:20:00,6864.0,6875.75,6864.0,6873.75,1000
2026-02-12 13:25:00,6873.5,6875.5,6860.0,6869.5,1000
2026-02-12 13:30:00,6869.75,6873.75,6865.75,6871.5,1000
2026-02-12 13:35:00,6871.75,6880.5,6870.0,6880.5,1000
2026-02-12 13:40:00,6880.5,6887.5,6876.75,6886.5,1000
2026-02-12 13:45:00,6886.75,6888.75,6883.25,6884.0,1000
2026-02-12 13:50:00,6884.0,6891.5,6881.75,6888.5,1000
2026-02-12 13:55:00,6888.5,6890.75,6881.0,6885.0,1000
2026-02-12 14:00:00,6885.25,6889.5,6881.25,6883.0,1000
2026-02-12 14:05:00,6882.75,6887.5,6882.5,6882.75,1000
2026-02-12 14:10:00,6882.75,6884.5,6874.0,6879.5,1000
2026-02-12 14:15:00,6879.5,6889.75,6879.5,6888.5,1000
2026-02-12 14:20:00,6888.75,6892.25,6887.0,6890.0,1000
2026-02-12 14:25:00,6890.0,6891.0,6878.25,6879.75,1000
2026-02-12 14:30:00,6879.5,6889.0,6879.5,6886.25,1000
2026-02-12 14:35:00,6886.5,6891.75,6885.25,6891.25,1000
2026-02-12 14:40:00,6891.25,6893.75,6886.0,6888.25,1000
2026-02-12 14:45:00,6888.5,6896.0,6888.5,6895.75,1000
2026-02-12 14:50:00,6895.25,6898.0,6891.0,6891.75,1000
2026-02-12 14:55:00,6891.75,6896.25,6886.0,6889.75,1000
2026-02-12 15:00:00,6890.0,6893.0,6887.75,6892.25,1000
2026-02-12 15:05:00,6892.25,6893.75,6884.5,6885.5,1000
2026-02-12 15:10:00,6885.5,6887.25,6880.0,6886.5,1000
2026-02-12 15:15:00,6886.5,6886.75,6878.5,6879.5,1000
2026-02-12 15:20:00,6879.25,6879.5,6873.5,6875.5,1000
2026-02-12 15:25:00,6875.5,6876.0,6869.0,6870.25,1000
2026-02-12 15:30:00,6870.0,6872.0,6863.25,6867.25,1000
2026-02-12 15:35:00,6867.5,6869.75,6865.25,6867.25,1000
2026-02-12 15:40:00,6867.25,6871.75,6862.25,6864.75,1000
2026-02-12 15:45:00,6865.0,6865.75,6854.0,6856.75,1000
2026-02-12 15:50:00,6856.75,6856.75,6842.0,6855.5,1000
2026-02-12 15:55:00,6855.5,6856.5,6847.5,6850.5,1000
2026-02-12 16:00:00,6850.75,6852.0,6846.75,6850.75,1000
2026-02-12 16:05:00,6851.0,6855.75,6849.0,6854.75,1000
2026-02-12 16:10:00,6854.5,6857.0,6853.5,6856.0,1000
2026-02-12 16:15:00,6856.0,6857.5,6854.0,6857.0,1000
2026-02-12 16:20:00,6856.75,6858.5,6856.25,6857.75,1000
2026-02-12 16:25:00,6858.0,6859.75,6856.5,6859.5,1000
2026-02-12 16:30:00,6859.5,6863.0,6859.0,6862.25,1000
2026-02-12 16:35:00,6862.25,6864.0,6862.0,6862.0,1000
2026-02-12 16:40:00,6862.0,6863.0,6860.75,6861.75,1000
2026-02-12 16:45:00,6862.0,6863.25,6860.25,6863.25,1000
2026-02-12 16:50:00,6863.25,6865.0,6863.0,6863.5,1000
2026-02-12 16:55:00,6863.5,6863.5,6860.75,6861.75,1000
2026-02-12 18:00:00,6865.5,6865.5,6856.5,6858.5,1000
2026-02-12 18:05:00,6858.25,6864.0,6855.0,6863.5,1000
2026-02-12 18:10:00,6863.75,6865.5,6862.25,6862.5,1000
2026-02-12 18:15:00,6862.5,6867.0,6861.75,6862.5,1000
2026-02-12 18:20:00,6862.5,6863.5,6860.25,6861.75,1000
2026-02-12 18:25:00,6861.75,6864.25,6861.5,6864.0,1000
2026-02-12 18:30:00,6864.25,6865.75,6852.25,6856.75,1000
2026-02-12 18:35:00,6856.75,6859.0,6847.25,6849.5,1000
2026-02-12 18:40:00,6849.75,6854.0,6847.25,6853.0,1000
2026-02-12 18:45:00,6853.25,6858.25,6851.5,6857.5,1000
2026-02-12 18:50:00,6857.5,6862.0,6857.5,6861.5,1000
2026-02-12 18:55:00,6861.25,6863.25,6859.75,6860.75,1000
2026-02-12 19:00:00,6860.5,6868.5,6856.5,6866.5,1000
2026-02-12 19:05:00,6866.0,6868.75,6864.5,6865.75,1000
2026-02-12 19:10:00,6866.0,6867.5,6862.75,6864.0,1000
2026-02-12 19:15:00,6863.75,6864.75,6860.75,6861.75,1000
2026-02-12 19:20:00,6861.5,6864.0,6854.25,6855.5,1000
2026-02-12 19:25:00,6855.5,6856.0,6849.5,6852.5,1000
2026-02-12 19:30:00,6852.25,6854.75,6851.0,6851.5,1000
2026-02-12 19:35:00,6851.75,6853.0,6849.5,6852.25,1000
2026-02-12 19:40:00,6852.25,6853.75,6845.25,6846.0,1000
2026-02-12 19:45:00,6846.0,6847.5,6840.25,6843.75,1000
2026-02-12 19:50:00,6843.5,6846.0,6840.75,6842.25,1000
2026-02-12 19:55:00,6842.5,6847.0,6842.25,6844.75,1000
2026-02-12 20:00:00,6844.75,6852.75,6844.75,6852.5,1000
2026-02-12 20:05:00,6852.5,6859.25,6851.25,6858.0,1000
2026-02-12 20:10:00,6857.75,6859.25,6856.5,6858.5,1000
2026-02-12 20:15:00,6858.25,6860.75,6857.0,6859.25,1000
2026-02-12 20:20:00,6859.0,6859.75,6853.75,6853.75,1000
2026-02-12 20:25:00,6853.75,6858.25,6853.0,6856.75,1000
2026-02-12 20:30:00,6856.5,6858.5,6854.25,6857.75,1000
2026-02-12 20:35:00,6857.5,6859.5,6855.5,6858.5,1000
2026-02-12 20:40:00,6858.5,6859.5,6856.25,6857.25,1000
2026-02-12 20:45:00,6856.75,6859.75,6856.0,6858.75,1000
2026-02-12 20:50:00,6859.0,6861.5,6855.5,6855.5,1000
2026-02-12 20:55:00,6855.5,6856.0,6851.0,6854.5,1000
2026-02-12 21:00:00,6854.5,6862.5,6854.5,6859.75,1000
2026-02-12 21:05:00,6859.25,6861.75,6858.0,6861.25,1000
2026-02-12 21:10:00,6861.5,6862.25,6860.5,6861.0,1000
2026-02-12 21:15:00,6861.0,6861.25,6857.5,6858.0,1000
2026-02-12 21:20:00,6858.25,6859.5,6856.25,6858.0,1000
2026-02-12 21:25:00,6858.0,6859.5,6855.75,6859.25,1000
2026-02-12 21:30:00,6859.25,6862.25,6859.25,6861.0,1000
2026-02-12 21:35:00,6861.0,6862.25,6860.5,6861.75,1000
2026-02-12 21:40:00,6861.5,6861.75,6856.5,6858.25,1000
2026-02-12 21:45:00,6858.0,6859.25,6856.25,6858.0,1000
2026-02-12 21:50:00,6858.0,6859.25,6857.5,6858.0,1000
2026-02-12 21:55:00,6858.0,6859.0,6857.0,6857.5,1000
2026-02-12 22:00:00,6857.75,6861.0,6857.5,6860.0,1000
2026-02-12 22:05:00,6860.0,6860.0,6857.25,6857.5,1000
2026-02-12 22:10:00,6857.75,6858.75,6857.0,6857.25,1000
2026-02-12 22:15:00,6857.25,6858.5,6855.75,6856.0,1000
2026-02-12 22:20:00,6856.0,6856.25,6851.75,6852.25,1000
2026-02-12 22:25:00,6852.25,6853.75,6851.5,6853.0,1000
2026-02-12 22:30:00,6852.75,6857.0,6852.5,6855.25,1000
2026-02-12 22:35:00,6855.5,6856.0,6854.25,6855.5,1000
2026-02-12 22:40:00,6855.5,6855.5,6852.75,6854.25,1000
2026-02-12 22:45:00,6854.25,6855.0,6851.5,6852.0,1000
2026-02-12 22:50:00,6852.0,6853.0,6847.75,6848.5,1000
2026-02-12 22:55:00,6848.25,6848.75,6846.5,6847.0,1000
2026-02-12 23:00:00,6847.25,6848.0,6845.75,6847.25,1000
2026-02-12 23:05:00,6847.5,6849.25,6847.0,6848.0,1000
2026-02-12 23:10:00,6848.25,6851.25,6847.75,6851.0,1000
2026-02-12 23:15:00,6851.0,6858.0,6851.0,6854.25,1000
2026-02-12 23:20:00,6854.5,6855.5,6852.25,6853.75,1000
2026-02-12 23:25:00,6853.75,6855.25,6853.75,6854.75,1000
2026-02-12 23:30:00,6854.5,6855.0,6851.25,6851.25,1000
2026-02-12 23:35:00,6851.5,6852.25,6848.75,6849.5,1000
2026-02-12 23:40:00,6849.5,6851.75,6849.0,6849.5,1000
2026-02-12 23:45:00,6849.75,6851.0,6848.0,6849.5,1000
2026-02-12 23:50:00,6849.5,6850.75,6847.75,6848.75,1000
2026-02-12 23:55:00,6848.75,6850.75,6848.5,6848.75,1000
2026-02-13 00:00:00,6849.0,6851.0,6846.75,6850.25,1000
2026-02-13 00:05:00,6850.0,6850.5,6847.25,6849.5,1000
2026-02-13 00:10:00,6849.5,6849.5,6846.5,6846.5,1000
2026-02-13 00:15:00,6846.5,6847.0,6843.0,6844.0,1000
2026-02-13 00:20:00,6844.0,6844.25,6839.5,6839.75,1000
2026-02-13 00:25:00,6839.75,6840.75,6836.0,6836.75,1000
2026-02-13 00:30:00,6836.75,6839.25,6835.0,6838.0,1000
2026-02-13 00:35:00,6838.25,6841.5,6836.25,6836.5,1000
2026-02-13 00:40:00,6836.75,6840.5,6835.0,6838.5,1000
2026-02-13 00:45:00,6838.25,6842.25,6838.25,6841.0,1000
2026-02-13 00:50:00,6841.0,6841.0,6836.0,6836.0,1000
2026-02-13 00:55:00,6836.0,6840.75,6836.0,6838.0,1000
2026-02-13 01:00:00,6838.0,6841.5,6836.5,6837.5,1000
2026-02-13 01:05:00,6837.5,6841.0,6837.5,6839.5,1000
2026-02-13 01:10:00,6840.0,6841.5,6837.75,6838.75,1000
2026-02-13 01:15:00,6839.0,6841.75,6837.5,6840.75,1000
2026-02-13 01:20:00,6841.0,6841.0,6835.0,6836.25,1000
2026-02-13 01:25:00,6836.25,6836.25,6830.5,6832.5,1000
2026-02-13 01:30:00,6832.5,6833.0,6827.5,6830.5,1000
2026-02-13 01:35:00,6830.5,6830.75,6824.25,6827.75,1000
2026-02-13 01:40:00,6827.5,6829.75,6826.75,6828.75,1000
2026-02-13 01:45:00,6829.25,6833.25,6828.0,6833.0,1000
2026-02-13 01:50:00,6833.0,6837.5,6833.0,6837.0,1000
2026-02-13 01:55:00,6837.25,6839.75,6837.0,6838.0,1000
2026-02-13 02:00:00,6838.0,6843.5,6838.0,6840.0,1000
2026-02-13 02:05:00,6840.0,6843.75,6838.5,6842.75,1000
2026-02-13 02:10:00,6843.0,6845.0,6841.75,6842.75,1000
2026-02-13 02:15:00,6843.0,6846.5,6842.75,6845.25,1000
2026-02-13 02:20:00,6845.25,6847.0,6844.0,6846.75,1000
2026-02-13 02:25:00,6846.75,6847.5,6842.75,6843.0,1000
2026-02-13 02:30:00,6843.0,6844.0,6841.0,6843.75,1000
2026-02-13 02:35:00,6843.5,6843.75,6838.25,6839.5,1000
2026-02-13 02:40:00,6839.5,6841.0,6838.75,6839.5,1000
2026-02-13 02:45:00,6839.75,6840.25,6838.75,6839.25,1000
2026-02-13 02:50:00,6839.25,6841.5,6836.75,6841.5,1000
2026-02-13 02:55:00,6841.25,6843.75,6839.5,6843.25,1000
2026-02-13 03:00:00,6843.5,6846.0,6838.5,6845.5,1000
2026-02-13 03:05:00,6845.75,6849.75,6845.25,6847.5,1000
2026-02-13 03:10:00,6847.5,6848.0,6839.25,6840.0,1000
2026-02-13 03:15:00,6839.75,6840.75,6827.5,6828.75,1000
2026-02-13 03:20:00,6829.0,6838.25,6828.0,6838.0,1000
2026-02-13 03:25:00,6838.0,6843.5,6838.0,6842.25,1000
2026-02-13 03:30:00,6842.0,6845.5,6838.75,6844.25,1000
2026-02-13 03:35:00,6844.25,6845.25,6837.25,6838.5,1000
2026-02-13 03:40:00,6838.5,6844.25,6838.0,6843.75,1000
2026-02-13 03:45:00,6844.0,6849.5,6844.0,6846.75,1000
2026-02-13 03:50:00,6846.75,6849.5,6845.25,6847.0,1000
2026-02-13 03:55:00,6847.0,6847.25,6843.75,6845.75,1000
2026-02-13 04:00:00,6845.75,6846.75,6837.0,6837.75,1000
2026-02-13 04:05:00,6837.5,6845.5,6837.25,6844.0,1000
2026-02-13 04:10:00,6844.25,6847.0,6842.75,6843.0,1000
2026-02-13 04:15:00,6842.75,6850.0,6842.5,6849.5,1000
2026-02-13 04:20:00,6849.5,6853.75,6849.25,6852.0,1000
2026-02-13 04:25:00,6851.75,6854.5,6851.25,6851.5,1000
2026-02-13 04:30:00,6851.5,6853.0,6849.75,6851.75,1000
2026-02-13 04:35:00,6852.0,6852.5,6850.25,6851.0,1000
2026-02-13 04:40:00,6851.0,6853.75,6849.75,6850.0,1000
2026-02-13 04:45:00,6850.25,6854.25,6850.0,6852.75,1000
2026-02-13 04:50:00,6852.75,6854.5,6847.75,6848.25,1000
2026-02-13 04:55:00,6848.25,6848.5,6845.25,6846.75,1000
2026-02-13 05:00:00,6846.5,6850.0,6846.0,6848.75,1000
2026-02-13 05:05:00,6848.75,6849.75,6844.5,6844.75,1000
2026-02-13 05:10:00,6844.75,6850.5,6844.75,6850.0,1000
2026-02-13 05:15:00,6850.25,6851.0,6848.5,6851.0,1000
2026-02-13 05:20:00,6851.25,6853.5,6850.75,6852.75,1000
2026-02-13 05:25:00,6852.75,6853.75,6850.0,6850.75,1000
2026-02-13 05:30:00,6851.0,6851.75,6847.25,6847.5,1000
2026-02-13 05:35:00,6847.0,6848.0,6844.5,6845.0,1000
2026-02-13 05:40:00,6845.25,6848.75,6844.25,6845.5,1000
2026-02-13 05:45:00,6845.5,6847.0,6843.0,6843.75,1000
2026-02-13 05:50:00,6843.75,6843.75,6838.25,6842.25,1000
2026-02-13 05:55:00,6842.25,6842.5,6837.75,6838.0,1000
2026-02-13 06:00:00,6838.25,6839.75,6833.0,6833.25,1000
2026-02-13 06:05:00,6833.0,6835.5,6829.5,6830.25,1000
2026-02-13 06:10:00,6830.25,6831.75,6828.0,6828.5,1000
2026-02-13 06:15:00,6828.25,6833.25,6825.0,6833.0,1000
2026-02-13 06:20:00,6832.5,6832.75,6824.25,6825.75,1000
2026-02-13 06:25:00,6825.75,6831.25,6824.25,6827.75,1000
2026-02-13 06:30:00,6827.5,6831.5,6820.0,6831.0,1000
2026-02-13 06:35:00,6830.75,6835.75,6830.0,6831.5,1000
2026-02-13 06:40:00,6831.75,6833.75,6827.25,6827.5,1000
2026-02-13 06:45:00,6827.75,6830.0,6824.5,6828.0,1000
2026-02-13 06:50:00,6827.75,6833.75,6826.0,6833.75,1000
2026-02-13 06:55:00,6833.75,6837.5,6833.75,6837.0,1000
2026-02-13 07:00:00,6837.0,6842.75,6833.75,6834.5,1000
2026-02-13 07:05:00,6834.75,6834.75,6830.5,6831.25,1000
2026-02-13 07:10:00,6831.0,6834.25,6828.5,6830.25,1000
2026-02-13 07:15:00,6830.0,6834.5,6827.75,6832.5,1000
2026-02-13 07:20:00,6832.5,6837.75,6831.5,6836.0,1000
2026-02-13 07:25:00,6836.0,6838.75,6834.75,6835.75,1000
2026-02-13 07:30:00,6835.75,6841.0,6834.75,6838.25,1000
2026-02-13 07:35:00,6838.25,6839.5,6835.75,6837.25,1000
2026-02-13 07:40:00,6837.25,6839.5,6836.75,6838.5,1000
2026-02-13 07:45:00,6838.5,6838.75,6833.5,6834.25,1000
2026-02-13 07:50:00,6834.25,6841.0,6834.0,6840.25,1000
2026-02-13 07:55:00,6840.5,6843.5,6829.25,6835.5,1000
2026-02-13 08:00:00,6835.25,6840.5,6833.75,6839.75,1000
2026-02-13 08:05:00,6839.5,6840.25,6825.5,6826.0,1000
2026-02-13 08:10:00,6825.5,6828.75,6822.25,6823.25,1000
2026-02-13 08:15:00,6823.25,6832.75,6821.25,6831.5,1000
2026-02-13 08:20:00,6831.75,6839.0,6828.0,6835.75,1000
2026-02-13 08:25:00,6835.75,6846.5,6835.75,6839.0,1000
2026-02-13 08:30:00,6838.5,6865.0,6838.0,6856.0,1000
2026-02-13 08:35:00,6856.0,6856.25,6846.0,6852.5,1000
2026-02-13 08:40:00,6852.25,6858.25,6849.25,6852.75,1000
2026-02-13 08:45:00,6852.5,6855.0,6842.5,6854.75,1000
2026-02-13 08:50:00,6854.75,6856.5,6851.5,6856.0,1000
2026-02-13 08:55:00,6856.25,6860.5,6850.5,6855.0,1000
2026-02-13 09:00:00,6854.75,6862.25,6854.5,6856.25,1000
2026-02-13 09:05:00,6856.25,6856.75,6845.5,6845.5,1000
2026-02-13 09:10:00,6845.75,6851.75,6844.75,6849.25,1000
2026-02-13 09:15:00,6849.25,6851.75,6845.5,6847.25,1000
2026-02-13 09:20:00,6847.0,6848.75,6845.5,6846.75,1000
2026-02-13 09:25:00,6846.75,6854.5,6846.25,6851.5,1000
2026-02-13 09:30:00,6851.5,6859.75,6843.0,6846.5,1000
2026-02-13 09:35:00,6846.5,6847.25,6832.0,6832.75,1000
2026-02-13 09:40:00,6832.75,6839.75,6808.75,6839.0,1000
2026-02-13 09:45:00,6839.0,6862.75,6838.5,6848.5,1000
2026-02-13 09:50:00,6848.75,6849.75,6831.75,6839.25,1000
2026-02-13 09:55:00,6839.0,6855.25,6830.0,6833.5,1000
2026-02-13 10:00:00,6833.25,6851.0,6832.75,6844.25,1000
2026-02-13 10:05:00,6844.25,6859.75,6834.75,6859.0,1000
2026-02-13 10:10:00,6859.25,6864.0,6847.0,6847.75,1000
2026-02-13 10:15:00,6847.75,6857.75,6839.5,6844.75,1000
2026-02-13 10:20:00,6844.75,6856.5,6839.0,6847.0,1000
2026-02-13 10:25:00,6847.0,6869.0,6846.25,6864.25,1000
2026-02-13 10:30:00,6864.25,6880.0,6863.5,6875.75,1000
2026-02-13 10:35:00,6876.0,6880.75,6862.5,6863.75,1000
2026-02-13 10:40:00,6863.25,6866.5,6850.0,6851.25,1000
2026-02-13 10:45:00,6851.25,6857.75,6842.5,6846.5,1000
2026-02-13 10:50:00,6846.75,6863.0,6845.75,6860.75,1000
2026-02-13 10:55:00,6861.0,6867.0,6857.25,6860.0,1000
2026-02-13 11:00:00,6860.25,6869.5,6859.5,6869.25,1000
2026-02-13 11:05:00,6869.0,6877.0,6868.0,6874.75,1000
2026-02-13 11:10:00,6874.75,6875.0,6861.5,6869.0,1000
2026-02-13 11:15:00,6869.25,6876.5,6865.5,6866.0,1000
2026-02-13 11:20:00,6866.25,6869.25,6852.75,6858.5,1000
2026-02-13 11:25:00,6858.25,6874.75,6856.75,6873.0,1000
2026-02-13 11:30:00,6873.0,6877.25,6863.25,6873.5,1000
2026-02-13 11:35:00,6873.5,6879.75,6867.75,6879.5,1000
2026-02-13 11:40:00,6879.25,6881.25,6874.25,6880.5,1000
2026-02-13 11:45:00,6880.5,6885.25,6877.75,6879.0,1000
2026-02-13 11:50:00,6879.25,6885.0,6877.0,6885.0,1000
2026-02-13 11:55:00,6885.0,6890.25,6882.25,6882.5,1000
2026-02-13 12:00:00,6882.5,6889.5,6879.75,6887.75,1000
2026-02-13 12:05:00,6888.0,6891.75,6885.25,6886.75,1000
2026-02-13 12:10:00,6887.0,6895.25,6886.75,6894.5,1000
2026-02-13 12:15:00,6894.5,6895.25,6883.0,6885.5,1000
2026-02-13 12:20:00,6885.5,6895.0,6884.75,6892.5,1000
2026-02-13 12:25:00,6892.75,6893.25,6887.5,6888.5,1000
2026-02-13 12:30:00,6888.75,6895.75,6887.75,6893.25,1000
2026-02-13 12:35:00,6893.5,6895.75,6890.75,6894.75,1000
2026-02-13 12:40:00,6894.75,6897.75,6892.0,6892.0,1000
2026-02-13 12:45:00,6891.75,6895.75,6889.5,6895.0,1000
2026-02-13 12:50:00,6894.75,6895.0,6888.25,6890.25,1000
2026-02-13 12:55:00,6890.25,6891.5,6883.75,6886.25,1000
2026-02-13 13:00:00,6886.25,6888.75,6878.5,6879.5,1000
2026-02-13 13:05:00,6879.5,6884.5,6875.5,6882.25,1000
2026-02-13 13:10:00,6882.25,6889.75,6882.0,6887.75,1000
2026-02-13 13:15:00,6887.5,6893.25,6884.75,6888.5,1000
2026-02-13 13:20:00,6888.25,6897.75,6888.25,6894.25,1000
2026-02-13 13:25:00,6894.25,6896.75,6884.5,6889.0,1000
2026-02-13 13:30:00,6889.0,6894.25,6886.0,6893.25,1000
2026-02-13 13:35:00,6893.0,6895.75,6887.75,6892.75,1000
2026-02-13 13:40:00,6892.75,6893.5,6883.5,6885.0,1000
2026-02-13 13:45:00,6885.0,6892.0,6884.75,6886.75,1000
2026-02-13 13:50:00,6886.75,6887.0,6879.0,6883.5,1000
2026-02-13 13:55:00,6883.5,6885.25,6878.5,6881.25,1000
2026-02-13 14:00:00,6881.75,6885.25,6879.0,6880.0,1000
2026-02-13 14:05:00,6880.0,6886.75,6879.5,6885.5,1000
2026-02-13 14:10:00,6885.5,6888.25,6881.5,6884.75,1000
2026-02-13 14:15:00,6884.75,6886.25,6880.0,6885.0,1000
2026-02-13 14:20:00,6885.0,6888.5,6882.75,6887.25,1000
2026-02-13 14:25:00,6887.5,6888.0,6876.0,6878.5,1000
2026-02-13 14:30:00,6878.25,6884.25,6877.25,6881.75,1000
2026-02-13 14:35:00,6881.75,6882.75,6872.5,6875.75,1000
2026-02-13 14:40:00,6875.5,6877.5,6867.75,6871.25,1000
2026-02-13 14:45:00,6871.5,6877.25,6869.25,6872.75,1000
2026-02-13 14:50:00,6873.0,6874.5,6865.75,6867.5,1000
2026-02-13 14:55:00,6867.5,6870.5,6856.75,6858.75,1000
2026-02-13 15:00:00,6858.75,6867.75,6858.5,6866.0,1000
2026-02-13 15:05:00,6866.0,6867.5,6861.5,6866.0,1000
2026-02-13 15:10:00,6866.0,6866.25,6855.75,6856.0,1000
2026-02-13 15:15:00,6856.0,6861.5,6853.0,6860.75,1000
2026-02-13 15:20:00,6860.5,6860.75,6851.5,6851.5,1000
2026-02-13 15:25:00,6851.5,6853.25,6838.25,6841.0,1000
2026-02-13 15:30:00,6841.0,6847.25,6836.5,6837.0,1000
2026-02-13 15:35:00,6837.25,6841.5,6835.0,6838.5,1000
2026-02-13 15:40:00,6838.5,6843.25,6832.75,6836.5,1000
2026-02-13 15:45:00,6836.75,6848.75,6835.75,6847.0,1000
2026-02-13 15:50:00,6847.0,6851.0,6838.25,6849.25,1000
2026-02-13 15:55:00,6849.0,6852.75,6842.75,6850.0,1000
2026-02-13 16:00:00,6850.25,6856.5,6847.75,6848.5,1000
2026-02-13 16:05:00,6848.25,6849.5,6845.25,6847.25,1000
2026-02-13 16:10:00,6847.5,6853.0,6846.0,6852.5,1000
2026-02-13 16:15:00,6852.75,6853.0,6849.75,6850.25,1000
2026-02-13 16:20:00,6850.0,6850.25,6845.75,6846.5,1000
2026-02-13 16:25:00,6846.5,6849.25,6845.75,6848.25,1000
2026-02-13 16:30:00,6848.25,6849.75,6847.5,6848.0,1000
2026-02-13 16:35:00,6848.0,6850.0,6847.25,6848.75,1000
2026-02-13 16:40:00,6848.75,6848.75,6847.0,6847.25,1000
2026-02-13 16:45:00,6847.5,6848.25,6846.25,6846.75,1000
2026-02-13 16:50:00,6846.5,6847.75,6845.75,6847.75,1000
2026-02-13 16:55:00,6847.5,6851.0,6845.25,6845.25,1000
2026-02-15 18:00:00,6852.5,6860.0,6847.0,6848.0,1000
2026-02-15 18:05:00,6848.25,6848.75,6844.25,6847.5,1000
2026-02-15 18:10:00,6847.5,6854.25,6847.25,6853.5,1000
2026-02-15 18:15:00,6853.5,6857.5,6852.75,6857.0,1000
2026-02-15 18:20:00,6857.0,6857.5,6853.75,6856.25,1000
2026-02-15 18:25:00,6856.5,6859.0,6856.25,6856.75,1000
2026-02-15 18:30:00,6856.75,6859.25,6853.75,6854.25,1000
2026-02-15 18:35:00,6854.25,6857.0,6852.0,6853.25,1000
2026-02-15 18:40:00,6853.5,6857.25,6853.5,6856.75,1000
2026-02-15 18:45:00,6856.5,6857.0,6854.25,6855.0,1000
2026-02-15 18:50:00,6855.0,6856.5,6851.0,6853.75,1000
2026-02-15 18:55:00,6854.0,6861.5,6852.0,6860.5,1000
2026-02-15 19:00:00,6860.5,6861.75,6855.75,6857.25,1000
2026-02-15 19:05:00,6857.25,6863.25,6856.25,6862.5,1000
2026-02-15 19:10:00,6862.25,6863.75,6861.25,6862.25,1000
2026-02-15 19:15:00,6862.25,6863.5,6861.5,6861.75,1000
2026-02-15 19:20:00,6861.75,6862.5,6861.0,6861.5,1000
2026-02-15 19:25:00,6861.5,6864.25,6861.0,6863.0,1000
2026-02-15 19:30:00,6863.0,6864.0,6862.0,6863.25,1000
2026-02-15 19:35:00,6863.25,6864.5,6861.75,6863.0,1000
2026-02-15 19:40:00,6863.0,6863.75,6861.75,6861.75,1000
2026-02-15 19:45:00,6861.75,6864.5,6861.75,6862.75,1000
2026-02-15 19:50:00,6862.75,6865.0,6862.5,6864.25,1000
2026-02-15 19:55:00,6864.25,6864.75,6861.5,6862.75,1000
2026-02-15 20:00:00,6862.75,6863.75,6861.25,6863.25,1000
2026-02-15 20:05:00,6863.25,6865.5,6863.25,6864.0,1000
2026-02-15 20:10:00,6864.0,6864.75,6862.5,6862.5,1000
2026-02-15 20:15:00,6862.5,6863.25,6862.0,6863.0,1000
2026-02-15 20:20:00,6863.0,6863.0,6862.25,6862.75,1000
